2017-04-21 16:05:00,AEL,23.675,23.675,23.67,23.67,113749.0
2017-04-21 16:00:00,AEL,23.7,23.72,23.67,23.68,73630.0
2017-04-21 15:55:00,AEL,23.73,23.73,23.7,23.705,11706.0
2017-04-21 16:05:00,AEL,23.675,23.675,23.67,23.67,113749.0
2017-04-21 15:50:00,AEL,23.79,23.79,23.72,23.74,28512.0
2017-04-21 15:45:00,AEL,23.82,23.83,23.79,23.79,10548.0
2017-04-21 15:40:00,AEL,23.81,23.82,23.795,23.815,14035.0
2017-04-21 15:35:00,AEL,23.84,23.85,23.81,23.82,12858.0
2017-04-21 15:30:00,AEL,23.79,23.86,23.79,23.84,12845.0
2017-04-21 15:25:00,AEL,23.81,23.81,23.77,23.78,6900.0
2017-04-21 15:20:00,AEL,23.8,23.82,23.79,23.82,7450.0
2017-04-21 15:15:00,AEL,23.8,23.81,23.8,23.8,4201.0
2017-04-21 15:10:00,AEL,23.86,23.86,23.79,23.82,8861.0
2017-04-21 15:05:00,AEL,23.885,23.89,23.845,23.845,2500.0
2017-04-21 15:00:00,AEL,23.88,23.92,23.875,23.9,4800.0
2017-04-21 14:55:00,AEL,23.87,23.9,23.86,23.86,2276.0
2017-04-21 14:50:00,AEL,23.88,23.91,23.86,23.89,5600.0
2017-04-21 14:45:00,AEL,23.93,23.94,23.88,23.89,3228.0
2017-04-21 14:40:00,AEL,23.92,23.94,23.92,23.94,1900.0
2017-04-21 14:35:00,AEL,23.96,23.96,23.92,23.92,4974.0
2017-04-21 14:30:00,AEL,23.98,23.98,23.95,23.96,7683.0
2017-04-21 14:25:00,AEL,23.94,23.9916,23.93,23.98,3800.0
2017-04-21 14:20:00,AEL,23.92,23.94,23.91,23.94,2240.0
2017-04-21 14:15:00,AEL,23.86,23.91,23.86,23.91,5244.0
2017-04-21 14:10:00,AEL,23.85,23.86,23.84,23.85,4806.0
2017-04-21 14:05:00,AEL,23.89,23.9,23.84,23.85,4000.0
2017-04-21 14:00:00,AEL,23.8,23.91,23.8,23.9,6849.0
2017-04-21 13:55:00,AEL,23.79,23.8,23.775,23.78,1751.0
2017-04-21 13:50:00,AEL,23.81,23.82,23.79,23.79,2200.0
2017-04-21 13:45:00,AEL,23.79,23.805,23.78,23.8,2966.0
2017-04-21 13:40:00,AEL,23.8,23.81,23.77,23.77,2400.0
2017-04-21 13:35:00,AEL,23.79,23.79,23.77,23.79,3200.0
2017-04-21 13:30:00,AEL,23.84,23.84,23.8,23.8,1300.0
2017-04-21 13:25:00,AEL,23.77,23.81,23.77,23.8,2792.0
2017-04-21 13:20:00,AEL,23.79,23.8,23.76,23.78,6659.0
2017-04-21 13:15:00,AEL,23.79,23.8,23.745,23.8,15448.0
2017-04-21 13:10:00,AEL,23.84,23.85,23.8,23.8,2503.0
2017-04-21 13:05:00,AEL,23.8,23.84,23.8,23.84,2400.0
2017-04-21 13:00:00,AEL,23.82,23.83,23.8,23.81,3600.0
2017-04-21 12:55:00,AEL,23.81,23.87,23.81,23.82,3600.0
2017-04-21 12:50:00,AEL,23.78,23.8,23.78,23.8,5587.0
2017-04-21 12:45:00,AEL,23.8,23.8,23.77,23.77,2300.0
2017-04-21 12:40:00,AEL,23.765,23.81,23.765,23.81,2052.0
2017-04-21 12:35:00,AEL,23.74,23.8,23.74,23.76,6213.0
2017-04-21 12:30:00,AEL,23.78,23.81,23.73,23.73,7800.0
2017-04-21 12:25:00,AEL,23.78,23.8,23.77,23.8,900.0
2017-04-21 12:20:00,AEL,23.71,23.77,23.71,23.76,2600.0
2017-04-21 12:15:00,AEL,23.75,23.79,23.72,23.72,1700.0
2017-04-21 12:10:00,AEL,23.77,23.77,23.72,23.74,2000.0
2017-04-21 12:05:00,AEL,23.81,23.81,23.77,23.78,3300.0
2017-04-21 12:00:00,AEL,23.72,23.8,23.71,23.8,7800.0
2017-04-21 11:55:00,AEL,23.78,23.79,23.73,23.73,4400.0
2017-04-21 11:50:00,AEL,23.74,23.78,23.74,23.78,3001.0
2017-04-21 11:45:00,AEL,23.68,23.78,23.68,23.78,8476.0
2017-04-21 11:40:00,AEL,23.7,23.71,23.665,23.67,7300.0
2017-04-21 11:35:00,AEL,23.62,23.7,23.6,23.7,7173.0
2017-04-21 11:30:00,AEL,23.6,23.66,23.57,23.6,6400.0
2017-04-21 11:25:00,AEL,23.56,23.61,23.51,23.6,7543.0
2017-04-21 11:20:00,AEL,23.41,23.595,23.41,23.59,2900.0
2017-04-21 11:15:00,AEL,23.46,23.49,23.43,23.44,3700.0
2017-04-21 11:10:00,AEL,23.51,23.53,23.48,23.49,4200.0
2017-04-21 11:05:00,AEL,23.63,23.63,23.53,23.53,1902.0
2017-04-21 11:00:00,AEL,23.63,23.65,23.52,23.6375,10361.0
2017-04-21 10:55:00,AEL,23.605,23.62,23.605,23.62,700.0
2017-04-21 10:50:00,AEL,23.595,23.675,23.595,23.62,3223.0
2017-04-21 10:45:00,AEL,23.585,23.6,23.55,23.59,5700.0
2017-04-21 10:40:00,AEL,23.61,23.64,23.57,23.58,4140.0
2017-04-21 10:35:00,AEL,23.72,23.72,23.59,23.61,7700.0
2017-04-21 10:30:00,AEL,23.76,23.76,23.7,23.7,1600.0
2017-04-21 10:25:00,AEL,23.8,23.82,23.78,23.78,3400.0
2017-04-21 10:20:00,AEL,23.76,23.78,23.76,23.78,2064.0
2017-04-21 10:15:00,AEL,23.74,23.775,23.72,23.74,2700.0
2017-04-21 10:10:00,AEL,23.7,23.71,23.7,23.71,1400.0
2017-04-21 10:05:00,AEL,23.81,23.83,23.66,23.71,2499.0
2017-04-21 10:00:00,AEL,23.64,23.76,23.64,23.76,1300.0
2017-04-21 09:55:00,AEL,23.69,23.7,23.64,23.655,1900.0
2017-04-21 09:50:00,AEL,23.845,23.86,23.71,23.71,8000.0
2017-04-21 09:45:00,AEL,23.72,23.835,23.71,23.835,3310.0
2017-04-21 09:40:00,AEL,23.645,23.685,23.59,23.6812,3032.0
2017-04-21 09:35:00,AEL,23.96,23.96,23.67,23.67,28193.0
2017-04-20 16:05:00,AEL,23.96,23.96,23.96,23.96,57312.0
2017-04-20 16:00:00,AEL,24.0,24.0,23.96,23.97,70050.0
2017-04-20 15:55:00,AEL,23.98,24.0,23.97,24.0,27036.0
2017-04-20 15:50:00,AEL,23.99,23.995,23.96,23.97,25113.0
2017-04-20 15:45:00,AEL,23.99,24.0,23.98,23.99,10085.0
2017-04-20 15:40:00,AEL,24.02,24.03,23.975,23.989,12611.0
2017-04-20 15:35:00,AEL,23.9601,24.04,23.9601,24.02,22437.0
2017-04-20 15:30:00,AEL,23.97,23.98,23.96,23.98,7000.0
2017-04-20 15:25:00,AEL,23.97,23.978,23.95,23.97,18172.0
2017-04-20 15:20:00,AEL,24.0,24.01,23.96,23.97,11202.0
2017-04-20 15:15:00,AEL,24.01,24.02,23.995,24.0,3743.0
2017-04-20 15:10:00,AEL,23.98,24.02,23.98,24.01,4416.0
2017-04-20 15:05:00,AEL,23.995,24.005,23.96,23.98,20297.0
2017-04-20 15:00:00,AEL,24.0,24.02,23.99,23.99,4875.0
2017-04-20 14:55:00,AEL,23.98,24.01,23.98,23.99,4489.0
2017-04-20 14:50:00,AEL,23.97,23.985,23.97,23.98,4224.0
2017-04-20 14:45:00,AEL,23.97,23.985,23.965,23.97,6744.0
2017-04-20 14:40:00,AEL,23.995,24.01,23.97,23.97,4122.0
2017-04-20 14:35:00,AEL,23.96,24.0,23.95,24.0,9845.0
2017-04-20 14:30:00,AEL,23.9434,23.97,23.9434,23.97,2392.0
2017-04-20 14:25:00,AEL,23.92,23.94,23.92,23.94,1000.0
2017-04-20 14:20:00,AEL,23.92,23.94,23.9,23.915,3400.0
2017-04-20 14:15:00,AEL,23.91,23.91,23.9,23.9,715.0
2017-04-20 14:10:00,AEL,23.95,23.98,23.895,23.9,20308.0
2017-04-20 14:05:00,AEL,23.98,23.99,23.94,23.94,6768.0
2017-04-20 14:00:00,AEL,23.97,23.98,23.96,23.97,3400.0
2017-04-20 13:55:00,AEL,23.94,23.96,23.93,23.95,3600.0
2017-04-20 13:50:00,AEL,23.9,23.94,23.89,23.93,6371.0
2017-04-20 13:45:00,AEL,23.91,23.92,23.9,23.9,1723.0
2017-04-20 13:40:00,AEL,23.86,23.9,23.85,23.9,5898.0
2017-04-20 13:35:00,AEL,23.83,23.85,23.82,23.842,3486.0
2017-04-20 13:30:00,AEL,23.81,23.83,23.81,23.82,4000.0
2017-04-20 13:25:00,AEL,23.76,23.8297,23.76,23.815,3700.0
2017-04-20 13:20:00,AEL,23.775,23.785,23.755,23.775,8699.0
2017-04-20 13:15:00,AEL,23.7799,23.785,23.75,23.78,2625.0
2017-04-20 13:10:00,AEL,23.77,23.78,23.77,23.778,1500.0
2017-04-20 13:05:00,AEL,23.75,23.788,23.75,23.788,2469.0
2017-04-20 13:00:00,AEL,23.77,23.77,23.74,23.7411,2850.0
2017-04-20 12:55:00,AEL,23.77,23.77,23.77,23.77,300.0
2017-04-20 12:50:00,AEL,23.74,23.76,23.74,23.76,3525.0
2017-04-20 12:45:00,AEL,23.75,23.755,23.74,23.755,500.0
2017-04-20 12:40:00,AEL,23.74,23.75,23.725,23.75,2000.0
2017-04-20 12:35:00,AEL,23.739,23.75,23.739,23.75,1900.0
2017-04-20 12:30:00,AEL,23.757,23.757,23.725,23.725,1700.0
2017-04-20 12:25:00,AEL,23.81,23.82,23.77,23.77,2000.0
2017-04-20 12:20:00,AEL,23.81,23.81,23.8,23.8,2700.0
2017-04-20 12:15:00,AEL,23.82,23.83,23.8125,23.82,1055.0
2017-04-20 12:10:00,AEL,23.79,23.82,23.78,23.82,2800.0
2017-04-20 12:05:00,AEL,23.76,23.795,23.76,23.78,6751.0
2017-04-20 12:00:00,AEL,23.735,23.765,23.72,23.74,3909.0
2017-04-20 11:55:00,AEL,23.74,23.77,23.73,23.74,3000.0
2017-04-20 11:50:00,AEL,23.72,23.75,23.72,23.75,3700.0
2017-04-20 11:45:00,AEL,23.715,23.715,23.65,23.705,6065.0
2017-04-20 11:40:00,AEL,23.67,23.72,23.67,23.71,13692.0
2017-04-20 11:35:00,AEL,23.6,23.67,23.6,23.67,4800.0
2017-04-20 11:30:00,AEL,23.555,23.59,23.54,23.59,2200.0
2017-04-20 11:25:00,AEL,23.51,23.53,23.51,23.53,500.0
2017-04-20 11:20:00,AEL,23.51,23.51,23.49,23.5,1217.0
2017-04-20 11:15:00,AEL,23.53,23.53,23.52,23.52,700.0
2017-04-20 11:10:00,AEL,23.46,23.53,23.45,23.52,4722.0
2017-04-20 11:05:00,AEL,23.48,23.48,23.45,23.47,4611.0
2017-04-20 11:00:00,AEL,23.485,23.5,23.47,23.485,8468.0
2017-04-20 10:55:00,AEL,23.525,23.54,23.47,23.48,5565.0
2017-04-20 10:50:00,AEL,23.36,23.52,23.36,23.52,7199.0
2017-04-20 10:45:00,AEL,23.31,23.36,23.31,23.35,3032.0
2017-04-20 10:40:00,AEL,23.27,23.31,23.27,23.31,2342.0
2017-04-20 10:35:00,AEL,23.29,23.31,23.234,23.25,2529.0
2017-04-20 10:30:00,AEL,23.26,23.28,23.2502,23.275,3050.0
2017-04-20 10:25:00,AEL,23.18,23.29,23.18,23.26,7563.0
2017-04-20 10:20:00,AEL,23.17,23.19,23.1575,23.1575,2650.0
2017-04-20 10:15:00,AEL,23.18,23.2,23.16,23.17,1977.0
2017-04-20 10:10:00,AEL,23.15,23.19,23.12,23.19,4000.0
2017-04-20 10:05:00,AEL,23.12,23.19,23.1175,23.155,6139.0
2017-04-20 10:00:00,AEL,23.2399,23.2399,23.07,23.1,3635.0
2017-04-20 09:55:00,AEL,23.2034,23.245,23.2034,23.23,2883.0
2017-04-20 09:50:00,AEL,23.29,23.29,23.22,23.22,200.0
2017-04-20 09:45:00,AEL,23.39,23.45,23.35,23.4174,3400.0
2017-04-20 09:40:00,AEL,23.39,23.5235,23.36,23.4775,13357.0
2017-04-20 09:35:00,AEL,23.2,23.8,23.2,23.3741,11785.0
2017-04-19 16:05:00,AEL,22.97,22.97,22.97,22.97,63136.0
2017-04-19 16:00:00,AEL,22.99,23.025,22.96,22.97,45674.0
2017-04-19 15:55:00,AEL,22.995,22.995,22.96,22.98,14280.0
2017-04-19 15:50:00,AEL,22.99,23.0,22.97,23.0,18638.0
2017-04-19 15:45:00,AEL,23.03,23.035,22.96,22.99,17567.0
2017-04-19 15:40:00,AEL,23.01,23.05,23.01,23.04,3100.0
2017-04-19 15:35:00,AEL,23.05,23.05,23.02,23.02,9302.0
2017-04-19 15:30:00,AEL,23.14,23.14,23.05,23.06,9997.0
2017-04-19 15:25:00,AEL,23.14,23.15,23.12,23.14,3417.0
2017-04-19 15:20:00,AEL,23.11,23.15,23.11,23.15,9182.0
2017-04-19 15:15:00,AEL,23.09,23.12,23.09,23.115,6402.0
2017-04-19 15:10:00,AEL,23.12,23.12,23.08,23.1,3891.0
2017-04-19 15:05:00,AEL,23.11,23.11,23.06,23.11,4374.0
2017-04-19 15:00:00,AEL,23.08,23.12,23.08,23.1,3200.0
2017-04-19 14:55:00,AEL,23.115,23.115,23.07,23.09,4082.0
2017-04-19 14:50:00,AEL,23.17,23.17,23.115,23.12,5125.0
2017-04-19 14:45:00,AEL,23.18,23.19,23.16,23.16,2694.0
2017-04-19 14:40:00,AEL,23.15,23.21,23.15,23.1801,2456.0
2017-04-19 14:35:00,AEL,23.15,23.17,23.15,23.15,5862.0
2017-04-19 14:30:00,AEL,23.115,23.15,23.115,23.145,3200.0
2017-04-19 14:25:00,AEL,23.15,23.15,23.12,23.12,2300.0
2017-04-19 14:20:00,AEL,23.17,23.17,23.13,23.14,2266.0
2017-04-19 14:15:00,AEL,23.17,23.19,23.17,23.17,2032.0
2017-04-19 14:10:00,AEL,23.18,23.18,23.15,23.165,2214.0
2017-04-19 14:05:00,AEL,23.195,23.2,23.19,23.19,2809.0
2017-04-19 14:00:00,AEL,23.19,23.2,23.16,23.2,1818.0
2017-04-19 13:55:00,AEL,23.23,23.23,23.19,23.19,2097.0
2017-04-19 13:50:00,AEL,23.2,23.23,23.19,23.23,2050.0
2017-04-19 13:45:00,AEL,23.155,23.195,23.155,23.195,400.0
2017-04-19 13:40:00,AEL,23.19,23.19,23.13,23.18,5062.0
2017-04-19 13:35:00,AEL,23.17,23.19,23.17,23.18,700.0
2017-04-19 13:30:00,AEL,23.17,23.185,23.15,23.16,2000.0
2017-04-19 13:25:00,AEL,23.15,23.19,23.14,23.15,3100.0
2017-04-19 13:20:00,AEL,23.1,23.16,23.1,23.14,1100.0
2017-04-19 13:15:00,AEL,23.14,23.14,23.1,23.1,1600.0
2017-04-19 13:10:00,AEL,23.16,23.16,23.12,23.14,2100.0
2017-04-19 13:05:00,AEL,23.18,23.1899,23.16,23.16,2000.0
2017-04-19 13:00:00,AEL,23.18,23.2,23.17,23.19,900.0
2017-04-19 12:55:00,AEL,23.15,23.18,23.15,23.18,800.0
2017-04-19 12:50:00,AEL,23.16,23.17,23.15,23.15,1700.0
2017-04-19 12:45:00,AEL,23.16,23.19,23.15,23.17,2105.0
2017-04-19 12:40:00,AEL,23.2,23.2,23.17,23.17,1000.0
2017-04-19 12:35:00,AEL,23.17,23.22,23.17,23.2,800.0
2017-04-19 12:30:00,AEL,23.22,23.22,23.16,23.18,1186.0
2017-04-19 12:25:00,AEL,23.16,23.2,23.16,23.19,1810.0
2017-04-19 12:20:00,AEL,23.16,23.179,23.16,23.17,4879.0
2017-04-19 12:15:00,AEL,23.12,23.16,23.12,23.16,1300.0
2017-04-19 12:10:00,AEL,23.165,23.165,23.12,23.15,1600.0
2017-04-19 12:05:00,AEL,23.2,23.225,23.15,23.16,1146.0
2017-04-19 12:00:00,AEL,23.2,23.25,23.18,23.21,3100.0
2017-04-19 11:55:00,AEL,23.26,23.26,23.22,23.23,1100.0
2017-04-19 11:50:00,AEL,23.305,23.31,23.24,23.24,1800.0
2017-04-19 11:45:00,AEL,23.3,23.3,23.29,23.295,1200.0
2017-04-19 11:40:00,AEL,23.34,23.35,23.29,23.3,2600.0
2017-04-19 11:35:00,AEL,23.33,23.35,23.289,23.31,2726.0
2017-04-19 11:30:00,AEL,23.26,23.35,23.245,23.35,2500.0
2017-04-19 11:25:00,AEL,23.255,23.28,23.22,23.28,2700.0
2017-04-19 11:20:00,AEL,23.28,23.28,23.2494,23.25,3100.0
2017-04-19 11:15:00,AEL,23.22,23.29,23.22,23.29,2800.0
2017-04-19 11:10:00,AEL,23.3,23.3,23.26,23.27,2800.0
2017-04-19 11:05:00,AEL,23.3,23.32,23.29,23.3,1800.0
2017-04-19 11:00:00,AEL,23.26,23.3,23.25,23.3,1800.0
2017-04-19 10:55:00,AEL,23.26,23.31,23.235,23.26,5000.0
2017-04-19 10:50:00,AEL,23.29,23.35,23.22,23.26,2700.0
2017-04-19 10:45:00,AEL,23.29,23.35,23.29,23.29,505.0
2017-04-19 10:40:00,AEL,23.31,23.32,23.29,23.29,3900.0
2017-04-19 10:35:00,AEL,23.33,23.35,23.24,23.325,17431.0
2017-04-19 10:30:00,AEL,23.27,23.31,23.27,23.3,2000.0
2017-04-19 10:25:00,AEL,23.2201,23.26,23.18,23.26,6948.0
2017-04-19 10:20:00,AEL,23.22,23.2623,23.22,23.2623,3035.0
2017-04-19 10:15:00,AEL,23.3,23.3,23.24,23.24,1000.0
2017-04-19 10:10:00,AEL,23.3,23.3,23.25,23.3,1626.0
2017-04-19 10:05:00,AEL,23.33,23.33,23.29,23.29,300.0
2017-04-19 10:00:00,AEL,23.27,23.36,23.27,23.36,11900.0
2017-04-19 09:55:00,AEL,23.28,23.3,23.23,23.23,6600.0
2017-04-19 09:50:00,AEL,23.255,23.3,23.25,23.3,900.0
2017-04-19 09:45:00,AEL,23.3,23.3,23.23,23.28,2506.0
2017-04-19 09:40:00,AEL,23.36,23.45,23.32,23.32,1498.0
2017-04-19 09:35:00,AEL,23.26,23.31,23.16,23.3,2524.0
2017-04-18 16:05:00,AEL,23.02,23.02,23.02,23.02,50416.0
2017-04-18 16:00:00,AEL,23.01,23.04,23.0,23.03,77322.0
2017-04-18 15:55:00,AEL,23.08,23.09,23.01,23.01,30908.0
2017-04-18 15:50:00,AEL,23.05,23.08,23.04,23.075,27611.0
2017-04-18 15:45:00,AEL,23.07,23.07,23.0375,23.04,10687.0
2017-04-18 15:40:00,AEL,23.045,23.08,23.045,23.06,15305.0
2017-04-18 15:35:00,AEL,23.07,23.07,23.04,23.045,5400.0
2017-04-18 15:30:00,AEL,23.075,23.08,23.065,23.065,3338.0
2017-04-18 15:25:00,AEL,23.08,23.12,23.05,23.075,7604.0
2017-04-18 15:20:00,AEL,23.03,23.07,23.02,23.07,4250.0
2017-04-18 15:15:00,AEL,23.01,23.04,22.99,23.04,2821.0
2017-04-18 15:10:00,AEL,22.95,23.01,22.95,23.01,3128.0
2017-04-18 15:05:00,AEL,22.98,22.99,22.95,22.95,2101.0
2017-04-18 15:00:00,AEL,23.04,23.04,22.93,22.95,4541.0
2017-04-18 14:55:00,AEL,23.01,23.02,22.99,23.02,2100.0
2017-04-18 14:50:00,AEL,22.99,23.0,22.97,23.0,2500.0
2017-04-18 14:45:00,AEL,23.04,23.04,23.0,23.0,3500.0
2017-04-18 14:40:00,AEL,23.06,23.09,23.04,23.04,2900.0
2017-04-18 14:35:00,AEL,23.0414,23.05,23.01,23.03,2766.0
2017-04-18 14:30:00,AEL,23.03,23.05,23.01,23.03,4344.0
2017-04-18 14:25:00,AEL,23.08,23.09,23.03,23.039,3004.0
2017-04-18 14:20:00,AEL,23.08,23.11,23.07,23.08,2500.0
2017-04-18 14:15:00,AEL,23.11,23.12,23.07,23.12,3501.0
2017-04-18 14:10:00,AEL,23.17,23.17,23.1,23.1,3877.0
2017-04-18 14:05:00,AEL,23.13,23.17,23.12,23.17,2600.0
2017-04-18 14:00:00,AEL,23.09,23.12,23.06,23.11,2000.0
2017-04-18 13:55:00,AEL,23.07,23.13,23.07,23.12,2605.0
2017-04-18 13:50:00,AEL,23.08,23.09,23.05,23.09,3210.0
2017-04-18 13:45:00,AEL,23.04,23.09,23.04,23.09,700.0
2017-04-18 13:40:00,AEL,23.06,23.08,23.04,23.07,2722.0
2017-04-18 13:35:00,AEL,23.02,23.06,23.01,23.06,2000.0
2017-04-18 13:30:00,AEL,22.99,23.035,22.98,23.03,3707.0
2017-04-18 13:25:00,AEL,23.01,23.03,22.97,22.97,5056.0
2017-04-18 13:20:00,AEL,23.01,23.01,22.99,22.99,700.0
2017-04-18 13:15:00,AEL,23.0,23.05,23.0,23.03,1200.0
2017-04-18 13:10:00,AEL,22.9,23.02,22.9,23.01,2900.0
2017-04-18 13:05:00,AEL,22.9,22.93,22.89,22.905,2801.0
2017-04-18 13:00:00,AEL,22.91,22.95,22.9,22.91,900.0
2017-04-18 12:55:00,AEL,22.89,22.96,22.89,22.92,3700.0
2017-04-18 12:50:00,AEL,22.9,22.9,22.86,22.9,1200.0
2017-04-18 12:45:00,AEL,22.84,22.89,22.83,22.875,1501.0
2017-04-18 12:40:00,AEL,22.87,22.87,22.84,22.87,1900.0
2017-04-18 12:35:00,AEL,22.9,22.93,22.87,22.89,2200.0
2017-04-18 12:30:00,AEL,22.9,22.9,22.87,22.885,1382.0
2017-04-18 12:25:00,AEL,22.81,22.9,22.81,22.9,1800.0
2017-04-18 12:20:00,AEL,22.79,22.81,22.76,22.795,6580.0
2017-04-18 12:15:00,AEL,22.8,22.8,22.74,22.76,1345.0
2017-04-18 12:10:00,AEL,22.81,22.83,22.78,22.78,2878.0
2017-04-18 12:05:00,AEL,22.76,22.79,22.68,22.79,4750.0
2017-04-18 12:00:00,AEL,22.84,22.85,22.795,22.795,1100.0
2017-04-18 11:55:00,AEL,22.85,22.88,22.81,22.83,1004.0
2017-04-18 11:50:00,AEL,22.835,22.835,22.81,22.83,1042.0
2017-04-18 11:45:00,AEL,22.88,22.88,22.79,22.85,4225.0
2017-04-18 11:40:00,AEL,22.94,22.97,22.87,22.89,4100.0
2017-04-18 11:35:00,AEL,23.05,23.08,22.96,22.98,4200.0
2017-04-18 11:30:00,AEL,22.99,23.1,22.98,23.1,1900.0
2017-04-18 11:25:00,AEL,23.01,23.04,22.96,23.03,2955.0
2017-04-18 11:20:00,AEL,23.06,23.11,23.01,23.01,11200.0
2017-04-18 11:15:00,AEL,23.01,23.06,23.0,23.055,8700.0
2017-04-18 11:10:00,AEL,22.9,22.98,22.89,22.98,8242.0
2017-04-18 11:05:00,AEL,22.97,22.98,22.89,22.9,5100.0
2017-04-18 11:00:00,AEL,22.981,23.0,22.981,22.99,913.0
2017-04-18 10:55:00,AEL,23.04,23.04,22.99,23.0,2166.0
2017-04-18 10:50:00,AEL,23.09,23.11,23.055,23.055,2860.0
2017-04-18 10:45:00,AEL,23.06,23.09,23.04,23.09,1800.0
2017-04-18 10:40:00,AEL,23.04,23.08,23.04,23.06,1937.0
2017-04-18 10:35:00,AEL,22.96,23.08,22.96,23.04,2100.0
2017-04-18 10:30:00,AEL,22.89,22.99,22.89,22.96,3100.0
2017-04-18 10:25:00,AEL,22.83,22.93,22.81,22.92,3850.0
2017-04-18 10:20:00,AEL,22.91,22.92,22.8,22.81,2200.0
2017-04-18 10:15:00,AEL,22.94,22.94,22.88,22.91,1400.0
2017-04-18 10:10:00,AEL,22.97,22.97,22.96,22.96,500.0
2017-04-18 10:05:00,AEL,23.08,23.11,23.01,23.08,5400.0
2017-04-18 10:00:00,AEL,22.9,23.13,22.9,23.13,14790.0
2017-04-18 09:55:00,AEL,22.92,22.96,22.9,22.94,3000.0
2017-04-18 09:45:00,AEL,22.91,23.04,22.9,23.04,1700.0
2017-04-18 09:40:00,AEL,22.86,22.91,22.76,22.88,2100.0
2017-04-18 09:35:00,AEL,22.82,22.94,22.605,22.84,3136.0
2017-04-17 16:05:00,AEL,23.07,23.07,23.07,23.07,48275.0
2017-04-17 16:00:00,AEL,23.06,23.07,23.0,23.07,51668.0
2017-04-17 15:55:00,AEL,23.13,23.13,23.06,23.06,22763.0
2017-04-17 15:50:00,AEL,23.08,23.14,23.07,23.125,15726.0
2017-04-17 15:45:00,AEL,23.12,23.13,23.06,23.09,11379.0
2017-04-17 15:40:00,AEL,23.08,23.13,23.07,23.115,17602.0
2017-04-17 15:35:00,AEL,23.1,23.11,23.05,23.07,9713.0
2017-04-17 15:30:00,AEL,23.025,23.1,23.025,23.09,5200.0
2017-04-17 15:25:00,AEL,23.04,23.05,23.01,23.04,2900.0
2017-04-17 15:20:00,AEL,22.98,23.06,22.98,23.04,3150.0
2017-04-17 15:15:00,AEL,22.93,23.0,22.91,22.98,5396.0
2017-04-17 15:10:00,AEL,22.865,22.93,22.85,22.93,1900.0
2017-04-17 15:05:00,AEL,22.89,22.91,22.84,22.85,4300.0
2017-04-17 15:00:00,AEL,22.92,22.92,22.89,22.89,3100.0
2017-04-17 14:55:00,AEL,22.95,22.96,22.93,22.93,2200.0
2017-04-17 14:50:00,AEL,22.91,22.97,22.91,22.95,7100.0
2017-04-17 14:45:00,AEL,22.96,22.96,22.92,22.93,4374.0
2017-04-17 14:40:00,AEL,22.92,22.96,22.92,22.95,3040.0
2017-04-17 14:35:00,AEL,22.87,22.92,22.87,22.92,5605.0
2017-04-17 14:30:00,AEL,22.88,22.89,22.87,22.89,8500.0
2017-04-17 14:25:00,AEL,22.84,22.9,22.83,22.9,2300.0
2017-04-17 14:20:00,AEL,22.8,22.85,22.8,22.8322,5164.0
2017-04-17 14:15:00,AEL,22.79,22.84,22.79,22.81,1700.0
2017-04-17 14:10:00,AEL,22.79,22.82,22.735,22.74,2700.0
2017-04-17 14:05:00,AEL,22.78,22.82,22.74,22.82,4400.0
2017-04-17 14:00:00,AEL,22.74,22.79,22.74,22.79,2020.0
2017-04-17 13:55:00,AEL,22.76,22.76,22.75,22.75,600.0
2017-04-17 13:50:00,AEL,22.73,22.79,22.73,22.765,2700.0
2017-04-17 13:45:00,AEL,22.77,22.77,22.71,22.71,600.0
2017-04-17 13:40:00,AEL,22.83,22.86,22.75,22.8,2452.0
2017-04-17 13:35:00,AEL,22.79,22.82,22.76,22.82,6988.0
2017-04-17 13:30:00,AEL,22.74,22.81,22.74,22.81,1456.0
2017-04-17 13:25:00,AEL,22.59,22.73,22.59,22.73,11966.0
2017-04-17 13:20:00,AEL,22.56,22.6,22.56,22.6,2092.0
2017-04-17 13:15:00,AEL,22.58,22.58,22.56,22.56,1200.0
2017-04-17 13:10:00,AEL,22.6,22.6,22.55,22.55,738.0
2017-04-17 13:05:00,AEL,22.6232,22.64,22.6,22.6,2588.0
2017-04-17 13:00:00,AEL,22.6,22.63,22.59,22.63,520.0
2017-04-17 12:55:00,AEL,22.62,22.6241,22.59,22.62,1404.0
2017-04-17 12:50:00,AEL,22.66,22.66,22.64,22.64,667.0
2017-04-17 12:45:00,AEL,22.61,22.65,22.61,22.65,1001.0
2017-04-17 12:40:00,AEL,22.61,22.61,22.58,22.6,1300.0
2017-04-17 12:35:00,AEL,22.66,22.69,22.61,22.61,1351.0
2017-04-17 12:30:00,AEL,22.66,22.66,22.64,22.64,3005.0
2017-04-17 12:25:00,AEL,22.63,22.65,22.62,22.64,1000.0
2017-04-17 12:20:00,AEL,22.6,22.63,22.59,22.62,1951.0
2017-04-17 12:15:00,AEL,22.57,22.62,22.56,22.6,900.0
2017-04-17 12:10:00,AEL,22.57,22.57,22.55,22.57,1056.0
2017-04-17 12:05:00,AEL,22.56,22.56,22.55,22.56,900.0
2017-04-17 12:00:00,AEL,22.5101,22.52,22.51,22.52,1300.0
2017-04-17 11:55:00,AEL,22.59,22.59,22.53,22.53,1300.0
2017-04-17 11:50:00,AEL,22.565,22.57,22.56,22.56,600.0
2017-04-17 11:45:00,AEL,22.61,22.64,22.555,22.56,2600.0
2017-04-17 11:40:00,AEL,22.57,22.62,22.56,22.611,1400.0
2017-04-17 11:35:00,AEL,22.57,22.57,22.53,22.53,1300.0
2017-04-17 11:30:00,AEL,22.5759,22.59,22.56,22.56,1019.0
2017-04-17 11:25:00,AEL,22.56,22.56,22.51,22.56,1900.0
2017-04-17 11:20:00,AEL,22.55,22.56,22.52,22.56,2300.0
2017-04-17 11:15:00,AEL,22.61,22.61,22.56,22.56,2100.0
2017-04-17 11:10:00,AEL,22.54,22.63,22.52,22.603,2262.0
2017-04-17 11:05:00,AEL,22.43,22.52,22.43,22.52,5590.0
2017-04-17 11:00:00,AEL,22.38,22.44,22.38,22.43,3900.0
2017-04-17 10:55:00,AEL,22.3275,22.37,22.31,22.36,14900.0
2017-04-17 10:50:00,AEL,22.29,22.34,22.275,22.32,21836.0
2017-04-17 10:45:00,AEL,22.36,22.37,22.23,22.26,18632.0
2017-04-17 10:40:00,AEL,22.4,22.4,22.36,22.36,1200.0
2017-04-17 10:35:00,AEL,22.42,22.425,22.4,22.42,2434.0
2017-04-17 10:30:00,AEL,22.36,22.37,22.33,22.37,3200.0
2017-04-17 10:25:00,AEL,22.4,22.4,22.36,22.36,2886.0
2017-04-17 10:20:00,AEL,22.46,22.47,22.39,22.41,4443.0
2017-04-17 10:15:00,AEL,22.43,22.46,22.43,22.43,2302.0
2017-04-17 10:10:00,AEL,22.46,22.49,22.4,22.4,4842.0
2017-04-17 10:05:00,AEL,22.5,22.5,22.45,22.46,2000.0
2017-04-17 10:00:00,AEL,22.54,22.55,22.45,22.49,3900.0
2017-04-17 09:55:00,AEL,22.47,22.58,22.47,22.58,700.0
2017-04-17 09:50:00,AEL,22.45,22.46,22.43,22.44,800.0
2017-04-17 09:45:00,AEL,22.5,22.5,22.45,22.45,300.0
2017-04-17 09:40:00,AEL,22.56,22.56,22.53,22.54,3108.0
2017-04-17 09:35:00,AEL,22.58,22.59,22.56,22.56,3500.0
2017-04-13 16:05:00,AEL,22.52,22.52,22.52,22.52,37662.0
2017-04-13 16:00:00,AEL,22.54,22.545,22.5,22.52,61629.0
2017-04-13 15:55:00,AEL,22.6,22.6,22.53,22.54,11292.0
2017-04-13 15:50:00,AEL,22.57,22.605,22.56,22.605,9597.0
2017-04-13 15:45:00,AEL,22.54,22.57,22.5301,22.5601,7581.0
2017-04-13 15:40:00,AEL,22.57,22.58,22.54,22.54,4720.0
2017-04-13 15:35:00,AEL,22.65,22.66,22.58,22.58,6480.0
2017-04-13 15:30:00,AEL,22.64,22.67,22.62,22.65,9300.0
2017-04-13 15:25:00,AEL,22.6,22.63,22.58,22.63,1400.0
2017-04-13 15:20:00,AEL,22.56,22.58,22.54,22.58,3800.0
2017-04-13 15:15:00,AEL,22.59,22.6,22.56,22.56,2600.0
2017-04-13 15:10:00,AEL,22.65,22.655,22.6,22.6,2913.0
2017-04-13 15:05:00,AEL,22.645,22.65,22.64,22.65,1200.0
2017-04-13 15:00:00,AEL,22.64,22.65,22.63,22.64,5250.0
2017-04-13 14:55:00,AEL,22.64,22.65,22.63,22.635,1386.0
2017-04-13 14:50:00,AEL,22.645,22.65,22.64,22.645,1700.0
2017-04-13 14:45:00,AEL,22.67,22.67,22.64,22.645,5415.0
2017-04-13 14:40:00,AEL,22.73,22.73,22.65,22.65,7136.0
2017-04-13 14:35:00,AEL,22.74,22.75,22.72,22.74,1900.0
2017-04-13 14:30:00,AEL,22.685,22.7326,22.685,22.7326,651.0
2017-04-13 14:25:00,AEL,22.694,22.715,22.68,22.68,2709.0
2017-04-13 14:20:00,AEL,22.68,22.71,22.68,22.705,3900.0
2017-04-13 14:15:00,AEL,22.72,22.72,22.67,22.67,2274.0
2017-04-13 14:10:00,AEL,22.665,22.68,22.665,22.6725,300.0
2017-04-13 14:05:00,AEL,22.6589,22.6589,22.62,22.63,1609.0
2017-04-13 14:00:00,AEL,22.61,22.67,22.61,22.655,600.0
2017-04-13 13:55:00,AEL,22.515,22.61,22.515,22.59,1800.0
2017-04-13 13:50:00,AEL,22.67,22.7,22.51,22.52,8274.0
2017-04-13 13:45:00,AEL,22.7,22.71,22.67,22.69,7431.0
2017-04-13 13:40:00,AEL,22.7,22.7,22.7,22.7,500.0
2017-04-13 13:35:00,AEL,22.675,22.725,22.675,22.7,6000.0
2017-04-13 13:30:00,AEL,22.6084,22.66,22.6084,22.66,2019.0
2017-04-13 13:25:00,AEL,22.57,22.62,22.57,22.61,1000.0
2017-04-13 13:20:00,AEL,22.55,22.6,22.55,22.6,1000.0
2017-04-13 13:15:00,AEL,22.55,22.56,22.5264,22.55,2133.0
2017-04-13 13:10:00,AEL,22.54,22.54,22.5,22.54,4950.0
2017-04-13 13:05:00,AEL,22.58,22.58,22.56,22.56,5309.0
2017-04-13 13:00:00,AEL,22.61,22.62,22.57,22.62,2600.0
2017-04-13 12:55:00,AEL,22.62,22.62,22.62,22.62,100.0
2017-04-13 12:50:00,AEL,22.67,22.67,22.58,22.58,2800.0
2017-04-13 12:45:00,AEL,22.7,22.7,22.64,22.67,1900.0
2017-04-13 12:40:00,AEL,22.69,22.71,22.69,22.71,400.0
2017-04-13 12:35:00,AEL,22.64,22.68,22.64,22.68,1100.0
2017-04-13 12:30:00,AEL,22.65,22.65,22.62,22.62,505.0
2017-04-13 12:25:00,AEL,22.59,22.65,22.57,22.64,6550.0
2017-04-13 12:20:00,AEL,22.59,22.62,22.58,22.61,3050.0
2017-04-13 12:15:00,AEL,22.55,22.61,22.54,22.61,5800.0
2017-04-13 12:10:00,AEL,22.645,22.645,22.52,22.52,2836.0
2017-04-13 12:05:00,AEL,22.72,22.72,22.63,22.64,5070.0
2017-04-13 12:00:00,AEL,22.745,22.75,22.71,22.75,2968.0
2017-04-13 11:55:00,AEL,22.73,22.77,22.73,22.74,5900.0
2017-04-13 11:50:00,AEL,22.71,22.7686,22.7,22.745,2550.0
2017-04-13 11:45:00,AEL,22.71,22.71,22.67,22.68,2893.0
2017-04-13 11:40:00,AEL,22.77,22.77,22.67,22.72,6446.0
2017-04-13 11:35:00,AEL,22.69,22.73,22.67,22.73,4356.0
2017-04-13 11:30:00,AEL,22.69,22.72,22.66,22.72,3900.0
2017-04-13 11:25:00,AEL,22.67,22.74,22.63,22.66,6095.0
2017-04-13 11:20:00,AEL,22.75,22.75,22.67,22.7,5603.0
2017-04-13 11:15:00,AEL,22.74,22.76,22.72,22.73,3430.0
2017-04-13 11:10:00,AEL,22.7,22.75,22.7,22.71,2700.0
2017-04-13 11:05:00,AEL,22.73,22.749,22.7,22.7,2900.0
2017-04-13 11:00:00,AEL,22.78,22.785,22.75,22.77,1000.0
2017-04-13 10:55:00,AEL,22.74,22.78,22.72,22.77,1900.0
2017-04-13 10:50:00,AEL,22.805,22.805,22.72,22.72,1900.0
2017-04-13 10:45:00,AEL,22.78,22.8,22.74,22.78,1100.0
2017-04-13 10:40:00,AEL,22.835,22.835,22.73,22.73,1800.0
2017-04-13 10:35:00,AEL,22.85,22.88,22.85,22.86,900.0
2017-04-13 10:30:00,AEL,22.88,22.88,22.83,22.83,1200.0
2017-04-13 10:25:00,AEL,22.85,22.91,22.73,22.91,3800.0
2017-04-13 10:20:00,AEL,22.9932,22.9932,22.9,22.9,936.0
2017-04-13 10:15:00,AEL,22.97,23.05,22.96,22.96,1300.0
2017-04-13 10:10:00,AEL,23.0,23.01,22.92,22.99,3000.0
2017-04-13 10:05:00,AEL,22.96,23.08,22.96,23.02,11900.0
2017-04-13 10:00:00,AEL,22.97,22.98,22.95,22.95,4000.0
2017-04-13 09:55:00,AEL,22.91,23.03,22.91,23.0,2200.0
2017-04-13 09:50:00,AEL,22.85,22.94,22.81,22.9,4083.0
2017-04-13 09:45:00,AEL,22.87,23.04,22.85,22.96,6565.0
2017-04-13 09:40:00,AEL,22.73,22.82,22.73,22.82,600.0
2017-04-13 09:35:00,AEL,22.82,22.82,22.68,22.68,6027.0
2017-04-12 16:05:00,AEL,22.98,22.98,22.98,22.98,47625.0
2017-04-12 16:00:00,AEL,22.97,23.01,22.95,22.99,35863.0
2017-04-12 15:55:00,AEL,22.9,22.97,22.9,22.97,18733.0
2017-04-12 15:50:00,AEL,22.91,22.93,22.895,22.895,4409.0
2017-04-12 15:45:00,AEL,22.95,22.95,22.92,22.92,3099.0
2017-04-12 15:40:00,AEL,22.96,22.96,22.93,22.94,4648.0
2017-04-12 15:35:00,AEL,22.95,22.97,22.94,22.97,2200.0
2017-04-12 15:30:00,AEL,22.95,22.97,22.94,22.94,1879.0
2017-04-12 15:25:00,AEL,22.93,22.99,22.915,22.93,1918.0
2017-04-12 15:20:00,AEL,23.02,23.02,22.91,22.91,1578.0
2017-04-12 15:15:00,AEL,23.06,23.075,23.01,23.01,3311.0
2017-04-12 15:10:00,AEL,23.07,23.07,23.04,23.06,2327.0
2017-04-12 15:05:00,AEL,23.08,23.1,23.07,23.07,400.0
2017-04-12 15:00:00,AEL,23.08,23.12,23.06,23.06,1132.0
2017-04-12 14:55:00,AEL,23.0798,23.11,23.06,23.11,1360.0
2017-04-12 14:50:00,AEL,23.05,23.08,23.05,23.0719,1055.0
2017-04-12 14:45:00,AEL,23.09,23.09,23.07,23.07,1300.0
2017-04-12 14:40:00,AEL,23.14,23.1544,23.1,23.1,3261.0
2017-04-12 14:35:00,AEL,23.09,23.16,23.09,23.16,726.0
2017-04-12 14:30:00,AEL,23.11,23.12,23.08,23.11,2100.0
2017-04-12 14:25:00,AEL,23.156,23.16,23.12,23.14,1040.0
2017-04-12 14:20:00,AEL,23.15,23.165,23.13,23.13,1694.0
2017-04-12 14:15:00,AEL,23.16,23.17,23.15,23.17,800.0
2017-04-12 14:10:00,AEL,23.2,23.2,23.17,23.17,500.0
2017-04-12 14:05:00,AEL,23.24,23.24,23.19,23.24,1800.0
2017-04-12 14:00:00,AEL,23.16,23.25,23.16,23.25,3100.0
2017-04-12 13:55:00,AEL,23.25,23.28,23.19,23.1909,2588.0
2017-04-12 13:50:00,AEL,23.2232,23.2232,23.17,23.2,1185.0
2017-04-12 13:45:00,AEL,23.19,23.21,23.17,23.21,500.0
2017-04-12 13:40:00,AEL,23.09,23.1902,23.09,23.1902,1408.0
2017-04-12 13:35:00,AEL,23.17,23.17,23.07,23.09,2146.0
2017-04-12 13:30:00,AEL,23.14,23.17,23.14,23.17,400.0
2017-04-12 13:25:00,AEL,23.18,23.2,23.13,23.14,2702.0
2017-04-12 13:20:00,AEL,23.1,23.17,23.095,23.17,9052.0
2017-04-12 13:15:00,AEL,23.15,23.15,23.1,23.1,13318.0
2017-04-12 13:10:00,AEL,23.05,23.14,23.04,23.14,1800.0
2017-04-12 13:05:00,AEL,22.99,23.07,22.98,23.06,3160.0
2017-04-12 13:00:00,AEL,22.94,23.0,22.906,22.97,3543.0
2017-04-12 12:55:00,AEL,22.95,22.96,22.93,22.96,4676.0
2017-04-12 12:50:00,AEL,22.98,23.0,22.96,22.96,1900.0
2017-04-12 12:45:00,AEL,22.89,22.97,22.89,22.97,6600.0
2017-04-12 12:40:00,AEL,22.88,22.9,22.84,22.87,1600.0
2017-04-12 12:35:00,AEL,22.87,22.88,22.86,22.88,500.0
2017-04-12 12:30:00,AEL,22.9,22.94,22.86,22.86,1700.0
2017-04-12 12:25:00,AEL,22.9,22.935,22.9,22.9089,1000.0
2017-04-12 12:20:00,AEL,22.96,22.96,22.93,22.93,800.0
2017-04-12 12:15:00,AEL,22.88,22.94,22.88,22.93,1600.0
2017-04-12 12:10:00,AEL,22.82,22.85,22.82,22.85,969.0
2017-04-12 12:05:00,AEL,22.84,22.84,22.8,22.8,850.0
2017-04-12 12:00:00,AEL,22.77,22.82,22.75,22.82,1507.0
2017-04-12 11:55:00,AEL,22.8,22.8,22.759,22.76,3000.0
2017-04-12 11:50:00,AEL,22.8,22.82,22.79,22.82,2400.0
2017-04-12 11:45:00,AEL,22.75,22.81,22.75,22.8,675.0
2017-04-12 11:40:00,AEL,22.82,22.83,22.73,22.74,3456.0
2017-04-12 11:35:00,AEL,22.84,22.84,22.82,22.83,1500.0
2017-04-12 11:30:00,AEL,22.82,22.8632,22.81,22.84,4201.0
2017-04-12 11:25:00,AEL,22.86,22.86,22.78,22.8,6990.0
2017-04-12 11:20:00,AEL,22.86,22.89,22.86,22.875,2500.0
2017-04-12 11:15:00,AEL,22.88,22.88,22.83,22.85,9301.0
2017-04-12 11:10:00,AEL,22.78,22.91,22.76,22.91,1800.0
2017-04-12 11:05:00,AEL,22.78,22.79,22.77,22.77,2300.0
2017-04-12 11:00:00,AEL,22.735,22.81,22.735,22.78,2660.0
2017-04-12 10:55:00,AEL,22.71,22.75,22.7,22.75,1100.0
2017-04-12 10:50:00,AEL,22.8,22.82,22.69,22.72,9210.0
2017-04-12 10:45:00,AEL,22.9,22.9,22.8,22.8,3567.0
2017-04-12 10:40:00,AEL,22.99,23.0425,22.92,22.95,4530.0
2017-04-12 10:35:00,AEL,23.0,23.04,22.97,22.985,1600.0
2017-04-12 10:30:00,AEL,23.06,23.06,23.0,23.0,1400.0
2017-04-12 10:25:00,AEL,23.1,23.11,23.08,23.09,2100.0
2017-04-12 10:20:00,AEL,23.09,23.18,23.09,23.15,2506.0
2017-04-12 10:15:00,AEL,23.12,23.12,23.02,23.08,1100.0
2017-04-12 10:10:00,AEL,23.05,23.12,23.05,23.1,1344.0
2017-04-12 10:05:00,AEL,23.11,23.15,23.01,23.09,8123.0
2017-04-12 10:00:00,AEL,23.33,23.3325,23.09,23.18,15327.0
2017-04-12 09:55:00,AEL,23.31,23.36,23.28,23.36,2581.0
2017-04-12 09:50:00,AEL,23.41,23.43,23.33,23.33,1284.0
2017-04-12 09:45:00,AEL,23.43,23.43,23.36,23.36,1500.0
2017-04-12 09:40:00,AEL,23.35,23.36,23.27,23.36,3499.0
2017-04-12 09:35:00,AEL,23.58,23.58,23.31,23.36,8112.0
2017-04-11 16:05:00,AEL,23.62,23.62,23.62,23.62,61787.0
2017-04-11 16:00:00,AEL,23.57,23.63,23.56,23.63,30141.0
2017-04-11 15:55:00,AEL,23.58,23.59,23.55,23.56,17487.0
2017-04-11 15:50:00,AEL,23.6,23.61,23.58,23.585,14761.0
2017-04-11 15:45:00,AEL,23.615,23.63,23.59,23.59,9619.0
2017-04-11 15:40:00,AEL,23.6,23.63,23.58,23.615,9189.0
2017-04-11 15:35:00,AEL,23.615,23.615,23.56,23.605,6049.0
2017-04-11 15:30:00,AEL,23.56,23.63,23.545,23.63,6687.0
2017-04-11 15:25:00,AEL,23.53,23.56,23.53,23.545,1295.0
2017-04-11 15:20:00,AEL,23.54,23.54,23.49,23.525,4063.0
2017-04-11 15:15:00,AEL,23.54,23.57,23.52,23.53,2295.0
2017-04-11 15:10:00,AEL,23.6,23.6,23.53,23.5375,3400.0
2017-04-11 15:05:00,AEL,23.6,23.61,23.56,23.59,13592.0
2017-04-11 15:00:00,AEL,23.63,23.63,23.595,23.6,8268.0
2017-04-11 14:55:00,AEL,23.56,23.62,23.56,23.62,4297.0
2017-04-11 14:50:00,AEL,23.54,23.57,23.54,23.56,1100.0
2017-04-11 14:45:00,AEL,23.54,23.54,23.53,23.53,300.0
2017-04-11 14:40:00,AEL,23.535,23.545,23.53,23.53,1000.0
2017-04-11 14:35:00,AEL,23.52,23.53,23.5188,23.53,1011.0
2017-04-11 14:30:00,AEL,23.5,23.54,23.5,23.53,1602.0
2017-04-11 14:25:00,AEL,23.5,23.515,23.48,23.49,3920.0
2017-04-11 14:20:00,AEL,23.49,23.52,23.48,23.49,1500.0
2017-04-11 14:15:00,AEL,23.54,23.555,23.48,23.49,2050.0
2017-04-11 14:10:00,AEL,23.51,23.53,23.5,23.53,1927.0
2017-04-11 14:05:00,AEL,23.5,23.5,23.47,23.5,2155.0
2017-04-11 14:00:00,AEL,23.49,23.49,23.48,23.49,1087.0
2017-04-11 13:55:00,AEL,23.45,23.49,23.45,23.49,1100.0
2017-04-11 13:50:00,AEL,23.5,23.5,23.43,23.44,7100.0
2017-04-11 13:45:00,AEL,23.52,23.52,23.49,23.52,2682.0
2017-04-11 13:40:00,AEL,23.53,23.54,23.51,23.51,1573.0
2017-04-11 13:35:00,AEL,23.5201,23.56,23.515,23.52,5000.0
2017-04-11 13:30:00,AEL,23.47,23.54,23.47,23.53,6808.0
2017-04-11 13:25:00,AEL,23.45,23.499,23.43,23.455,5500.0
2017-04-11 13:20:00,AEL,23.42,23.45,23.42,23.445,3866.0
2017-04-11 13:15:00,AEL,23.52,23.52,23.41,23.41,5100.0
2017-04-11 13:10:00,AEL,23.48,23.54,23.48,23.5,2731.0
2017-04-11 13:05:00,AEL,23.41,23.5,23.41,23.465,8076.0
2017-04-11 13:00:00,AEL,23.42,23.42,23.4,23.4,900.0
2017-04-11 12:55:00,AEL,23.36,23.43,23.36,23.4,5627.0
2017-04-11 12:50:00,AEL,23.3701,23.375,23.3601,23.365,1000.0
2017-04-11 12:45:00,AEL,23.41,23.43,23.36,23.38,3310.0
2017-04-11 12:40:00,AEL,23.39,23.46,23.39,23.41,2183.0
2017-04-11 12:35:00,AEL,23.4532,23.47,23.4,23.4,5070.0
2017-04-11 12:30:00,AEL,23.45,23.46,23.435,23.46,1401.0
2017-04-11 12:25:00,AEL,23.45,23.47,23.43,23.465,2600.0
2017-04-11 12:20:00,AEL,23.4,23.43,23.38,23.43,1700.0
2017-04-11 12:15:00,AEL,23.33,23.4,23.33,23.4,2217.0
2017-04-11 12:10:00,AEL,23.2975,23.31,23.29,23.31,1400.0
2017-04-11 12:05:00,AEL,23.35,23.37,23.3,23.32,5634.0
2017-04-11 12:00:00,AEL,23.4,23.41,23.39,23.39,2146.0
2017-04-11 11:55:00,AEL,23.41,23.41,23.37,23.38,3400.0
2017-04-11 11:50:00,AEL,23.35,23.4,23.35,23.4,500.0
2017-04-11 11:45:00,AEL,23.35,23.35,23.3,23.35,3439.0
2017-04-11 11:40:00,AEL,23.37,23.42,23.37,23.385,4978.0
2017-04-11 11:35:00,AEL,23.33,23.35,23.31,23.35,2145.0
2017-04-11 11:30:00,AEL,23.28,23.35,23.275,23.31,3422.0
2017-04-11 11:25:00,AEL,23.25,23.31,23.2,23.31,2643.0
2017-04-11 11:20:00,AEL,23.26,23.26,23.2,23.25,5203.0
2017-04-11 11:15:00,AEL,23.32,23.325,23.265,23.265,1600.0
2017-04-11 11:10:00,AEL,23.36,23.38,23.33,23.335,1940.0
2017-04-11 11:05:00,AEL,23.18,23.38,23.18,23.38,2652.0
2017-04-11 11:00:00,AEL,23.22,23.24,23.17,23.205,2230.0
2017-04-11 10:55:00,AEL,23.32,23.32,23.23,23.24,2900.0
2017-04-11 10:50:00,AEL,23.23,23.35,23.21,23.3,8269.0
2017-04-11 10:45:00,AEL,23.41,23.41,23.18,23.205,13659.0
2017-04-11 10:40:00,AEL,23.45,23.45,23.35,23.43,8001.0
2017-04-11 10:35:00,AEL,23.6,23.6,23.43,23.47,3177.0
2017-04-11 10:30:00,AEL,23.56,23.59,23.52,23.58,1410.0
2017-04-11 10:25:00,AEL,23.65,23.65,23.55,23.55,17126.0
2017-04-11 10:20:00,AEL,23.7,23.7,23.61,23.63,2200.0
2017-04-11 10:15:00,AEL,23.78,23.79,23.715,23.72,2600.0
2017-04-11 10:10:00,AEL,23.78,23.81,23.71,23.72,4300.0
2017-04-11 10:05:00,AEL,23.64,23.77,23.64,23.75,1900.0
2017-04-11 10:00:00,AEL,23.57,23.57,23.57,23.57,100.0
2017-04-11 09:55:00,AEL,23.479,23.57,23.47,23.57,2400.0
2017-04-11 09:50:00,AEL,23.52,23.52,23.4,23.48,2258.0
2017-04-11 09:45:00,AEL,23.582,23.582,23.44,23.52,4300.0
2017-04-11 09:40:00,AEL,23.62,23.62,23.52,23.55,7500.0
2017-04-11 09:35:00,AEL,23.57,23.67,23.35,23.59,9301.0
2017-04-10 16:05:00,AEL,23.73,23.73,23.73,23.73,44181.0
2017-04-10 16:00:00,AEL,23.7,23.73,23.68,23.72,25363.0
2017-04-10 15:55:00,AEL,23.72,23.72,23.69,23.7,7734.0
2017-04-10 15:50:00,AEL,23.7,23.73,23.7,23.72,13076.0
2017-04-10 15:45:00,AEL,23.72,23.73,23.69,23.69,13383.0
2017-04-10 15:40:00,AEL,23.71,23.755,23.7,23.73,35317.0
2017-04-10 15:35:00,AEL,23.75,23.75,23.67,23.7,16524.0
2017-04-10 15:30:00,AEL,23.8,23.8,23.75,23.7617,2233.0
2017-04-10 15:25:00,AEL,23.82,23.83,23.77,23.8,7987.0
2017-04-10 15:20:00,AEL,23.86,23.87,23.82,23.82,1149.0
2017-04-10 15:15:00,AEL,23.89,23.89,23.855,23.86,2200.0
2017-04-10 15:10:00,AEL,23.86,23.91,23.86,23.88,4383.0
2017-04-10 15:05:00,AEL,23.82,23.8599,23.81,23.8525,4394.0
2017-04-10 15:00:00,AEL,23.85,23.85,23.8,23.816,5978.0
2017-04-10 14:55:00,AEL,23.81,23.8616,23.8,23.85,7100.0
2017-04-10 14:50:00,AEL,23.78,23.84,23.78,23.8299,5395.0
2017-04-10 14:45:00,AEL,23.76,23.77,23.76,23.77,2100.0
2017-04-10 14:40:00,AEL,23.74,23.755,23.73,23.73,717.0
2017-04-10 14:35:00,AEL,23.75,23.76,23.715,23.73,3225.0
2017-04-10 14:30:00,AEL,23.79,23.79,23.73,23.73,800.0
2017-04-10 14:25:00,AEL,23.82,23.82,23.78,23.78,7894.0
2017-04-10 14:20:00,AEL,23.82,23.84,23.78,23.8,6258.0
2017-04-10 14:15:00,AEL,23.79,23.83,23.75,23.83,3805.0
2017-04-10 14:10:00,AEL,23.8699,23.8699,23.76,23.77,3854.0
2017-04-10 14:05:00,AEL,23.9,23.91,23.86,23.86,9615.0
2017-04-10 14:00:00,AEL,23.9,23.92,23.9,23.92,700.0
2017-04-10 13:55:00,AEL,23.915,23.915,23.865,23.87,3471.0
2017-04-10 13:50:00,AEL,23.9,23.92,23.9,23.92,3973.0
2017-04-10 13:45:00,AEL,23.91,23.92,23.9,23.92,3300.0
2017-04-10 13:40:00,AEL,23.83,23.89,23.8,23.89,2802.0
2017-04-10 13:35:00,AEL,23.72,23.83,23.71,23.79,8511.0
2017-04-10 13:30:00,AEL,23.76,23.78,23.72,23.73,10218.0
2017-04-10 13:25:00,AEL,23.78,23.79,23.765,23.765,1700.0
2017-04-10 13:20:00,AEL,23.73,23.77,23.71,23.77,56800.0
2017-04-10 13:15:00,AEL,23.7,23.72,23.7,23.72,11100.0
2017-04-10 13:10:00,AEL,23.6885,23.71,23.68,23.7,552.0
2017-04-10 13:05:00,AEL,23.68,23.69,23.66,23.66,1720.0
2017-04-10 13:00:00,AEL,23.68,23.69,23.68,23.69,700.0
2017-04-10 12:55:00,AEL,23.68,23.7,23.68,23.7,1300.0
2017-04-10 12:50:00,AEL,23.63,23.66,23.63,23.66,2022.0
2017-04-10 12:45:00,AEL,23.54,23.61,23.54,23.61,2100.0
2017-04-10 12:40:00,AEL,23.57,23.57,23.54,23.55,2000.0
2017-04-10 12:35:00,AEL,23.55,23.59,23.535,23.561,5035.0
2017-04-10 12:30:00,AEL,23.5,23.56,23.47,23.56,3223.0
2017-04-10 12:25:00,AEL,23.51,23.515,23.5,23.5,900.0
2017-04-10 12:20:00,AEL,23.51,23.56,23.51,23.53,21200.0
2017-04-10 12:15:00,AEL,23.59,23.62,23.49,23.52,1300.0
2017-04-10 12:10:00,AEL,23.62,23.63,23.6,23.61,1500.0
2017-04-10 12:05:00,AEL,23.61,23.64,23.61,23.64,1300.0
2017-04-10 12:00:00,AEL,23.62,23.62,23.58,23.58,400.0
2017-04-10 11:55:00,AEL,23.56,23.66,23.56,23.64,2500.0
2017-04-10 11:50:00,AEL,23.58,23.58,23.55,23.55,1300.0
2017-04-10 11:45:00,AEL,23.62,23.62,23.52,23.59,9981.0
2017-04-10 11:40:00,AEL,23.65,23.66,23.635,23.64,1800.0
2017-04-10 11:35:00,AEL,23.75,23.75,23.62,23.64,7992.0
2017-04-10 11:30:00,AEL,23.77,23.77,23.69,23.71,5185.0
2017-04-10 11:25:00,AEL,23.76,23.82,23.76,23.79,2537.0
2017-04-10 11:20:00,AEL,23.79,23.83,23.77,23.77,3883.0
2017-04-10 11:15:00,AEL,23.74,23.78,23.74,23.78,8101.0
2017-04-10 11:10:00,AEL,23.7,23.74,23.67,23.7,4083.0
2017-04-10 11:05:00,AEL,23.71,23.71,23.71,23.71,447.0
2017-04-10 11:00:00,AEL,23.77,23.77,23.68,23.7,3908.0
2017-04-10 10:55:00,AEL,23.763,23.77,23.7201,23.77,1298.0
2017-04-10 10:50:00,AEL,23.7767,23.7767,23.743,23.75,1686.0
2017-04-10 10:45:00,AEL,23.75,23.79,23.69,23.77,4000.0
2017-04-10 10:40:00,AEL,23.83,23.83,23.76,23.76,400.0
2017-04-10 10:35:00,AEL,23.85,23.89,23.83,23.87,6253.0
2017-04-10 10:30:00,AEL,23.83,23.89,23.8,23.8,5500.0
2017-04-10 10:25:00,AEL,23.85,23.88,23.84,23.84,2800.0
2017-04-10 10:20:00,AEL,23.86,23.87,23.84,23.87,900.0
2017-04-10 10:15:00,AEL,23.96,23.975,23.9,23.9,4200.0
2017-04-10 10:10:00,AEL,23.97,24.015,23.93,23.97,3504.0
2017-04-10 10:05:00,AEL,24.0,24.0,23.93,23.93,1500.0
2017-04-10 10:00:00,AEL,23.91,23.96,23.885,23.96,400.0
2017-04-10 09:55:00,AEL,23.87,23.92,23.86,23.92,2842.0
2017-04-10 09:50:00,AEL,23.8,23.87,23.795,23.87,2993.0
2017-04-10 09:45:00,AEL,23.76,23.8,23.72,23.75,1000.0
2017-04-10 09:40:00,AEL,23.64,23.78,23.63,23.75,6000.0
2017-04-10 09:35:00,AEL,23.65,23.75,23.48,23.61,8575.0
2017-04-07 16:35:00,AEL,23.63,23.63,23.63,23.63,1335.0
2017-04-07 16:20:00,AEL,23.63,23.63,23.63,23.63,2478.0
2017-04-07 16:05:00,AEL,23.63,23.63,23.63,23.63,51174.0
2017-04-07 16:00:00,AEL,23.63,23.68,23.61,23.63,21012.0
2017-04-07 15:55:00,AEL,23.64,23.66,23.63,23.63,7273.0
2017-04-07 15:50:00,AEL,23.63,23.65,23.61,23.64,16792.0
2017-04-07 15:45:00,AEL,23.66,23.68,23.64,23.64,6538.0
2017-04-07 15:40:00,AEL,23.67,23.68,23.67,23.67,4474.0
2017-04-07 15:35:00,AEL,23.68,23.68,23.66,23.67,1605.0
2017-04-07 15:30:00,AEL,23.72,23.72,23.69,23.69,2800.0
2017-04-07 15:25:00,AEL,23.68,23.72,23.68,23.72,17589.0
2017-04-07 15:20:00,AEL,23.66,23.68,23.65,23.68,2200.0
2017-04-07 15:15:00,AEL,23.65,23.68,23.64,23.67,3017.0
2017-04-07 15:10:00,AEL,23.68,23.69,23.6301,23.6301,2000.0
2017-04-07 15:05:00,AEL,23.66,23.69,23.66,23.69,1950.0
2017-04-07 15:00:00,AEL,23.71,23.71,23.65,23.67,3981.0
2017-04-07 14:55:00,AEL,23.68,23.71,23.65,23.7,4488.0
2017-04-07 14:50:00,AEL,23.68,23.7,23.68,23.69,2100.0
2017-04-07 14:45:00,AEL,23.73,23.73,23.69,23.69,1900.0
2017-04-07 14:40:00,AEL,23.74,23.74,23.7201,23.73,2395.0
2017-04-07 14:35:00,AEL,23.72,23.75,23.72,23.75,1400.0
2017-04-07 14:30:00,AEL,23.76,23.76,23.72,23.73,1190.0
2017-04-07 14:25:00,AEL,23.695,23.77,23.6901,23.77,4300.0
2017-04-07 14:20:00,AEL,23.75,23.75,23.7,23.7,2000.0
2017-04-07 14:15:00,AEL,23.78,23.78,23.76,23.76,700.0
2017-04-07 14:10:00,AEL,23.8,23.82,23.76,23.78,2924.0
2017-04-07 14:05:00,AEL,23.8,23.84,23.8,23.8,3100.0
2017-04-07 14:00:00,AEL,23.7701,23.8,23.7701,23.78,3479.0
2017-04-07 13:55:00,AEL,23.77,23.7748,23.77,23.7748,1691.0
2017-04-07 13:50:00,AEL,23.74,23.78,23.74,23.75,2825.0
2017-04-07 13:45:00,AEL,23.71,23.74,23.7,23.74,2900.0
2017-04-07 13:40:00,AEL,23.78,23.78,23.7,23.71,1100.0
2017-04-07 13:35:00,AEL,23.85,23.86,23.79,23.79,1400.0
2017-04-07 13:30:00,AEL,23.78,23.8,23.77,23.8,3046.0
2017-04-07 13:25:00,AEL,23.79,23.8,23.78,23.79,2450.0
2017-04-07 13:20:00,AEL,23.81,23.81,23.79,23.79,300.0
2017-04-07 13:15:00,AEL,23.82,23.84,23.82,23.82,3043.0
2017-04-07 13:10:00,AEL,23.78,23.82,23.78,23.82,1794.0
2017-04-07 13:05:00,AEL,23.81,23.81,23.77,23.8,1700.0
2017-04-07 13:00:00,AEL,23.76,23.82,23.76,23.82,2600.0
2017-04-07 12:55:00,AEL,23.69,23.76,23.69,23.73,5900.0
2017-04-07 12:50:00,AEL,23.66,23.68,23.66,23.67,800.0
2017-04-07 12:45:00,AEL,23.65,23.7,23.65,23.7,600.0
2017-04-07 12:40:00,AEL,23.76,23.76,23.65,23.65,4464.0
2017-04-07 12:35:00,AEL,23.78,23.8,23.76,23.765,2580.0
2017-04-07 12:30:00,AEL,23.77,23.81,23.77,23.81,2300.0
2017-04-07 12:25:00,AEL,23.72,23.75,23.72,23.73,2300.0
2017-04-07 12:20:00,AEL,23.7,23.73,23.7,23.73,800.0
2017-04-07 12:15:00,AEL,23.65,23.7,23.65,23.69,1999.0
2017-04-07 12:10:00,AEL,23.64,23.67,23.64,23.645,3390.0
2017-04-07 12:05:00,AEL,23.46,23.64,23.45,23.64,5550.0
2017-04-07 12:00:00,AEL,23.44,23.45,23.41,23.445,2100.0
2017-04-07 11:55:00,AEL,23.45,23.49,23.39,23.42,26104.0
2017-04-07 11:50:00,AEL,23.45,23.47,23.45,23.46,9995.0
2017-04-07 11:45:00,AEL,23.45,23.48,23.44,23.44,2788.0
2017-04-07 11:40:00,AEL,23.46,23.46,23.42,23.44,800.0
2017-04-07 11:35:00,AEL,23.46,23.49,23.46,23.47,4419.0
2017-04-07 11:30:00,AEL,23.51,23.54,23.47,23.47,2240.0
2017-04-07 11:25:00,AEL,23.49,23.52,23.48,23.52,5115.0
2017-04-07 11:20:00,AEL,23.39,23.48,23.39,23.48,2800.0
2017-04-07 11:15:00,AEL,23.39,23.4,23.36,23.4,1950.0
2017-04-07 11:10:00,AEL,23.43,23.43,23.37,23.37,1400.0
2017-04-07 11:05:00,AEL,23.44,23.47,23.44,23.44,1549.0
2017-04-07 11:00:00,AEL,23.42,23.43,23.37,23.43,2806.0
2017-04-07 10:55:00,AEL,23.47,23.47,23.43,23.43,2837.0
2017-04-07 10:50:00,AEL,23.52,23.52,23.42,23.42,1100.0
2017-04-07 10:45:00,AEL,23.65,23.65,23.52,23.52,1200.0
2017-04-07 10:40:00,AEL,23.5827,23.6844,23.5827,23.66,3966.0
2017-04-07 10:35:00,AEL,23.49,23.51,23.49,23.5,831.0
2017-04-07 10:30:00,AEL,23.56,23.56,23.51,23.525,3900.0
2017-04-07 10:25:00,AEL,23.59,23.6,23.56,23.58,3219.0
2017-04-07 10:20:00,AEL,23.52,23.61,23.48,23.59,2300.0
2017-04-07 10:15:00,AEL,23.51,23.57,23.51,23.54,2910.0
2017-04-07 10:10:00,AEL,23.52,23.58,23.49,23.49,900.0
2017-04-07 10:05:00,AEL,23.46,23.53,23.43,23.53,2400.0
2017-04-07 10:00:00,AEL,23.5,23.5,23.46,23.46,1258.0
2017-04-07 09:55:00,AEL,23.59,23.59,23.48,23.48,2200.0
2017-04-07 09:50:00,AEL,23.59,23.59,23.58,23.58,1100.0
2017-04-07 09:45:00,AEL,23.67,23.67,23.57,23.57,1500.0
2017-04-07 09:40:00,AEL,23.67,23.77,23.62,23.64,4200.0
2017-04-07 09:35:00,AEL,23.62,23.78,23.62,23.62,6391.0
2017-04-06 16:05:00,AEL,23.83,23.83,23.83,23.83,90589.0
2017-04-06 16:00:00,AEL,23.76,23.83,23.75,23.82,29913.0
2017-04-06 15:55:00,AEL,23.76,23.78,23.75,23.75,6948.0
2017-04-06 15:50:00,AEL,23.75,23.765,23.73,23.75,13931.0
2017-04-06 15:45:00,AEL,23.72,23.75,23.72,23.75,5925.0
2017-04-06 15:40:00,AEL,23.66,23.73,23.66,23.73,4404.0
2017-04-06 15:35:00,AEL,23.7,23.7,23.62,23.63,5900.0
2017-04-06 15:30:00,AEL,23.68,23.72,23.67,23.71,5068.0
2017-04-06 15:25:00,AEL,23.72,23.72,23.67,23.67,3600.0
2017-04-06 15:20:00,AEL,23.7,23.72,23.69,23.72,3903.0
2017-04-06 15:15:00,AEL,23.6843,23.72,23.67,23.68,5879.0
2017-04-06 15:10:00,AEL,23.65,23.69,23.62,23.68,5304.0
2017-04-06 15:05:00,AEL,23.67,23.68,23.67,23.67,1800.0
2017-04-06 15:00:00,AEL,23.75,23.75,23.65,23.65,3602.0
2017-04-06 14:55:00,AEL,23.77,23.7865,23.725,23.76,10512.0
2017-04-06 14:50:00,AEL,23.87,23.88,23.78,23.78,3400.0
2017-04-06 14:45:00,AEL,23.83,23.87,23.81,23.87,2200.0
2017-04-06 14:40:00,AEL,23.77,23.84,23.77,23.83,5110.0
2017-04-06 14:35:00,AEL,23.77,23.77,23.77,23.77,100.0
2017-04-06 14:30:00,AEL,23.82,23.82,23.76,23.76,3799.0
2017-04-06 14:25:00,AEL,23.82,23.825,23.81,23.82,1300.0
2017-04-06 14:20:00,AEL,23.7822,23.83,23.7822,23.83,2501.0
2017-04-06 14:15:00,AEL,23.79,23.79,23.78,23.79,2510.0
2017-04-06 14:10:00,AEL,23.83,23.83,23.8,23.81,1700.0
2017-04-06 14:05:00,AEL,23.84,23.85,23.83,23.84,700.0
2017-04-06 14:00:00,AEL,23.86,23.86,23.83,23.85,2700.0
2017-04-06 13:55:00,AEL,23.84,23.89,23.84,23.88,2417.0
2017-04-06 13:50:00,AEL,23.85,23.85,23.82,23.83,1445.0
2017-04-06 13:45:00,AEL,23.86,23.87,23.86,23.86,1905.0
2017-04-06 13:40:00,AEL,23.92,23.92,23.84,23.85,3500.0
2017-04-06 13:35:00,AEL,23.97,23.98,23.93,23.94,4500.0
2017-04-06 13:30:00,AEL,23.95,24.03,23.95,24.01,4261.0
2017-04-06 13:25:00,AEL,23.91,23.95,23.89,23.95,4600.0
2017-04-06 13:20:00,AEL,23.825,23.9,23.825,23.9,1596.0
2017-04-06 13:15:00,AEL,23.77,23.81,23.76,23.81,3300.0
2017-04-06 13:10:00,AEL,23.68,23.76,23.68,23.755,2900.0
2017-04-06 13:05:00,AEL,23.67,23.69,23.67,23.69,1103.0
2017-04-06 13:00:00,AEL,23.67,23.68,23.67,23.67,2000.0
2017-04-06 12:55:00,AEL,23.64,23.67,23.64,23.67,600.0
2017-04-06 12:50:00,AEL,23.62,23.63,23.61,23.63,900.0
2017-04-06 12:45:00,AEL,23.65,23.65,23.65,23.65,300.0
2017-04-06 12:40:00,AEL,23.69,23.69,23.65,23.67,1600.0
2017-04-06 12:35:00,AEL,23.72,23.72,23.69,23.69,2800.0
2017-04-06 12:30:00,AEL,23.71,23.72,23.71,23.72,450.0
2017-04-06 12:25:00,AEL,23.72,23.74,23.71,23.71,2700.0
2017-04-06 12:20:00,AEL,23.6999,23.71,23.68,23.71,2999.0
2017-04-06 12:15:00,AEL,23.68,23.68,23.68,23.68,100.0
2017-04-06 12:10:00,AEL,23.72,23.72,23.71,23.71,600.0
2017-04-06 12:05:00,AEL,23.69,23.7,23.69,23.7,600.0
2017-04-06 12:00:00,AEL,23.67,23.695,23.66,23.67,2777.0
2017-04-06 11:55:00,AEL,23.69,23.69,23.69,23.69,200.0
2017-04-06 11:50:00,AEL,23.68,23.71,23.66,23.7,1700.0
2017-04-06 11:45:00,AEL,23.71,23.735,23.69,23.69,4150.0
2017-04-06 11:40:00,AEL,23.74,23.74,23.73,23.73,700.0
2017-04-06 11:35:00,AEL,23.76,23.76,23.72,23.72,900.0
2017-04-06 11:30:00,AEL,23.72,23.78,23.72,23.78,2780.0
2017-04-06 11:25:00,AEL,23.63,23.72,23.62,23.71,7908.0
2017-04-06 11:20:00,AEL,23.59,23.62,23.59,23.62,1300.0
2017-04-06 11:15:00,AEL,23.58,23.63,23.58,23.61,2400.0
2017-04-06 11:10:00,AEL,23.56,23.57,23.53,23.54,3399.0
2017-04-06 11:05:00,AEL,23.58,23.59,23.52,23.57,6204.0
2017-04-06 11:00:00,AEL,23.63,23.67,23.55,23.57,4000.0
2017-04-06 10:55:00,AEL,23.65,23.66,23.62,23.62,1301.0
2017-04-06 10:50:00,AEL,23.62,23.65,23.62,23.63,2100.0
2017-04-06 10:45:00,AEL,23.65,23.65,23.56,23.595,5000.0
2017-04-06 10:40:00,AEL,23.62,23.69,23.61,23.68,3578.0
2017-04-06 10:35:00,AEL,23.64,23.67,23.62,23.62,1900.0
2017-04-06 10:30:00,AEL,23.57,23.6428,23.53,23.63,5743.0
2017-04-06 10:25:00,AEL,23.53,23.63,23.53,23.6,4322.0
2017-04-06 10:20:00,AEL,23.52,23.57,23.52,23.53,6000.0
2017-04-06 10:15:00,AEL,23.46,23.56,23.46,23.5,3150.0
2017-04-06 10:10:00,AEL,23.43,23.51,23.43,23.46,1900.0
2017-04-06 10:05:00,AEL,23.4,23.44,23.32,23.36,2866.0
2017-04-06 10:00:00,AEL,23.32,23.4,23.32,23.4,5096.0
2017-04-06 09:55:00,AEL,23.22,23.24,23.22,23.24,355.0
2017-04-06 09:50:00,AEL,23.25,23.25,23.14,23.18,1100.0
2017-04-06 09:45:00,AEL,23.34,23.43,23.29,23.29,1000.0
2017-04-06 09:40:00,AEL,23.33,23.36,23.33,23.36,200.0
2017-04-06 09:35:00,AEL,23.36,23.53,23.31,23.31,10135.0
2017-04-06 04:05:00,AEL,23.31,23.31,23.31,23.31,200.0
2017-04-05 17:45:00,AEL,23.31,23.31,23.31,23.31,1100.0
2017-04-05 16:35:00,AEL,23.31,23.31,23.31,23.31,809.0
2017-04-05 16:05:00,AEL,23.31,23.31,23.31,23.31,62844.0
2017-04-05 16:00:00,AEL,23.4,23.4,23.3,23.31,38390.0
2017-04-05 15:55:00,AEL,23.28,23.42,23.27,23.4,27711.0
2017-04-05 15:50:00,AEL,23.35,23.355,23.28,23.29,26644.0
2017-04-05 15:45:00,AEL,23.35,23.35,23.32,23.335,25393.0
2017-04-05 15:40:00,AEL,23.28,23.355,23.27,23.34,11769.0
2017-04-05 15:35:00,AEL,23.33,23.34,23.27,23.27,19395.0
2017-04-05 15:30:00,AEL,23.31,23.34,23.27,23.34,6462.0
2017-04-05 15:25:00,AEL,23.42,23.42,23.32,23.32,11463.0
2017-04-05 15:20:00,AEL,23.35,23.41,23.32,23.4,6649.0
2017-04-05 15:15:00,AEL,23.41,23.42,23.34,23.36,7389.0
2017-04-05 15:10:00,AEL,23.45,23.47,23.42,23.42,5499.0
2017-04-05 15:05:00,AEL,23.43,23.48,23.43,23.45,5140.0
2017-04-05 15:00:00,AEL,23.47,23.49,23.44,23.44,1700.0
2017-04-05 14:55:00,AEL,23.54,23.54,23.46,23.46,1800.0
2017-04-05 14:50:00,AEL,23.63,23.635,23.54,23.55,5752.0
2017-04-05 14:45:00,AEL,23.61,23.64,23.6,23.64,2197.0
2017-04-05 14:40:00,AEL,23.76,23.76,23.64,23.64,4404.0
2017-04-05 14:35:00,AEL,23.83,23.83,23.79,23.81,3517.0
2017-04-05 14:30:00,AEL,23.84,23.85,23.8,23.84,4305.0
2017-04-05 14:25:00,AEL,23.79,23.87,23.78,23.84,13056.0
2017-04-05 14:20:00,AEL,23.755,23.8,23.755,23.8,1715.0
2017-04-05 14:15:00,AEL,23.76,23.82,23.76,23.76,5998.0
2017-04-05 14:10:00,AEL,23.8,23.8,23.77,23.78,3100.0
2017-04-05 14:05:00,AEL,23.73,23.8,23.73,23.78,2726.0
2017-04-05 14:00:00,AEL,23.7,23.76,23.7,23.76,1500.0
2017-04-05 13:55:00,AEL,23.68,23.69,23.68,23.68,1184.0
2017-04-05 13:50:00,AEL,23.67,23.67,23.67,23.67,300.0
2017-04-05 13:45:00,AEL,23.7,23.7,23.63,23.67,4000.0
2017-04-05 13:40:00,AEL,23.76,23.76,23.71,23.71,4448.0
2017-04-05 13:35:00,AEL,23.72,23.76,23.72,23.75,1200.0
2017-04-05 13:30:00,AEL,23.72,23.75,23.72,23.75,1370.0
2017-04-05 13:25:00,AEL,23.73,23.73,23.695,23.71,1700.0
2017-04-05 13:20:00,AEL,23.8,23.8,23.74,23.74,2228.0
2017-04-05 13:15:00,AEL,23.8,23.81,23.79,23.81,1500.0
2017-04-05 13:10:00,AEL,23.8,23.8,23.79,23.8,500.0
2017-04-05 13:05:00,AEL,23.74,23.78,23.74,23.78,806.0
2017-04-05 13:00:00,AEL,23.75,23.76,23.75,23.75,1500.0
2017-04-05 12:55:00,AEL,23.76,23.78,23.75,23.75,2300.0
2017-04-05 12:50:00,AEL,23.73,23.77,23.73,23.77,300.0
2017-04-05 12:45:00,AEL,23.7,23.73,23.7,23.71,3014.0
2017-04-05 12:40:00,AEL,23.68,23.71,23.68,23.71,800.0
2017-04-05 12:35:00,AEL,23.67,23.71,23.67,23.71,419.0
2017-04-05 12:30:00,AEL,23.72,23.73,23.67,23.68,2401.0
2017-04-05 12:25:00,AEL,23.63,23.74,23.62,23.73,1700.0
2017-04-05 12:20:00,AEL,23.62,23.62,23.62,23.62,100.0
2017-04-05 12:15:00,AEL,23.59,23.59,23.59,23.59,100.0
2017-04-05 12:10:00,AEL,23.65,23.66,23.63,23.63,3100.0
2017-04-05 12:05:00,AEL,23.55,23.58,23.54,23.58,800.0
2017-04-05 12:00:00,AEL,23.59,23.62,23.57,23.57,1408.0
2017-04-05 11:55:00,AEL,23.61,23.61,23.6016,23.6016,485.0
2017-04-05 11:50:00,AEL,23.59,23.61,23.57,23.61,1000.0
2017-04-05 11:45:00,AEL,23.56,23.6,23.56,23.6,1200.0
2017-04-05 11:40:00,AEL,23.53,23.5799,23.53,23.5799,1300.0
2017-04-05 11:35:00,AEL,23.37,23.48,23.37,23.48,1801.0
2017-04-05 11:30:00,AEL,23.42,23.45,23.34,23.38,5100.0
2017-04-05 11:25:00,AEL,23.4868,23.51,23.38,23.42,4555.0
2017-04-05 11:20:00,AEL,23.525,23.54,23.48,23.48,22200.0
2017-04-05 11:15:00,AEL,23.48,23.54,23.48,23.54,600.0
2017-04-05 11:10:00,AEL,23.61,23.61,23.5,23.51,8300.0
2017-04-05 11:05:00,AEL,23.68,23.69,23.63,23.63,1377.0
2017-04-05 11:00:00,AEL,23.61,23.68,23.61,23.675,1600.0
2017-04-05 10:55:00,AEL,23.57,23.59,23.55,23.59,1000.0
2017-04-05 10:50:00,AEL,23.605,23.65,23.59,23.6,3000.0
2017-04-05 10:45:00,AEL,23.63,23.63,23.59,23.59,500.0
2017-04-05 10:40:00,AEL,23.63,23.63,23.58,23.59,1300.0
2017-04-05 10:35:00,AEL,23.71,23.71,23.63,23.63,1600.0
2017-04-05 10:30:00,AEL,23.73,23.75,23.7,23.735,1500.0
2017-04-05 10:25:00,AEL,23.8,23.8,23.73,23.75,2578.0
2017-04-05 10:20:00,AEL,23.82,23.86,23.8,23.81,3800.0
2017-04-05 10:15:00,AEL,23.825,23.85,23.75,23.82,6620.0
2017-04-05 10:10:00,AEL,23.84,23.8699,23.81,23.825,1655.0
2017-04-05 10:05:00,AEL,23.85,23.8894,23.8,23.855,7053.0
2017-04-05 10:00:00,AEL,23.9,23.92,23.86,23.86,2032.0
2017-04-05 09:55:00,AEL,23.865,23.92,23.79,23.87,4300.0
2017-04-05 09:50:00,AEL,23.79,23.95,23.75,23.89,9700.0
2017-04-05 09:45:00,AEL,23.815,23.83,23.75,23.75,3348.0
2017-04-05 09:40:00,AEL,23.79,23.86,23.77,23.86,1600.0
2017-04-05 09:35:00,AEL,23.93,23.97,23.8,23.8,6752.0
2017-04-04 16:35:00,AEL,23.6,23.6,23.6,23.6,687.0
2017-04-04 16:05:00,AEL,23.6,23.6,23.6,23.6,82389.0
2017-04-04 16:00:00,AEL,23.54,23.59,23.54,23.59,37188.0
2017-04-04 15:55:00,AEL,23.53,23.55,23.52,23.54,17712.0
2017-04-04 15:50:00,AEL,23.51,23.53,23.51,23.525,8908.0
2017-04-04 15:45:00,AEL,23.5,23.51,23.49,23.51,6400.0
2017-04-04 15:40:00,AEL,23.5,23.51,23.49,23.51,11015.0
2017-04-04 15:35:00,AEL,23.47,23.52,23.47,23.5,8611.0
2017-04-04 15:30:00,AEL,23.455,23.47,23.45,23.47,5100.0
2017-04-04 15:25:00,AEL,23.45,23.45,23.41,23.45,4506.0
2017-04-04 15:20:00,AEL,23.5,23.5,23.45,23.45,3340.0
2017-04-04 15:15:00,AEL,23.54,23.54,23.51,23.51,2942.0
2017-04-04 15:10:00,AEL,23.55,23.55,23.525,23.525,2851.0
2017-04-04 15:05:00,AEL,23.54,23.56,23.54,23.56,2500.0
2017-04-04 15:00:00,AEL,23.55,23.57,23.549,23.55,3902.0
2017-04-04 14:55:00,AEL,23.6,23.61,23.54,23.54,3600.0
2017-04-04 14:50:00,AEL,23.62,23.62,23.6,23.61,1100.0
2017-04-04 14:45:00,AEL,23.61,23.64,23.61,23.64,1800.0
2017-04-04 14:40:00,AEL,23.62,23.63,23.59,23.6,600.0
2017-04-04 14:35:00,AEL,23.62,23.631,23.61,23.62,1390.0
2017-04-04 14:30:00,AEL,23.62,23.64,23.62,23.6268,2295.0
2017-04-04 14:25:00,AEL,23.6,23.6189,23.58,23.6189,2200.0
2017-04-04 14:20:00,AEL,23.61,23.63,23.61,23.63,1354.0
2017-04-04 14:15:00,AEL,23.58,23.6,23.58,23.6,1900.0
2017-04-04 14:10:00,AEL,23.56,23.6,23.55,23.6,4469.0
2017-04-04 14:05:00,AEL,23.56,23.56,23.55,23.55,900.0
2017-04-04 14:00:00,AEL,23.56,23.56,23.55,23.56,700.0
2017-04-04 13:55:00,AEL,23.55,23.57,23.545,23.56,1700.0
2017-04-04 13:50:00,AEL,23.57,23.575,23.56,23.57,2292.0
2017-04-04 13:45:00,AEL,23.6,23.61,23.58,23.59,700.0
2017-04-04 13:40:00,AEL,23.6,23.605,23.59,23.59,1600.0
2017-04-04 13:35:00,AEL,23.55,23.6,23.55,23.6,2913.0
2017-04-04 13:30:00,AEL,23.59,23.59,23.54,23.54,1200.0
2017-04-04 13:25:00,AEL,23.56,23.59,23.55,23.59,1411.0
2017-04-04 13:20:00,AEL,23.52,23.59,23.52,23.56,2100.0
2017-04-04 13:15:00,AEL,23.44,23.51,23.44,23.51,1701.0
2017-04-04 13:10:00,AEL,23.47,23.47,23.43,23.43,1200.0
2017-04-04 13:05:00,AEL,23.5,23.5,23.47,23.49,30722.0
2017-04-04 13:00:00,AEL,23.5,23.51,23.48,23.51,2250.0
2017-04-04 12:55:00,AEL,23.54,23.55,23.5,23.5,1100.0
2017-04-04 12:50:00,AEL,23.6,23.6,23.53,23.54,1800.0
2017-04-04 12:45:00,AEL,23.61,23.62,23.61,23.61,1200.0
2017-04-04 12:40:00,AEL,23.62,23.63,23.6,23.6,1000.0
2017-04-04 12:35:00,AEL,23.62,23.63,23.61,23.61,800.0
2017-04-04 12:30:00,AEL,23.6076,23.62,23.6076,23.61,1800.0
2017-04-04 12:25:00,AEL,23.63,23.63,23.61,23.61,1200.0
2017-04-04 12:20:00,AEL,23.64,23.64,23.63,23.63,749.0
2017-04-04 12:15:00,AEL,23.6,23.65,23.59,23.63,1300.0
2017-04-24 09:35:00,AEL,24.58,24.58,24.27,24.32,9810.0
2017-04-24 09:40:00,AEL,24.365,24.4,24.17,24.23,10585.0
2017-04-24 09:45:00,AEL,24.25,24.36,24.24,24.36,15581.0
2017-04-24 09:50:00,AEL,24.38,24.44,24.31,24.44,7431.0
2017-04-24 09:55:00,AEL,24.415,24.48,24.415,24.45,1700.0
2017-04-24 10:00:00,AEL,24.47,24.51,24.42,24.45,5400.0
2017-04-24 10:05:00,AEL,24.465,24.54,24.42,24.54,3200.0
2017-04-24 10:10:00,AEL,24.54,24.54,24.48,24.5,5600.0
2017-04-24 10:15:00,AEL,24.47,24.49,24.39,24.44,6270.0
2017-04-24 10:20:00,AEL,24.42,24.42,24.32,24.4,14900.0
2017-04-24 10:25:00,AEL,24.38,24.4,24.32,24.33,7800.0
2017-04-24 10:30:00,AEL,24.33,24.46,24.31,24.43,13600.0
2017-04-24 10:35:00,AEL,24.43,24.44,24.29,24.35,12723.0
2017-04-24 10:40:00,AEL,24.36,24.37,24.22,24.25,10550.0
2017-04-24 10:45:00,AEL,24.22,24.25,24.17,24.2,11914.0
2017-04-24 10:50:00,AEL,24.18,24.2,24.16,24.17,4800.0
2017-04-24 10:55:00,AEL,24.21,24.23,24.17,24.22,14463.0
2017-04-24 11:00:00,AEL,24.23,24.25,24.14,24.15,19871.0
2017-04-24 11:05:00,AEL,24.165,24.19,24.15,24.15,3000.0
2017-04-24 11:10:00,AEL,24.15,24.16,24.05,24.08,10400.0
2017-04-24 11:15:00,AEL,24.06,24.115,24.06,24.11,8165.0
2017-04-24 11:20:00,AEL,24.11,24.11,24.0,24.035,6900.0
2017-04-24 11:25:00,AEL,24.05,24.1,24.05,24.07,4853.0
2017-04-24 11:30:00,AEL,24.05,24.1,24.04,24.05,6236.0
2017-04-24 11:35:00,AEL,24.04,24.09,24.03,24.06,8400.0
2017-04-24 11:40:00,AEL,24.09,24.1068,24.0701,24.0824,2469.0
2017-04-24 11:45:00,AEL,24.08,24.08,24.02,24.03,2000.0
2017-04-24 11:50:00,AEL,24.02,24.11,24.02,24.11,1300.0
2017-04-24 11:55:00,AEL,24.12,24.15,24.12,24.1405,912.0
2017-04-24 12:00:00,AEL,24.14,24.19,24.12,24.15,2976.0
2017-04-24 12:05:00,AEL,24.16,24.2,24.16,24.19,600.0
2017-04-24 12:10:00,AEL,24.19,24.2,24.16,24.18,1700.0
2017-04-24 12:15:00,AEL,24.19,24.19,24.18,24.19,500.0
2017-04-24 12:20:00,AEL,24.18,24.195,24.18,24.195,700.0
2017-04-24 12:25:00,AEL,24.19,24.21,24.19,24.19,700.0
2017-04-24 12:30:00,AEL,24.19,24.23,24.188,24.215,2859.0
2017-04-24 12:35:00,AEL,24.22,24.23,24.19,24.21,1771.0
2017-04-24 12:40:00,AEL,24.21,24.25,24.21,24.25,400.0
2017-04-24 12:45:00,AEL,24.25,24.28,24.25,24.27,1600.0
2017-04-24 12:50:00,AEL,24.27,24.29,24.27,24.2854,800.0
2017-04-24 12:55:00,AEL,24.3,24.32,24.28,24.31,4100.0
2017-04-24 13:00:00,AEL,24.29,24.29,24.22,24.26,2625.0
2017-04-24 13:05:00,AEL,24.28,24.32,24.28,24.3,1732.0
2017-04-24 13:10:00,AEL,24.26,24.29,24.26,24.29,1300.0
2017-04-24 13:15:00,AEL,24.29,24.3,24.27,24.27,1700.0
2017-04-24 13:20:00,AEL,24.27,24.3,24.27,24.28,500.0
2017-04-24 13:25:00,AEL,24.3,24.3,24.28,24.3,1115.0
2017-04-24 13:30:00,AEL,24.31,24.31,24.28,24.3,2100.0
2017-04-24 13:35:00,AEL,24.29,24.29,24.26,24.28,2000.0
2017-04-24 13:40:00,AEL,24.27,24.29,24.26,24.265,2200.0
2017-04-24 13:45:00,AEL,24.25,24.25,24.22,24.22,1000.0
2017-04-24 13:50:00,AEL,24.22,24.225,24.2,24.2025,4000.0
2017-04-24 13:55:00,AEL,24.2,24.21,24.19,24.21,2800.0
2017-04-24 14:00:00,AEL,24.21,24.25,24.21,24.24,2782.0
2017-04-24 14:05:00,AEL,24.25,24.25,24.18,24.19,1977.0
2017-04-24 14:10:00,AEL,24.18,24.19,24.18,24.18,900.0
2017-04-24 14:15:00,AEL,24.19,24.21,24.145,24.18,3077.0
2017-04-24 14:20:00,AEL,24.2,24.23,24.18,24.22,4068.0
2017-04-24 14:25:00,AEL,24.22,24.25,24.22,24.22,3132.0
2017-04-24 14:30:00,AEL,24.21,24.21,24.21,24.21,396.0
2017-04-24 14:35:00,AEL,24.22,24.22,24.21,24.22,1930.0
2017-04-24 14:40:00,AEL,24.25,24.25,24.225,24.24,300.0
2017-04-24 14:45:00,AEL,24.21,24.26,24.21,24.26,2275.0
2017-04-24 14:50:00,AEL,24.24,24.24,24.19,24.19,3500.0
2017-04-24 14:55:00,AEL,24.19,24.22,24.16,24.16,2064.0
2017-04-24 15:00:00,AEL,24.18,24.22,24.18,24.21,1700.0
2017-04-24 15:05:00,AEL,24.215,24.221,24.17,24.185,4925.0
2017-04-24 15:10:00,AEL,24.2,24.2,24.1775,24.19,5965.0
2017-04-24 15:15:00,AEL,24.2,24.2,24.18,24.18,3400.0
2017-04-24 15:20:00,AEL,24.19,24.2,24.165,24.17,5432.0
2017-04-24 15:25:00,AEL,24.16,24.2,24.16,24.18,3313.0
2017-04-24 15:30:00,AEL,24.19,24.2,24.18,24.18,1700.0
2017-04-24 15:35:00,AEL,24.2,24.2,24.17,24.18,4500.0
2017-04-24 15:40:00,AEL,24.18,24.2,24.17,24.18,9721.0
2017-04-24 15:45:00,AEL,24.18,24.185,24.155,24.155,9952.0
2017-04-24 15:50:00,AEL,24.15,24.15,24.11,24.11,19435.0
2017-04-24 15:55:00,AEL,24.11,24.14,24.11,24.13,12388.0
2017-04-24 16:00:00,AEL,24.13,24.13,24.1,24.105,22899.0
2017-04-24 16:05:00,AEL,24.1,24.1,24.1,24.1,60201.0
2017-04-24 16:05:00,AEL,24.1,24.1,24.1,24.1,60201.0
2017-04-24 16:00:00,AEL,24.13,24.13,24.1,24.105,22899.0
2017-04-24 15:55:00,AEL,24.11,24.14,24.11,24.13,12388.0
2017-04-06 11:25:00,AEL,23.63,23.72,23.62,23.71,7908.0
2017-04-06 11:20:00,AEL,23.59,23.62,23.59,23.62,1300.0
2017-04-06 11:15:00,AEL,23.58,23.63,23.58,23.61,2400.0
2017-04-06 11:10:00,AEL,23.56,23.57,23.53,23.54,3399.0
2017-04-06 11:05:00,AEL,23.58,23.59,23.52,23.57,6204.0
2017-04-06 11:00:00,AEL,23.63,23.67,23.55,23.57,4000.0
2017-04-06 10:55:00,AEL,23.65,23.66,23.62,23.62,1301.0
2017-04-06 10:50:00,AEL,23.62,23.65,23.62,23.63,2100.0
2017-04-06 10:45:00,AEL,23.65,23.65,23.56,23.595,5000.0
2017-04-06 10:40:00,AEL,23.62,23.69,23.61,23.68,3578.0
2017-04-06 10:35:00,AEL,23.64,23.67,23.62,23.62,1900.0
2017-04-06 10:30:00,AEL,23.57,23.6428,23.53,23.63,5743.0
2017-04-06 10:25:00,AEL,23.53,23.63,23.53,23.6,4322.0
2017-04-06 10:20:00,AEL,23.52,23.57,23.52,23.53,6000.0
2017-04-06 10:15:00,AEL,23.46,23.56,23.46,23.5,3150.0
2017-04-06 10:10:00,AEL,23.43,23.51,23.43,23.46,1900.0
2017-04-06 10:05:00,AEL,23.4,23.44,23.32,23.36,2866.0
2017-04-06 10:00:00,AEL,23.32,23.4,23.32,23.4,5096.0
2017-04-06 09:55:00,AEL,23.22,23.24,23.22,23.24,355.0
2017-04-06 09:50:00,AEL,23.25,23.25,23.14,23.18,1100.0
2017-04-06 09:45:00,AEL,23.34,23.43,23.29,23.29,1000.0
2017-04-06 09:40:00,AEL,23.33,23.36,23.33,23.36,200.0
2017-04-06 09:35:00,AEL,23.36,23.53,23.31,23.31,10135.0
2017-04-06 04:05:00,AEL,23.31,23.31,23.31,23.31,200.0
2017-04-05 17:45:00,AEL,23.31,23.31,23.31,23.31,1100.0
2017-04-05 16:35:00,AEL,23.31,23.31,23.31,23.31,809.0
2017-04-05 16:05:00,AEL,23.31,23.31,23.31,23.31,62844.0
2017-04-05 16:00:00,AEL,23.4,23.4,23.3,23.31,38390.0
2017-04-05 15:55:00,AEL,23.28,23.42,23.27,23.4,27711.0
2017-04-05 15:50:00,AEL,23.35,23.355,23.28,23.29,26644.0
2017-04-05 15:45:00,AEL,23.35,23.35,23.32,23.335,25393.0
2017-04-05 15:40:00,AEL,23.28,23.355,23.27,23.34,11769.0
2017-04-05 15:35:00,AEL,23.33,23.34,23.27,23.27,19395.0
2017-04-05 15:30:00,AEL,23.31,23.34,23.27,23.34,6462.0
2017-04-05 15:25:00,AEL,23.42,23.42,23.32,23.32,11463.0
2017-04-05 15:20:00,AEL,23.35,23.41,23.32,23.4,6649.0
2017-04-05 15:15:00,AEL,23.41,23.42,23.34,23.36,7389.0
2017-04-05 15:10:00,AEL,23.45,23.47,23.42,23.42,5499.0
2017-04-05 15:05:00,AEL,23.43,23.48,23.43,23.45,5140.0
2017-04-05 15:00:00,AEL,23.47,23.49,23.44,23.44,1700.0
2017-04-05 14:55:00,AEL,23.54,23.54,23.46,23.46,1800.0
2017-04-05 14:50:00,AEL,23.63,23.635,23.54,23.55,5752.0
2017-04-05 14:45:00,AEL,23.61,23.64,23.6,23.64,2197.0
2017-04-05 14:40:00,AEL,23.76,23.76,23.64,23.64,4404.0
2017-04-05 14:35:00,AEL,23.83,23.83,23.79,23.81,3517.0
2017-04-05 14:30:00,AEL,23.84,23.85,23.8,23.84,4305.0
2017-04-05 14:25:00,AEL,23.79,23.87,23.78,23.84,13056.0
2017-04-05 14:20:00,AEL,23.755,23.8,23.755,23.8,1715.0
2017-04-05 14:15:00,AEL,23.76,23.82,23.76,23.76,5998.0
2017-04-05 14:10:00,AEL,23.8,23.8,23.77,23.78,3100.0
2017-04-05 14:05:00,AEL,23.73,23.8,23.73,23.78,2726.0
2017-04-05 14:00:00,AEL,23.7,23.76,23.7,23.76,1500.0
2017-04-05 13:55:00,AEL,23.68,23.69,23.68,23.68,1184.0
2017-04-05 13:50:00,AEL,23.67,23.67,23.67,23.67,300.0
2017-04-05 13:45:00,AEL,23.7,23.7,23.63,23.67,4000.0
2017-04-05 13:40:00,AEL,23.76,23.76,23.71,23.71,4448.0
2017-04-05 13:35:00,AEL,23.72,23.76,23.72,23.75,1200.0
2017-04-05 13:30:00,AEL,23.72,23.75,23.72,23.75,1370.0
2017-04-05 13:25:00,AEL,23.73,23.73,23.695,23.71,1700.0
2017-04-05 13:20:00,AEL,23.8,23.8,23.74,23.74,2228.0
2017-04-05 13:15:00,AEL,23.8,23.81,23.79,23.81,1500.0
2017-04-05 13:10:00,AEL,23.8,23.8,23.79,23.8,500.0
2017-04-05 13:05:00,AEL,23.74,23.78,23.74,23.78,806.0
2017-04-05 13:00:00,AEL,23.75,23.76,23.75,23.75,1500.0
2017-04-05 12:55:00,AEL,23.76,23.78,23.75,23.75,2300.0
2017-04-05 12:50:00,AEL,23.73,23.77,23.73,23.77,300.0
2017-04-05 12:45:00,AEL,23.7,23.73,23.7,23.71,3014.0
2017-04-05 12:40:00,AEL,23.68,23.71,23.68,23.71,800.0
2017-04-05 12:35:00,AEL,23.67,23.71,23.67,23.71,419.0
2017-04-05 12:30:00,AEL,23.72,23.73,23.67,23.68,2401.0
2017-04-05 12:25:00,AEL,23.63,23.74,23.62,23.73,1700.0
2017-04-05 12:20:00,AEL,23.62,23.62,23.62,23.62,100.0
2017-04-05 12:15:00,AEL,23.59,23.59,23.59,23.59,100.0
2017-04-05 12:10:00,AEL,23.65,23.66,23.63,23.63,3100.0
2017-04-25 09:35:00,AEL,24.49,24.7,24.49,24.65,8528.0
2017-04-25 09:40:00,AEL,24.675,24.675,24.55,24.58,19896.0
2017-04-25 09:45:00,AEL,24.59,24.66,24.565,24.63,13356.0
2017-04-25 09:50:00,AEL,24.6,24.655,24.6,24.6,2900.0
2017-04-25 09:55:00,AEL,24.63,24.65,24.58,24.58,16771.0
2017-04-25 10:00:00,AEL,24.58,24.61,24.55,24.585,8950.0
2017-04-25 10:05:00,AEL,24.585,24.67,24.585,24.61,3300.0
2017-04-25 10:10:00,AEL,24.63,24.675,24.6,24.675,9900.0
2017-04-25 10:15:00,AEL,24.66,24.67,24.6105,24.63,13039.0
2017-04-25 10:20:00,AEL,24.62,24.63,24.58,24.63,6400.0
2017-04-25 10:25:00,AEL,24.63,24.66,24.62,24.63,7952.0
2017-04-25 10:30:00,AEL,24.635,24.645,24.6,24.63,7409.0
2017-04-25 10:35:00,AEL,24.61,24.61,24.53,24.56,11179.0
2017-04-25 10:40:00,AEL,24.55,24.66,24.54,24.63,31000.0
2017-04-25 10:45:00,AEL,24.66,24.67,24.6,24.64,5951.0
2017-04-25 10:50:00,AEL,24.64,24.65,24.58,24.61,8003.0
2017-04-25 10:55:00,AEL,24.58,24.63,24.58,24.6,6200.0
2017-04-25 11:00:00,AEL,24.63,24.63,24.59,24.6,5600.0
2017-04-25 11:05:00,AEL,24.59,24.6217,24.58,24.6,3753.0
2017-04-25 11:10:00,AEL,24.6001,24.65,24.6,24.6,6150.0
2017-04-25 11:15:00,AEL,24.61,24.63,24.6,24.63,3562.0
2017-04-25 11:20:00,AEL,24.65,24.7,24.65,24.7,4543.0
2017-04-25 11:25:00,AEL,24.69,24.72,24.68,24.72,6860.0
2017-04-25 11:30:00,AEL,24.71,24.78,24.71,24.74,11910.0
2017-04-25 11:35:00,AEL,24.75,24.75,24.69,24.715,5200.0
2017-04-25 11:40:00,AEL,24.72,24.72,24.67,24.68,2900.0
2017-04-25 11:45:00,AEL,24.67,24.67,24.635,24.64,3267.0
2017-04-25 11:50:00,AEL,24.64,24.69,24.64,24.655,1200.0
2017-04-25 11:55:00,AEL,24.65,24.7,24.65,24.67,3700.0
2017-04-25 12:00:00,AEL,24.66,24.73,24.66,24.72,7520.0
2017-04-25 12:05:00,AEL,24.7143,24.72,24.68,24.7,4465.0
2017-04-25 12:10:00,AEL,24.73,24.73,24.69,24.69,1706.0
2017-04-25 12:15:00,AEL,24.68,24.68,24.65,24.65,1700.0
2017-04-25 12:20:00,AEL,24.66,24.68,24.66,24.68,1100.0
2017-04-25 12:25:00,AEL,24.68,24.715,24.67,24.68,1900.0
2017-04-25 12:30:00,AEL,24.69,24.73,24.69,24.7,2700.0
2017-04-25 12:35:00,AEL,24.71,24.71,24.64,24.64,4428.0
2017-04-25 12:40:00,AEL,24.6432,24.6432,24.63,24.63,1685.0
2017-04-25 12:45:00,AEL,24.64,24.66,24.63,24.64,2600.0
