2017-04-18 15:00:00,CTL,25.125,25.125,25.105,25.105,31853.0
2017-04-18 15:05:00,CTL,25.105,25.125,25.095,25.105,64611.0
2017-04-18 15:10:00,CTL,25.105,25.125,25.105,25.125,54438.0
2017-04-18 15:15:00,CTL,25.125,25.135,25.115,25.135,69816.0
2017-04-18 15:20:00,CTL,25.135,25.135,25.125,25.125,40157.0
2017-04-18 15:25:00,CTL,25.125,25.125,25.105,25.115,89145.0
2017-04-18 15:30:00,CTL,25.115,25.125,25.115,25.115,71219.0
2017-04-18 15:35:00,CTL,25.115,25.115,25.085,25.085,89108.0
2017-04-18 15:40:00,CTL,25.085,25.085,25.085,25.085,67666.0
2017-04-18 15:45:00,CTL,25.085,25.085,25.085,25.085,75336.0
2017-04-18 15:50:00,CTL,25.085,25.085,25.075,25.075,210194.0
2017-04-18 15:55:00,CTL,25.075,25.075,25.065,25.065,184174.0
2017-04-18 16:00:00,CTL,25.065,25.085,25.065,25.065,529413.0
2017-04-18 16:05:00,CTL,25.065,25.065,25.065,25.065,1348106.0
2017-04-18 16:10:00,CTL,25.065,25.065,25.06,25.06,43063.0
2017-04-18 16:15:00,CTL,25.06,25.065,25.06,25.06,78000.0
2017-04-18 16:20:00,CTL,25.06,25.065,25.055,25.055,30020.0
2017-04-18 16:25:00,CTL,25.055,25.06,25.055,25.055,0.0
2017-04-18 16:30:00,CTL,25.055,25.06,25.055,25.055,75215.0
2017-04-18 16:35:00,CTL,25.055,25.06,25.055,25.055,65000.0
2017-04-18 16:40:00,CTL,25.055,25.055,25.055,25.055,0.0
2017-04-18 16:45:00,CTL,25.055,25.055,25.055,25.055,0.0
2017-04-18 16:50:00,CTL,25.055,25.055,25.055,25.055,0.0
2017-04-18 16:55:00,CTL,25.055,25.055,25.055,25.055,0.0
2017-04-18 17:00:00,CTL,25.055,25.055,25.055,25.055,0.0
2017-04-18 17:05:00,CTL,25.055,25.055,25.055,25.055,0.0
2017-04-18 17:10:00,CTL,25.055,25.055,25.055,25.055,0.0
2017-04-18 17:15:00,CTL,25.055,25.055,25.055,25.055,0.0
2017-04-18 17:20:00,CTL,25.055,25.055,25.055,25.055,0.0
2017-04-18 17:25:00,CTL,25.055,25.055,25.055,25.055,0.0
2017-04-18 17:30:00,CTL,25.055,25.255,25.055,25.25,7294946.0
2017-04-18 17:35:00,CTL,25.25,25.25,25.195,25.195,0.0
2017-04-18 17:40:00,CTL,25.195,25.195,25.195,25.195,0.0
2017-04-18 17:45:00,CTL,25.195,25.195,25.17,25.17,0.0
2017-04-18 17:50:00,CTL,25.17,25.17,25.16,25.16,0.0
2017-04-18 17:55:00,CTL,25.16,25.16,25.16,25.16,0.0
2017-04-18 18:00:00,CTL,25.16,25.16,25.16,25.16,0.0
2017-04-18 18:05:00,CTL,25.16,25.16,25.16,25.16,0.0
2017-04-18 18:10:00,CTL,25.16,25.16,25.16,25.16,0.0
2017-04-18 18:15:00,CTL,25.16,25.16,25.16,25.16,0.0
2017-04-18 18:20:00,CTL,25.16,25.16,25.16,25.16,0.0
2017-04-18 18:25:00,CTL,25.16,25.16,25.16,25.16,0.0
2017-04-18 18:30:00,CTL,25.16,25.16,25.16,25.16,0.0
2017-04-18 18:35:00,CTL,25.16,25.16,25.16,25.16,0.0
2017-04-18 18:40:00,CTL,25.16,25.16,25.16,25.16,0.0
2017-04-18 18:45:00,CTL,25.16,25.16,25.16,25.16,0.0
2017-04-18 18:50:00,CTL,25.16,25.16,25.16,25.16,0.0
2017-04-18 18:55:00,CTL,25.16,25.16,25.16,25.16,0.0
2017-04-18 19:00:00,CTL,25.16,25.16,25.16,25.16,0.0
2017-04-18 19:05:00,CTL,25.16,25.16,25.16,25.16,0.0
2017-04-18 19:10:00,CTL,25.16,25.16,25.16,25.16,0.0
2017-04-18 19:15:00,CTL,25.16,25.16,25.16,25.16,0.0
2017-04-18 19:20:00,CTL,25.16,25.16,25.16,25.16,0.0
2017-04-18 19:25:00,CTL,25.16,25.16,25.16,25.16,0.0
2017-04-18 19:30:00,CTL,25.16,25.16,25.16,25.16,0.0
2017-04-18 19:35:00,CTL,25.16,25.16,25.16,25.16,0.0
2017-04-18 19:40:00,CTL,25.16,25.16,25.16,25.16,0.0
2017-04-18 19:45:00,CTL,25.16,25.16,25.16,25.16,0.0
2017-04-18 19:50:00,CTL,25.16,25.16,25.16,25.16,0.0
2017-04-18 19:55:00,CTL,25.16,25.16,25.16,25.16,0.0
2017-04-18 20:00:00,CTL,25.16,25.16,25.16,25.16,0.0
2017-04-18 20:05:00,CTL,25.16,25.415,25.16,25.415,0.0
2017-04-18 20:10:00,CTL,25.415,25.415,25.415,25.415,0.0
2017-04-18 20:15:00,CTL,25.415,25.415,25.415,25.415,0.0
2017-04-18 20:20:00,CTL,25.415,25.415,25.415,25.415,0.0
2017-04-18 20:25:00,CTL,25.415,25.415,25.415,25.415,0.0
2017-04-18 20:30:00,CTL,25.415,25.415,25.415,25.415,0.0
2017-04-18 20:35:00,CTL,25.415,25.415,25.415,25.415,0.0
2017-04-18 20:40:00,CTL,25.415,25.415,25.415,25.415,0.0
2017-04-18 20:45:00,CTL,25.415,25.415,25.415,25.415,0.0
2017-04-18 20:50:00,CTL,25.415,25.415,25.415,25.415,0.0
2017-04-18 20:55:00,CTL,25.415,25.415,25.415,25.415,0.0
2017-04-19 08:00:00,CTL,25.53,25.53,25.53,25.53,0.0
2017-04-19 08:05:00,CTL,25.53,25.58,25.295,25.295,0.0
2017-04-19 08:10:00,CTL,25.295,25.295,25.295,25.295,0.0
2017-04-19 08:15:00,CTL,25.295,25.295,25.295,25.295,0.0
2017-04-19 08:20:00,CTL,25.295,25.295,25.295,25.295,0.0
2017-04-19 08:25:00,CTL,25.295,25.295,25.29,25.29,1000.0
2017-04-19 08:30:00,CTL,25.29,25.29,25.29,25.29,0.0
2017-04-19 08:35:00,CTL,25.29,25.29,25.285,25.285,0.0
2017-04-19 08:40:00,CTL,25.285,25.285,25.285,25.285,0.0
2017-04-19 08:45:00,CTL,25.285,25.285,25.285,25.285,0.0
2017-04-19 08:50:00,CTL,25.285,25.285,25.285,25.285,0.0
2017-04-19 08:55:00,CTL,25.285,25.285,25.285,25.285,0.0
2017-04-19 09:00:00,CTL,25.285,25.285,25.285,25.285,0.0
2017-04-19 09:05:00,CTL,25.285,25.285,25.285,25.285,0.0
2017-04-19 09:10:00,CTL,25.285,25.285,25.285,25.285,0.0
2017-04-19 09:15:00,CTL,25.285,25.285,25.285,25.285,0.0
2017-04-19 09:20:00,CTL,25.285,25.285,25.285,25.285,0.0
2017-04-19 09:25:00,CTL,25.285,25.32,25.285,25.32,0.0
2017-04-19 09:30:00,CTL,25.32,25.32,25.21,25.21,0.0
2017-04-19 09:35:00,CTL,25.21,25.27,25.17,25.235,140782.0
2017-04-19 09:40:00,CTL,25.235,25.285,25.225,25.245,114004.0
2017-04-19 09:45:00,CTL,25.245,25.285,25.215,25.245,342617.0
2017-04-19 09:50:00,CTL,25.245,25.255,25.215,25.235,50098.0
2017-04-19 09:55:00,CTL,25.235,25.235,25.155,25.225,124439.0
2017-04-19 10:00:00,CTL,25.225,25.235,25.215,25.215,67244.0
2017-04-19 10:05:00,CTL,25.215,25.225,25.195,25.205,133957.0
2017-04-19 10:10:00,CTL,25.205,25.205,25.175,25.195,51389.0
2017-04-19 10:15:00,CTL,25.195,25.195,25.135,25.165,86949.0
2017-04-19 10:20:00,CTL,25.165,25.215,25.165,25.185,71861.0
2017-04-19 10:25:00,CTL,25.185,25.215,25.115,25.125,201112.0
2017-04-19 10:30:00,CTL,25.125,25.145,25.115,25.115,85379.0
2017-04-19 10:35:00,CTL,25.115,25.205,25.115,25.205,71156.0
2017-04-19 10:40:00,CTL,25.205,25.225,25.185,25.225,131555.0
2017-04-19 10:45:00,CTL,25.225,25.225,25.175,25.175,234664.0
2017-04-19 10:50:00,CTL,25.175,25.185,25.155,25.185,183645.0
2017-04-19 10:55:00,CTL,25.185,25.255,25.185,25.255,171745.0
2017-04-19 11:00:00,CTL,25.255,25.265,25.235,25.235,67942.0
2017-04-19 11:05:00,CTL,25.235,25.245,25.215,25.225,49563.0
2017-04-19 11:10:00,CTL,25.225,25.265,25.225,25.225,64586.0
2017-04-19 11:15:00,CTL,25.225,25.225,25.175,25.175,174737.0
2017-04-19 11:20:00,CTL,25.175,25.195,25.155,25.155,56945.0
2017-04-19 11:25:00,CTL,25.155,25.235,25.155,25.205,95782.0
2017-04-19 11:30:00,CTL,25.205,25.255,25.195,25.205,134231.0
2017-04-19 11:35:00,CTL,25.205,25.205,25.185,25.195,117729.0
2017-04-19 11:40:00,CTL,25.195,25.255,25.195,25.245,156071.0
2017-04-19 11:45:00,CTL,25.245,25.245,25.215,25.235,244951.0
2017-04-19 11:50:00,CTL,25.235,25.245,25.225,25.225,45675.0
2017-04-19 11:55:00,CTL,25.225,25.235,25.155,25.185,113087.0
2017-04-19 12:10:00,CTL,25.185,25.235,25.175,25.185,165781.0
2017-04-19 12:15:00,CTL,25.185,25.195,25.185,25.185,40391.0
2017-04-19 12:20:00,CTL,25.185,25.225,25.185,25.225,23500.0
2017-04-19 12:25:00,CTL,25.225,25.225,25.195,25.215,74583.0
2017-04-19 12:30:00,CTL,25.215,25.215,25.185,25.185,27832.0
2017-04-19 12:35:00,CTL,25.185,25.195,25.175,25.175,24797.0
2017-04-19 12:40:00,CTL,25.175,25.195,25.145,25.155,53781.0
2017-04-19 12:45:00,CTL,25.155,25.165,25.135,25.135,30140.0
2017-04-19 12:50:00,CTL,25.135,25.155,25.135,25.135,33689.0
2017-04-19 12:55:00,CTL,25.135,25.195,25.135,25.195,141361.0
2017-04-19 13:00:00,CTL,25.195,25.195,25.175,25.195,37847.0
2017-04-19 13:05:00,CTL,25.195,25.195,25.165,25.165,49432.0
2017-04-19 13:10:00,CTL,25.165,25.185,25.145,25.175,121939.0
2017-04-19 13:15:00,CTL,25.175,25.185,25.145,25.175,380030.0
2017-04-19 13:20:00,CTL,25.175,25.185,25.155,25.155,40529.0
2017-04-19 13:25:00,CTL,25.155,25.175,25.145,25.175,73893.0
2017-04-19 13:30:00,CTL,25.175,25.195,25.165,25.175,129338.0
2017-04-19 13:35:00,CTL,25.175,25.175,25.165,25.165,35730.0
2017-04-19 13:40:00,CTL,25.165,25.165,25.155,25.155,24514.0
2017-04-19 13:45:00,CTL,25.155,25.175,25.135,25.165,370283.0
2017-04-19 13:50:00,CTL,25.165,25.195,25.165,25.185,56557.0
2017-04-19 13:55:00,CTL,25.185,25.195,25.175,25.195,39269.0
2017-04-19 14:00:00,CTL,25.195,25.205,25.185,25.195,49231.0
2017-04-19 14:05:00,CTL,25.195,25.205,25.185,25.195,39180.0
2017-04-19 14:10:00,CTL,25.195,25.255,25.195,25.225,386282.0
2017-04-19 14:15:00,CTL,25.225,25.245,25.225,25.235,88465.0
2017-04-19 14:20:00,CTL,25.235,25.235,25.215,25.235,93580.0
2017-04-19 14:25:00,CTL,25.235,25.275,25.23,25.255,166102.0
2017-04-19 14:30:00,CTL,25.255,25.265,25.235,25.245,323412.0
2017-04-19 14:35:00,CTL,25.245,25.275,25.245,25.275,75243.0
2017-04-19 14:40:00,CTL,25.275,25.275,25.25,25.255,67193.0
2017-04-19 14:45:00,CTL,25.255,25.275,25.255,25.255,70371.0
2017-04-19 14:50:00,CTL,25.255,25.255,25.245,25.255,59726.0
2017-04-19 14:55:00,CTL,25.255,25.265,25.225,25.265,196611.0
2017-04-19 15:00:00,CTL,25.265,25.265,25.245,25.245,94062.0
2017-04-19 15:05:00,CTL,25.245,25.265,25.225,25.255,180037.0
2017-04-19 15:10:00,CTL,25.255,25.275,25.25,25.265,84134.0
2017-04-19 15:15:00,CTL,25.265,25.285,25.255,25.275,84195.0
2017-04-19 15:20:00,CTL,25.275,25.275,25.245,25.255,92811.0
2017-04-19 15:25:00,CTL,25.255,25.255,25.245,25.245,63740.0
2017-04-19 15:30:00,CTL,25.245,25.265,25.225,25.255,231329.0
2017-04-19 15:35:00,CTL,25.255,25.255,25.225,25.255,137260.0
2017-04-19 15:40:00,CTL,25.255,25.255,25.235,25.245,94676.0
2017-04-19 15:45:00,CTL,25.245,25.255,25.235,25.255,180297.0
2017-04-19 15:50:00,CTL,25.255,25.265,25.225,25.255,258455.0
2017-04-19 15:55:00,CTL,25.255,25.265,25.235,25.255,276357.0
2017-04-19 16:00:00,CTL,25.255,25.295,25.245,25.285,932404.0
2017-04-19 16:05:00,CTL,25.285,25.285,25.285,25.285,1253179.0
2017-04-19 16:10:00,CTL,25.285,25.285,25.27,25.28,37423.0
2017-04-19 16:15:00,CTL,25.28,25.285,25.265,25.275,1015.0
2017-04-19 16:20:00,CTL,25.275,25.28,25.26,25.275,29464.0
2017-04-19 16:25:00,CTL,25.275,25.275,25.255,25.265,0.0
2017-04-19 16:30:00,CTL,25.265,25.275,25.255,25.265,0.0
2017-04-19 16:35:00,CTL,25.265,25.33,25.225,25.325,0.0
2017-04-19 16:40:00,CTL,25.325,25.33,25.325,25.325,0.0
2017-04-19 16:45:00,CTL,25.325,25.33,25.325,25.325,0.0
2017-04-19 16:50:00,CTL,25.325,25.33,25.325,25.325,1200.0
2017-04-19 16:55:00,CTL,25.325,25.33,25.325,25.325,0.0
2017-04-19 17:00:00,CTL,25.325,25.33,25.325,25.325,0.0
2017-04-19 17:05:00,CTL,25.325,25.325,25.325,25.325,0.0
2017-04-19 17:10:00,CTL,25.325,25.325,25.325,25.325,0.0
2017-04-19 17:15:00,CTL,25.325,25.325,25.32,25.32,0.0
2017-04-19 17:20:00,CTL,25.32,25.32,25.32,25.32,0.0
2017-04-19 17:25:00,CTL,25.32,25.32,25.25,25.25,0.0
2017-04-19 17:30:00,CTL,25.25,25.25,25.25,25.25,0.0
2017-04-19 17:35:00,CTL,25.25,25.25,25.25,25.25,0.0
2017-04-19 17:40:00,CTL,25.25,25.25,25.25,25.25,0.0
2017-04-19 17:45:00,CTL,25.25,25.25,25.25,25.25,0.0
2017-04-19 17:50:00,CTL,25.25,25.25,25.25,25.25,0.0
2017-04-19 17:55:00,CTL,25.25,25.25,25.25,25.25,0.0
2017-04-19 18:00:00,CTL,25.25,25.25,25.25,25.25,0.0
2017-04-19 18:05:00,CTL,25.25,25.25,25.25,25.25,0.0
2017-04-19 18:10:00,CTL,25.25,25.25,25.25,25.25,0.0
2017-04-19 18:15:00,CTL,25.25,25.25,25.25,25.25,0.0
2017-04-19 18:20:00,CTL,25.25,25.25,25.25,25.25,0.0
2017-04-19 18:25:00,CTL,25.25,25.25,25.25,25.25,0.0
2017-04-19 18:30:00,CTL,25.25,25.25,25.25,25.25,0.0
2017-04-19 18:35:00,CTL,25.25,25.25,25.25,25.25,0.0
2017-04-19 18:40:00,CTL,25.25,25.25,25.25,25.25,0.0
2017-04-19 18:45:00,CTL,25.25,25.255,25.25,25.255,0.0
2017-04-19 18:50:00,CTL,25.255,25.255,25.25,25.255,0.0
2017-04-19 18:55:00,CTL,25.255,25.255,25.255,25.255,0.0
2017-04-19 19:00:00,CTL,25.255,25.255,25.255,25.255,0.0
2017-04-19 19:05:00,CTL,25.255,25.255,25.255,25.255,0.0
2017-04-19 19:10:00,CTL,25.255,25.255,25.255,25.255,0.0
2017-04-19 19:15:00,CTL,25.255,25.255,25.255,25.255,0.0
2017-04-19 19:20:00,CTL,25.255,25.255,25.255,25.255,0.0
2017-04-19 19:25:00,CTL,25.255,25.255,25.25,25.255,0.0
2017-04-19 19:30:00,CTL,25.255,25.255,25.255,25.255,0.0
2017-04-19 19:35:00,CTL,25.255,25.255,25.255,25.255,0.0
2017-04-19 19:40:00,CTL,25.255,25.255,25.255,25.255,0.0
2017-04-19 19:45:00,CTL,25.255,25.255,25.255,25.255,0.0
2017-04-19 19:50:00,CTL,25.255,25.255,25.255,25.255,0.0
2017-04-19 19:55:00,CTL,25.255,25.255,25.255,25.255,0.0
2017-04-19 20:00:00,CTL,25.255,25.255,25.25,25.255,0.0
2017-04-19 20:05:00,CTL,25.255,25.255,24.425,24.425,0.0
2017-04-19 20:10:00,CTL,24.425,24.425,24.425,24.425,0.0
2017-04-19 20:15:00,CTL,24.425,24.425,24.425,24.425,0.0
2017-04-19 20:20:00,CTL,24.425,24.425,24.425,24.425,0.0
2017-04-19 20:25:00,CTL,24.425,24.425,24.425,24.425,0.0
2017-04-19 20:30:00,CTL,24.425,24.425,24.425,24.425,0.0
2017-04-19 20:35:00,CTL,24.425,24.425,24.425,24.425,0.0
2017-04-19 20:40:00,CTL,24.425,24.425,24.425,24.425,0.0
2017-04-19 20:45:00,CTL,24.425,24.425,24.425,24.425,0.0
2017-04-19 20:50:00,CTL,24.425,24.425,24.425,24.425,0.0
2017-04-19 20:55:00,CTL,24.425,24.425,24.425,24.425,0.0
2017-04-20 08:00:00,CTL,24.785,24.785,24.785,24.785,0.0
2017-04-20 08:05:00,CTL,24.785,25.29,24.785,25.25,0.0
2017-04-20 08:10:00,CTL,25.25,25.25,25.25,25.25,0.0
2017-04-20 08:15:00,CTL,25.25,25.25,25.25,25.25,0.0
2017-04-20 08:20:00,CTL,25.25,25.25,25.25,25.25,0.0
2017-04-20 08:25:00,CTL,25.25,25.25,25.25,25.25,0.0
2017-04-20 08:30:00,CTL,25.25,25.25,25.25,25.25,0.0
2017-04-20 08:35:00,CTL,25.25,25.255,25.2,25.2,0.0
2017-04-20 08:40:00,CTL,25.2,25.2,25.2,25.2,0.0
2017-04-20 08:45:00,CTL,25.2,25.2,25.2,25.2,0.0
2017-04-20 08:50:00,CTL,25.2,25.2,25.195,25.2,0.0
2017-04-20 08:55:00,CTL,25.2,25.2,25.2,25.2,0.0
2017-04-20 09:00:00,CTL,25.2,25.2,25.2,25.2,0.0
2017-04-20 09:05:00,CTL,25.2,25.2,25.195,25.2,0.0
2017-04-20 09:10:00,CTL,25.2,25.2,25.2,25.2,0.0
2017-04-20 09:15:00,CTL,25.2,25.2,25.2,25.2,0.0
2017-04-20 09:20:00,CTL,25.2,25.2,25.195,25.2,0.0
2017-04-20 09:25:00,CTL,25.2,25.3,25.2,25.3,0.0
2017-04-20 09:30:00,CTL,25.3,25.32,25.24,25.24,0.0
2017-04-20 09:35:00,CTL,25.24,25.25,25.045,25.155,208177.0
2017-04-20 09:40:00,CTL,25.155,25.175,25.135,25.155,224665.0
2017-04-20 09:45:00,CTL,25.155,25.195,25.145,25.165,502580.0
2017-04-20 09:50:00,CTL,25.165,25.285,25.155,25.255,113123.0
2017-04-20 09:55:00,CTL,25.255,25.255,25.215,25.215,52230.0
2017-04-20 10:00:00,CTL,25.215,25.215,25.185,25.215,79403.0
2017-04-20 10:05:00,CTL,25.215,25.255,25.205,25.225,112153.0
2017-04-20 10:10:00,CTL,25.225,25.285,25.225,25.265,101155.0
2017-04-20 10:15:00,CTL,25.265,25.285,25.245,25.255,63921.0
2017-04-20 10:20:00,CTL,25.255,25.295,25.255,25.285,54624.0
2017-04-20 10:25:00,CTL,25.285,25.295,25.255,25.255,47449.0
2017-04-20 10:30:00,CTL,25.255,25.295,25.235,25.245,89524.0
2017-04-20 10:35:00,CTL,25.245,25.275,25.245,25.255,87837.0
2017-04-20 10:40:00,CTL,25.255,25.265,25.235,25.245,49513.0
2017-04-20 10:45:00,CTL,25.245,25.255,25.235,25.255,189129.0
2017-04-20 10:50:00,CTL,25.255,25.285,25.245,25.265,51253.0
2017-04-20 10:55:00,CTL,25.265,25.275,25.235,25.255,41591.0
2017-04-20 11:00:00,CTL,25.255,25.315,25.245,25.305,77303.0
2017-04-20 11:05:00,CTL,25.305,25.305,25.275,25.295,82196.0
2017-04-20 11:10:00,CTL,25.295,25.335,25.285,25.335,68396.0
2017-04-20 11:15:00,CTL,25.335,25.345,25.315,25.335,70971.0
2017-04-20 11:20:00,CTL,25.335,25.385,25.335,25.385,123905.0
2017-04-20 11:25:00,CTL,25.385,25.385,25.345,25.375,76009.0
2017-04-20 11:30:00,CTL,25.375,25.395,25.365,25.375,69140.0
2017-04-20 11:35:00,CTL,25.375,25.385,25.355,25.375,52271.0
2017-04-20 11:40:00,CTL,25.375,25.385,25.375,25.375,22770.0
2017-04-20 11:45:00,CTL,25.375,25.455,25.365,25.435,248669.0
2017-04-20 11:50:00,CTL,25.435,25.455,25.425,25.445,83581.0
2017-04-20 11:55:00,CTL,25.445,25.475,25.425,25.435,140988.0
2017-04-20 12:00:00,CTL,25.435,25.455,25.415,25.445,129529.0
2017-04-20 12:05:00,CTL,25.445,25.485,25.445,25.475,91246.0
2017-04-20 12:10:00,CTL,25.475,25.505,25.475,25.495,134500.0
2017-04-20 12:15:00,CTL,25.495,25.515,25.485,25.505,113404.0
2017-04-20 12:20:00,CTL,25.505,25.505,25.475,25.485,58661.0
2017-04-20 12:25:00,CTL,25.485,25.515,25.485,25.485,61657.0
2017-04-20 12:30:00,CTL,25.485,25.495,25.435,25.445,106856.0
2017-04-20 12:35:00,CTL,25.445,25.445,25.425,25.425,56226.0
2017-04-20 12:40:00,CTL,25.425,25.445,25.425,25.425,49336.0
2017-04-20 12:45:00,CTL,25.425,25.465,25.415,25.465,54184.0
2017-04-20 12:50:00,CTL,25.465,25.465,25.445,25.445,283769.0
2017-04-20 12:55:00,CTL,25.445,25.495,25.445,25.475,270868.0
2017-04-20 13:00:00,CTL,25.475,25.485,25.455,25.485,92088.0
2017-04-20 13:05:00,CTL,25.485,25.525,25.485,25.525,123102.0
2017-04-20 13:10:00,CTL,25.525,25.535,25.515,25.515,46486.0
2017-04-20 13:15:00,CTL,25.515,25.525,25.515,25.525,38268.0
2017-04-20 13:20:00,CTL,25.525,25.545,25.525,25.535,49284.0
2017-04-20 13:25:00,CTL,25.535,25.565,25.535,25.555,137123.0
2017-04-20 13:30:00,CTL,25.555,25.595,25.555,25.555,125393.0
2017-04-20 13:35:00,CTL,25.555,25.575,25.535,25.575,102125.0
2017-04-20 13:40:00,CTL,25.575,25.585,25.565,25.575,36267.0
2017-04-20 13:45:00,CTL,25.575,25.585,25.565,25.565,48070.0
2017-04-20 13:50:00,CTL,25.565,25.605,25.565,25.575,83826.0
2017-04-20 13:55:00,CTL,25.575,25.595,25.575,25.595,41619.0
2017-04-20 14:00:00,CTL,25.595,25.615,25.595,25.605,37743.0
2017-04-20 14:05:00,CTL,25.605,25.615,25.575,25.585,64870.0
2017-04-20 14:10:00,CTL,25.585,25.605,25.565,25.565,121323.0
2017-04-20 14:15:00,CTL,25.565,25.575,25.565,25.565,66833.0
2017-04-20 14:20:00,CTL,25.565,25.585,25.565,25.565,47181.0
2017-04-20 14:25:00,CTL,25.565,25.565,25.555,25.565,145972.0
2017-04-20 14:30:00,CTL,25.565,25.565,25.555,25.555,44063.0
2017-04-20 14:35:00,CTL,25.555,25.555,25.525,25.545,84055.0
2017-04-20 14:40:00,CTL,25.545,25.545,25.505,25.515,83068.0
2017-04-20 14:45:00,CTL,25.515,25.525,25.505,25.505,32606.0
2017-04-20 14:50:00,CTL,25.505,25.505,25.485,25.495,48453.0
2017-04-20 14:55:00,CTL,25.495,25.505,25.485,25.495,295731.0
2017-04-20 15:00:00,CTL,25.495,25.495,25.465,25.475,42741.0
2017-04-20 15:05:00,CTL,25.475,25.475,25.455,25.465,31577.0
2017-04-20 15:10:00,CTL,25.465,25.465,25.445,25.465,40141.0
2017-04-20 15:15:00,CTL,25.465,25.495,25.465,25.495,33490.0
2017-04-20 15:20:00,CTL,25.495,25.495,25.415,25.415,73314.0
2017-04-20 15:25:00,CTL,25.415,25.415,25.405,25.415,47142.0
2017-04-20 15:30:00,CTL,25.415,25.455,25.415,25.455,63945.0
2017-04-20 15:35:00,CTL,25.455,25.475,25.455,25.465,45293.0
2017-04-20 15:40:00,CTL,25.465,25.475,25.455,25.455,105251.0
2017-04-20 15:45:00,CTL,25.455,25.495,25.455,25.465,148380.0
2017-04-20 15:50:00,CTL,25.465,25.495,25.465,25.485,269986.0
2017-04-20 15:55:00,CTL,25.485,25.505,25.475,25.475,266120.0
2017-04-20 16:00:00,CTL,25.475,25.495,25.475,25.485,564460.0
2017-04-20 16:05:00,CTL,25.485,25.485,25.485,25.485,375496.0
2017-04-20 16:10:00,CTL,25.485,25.51,25.475,25.505,287.0
2017-04-20 16:15:00,CTL,25.505,25.51,25.505,25.51,5877.0
2017-04-20 16:20:00,CTL,25.51,25.61,25.505,25.61,11547.0
2017-04-20 16:25:00,CTL,25.61,25.61,25.605,25.61,800.0
2017-04-20 16:30:00,CTL,25.61,25.61,25.605,25.61,0.0
2017-04-20 16:35:00,CTL,25.61,25.61,25.605,25.61,0.0
2017-04-20 16:40:00,CTL,25.61,25.61,25.605,25.605,0.0
2017-04-20 16:45:00,CTL,25.605,25.61,25.605,25.61,0.0
2017-04-20 16:50:00,CTL,25.61,25.61,25.605,25.61,0.0
2017-04-20 16:55:00,CTL,25.61,25.61,25.605,25.605,0.0
2017-04-20 17:00:00,CTL,25.605,25.61,25.605,25.61,0.0
2017-04-20 17:05:00,CTL,25.61,25.61,25.605,25.61,0.0
2017-04-20 17:10:00,CTL,25.61,25.61,25.61,25.61,0.0
2017-04-20 17:15:00,CTL,25.61,25.61,25.61,25.61,0.0
2017-04-20 17:20:00,CTL,25.61,25.61,25.61,25.61,0.0
2017-04-20 17:25:00,CTL,25.61,25.61,25.61,25.61,0.0
2017-04-20 17:30:00,CTL,25.61,25.61,25.61,25.61,0.0
2017-04-20 17:35:00,CTL,25.61,25.61,25.61,25.61,0.0
2017-04-20 17:40:00,CTL,25.61,25.61,25.61,25.61,0.0
2017-04-20 17:45:00,CTL,25.61,25.61,25.61,25.61,0.0
2017-04-20 17:50:00,CTL,25.61,25.61,25.605,25.605,2.0
2017-04-20 17:55:00,CTL,25.605,25.605,25.605,25.605,0.0
2017-04-20 18:00:00,CTL,25.605,25.605,25.605,25.605,0.0
2017-04-20 18:05:00,CTL,25.605,25.605,25.605,25.605,0.0
2017-04-20 18:10:00,CTL,25.605,25.605,25.605,25.605,0.0
2017-04-20 18:15:00,CTL,25.605,25.605,25.605,25.605,0.0
2017-04-20 18:20:00,CTL,25.605,25.605,25.605,25.605,0.0
2017-04-20 18:25:00,CTL,25.605,25.605,25.55,25.55,0.0
2017-04-20 18:30:00,CTL,25.55,25.55,25.55,25.55,0.0
2017-04-20 18:35:00,CTL,25.55,25.55,25.55,25.55,0.0
2017-04-20 18:40:00,CTL,25.55,25.55,25.55,25.55,0.0
2017-04-20 18:45:00,CTL,25.55,25.55,25.55,25.55,0.0
2017-04-20 18:50:00,CTL,25.55,25.55,25.55,25.55,0.0
2017-04-20 18:55:00,CTL,25.55,25.55,25.55,25.55,0.0
2017-04-20 19:00:00,CTL,25.55,25.55,25.55,25.55,0.0
2017-04-20 19:05:00,CTL,25.55,25.55,25.55,25.55,0.0
2017-04-20 19:10:00,CTL,25.55,25.55,25.55,25.55,0.0
2017-04-20 19:15:00,CTL,25.55,25.55,25.55,25.55,0.0
2017-04-20 19:20:00,CTL,25.55,25.55,25.55,25.55,0.0
2017-04-20 19:25:00,CTL,25.55,25.55,25.55,25.55,0.0
2017-04-20 19:30:00,CTL,25.55,25.55,25.55,25.55,0.0
2017-04-20 19:35:00,CTL,25.55,25.55,25.54,25.54,0.0
2017-04-20 19:40:00,CTL,25.54,25.54,25.54,25.54,0.0
2017-04-20 19:45:00,CTL,25.54,25.54,25.54,25.54,0.0
2017-04-20 19:50:00,CTL,25.54,25.54,25.54,25.54,0.0
2017-04-20 19:55:00,CTL,25.54,25.54,25.54,25.54,0.0
2017-04-20 20:00:00,CTL,25.54,25.54,25.54,25.54,0.0
2017-04-20 20:05:00,CTL,25.54,25.61,25.54,25.61,0.0
2017-04-20 20:10:00,CTL,25.61,25.61,25.61,25.61,0.0
2017-04-20 20:15:00,CTL,25.61,25.61,25.61,25.61,0.0
2017-04-20 20:20:00,CTL,25.61,25.61,25.61,25.61,0.0
2017-04-20 20:25:00,CTL,25.61,25.61,25.61,25.61,0.0
2017-04-20 20:30:00,CTL,25.61,25.61,25.61,25.61,0.0
2017-04-20 20:35:00,CTL,25.61,25.61,25.61,25.61,0.0
2017-04-20 20:40:00,CTL,25.61,25.61,25.61,25.61,0.0
2017-04-20 20:45:00,CTL,25.61,25.61,25.61,25.61,0.0
2017-04-20 20:50:00,CTL,25.61,25.61,25.61,25.61,0.0
2017-04-20 20:55:00,CTL,25.61,25.61,25.61,25.61,0.0
2017-04-21 08:00:00,CTL,24.63,24.63,24.555,24.555,0.0
2017-04-21 08:05:00,CTL,24.555,25.33,24.555,25.33,0.0
2017-04-21 08:10:00,CTL,25.33,25.33,25.325,25.33,0.0
2017-04-21 08:15:00,CTL,25.33,25.33,25.33,25.33,0.0
2017-04-21 08:20:00,CTL,25.33,25.33,25.33,25.33,0.0
2017-04-21 08:25:00,CTL,25.33,25.33,25.33,25.33,0.0
2017-04-21 08:30:00,CTL,25.33,25.33,25.325,25.325,0.0
2017-04-21 08:35:00,CTL,25.325,25.33,25.325,25.33,0.0
2017-04-21 08:40:00,CTL,25.33,25.33,25.33,25.33,0.0
2017-04-21 08:45:00,CTL,25.33,25.33,25.33,25.33,0.0
2017-04-21 08:50:00,CTL,25.33,25.33,25.325,25.33,0.0
2017-04-21 08:55:00,CTL,25.33,25.33,25.33,25.33,0.0
2017-04-21 09:00:00,CTL,25.33,25.33,25.325,25.325,0.0
2017-04-21 09:05:00,CTL,25.325,25.33,25.325,25.33,0.0
2017-04-21 09:10:00,CTL,25.33,25.33,25.33,25.33,0.0
2017-04-21 09:15:00,CTL,25.33,25.33,25.325,25.33,0.0
2017-04-21 09:20:00,CTL,25.33,25.33,25.33,25.33,0.0
2017-04-21 09:25:00,CTL,25.33,25.47,25.325,25.47,0.0
2017-04-21 09:30:00,CTL,25.47,25.48,25.46,25.46,0.0
2017-04-21 09:35:00,CTL,25.46,25.46,25.275,25.305,490312.0
2017-04-21 09:40:00,CTL,25.305,25.355,25.26,25.295,190676.0
2017-04-21 09:45:00,CTL,25.295,25.345,25.285,25.325,61518.0
2017-04-21 09:50:00,CTL,25.325,25.335,25.235,25.235,251028.0
2017-04-21 09:55:00,CTL,25.235,25.265,25.215,25.265,80800.0
2017-04-21 10:00:00,CTL,25.265,25.285,25.205,25.205,41563.0
2017-04-21 10:05:00,CTL,25.205,25.255,25.205,25.255,84180.0
2017-04-21 10:10:00,CTL,25.255,25.275,25.245,25.265,32838.0
2017-04-21 10:20:00,CTL,25.265,25.275,25.245,25.275,28092.0
2017-04-21 10:25:00,CTL,25.275,25.285,25.255,25.285,428378.0
2017-04-21 10:30:00,CTL,25.285,25.285,25.265,25.265,19365.0
2017-04-21 10:35:00,CTL,25.265,25.275,25.255,25.265,37988.0
2017-04-21 10:40:00,CTL,25.265,25.265,25.255,25.265,60325.0
2017-04-21 10:45:00,CTL,25.265,25.275,25.235,25.265,122970.0
2017-04-21 10:50:00,CTL,25.265,25.275,25.255,25.265,59946.0
2017-04-21 10:55:00,CTL,25.265,25.265,25.255,25.255,144667.0
2017-04-21 11:00:00,CTL,25.255,25.265,25.245,25.255,75469.0
2017-04-21 11:05:00,CTL,25.255,25.255,25.255,25.255,28564.0
2017-04-21 11:10:00,CTL,25.255,25.255,25.235,25.235,110959.0
2017-04-21 11:15:00,CTL,25.235,25.235,25.225,25.235,89722.0
2017-04-21 11:20:00,CTL,25.235,25.245,25.235,25.245,110643.0
2017-04-21 11:25:00,CTL,25.245,25.245,25.245,25.245,26899.0
2017-04-21 11:30:00,CTL,25.245,25.285,25.235,25.275,122250.0
2017-04-21 11:35:00,CTL,25.275,25.285,25.275,25.285,52836.0
2017-04-21 11:40:00,CTL,25.285,25.285,25.265,25.285,55924.0
2017-04-21 11:45:00,CTL,25.285,25.285,25.255,25.255,85957.0
2017-04-21 11:50:00,CTL,25.255,25.265,25.245,25.245,142866.0
2017-04-21 11:55:00,CTL,25.245,25.245,25.215,25.215,211001.0
2017-04-21 12:00:00,CTL,25.215,25.265,25.215,25.255,55797.0
2017-04-21 12:05:00,CTL,25.255,25.275,25.245,25.275,35507.0
2017-04-21 12:10:00,CTL,25.275,25.275,25.235,25.235,31028.0
2017-04-21 12:15:00,CTL,25.235,25.235,25.215,25.215,37745.0
2017-04-21 12:20:00,CTL,25.215,25.225,25.215,25.225,23971.0
2017-04-21 12:25:00,CTL,25.225,25.235,25.225,25.235,21106.0
2017-04-21 12:30:00,CTL,25.235,25.245,25.235,25.235,23281.0
2017-04-21 12:35:00,CTL,25.235,25.245,25.235,25.245,40997.0
2017-04-21 12:40:00,CTL,25.245,25.275,25.245,25.275,97776.0
2017-04-21 12:45:00,CTL,25.275,25.305,25.275,25.305,83179.0
2017-04-21 12:50:00,CTL,25.305,25.325,25.295,25.295,94856.0
2017-04-21 12:55:00,CTL,25.295,25.305,25.295,25.295,47645.0
2017-04-21 13:00:00,CTL,25.295,25.295,25.295,25.295,17356.0
2017-04-21 13:05:00,CTL,25.295,25.305,25.295,25.295,29044.0
2017-04-21 13:10:00,CTL,25.295,25.295,25.295,25.295,20469.0
2017-04-21 13:15:00,CTL,25.295,25.295,25.265,25.275,111919.0
2017-04-21 13:20:00,CTL,25.275,25.285,25.265,25.275,62702.0
2017-04-21 13:25:00,CTL,25.275,25.275,25.265,25.265,64040.0
2017-04-21 13:30:00,CTL,25.265,25.275,25.265,25.265,41854.0
2017-04-21 13:35:00,CTL,25.265,25.295,25.265,25.295,32401.0
2017-04-21 13:40:00,CTL,25.295,25.295,25.285,25.285,19058.0
2017-04-21 13:45:00,CTL,25.285,25.285,25.275,25.275,38418.0
2017-04-21 13:50:00,CTL,25.275,25.285,25.275,25.275,29433.0
2017-04-21 13:55:00,CTL,25.275,25.275,25.275,25.275,19432.0
2017-04-21 14:00:00,CTL,25.275,25.335,25.275,25.335,79461.0
2017-04-21 14:05:00,CTL,25.335,25.365,25.325,25.355,84486.0
2017-04-21 14:10:00,CTL,25.355,25.355,25.335,25.345,39648.0
2017-04-21 14:15:00,CTL,25.345,25.355,25.315,25.325,78676.0
2017-04-21 14:20:00,CTL,25.325,25.325,25.325,25.325,32819.0
2017-04-21 14:25:00,CTL,25.325,25.345,25.325,25.345,55220.0
2017-04-21 14:30:00,CTL,25.345,25.385,25.345,25.385,36219.0
2017-04-21 14:35:00,CTL,25.385,25.395,25.375,25.385,53013.0
2017-04-21 14:40:00,CTL,25.385,25.385,25.375,25.375,28134.0
2017-04-21 14:45:00,CTL,25.375,25.375,25.335,25.345,92123.0
2017-04-21 14:50:00,CTL,25.345,25.355,25.325,25.325,49831.0
2017-04-21 14:55:00,CTL,25.325,25.335,25.325,25.335,39322.0
2017-04-21 15:00:00,CTL,25.335,25.345,25.325,25.335,65483.0
2017-04-21 15:05:00,CTL,25.335,25.335,25.335,25.335,26630.0
2017-04-21 15:10:00,CTL,25.335,25.335,25.295,25.295,93312.0
2017-04-21 15:15:00,CTL,25.295,25.295,25.275,25.295,52888.0
2017-04-21 15:20:00,CTL,25.295,25.295,25.275,25.275,35773.0
2017-04-21 15:25:00,CTL,25.275,25.305,25.265,25.305,124226.0
2017-04-21 15:30:00,CTL,25.305,25.305,25.295,25.305,46925.0
2017-04-21 15:35:00,CTL,25.305,25.305,25.255,25.305,317372.0
2017-04-21 15:40:00,CTL,25.305,25.335,25.305,25.325,89178.0
2017-04-21 15:45:00,CTL,25.325,25.335,25.315,25.325,234131.0
2017-04-21 15:50:00,CTL,25.325,25.335,25.315,25.325,216917.0
2017-04-21 15:55:00,CTL,25.325,25.335,25.325,25.335,173030.0
2017-04-21 16:00:00,CTL,25.335,25.345,25.335,25.335,431574.0
2017-04-21 16:05:00,CTL,25.335,25.335,25.335,25.335,505563.0
2017-04-21 16:10:00,CTL,25.335,25.335,25.315,25.325,4700.0
2017-04-21 16:15:00,CTL,25.325,25.35,25.325,25.35,0.0
2017-04-21 16:20:00,CTL,25.35,25.35,25.32,25.32,14859.0
2017-04-21 16:25:00,CTL,25.32,25.325,25.32,25.32,0.0
2017-04-21 16:30:00,CTL,25.32,25.32,25.32,25.32,1084.0
2017-04-21 16:35:00,CTL,25.32,25.32,25.275,25.28,1362.0
2017-04-21 16:40:00,CTL,25.28,25.28,25.275,25.28,0.0
2017-04-21 16:45:00,CTL,25.28,25.28,25.275,25.28,0.0
2017-04-21 16:50:00,CTL,25.28,25.28,25.275,25.28,0.0
2017-04-21 16:55:00,CTL,25.28,25.28,25.275,25.28,0.0
2017-04-21 17:00:00,CTL,25.28,25.28,25.275,25.28,0.0
2017-04-21 17:05:00,CTL,25.28,25.28,25.275,25.28,0.0
2017-04-21 17:10:00,CTL,25.28,25.28,25.275,25.28,0.0
2017-04-21 17:15:00,CTL,25.28,25.28,25.275,25.275,0.0
2017-04-21 17:20:00,CTL,25.275,25.28,25.275,25.28,0.0
2017-04-21 17:25:00,CTL,25.28,25.28,25.28,25.28,0.0
2017-04-21 17:30:00,CTL,25.28,25.28,25.28,25.28,0.0
2017-04-21 17:35:00,CTL,25.28,25.28,25.28,25.28,0.0
2017-04-21 17:40:00,CTL,25.28,25.28,25.28,25.28,0.0
2017-04-21 17:45:00,CTL,25.28,25.28,25.28,25.28,0.0
2017-04-21 17:50:00,CTL,25.28,25.28,25.28,25.28,0.0
2017-04-21 17:55:00,CTL,25.28,25.28,25.28,25.28,0.0
2017-04-21 18:00:00,CTL,25.28,25.28,25.28,25.28,0.0
2017-04-21 18:05:00,CTL,25.28,25.28,25.28,25.28,0.0
2017-04-21 18:10:00,CTL,25.28,25.28,25.28,25.28,0.0
2017-04-21 18:15:00,CTL,25.28,25.28,25.28,25.28,0.0
2017-04-21 18:20:00,CTL,25.28,25.28,25.28,25.28,0.0
2017-04-21 18:25:00,CTL,25.28,25.29,25.28,25.29,0.0
2017-04-21 18:30:00,CTL,25.29,25.29,25.29,25.29,0.0
2017-04-21 18:35:00,CTL,25.29,25.29,25.29,25.29,0.0
2017-04-21 18:40:00,CTL,25.29,25.29,25.29,25.29,0.0
2017-04-21 18:45:00,CTL,25.29,25.29,25.29,25.29,300.0
2017-04-21 18:50:00,CTL,25.29,25.29,25.28,25.28,200.0
2017-04-21 18:55:00,CTL,25.28,25.28,25.28,25.28,0.0
2017-04-21 19:00:00,CTL,25.28,25.28,25.28,25.28,0.0
2017-04-21 19:05:00,CTL,25.28,25.28,25.28,25.28,0.0
2017-04-21 19:10:00,CTL,25.28,25.28,25.28,25.28,0.0
2017-04-21 19:15:00,CTL,25.28,25.28,25.28,25.28,0.0
2017-04-21 19:20:00,CTL,25.28,25.28,25.28,25.28,0.0
2017-04-21 19:25:00,CTL,25.28,25.28,25.28,25.28,0.0
2017-04-21 19:30:00,CTL,25.28,25.28,25.28,25.28,0.0
2017-04-21 19:35:00,CTL,25.28,25.28,25.28,25.28,0.0
2017-04-21 19:40:00,CTL,25.28,25.28,25.28,25.28,0.0
2017-04-21 19:45:00,CTL,25.28,25.28,25.28,25.28,0.0
2017-04-21 19:50:00,CTL,25.28,25.28,25.28,25.28,0.0
2017-04-21 19:55:00,CTL,25.28,25.28,25.28,25.28,0.0
2017-04-21 20:00:00,CTL,25.28,25.28,25.28,25.28,1000.0
2017-04-21 20:05:00,CTL,25.28,25.28,24.93,24.93,0.0
2017-04-21 20:10:00,CTL,24.93,24.93,24.93,24.93,0.0
2017-04-21 20:15:00,CTL,24.93,24.93,24.93,24.93,0.0
2017-04-21 20:20:00,CTL,24.93,24.93,24.93,24.93,0.0
2017-04-21 20:25:00,CTL,24.93,24.93,24.93,24.93,0.0
2017-04-21 20:30:00,CTL,24.93,24.93,24.93,24.93,0.0
2017-04-21 20:35:00,CTL,24.93,24.93,24.93,24.93,0.0
2017-04-21 20:40:00,CTL,24.93,24.93,24.93,24.93,0.0
2017-04-21 20:45:00,CTL,24.93,24.93,24.93,24.93,0.0
2017-04-21 20:50:00,CTL,24.93,24.93,24.93,24.93,0.0
2017-04-21 20:55:00,CTL,24.93,24.93,24.93,24.93,0.0
2017-04-22 08:00:00,CTL,24.93,24.93,24.93,24.93,0.0
2017-04-22 08:05:00,CTL,24.93,24.93,24.93,24.93,0.0
2017-04-22 08:10:00,CTL,24.93,24.93,24.93,24.93,0.0
2017-04-22 08:15:00,CTL,24.93,24.93,24.93,24.93,0.0
2017-04-22 08:20:00,CTL,24.93,24.93,24.93,24.93,0.0
2017-04-22 08:25:00,CTL,24.93,24.93,24.93,24.93,0.0
2017-04-22 08:30:00,CTL,24.93,24.93,24.93,24.93,0.0
2017-04-22 08:35:00,CTL,24.93,24.93,24.93,24.93,0.0
2017-04-22 08:40:00,CTL,24.93,24.93,24.93,24.93,0.0
2017-04-22 08:45:00,CTL,24.93,24.93,24.93,24.93,0.0
2017-04-22 08:50:00,CTL,24.93,24.93,24.93,24.93,0.0
2017-04-22 08:55:00,CTL,24.93,24.93,24.93,24.93,0.0
2017-04-22 09:00:00,CTL,24.93,24.93,24.93,24.93,0.0
2017-04-22 09:05:00,CTL,24.93,24.93,24.93,24.93,0.0
2017-04-22 09:10:00,CTL,24.93,24.93,24.93,24.93,0.0
2017-04-22 09:15:00,CTL,24.93,24.93,24.93,24.93,0.0
2017-04-22 09:20:00,CTL,24.93,24.93,24.93,24.93,0.0
2017-04-22 09:25:00,CTL,24.93,24.93,24.93,24.93,0.0
2017-04-22 09:30:00,CTL,24.93,24.93,24.93,24.93,0.0
2017-04-22 09:35:00,CTL,24.93,24.93,24.93,24.93,0.0
2017-04-22 09:40:00,CTL,24.93,24.93,24.93,24.93,0.0
2017-04-22 09:45:00,CTL,24.93,24.93,24.93,24.93,0.0
2017-04-22 09:50:00,CTL,24.93,24.93,24.93,24.93,0.0
2017-04-22 09:55:00,CTL,24.93,24.93,24.93,24.93,0.0
2017-04-22 10:00:00,CTL,24.93,24.93,24.93,24.93,0.0
2017-04-22 10:05:00,CTL,24.93,24.93,24.93,24.93,0.0
2017-04-22 10:10:00,CTL,24.93,24.93,24.93,24.93,0.0
2017-04-22 10:15:00,CTL,24.93,24.93,24.93,24.93,0.0
2017-04-22 10:20:00,CTL,24.93,24.93,24.93,24.93,0.0
2017-04-22 10:25:00,CTL,24.93,24.93,24.93,24.93,0.0
2017-04-22 10:30:00,CTL,24.93,24.93,24.93,24.93,0.0
2017-04-22 10:35:00,CTL,24.93,24.93,24.93,24.93,0.0
2017-04-22 10:40:00,CTL,24.93,24.93,24.93,24.93,0.0
2017-04-22 10:45:00,CTL,24.93,24.93,24.93,24.93,0.0
2017-04-22 10:50:00,CTL,24.93,24.93,24.93,24.93,0.0
2017-04-22 10:55:00,CTL,24.93,24.93,24.93,24.93,0.0
2017-04-22 11:00:00,CTL,24.93,24.93,24.93,24.93,0.0
2017-04-22 11:05:00,CTL,24.93,24.93,24.93,24.93,0.0
2017-04-22 11:10:00,CTL,24.93,24.93,24.93,24.93,0.0
2017-04-22 11:15:00,CTL,24.93,24.93,24.93,24.93,0.0
2017-04-22 11:20:00,CTL,24.93,24.93,24.93,24.93,0.0
2017-04-22 11:25:00,CTL,24.93,24.93,24.93,24.93,0.0
2017-04-22 11:30:00,CTL,24.93,24.93,24.93,24.93,0.0
2017-04-22 11:35:00,CTL,24.93,24.93,24.93,24.93,0.0
2017-04-22 11:40:00,CTL,24.93,24.93,24.93,24.93,0.0
2017-04-22 11:45:00,CTL,24.93,24.93,24.93,24.93,0.0
2017-04-22 11:50:00,CTL,24.93,24.93,24.93,24.93,0.0
2017-04-22 11:55:00,CTL,24.93,24.93,24.93,24.93,0.0
2017-04-22 12:00:00,CTL,24.93,24.93,24.93,24.93,0.0
2017-04-22 12:05:00,CTL,24.93,24.93,24.93,24.93,0.0
2017-04-22 12:10:00,CTL,24.93,24.93,24.93,24.93,0.0
2017-04-22 12:15:00,CTL,24.93,24.93,24.93,24.93,0.0
2017-04-22 12:20:00,CTL,24.93,24.93,24.93,24.93,0.0
2017-04-22 12:25:00,CTL,24.93,24.93,24.93,24.93,0.0
2017-04-22 12:30:00,CTL,24.93,24.93,24.93,24.93,0.0
2017-04-22 12:35:00,CTL,24.93,24.93,24.93,24.93,0.0
2017-04-22 12:40:00,CTL,24.93,24.93,24.93,24.93,0.0
2017-04-22 12:45:00,CTL,24.93,24.93,24.93,24.93,0.0
2017-04-22 12:50:00,CTL,24.93,24.93,24.93,24.93,0.0
2017-04-22 12:55:00,CTL,24.93,24.93,24.93,24.93,0.0
2017-04-22 13:00:00,CTL,24.93,24.93,24.93,24.93,0.0
2017-04-22 13:05:00,CTL,24.93,24.93,24.93,24.93,0.0
2017-04-22 13:10:00,CTL,24.93,24.93,24.93,24.93,0.0
2017-04-22 13:15:00,CTL,24.93,24.93,24.93,24.93,0.0
2017-04-22 13:20:00,CTL,24.93,24.93,24.93,24.93,0.0
2017-04-22 13:25:00,CTL,24.93,24.93,24.93,24.93,0.0
2017-04-22 13:30:00,CTL,24.93,24.93,24.93,24.93,0.0
2017-04-22 13:35:00,CTL,24.93,24.93,24.93,24.93,0.0
2017-04-22 13:40:00,CTL,24.93,24.93,24.93,24.93,0.0
2017-04-22 13:45:00,CTL,24.93,24.93,24.93,24.93,0.0
2017-04-22 13:50:00,CTL,24.93,24.93,24.93,24.93,0.0
2017-04-22 13:55:00,CTL,24.93,24.93,24.93,24.93,0.0
2017-04-22 14:00:00,CTL,24.93,24.93,24.93,24.93,0.0
2017-04-22 14:05:00,CTL,24.93,24.93,24.93,24.93,0.0
2017-04-22 14:10:00,CTL,24.93,24.93,24.93,24.93,0.0
2017-04-22 14:15:00,CTL,24.93,24.93,24.93,24.93,0.0
2017-04-22 14:20:00,CTL,24.93,24.93,24.93,24.93,0.0
2017-04-22 14:25:00,CTL,24.93,24.93,24.93,24.93,0.0
2017-04-22 14:30:00,CTL,24.93,24.93,24.93,24.93,0.0
2017-04-22 14:35:00,CTL,24.93,24.93,24.93,24.93,0.0
2017-04-22 14:40:00,CTL,24.93,24.93,24.93,24.93,0.0
2017-04-22 14:45:00,CTL,24.93,24.93,24.93,24.93,0.0
2017-04-22 14:50:00,CTL,24.93,24.93,24.93,24.93,0.0
2017-04-22 14:55:00,CTL,24.93,24.93,24.93,24.93,0.0
2017-04-22 15:00:00,CTL,24.93,24.93,24.93,24.93,0.0
2017-04-22 15:05:00,CTL,24.93,24.93,24.93,24.93,0.0
2017-04-22 15:10:00,CTL,24.93,24.93,24.93,24.93,0.0
2017-04-22 15:15:00,CTL,24.93,24.93,24.93,24.93,0.0
2017-04-22 15:20:00,CTL,24.93,24.93,24.93,24.93,0.0
2017-04-22 15:25:00,CTL,24.93,24.93,24.93,24.93,0.0
2017-04-22 15:30:00,CTL,24.93,24.93,24.93,24.93,0.0
2017-04-22 15:35:00,CTL,24.93,24.93,24.93,24.93,0.0
2017-04-22 15:40:00,CTL,24.93,24.93,24.93,24.93,0.0
2017-04-22 15:45:00,CTL,24.93,24.93,24.93,24.93,0.0
2017-04-22 15:50:00,CTL,24.93,24.93,24.93,24.93,0.0
2017-04-22 15:55:00,CTL,24.93,24.93,24.93,24.93,0.0
2017-04-22 16:00:00,CTL,24.93,24.93,24.93,24.93,0.0
2017-04-22 16:05:00,CTL,24.93,24.93,24.93,24.93,0.0
2017-04-22 16:10:00,CTL,24.93,24.93,24.93,24.93,0.0
2017-04-22 16:15:00,CTL,24.93,24.93,24.93,24.93,0.0
2017-04-22 16:20:00,CTL,24.93,24.93,24.93,24.93,0.0
2017-04-22 16:25:00,CTL,24.93,24.93,24.93,24.93,0.0
2017-04-22 16:30:00,CTL,24.93,24.93,24.93,24.93,0.0
2017-04-22 16:35:00,CTL,24.93,24.93,24.93,24.93,0.0
2017-04-22 16:40:00,CTL,24.93,24.93,24.93,24.93,0.0
2017-04-22 16:45:00,CTL,24.93,24.93,24.93,24.93,0.0
2017-04-22 16:50:00,CTL,24.93,24.93,24.93,24.93,0.0
2017-04-22 16:55:00,CTL,24.93,24.93,24.93,24.93,0.0
2017-04-22 17:00:00,CTL,24.93,24.93,24.93,24.93,0.0
2017-04-22 17:05:00,CTL,24.93,24.93,24.93,24.93,0.0
2017-04-22 17:10:00,CTL,24.93,24.93,24.93,24.93,0.0
2017-04-22 17:15:00,CTL,24.93,24.93,24.93,24.93,0.0
2017-04-22 17:20:00,CTL,24.93,24.93,24.93,24.93,0.0
2017-04-22 17:25:00,CTL,24.93,24.93,24.93,24.93,0.0
2017-04-22 17:30:00,CTL,24.93,24.93,24.93,24.93,0.0
2017-04-22 17:35:00,CTL,24.93,24.93,24.93,24.93,0.0
2017-04-22 17:40:00,CTL,24.93,24.93,24.93,24.93,0.0
2017-04-22 17:45:00,CTL,24.93,24.93,24.93,24.93,0.0
2017-04-22 17:50:00,CTL,24.93,24.93,24.93,24.93,0.0
2017-04-22 17:55:00,CTL,24.93,24.93,24.93,24.93,0.0
2017-04-22 18:00:00,CTL,24.93,24.93,24.93,24.93,0.0
2017-04-22 18:05:00,CTL,24.93,24.93,24.93,24.93,0.0
2017-04-22 18:10:00,CTL,24.93,24.93,24.93,24.93,0.0
2017-04-22 18:15:00,CTL,24.93,24.93,24.93,24.93,0.0
2017-04-22 18:20:00,CTL,24.93,24.93,24.93,24.93,0.0
2017-04-22 18:25:00,CTL,24.93,24.93,24.93,24.93,0.0
2017-04-22 18:30:00,CTL,24.93,24.93,24.93,24.93,0.0
2017-04-22 18:35:00,CTL,24.93,24.93,24.93,24.93,0.0
2017-04-22 18:40:00,CTL,24.93,24.93,24.93,24.93,0.0
2017-04-22 18:45:00,CTL,24.93,24.93,24.93,24.93,0.0
2017-04-22 18:50:00,CTL,24.93,24.93,24.93,24.93,0.0
2017-04-22 18:55:00,CTL,24.93,24.93,24.93,24.93,0.0
2017-04-22 19:00:00,CTL,24.93,24.93,24.93,24.93,0.0
2017-04-22 19:05:00,CTL,24.93,24.93,24.93,24.93,0.0
2017-04-22 19:10:00,CTL,24.93,24.93,24.93,24.93,0.0
2017-04-22 19:15:00,CTL,24.93,24.93,24.93,24.93,0.0
2017-04-22 19:20:00,CTL,24.93,24.93,24.93,24.93,0.0
2017-04-22 19:25:00,CTL,24.93,24.93,24.93,24.93,0.0
2017-04-22 19:30:00,CTL,24.93,24.93,24.93,24.93,0.0
2017-04-22 19:35:00,CTL,24.93,24.93,24.93,24.93,0.0
2017-04-22 19:40:00,CTL,24.93,24.93,24.93,24.93,0.0
2017-04-22 19:45:00,CTL,24.93,24.93,24.93,24.93,0.0
2017-04-22 19:50:00,CTL,24.93,24.93,24.93,24.93,0.0
2017-04-22 19:55:00,CTL,24.93,24.93,24.93,24.93,0.0
2017-04-22 20:00:00,CTL,24.93,24.93,24.93,24.93,0.0
2017-04-22 20:05:00,CTL,24.93,24.93,24.93,24.93,0.0
2017-04-22 20:10:00,CTL,24.93,24.93,24.93,24.93,0.0
2017-04-22 20:15:00,CTL,24.93,24.93,24.93,24.93,0.0
2017-04-22 20:20:00,CTL,24.93,24.93,24.93,24.93,0.0
2017-04-22 20:25:00,CTL,24.93,24.93,24.93,24.93,0.0
2017-04-22 20:30:00,CTL,24.93,24.93,24.93,24.93,0.0
2017-04-22 20:35:00,CTL,24.93,24.93,24.93,24.93,0.0
2017-04-22 20:40:00,CTL,24.93,24.93,24.93,24.93,0.0
2017-04-22 20:45:00,CTL,24.93,24.93,24.93,24.93,0.0
2017-04-22 20:50:00,CTL,24.93,24.93,24.93,24.93,0.0
2017-04-22 20:55:00,CTL,24.93,24.93,24.93,24.93,0.0
2017-04-23 08:00:00,CTL,24.93,24.93,24.93,24.93,0.0
2017-04-23 08:05:00,CTL,24.93,24.93,24.93,24.93,0.0
2017-04-23 08:10:00,CTL,24.93,24.93,24.93,24.93,0.0
2017-04-23 08:15:00,CTL,24.93,24.93,24.93,24.93,0.0
2017-04-23 08:20:00,CTL,24.93,24.93,24.93,24.93,0.0
2017-04-23 08:25:00,CTL,24.93,24.93,24.93,24.93,0.0
2017-04-23 08:30:00,CTL,24.93,24.93,24.93,24.93,0.0
2017-04-23 08:35:00,CTL,24.93,24.93,24.93,24.93,0.0
2017-04-23 08:40:00,CTL,24.93,24.93,24.93,24.93,0.0
2017-04-23 08:45:00,CTL,24.93,24.93,24.93,24.93,0.0
2017-04-23 08:50:00,CTL,24.93,24.93,24.93,24.93,0.0
2017-04-23 08:55:00,CTL,24.93,24.93,24.93,24.93,0.0
2017-04-23 09:00:00,CTL,24.93,24.93,24.93,24.93,0.0
2017-04-23 09:05:00,CTL,24.93,24.93,24.93,24.93,0.0
2017-04-23 09:10:00,CTL,24.93,24.93,24.93,24.93,0.0
2017-04-23 09:15:00,CTL,24.93,24.93,24.93,24.93,0.0
2017-04-23 09:20:00,CTL,24.93,24.93,24.93,24.93,0.0
2017-04-23 09:25:00,CTL,24.93,24.93,24.93,24.93,0.0
2017-04-23 09:30:00,CTL,24.93,24.93,24.93,24.93,0.0
2017-04-23 09:35:00,CTL,24.93,24.93,24.93,24.93,0.0
2017-04-23 09:40:00,CTL,24.93,24.93,24.93,24.93,0.0
2017-04-23 09:45:00,CTL,24.93,24.93,24.93,24.93,0.0
2017-04-23 09:50:00,CTL,24.93,24.93,24.93,24.93,0.0
2017-04-23 09:55:00,CTL,24.93,24.93,24.93,24.93,0.0
2017-04-23 10:00:00,CTL,24.93,24.93,24.93,24.93,0.0
2017-04-23 10:05:00,CTL,24.93,24.93,24.93,24.93,0.0
2017-04-23 10:10:00,CTL,24.93,24.93,24.93,24.93,0.0
2017-04-23 10:15:00,CTL,24.93,24.93,24.93,24.93,0.0
2017-04-23 10:20:00,CTL,24.93,24.93,24.93,24.93,0.0
2017-04-23 10:25:00,CTL,24.93,24.93,24.93,24.93,0.0
2017-04-23 10:30:00,CTL,24.93,24.93,24.93,24.93,0.0
2017-04-23 10:35:00,CTL,24.93,24.93,24.93,24.93,0.0
2017-04-23 10:40:00,CTL,24.93,24.93,24.93,24.93,0.0
2017-04-23 10:45:00,CTL,24.93,24.93,24.93,24.93,0.0
2017-04-23 10:50:00,CTL,24.93,24.93,24.93,24.93,0.0
2017-04-23 10:55:00,CTL,24.93,24.93,24.93,24.93,0.0
2017-04-23 11:00:00,CTL,24.93,24.93,24.93,24.93,0.0
2017-04-23 11:05:00,CTL,24.93,24.93,24.93,24.93,0.0
2017-04-23 11:10:00,CTL,24.93,24.93,24.93,24.93,0.0
2017-04-23 11:15:00,CTL,24.93,24.93,24.93,24.93,0.0
2017-04-23 11:20:00,CTL,24.93,24.93,24.93,24.93,0.0
2017-04-23 11:25:00,CTL,24.93,24.93,24.93,24.93,0.0
2017-04-23 11:30:00,CTL,24.93,24.93,24.93,24.93,0.0
2017-04-23 11:35:00,CTL,24.93,24.93,24.93,24.93,0.0
2017-04-23 11:40:00,CTL,24.93,24.93,24.93,24.93,0.0
2017-04-23 11:45:00,CTL,24.93,24.93,24.93,24.93,0.0
2017-04-23 11:50:00,CTL,24.93,24.93,24.93,24.93,0.0
2017-04-23 11:55:00,CTL,24.93,24.93,24.93,24.93,0.0
2017-04-23 12:00:00,CTL,24.93,24.93,24.93,24.93,0.0
2017-04-23 12:05:00,CTL,24.93,24.93,24.93,24.93,0.0
2017-04-23 12:10:00,CTL,24.93,24.93,24.93,24.93,0.0
2017-04-23 12:15:00,CTL,24.93,24.93,24.93,24.93,0.0
2017-04-23 12:20:00,CTL,24.93,24.93,24.93,24.93,0.0
2017-04-23 12:25:00,CTL,24.93,24.93,24.93,24.93,0.0
2017-04-23 12:30:00,CTL,24.93,24.93,24.93,24.93,0.0
2017-04-23 12:35:00,CTL,24.93,24.93,24.93,24.93,0.0
2017-04-23 12:40:00,CTL,24.93,24.93,24.93,24.93,0.0
2017-04-23 12:45:00,CTL,24.93,24.93,24.93,24.93,0.0
2017-04-23 12:50:00,CTL,24.93,24.93,24.93,24.93,0.0
2017-04-23 12:55:00,CTL,24.93,24.93,24.93,24.93,0.0
2017-04-23 13:00:00,CTL,24.93,24.93,24.93,24.93,0.0
2017-04-23 13:05:00,CTL,24.93,24.93,24.93,24.93,0.0
2017-04-23 13:10:00,CTL,24.93,24.93,24.93,24.93,0.0
2017-04-23 13:15:00,CTL,24.93,24.93,24.93,24.93,0.0
2017-04-23 13:20:00,CTL,24.93,24.93,24.93,24.93,0.0
2017-04-23 13:25:00,CTL,24.93,24.93,24.93,24.93,0.0
2017-04-23 13:30:00,CTL,24.93,24.93,24.93,24.93,0.0
2017-04-23 13:35:00,CTL,24.93,24.93,24.93,24.93,0.0
2017-04-23 13:40:00,CTL,24.93,24.93,24.93,24.93,0.0
2017-04-23 13:45:00,CTL,24.93,24.93,24.93,24.93,0.0
2017-04-23 13:50:00,CTL,24.93,24.93,24.93,24.93,0.0
2017-04-23 13:55:00,CTL,24.93,24.93,24.93,24.93,0.0
2017-04-23 14:00:00,CTL,24.93,24.93,24.93,24.93,0.0
2017-04-23 14:05:00,CTL,24.93,24.93,24.93,24.93,0.0
2017-04-23 14:10:00,CTL,24.93,24.93,24.93,24.93,0.0
2017-04-23 14:15:00,CTL,24.93,24.93,24.93,24.93,0.0
2017-04-23 14:20:00,CTL,24.93,24.93,24.93,24.93,0.0
2017-04-23 14:25:00,CTL,24.93,24.93,24.93,24.93,0.0
2017-04-23 14:30:00,CTL,24.93,24.93,24.93,24.93,0.0
2017-04-23 14:35:00,CTL,24.93,24.93,24.93,24.93,0.0
2017-04-23 14:40:00,CTL,24.93,24.93,24.93,24.93,0.0
2017-04-23 14:45:00,CTL,24.93,24.93,24.93,24.93,0.0
2017-04-23 14:50:00,CTL,24.93,24.93,24.93,24.93,0.0
2017-04-23 14:55:00,CTL,24.93,24.93,24.93,24.93,0.0
2017-04-23 15:00:00,CTL,24.93,24.93,24.93,24.93,0.0
2017-04-23 15:05:00,CTL,24.93,24.93,24.93,24.93,0.0
2017-04-23 15:10:00,CTL,24.93,24.93,24.93,24.93,0.0
2017-04-23 15:15:00,CTL,24.93,24.93,24.93,24.93,0.0
2017-04-23 15:20:00,CTL,24.93,24.93,24.93,24.93,0.0
2017-04-23 15:25:00,CTL,24.93,24.93,24.93,24.93,0.0
2017-04-23 15:30:00,CTL,24.93,24.93,24.93,24.93,0.0
2017-04-23 15:35:00,CTL,24.93,24.93,24.93,24.93,0.0
2017-04-23 15:40:00,CTL,24.93,24.93,24.93,24.93,0.0
2017-04-23 15:45:00,CTL,24.93,24.93,24.93,24.93,0.0
2017-04-23 15:50:00,CTL,24.93,24.93,24.93,24.93,0.0
2017-04-23 15:55:00,CTL,24.93,24.93,24.93,24.93,0.0
2017-04-23 16:00:00,CTL,24.93,24.93,24.93,24.93,0.0
2017-04-23 16:05:00,CTL,24.93,24.93,24.93,24.93,0.0
2017-04-23 16:10:00,CTL,24.93,24.93,24.93,24.93,0.0
2017-04-23 16:15:00,CTL,24.93,24.93,24.93,24.93,0.0
2017-04-23 16:20:00,CTL,24.93,24.93,24.93,24.93,0.0
2017-04-23 16:25:00,CTL,24.93,24.93,24.93,24.93,0.0
2017-04-23 16:30:00,CTL,24.93,24.93,24.93,24.93,0.0
2017-04-23 16:35:00,CTL,24.93,24.93,24.93,24.93,0.0
2017-04-23 16:40:00,CTL,24.93,24.93,24.93,24.93,0.0
2017-04-23 16:45:00,CTL,24.93,24.93,24.93,24.93,0.0
2017-04-23 16:50:00,CTL,24.93,24.93,24.93,24.93,0.0
2017-04-23 16:55:00,CTL,24.93,24.93,24.93,24.93,0.0
2017-04-23 17:00:00,CTL,24.93,24.93,24.93,24.93,0.0
2017-04-23 17:05:00,CTL,24.93,24.93,24.93,24.93,0.0
2017-04-23 17:10:00,CTL,24.93,24.93,24.93,24.93,0.0
2017-04-23 17:15:00,CTL,24.93,24.93,24.93,24.93,0.0
2017-04-23 17:20:00,CTL,24.93,24.93,24.93,24.93,0.0
2017-04-23 17:25:00,CTL,24.93,24.93,24.93,24.93,0.0
2017-04-23 17:30:00,CTL,24.93,24.93,24.93,24.93,0.0
2017-04-23 17:35:00,CTL,24.93,24.93,24.93,24.93,0.0
2017-04-23 17:40:00,CTL,24.93,24.93,24.93,24.93,0.0
2017-04-23 17:45:00,CTL,24.93,24.93,24.93,24.93,0.0
2017-04-23 17:50:00,CTL,24.93,24.93,24.93,24.93,0.0
2017-04-23 17:55:00,CTL,24.93,24.93,24.93,24.93,0.0
2017-04-23 18:00:00,CTL,24.93,24.93,24.93,24.93,0.0
2017-04-23 18:05:00,CTL,24.93,24.93,24.93,24.93,0.0
2017-04-23 18:10:00,CTL,24.93,24.93,24.93,24.93,0.0
2017-04-23 18:15:00,CTL,24.93,24.93,24.93,24.93,0.0
2017-04-23 18:20:00,CTL,24.93,24.93,24.93,24.93,0.0
2017-04-23 18:25:00,CTL,24.93,24.93,24.93,24.93,0.0
2017-04-23 18:30:00,CTL,24.93,24.93,24.93,24.93,0.0
2017-04-23 18:35:00,CTL,24.93,24.93,24.93,24.93,0.0
2017-04-23 18:40:00,CTL,24.93,24.93,24.93,24.93,0.0
2017-04-23 18:45:00,CTL,24.93,24.93,24.93,24.93,0.0
2017-04-23 18:50:00,CTL,24.93,24.93,24.93,24.93,0.0
2017-04-23 18:55:00,CTL,24.93,24.93,24.93,24.93,0.0
2017-04-23 19:00:00,CTL,24.93,24.93,24.93,24.93,0.0
2017-04-23 19:05:00,CTL,24.93,24.93,24.93,24.93,0.0
2017-04-23 19:10:00,CTL,24.93,24.93,24.93,24.93,0.0
2017-04-23 19:15:00,CTL,24.93,24.93,24.93,24.93,0.0
2017-04-23 19:20:00,CTL,24.93,24.93,24.93,24.93,0.0
2017-04-23 19:25:00,CTL,24.93,24.93,24.93,24.93,0.0
2017-04-23 19:30:00,CTL,24.93,24.93,24.93,24.93,0.0
2017-04-23 19:35:00,CTL,24.93,24.93,24.93,24.93,0.0
2017-04-23 19:40:00,CTL,24.93,24.93,24.93,24.93,0.0
2017-04-23 19:45:00,CTL,24.93,24.93,24.93,24.93,0.0
2017-04-23 19:50:00,CTL,24.93,24.93,24.93,24.93,0.0
2017-04-23 19:55:00,CTL,24.93,24.93,24.93,24.93,0.0
2017-04-23 20:00:00,CTL,24.93,24.93,24.93,24.93,0.0
2017-04-23 20:05:00,CTL,24.93,24.93,24.93,24.93,0.0
2017-04-23 20:10:00,CTL,24.93,24.93,24.93,24.93,0.0
2017-04-23 20:15:00,CTL,24.93,24.93,24.93,24.93,0.0
2017-04-23 20:20:00,CTL,24.93,24.93,24.93,24.93,0.0
2017-04-23 20:25:00,CTL,24.93,24.93,24.93,24.93,0.0
2017-04-23 20:30:00,CTL,24.93,24.93,24.93,24.93,0.0
2017-04-23 20:35:00,CTL,24.93,24.93,24.93,24.93,0.0
2017-04-23 20:40:00,CTL,24.93,24.93,24.93,24.93,0.0
2017-04-23 20:45:00,CTL,24.93,24.93,24.93,24.93,0.0
2017-04-23 20:50:00,CTL,24.93,24.93,24.93,24.93,0.0
2017-04-23 20:55:00,CTL,24.93,24.93,24.93,24.93,0.0
