2017-04-19 16:05:00,CUDA,19.91,19.91,19.91,19.91,64888.0
2017-04-19 16:00:00,CUDA,19.91,19.92,19.9,19.9,65747.0
2017-04-19 15:55:00,CUDA,19.97,19.97,19.9,19.905,35084.0
2017-04-20 09:35:00,CUDA,19.95,20.032,19.91,20.0,18345.0
2017-04-20 09:40:00,CUDA,20.0334,20.0334,19.94,19.99,6500.0
2017-04-20 09:45:00,CUDA,19.99,20.02,19.86,19.86,6210.0
2017-04-20 09:50:00,CUDA,19.87,19.9,19.83,19.85,7200.0
2017-04-20 09:55:00,CUDA,19.84,19.84,19.78,19.82,8233.0
2017-04-20 10:00:00,CUDA,19.81,19.81,19.74,19.8,14649.0
2017-04-20 10:05:00,CUDA,19.815,19.93,19.78,19.92,30491.0
2017-04-20 10:10:00,CUDA,19.92,19.92,19.81,19.85,7300.0
2017-04-20 10:15:00,CUDA,19.87,19.87,19.73,19.735,7893.0
2017-04-20 10:20:00,CUDA,19.755,19.76,19.66,19.7496,21442.0
2017-04-20 10:25:00,CUDA,19.74,19.7896,19.69,19.77,15820.0
2017-04-20 10:30:00,CUDA,19.77,19.8,19.75,19.75,2200.0
2017-04-20 10:35:00,CUDA,19.768,19.8,19.75,19.75,6400.0
2017-04-20 10:40:00,CUDA,19.75,19.75,19.68,19.7,7465.0
2017-04-20 10:45:00,CUDA,19.7,19.76,19.7,19.75,3900.0
2017-04-20 10:50:00,CUDA,19.75,19.78,19.67,19.69,8800.0
2017-04-20 10:55:00,CUDA,19.69,19.74,19.69,19.7,5300.0
2017-04-20 11:00:00,CUDA,19.71,19.7688,19.7,19.75,3900.0
2017-04-20 11:05:00,CUDA,19.75,19.77,19.725,19.7686,6310.0
2017-04-20 11:10:00,CUDA,19.77,19.78,19.75,19.77,4682.0
2017-04-20 11:15:00,CUDA,19.77,19.79,19.75,19.79,4410.0
2017-04-20 11:20:00,CUDA,19.8,19.845,19.8,19.845,6660.0
2017-04-20 11:25:00,CUDA,19.85,19.87,19.84,19.84,9896.0
2017-04-20 11:30:00,CUDA,19.85,19.85,19.81,19.83,4700.0
2017-04-20 11:35:00,CUDA,19.83,19.83,19.8,19.82,4395.0
2017-04-20 11:40:00,CUDA,19.82,19.85,19.82,19.84,1375.0
2017-04-20 11:45:00,CUDA,19.85,19.85,19.8,19.835,6100.0
2017-04-20 11:50:00,CUDA,19.85,19.85,19.81,19.85,7850.0
2017-04-20 11:55:00,CUDA,19.85,19.85,19.82,19.83,4000.0
2017-04-20 12:00:00,CUDA,19.83,19.84,19.82,19.82,1931.0
2017-04-20 12:05:00,CUDA,19.83,19.83,19.8,19.8,5500.0
2017-04-20 12:10:00,CUDA,19.79,19.82,19.77,19.78,8900.0
2017-04-20 12:15:00,CUDA,19.78,19.81,19.77,19.8,3500.0
2017-04-20 12:20:00,CUDA,19.79,19.81,19.79,19.81,2987.0
2017-04-20 12:25:00,CUDA,19.81,19.84,19.81,19.82,4100.0
2017-04-20 12:30:00,CUDA,19.82,19.83,19.81,19.82,3250.0
2017-04-20 12:35:00,CUDA,19.82,19.8348,19.82,19.8348,1451.0
2017-04-20 12:40:00,CUDA,19.83,19.83,19.82,19.82,3834.0
2017-04-20 12:45:00,CUDA,19.8299,19.87,19.82,19.85,9498.0
2017-04-20 12:50:00,CUDA,19.855,19.8625,19.85,19.8614,2200.0
2017-04-20 12:55:00,CUDA,19.87,19.885,19.85,19.85,8902.0
2017-04-20 13:00:00,CUDA,19.8602,19.8602,19.795,19.795,4500.0
2017-04-20 13:05:00,CUDA,19.807,19.81,19.79,19.81,6281.0
2017-04-20 13:10:00,CUDA,19.8158,19.84,19.76,19.77,7400.0
2017-04-20 13:15:00,CUDA,19.77,19.775,19.75,19.77,5400.0
2017-04-20 13:20:00,CUDA,19.76,19.76,19.6905,19.6905,14247.0
2017-04-20 13:25:00,CUDA,19.695,19.72,19.69,19.7025,6791.0
2017-04-20 13:30:00,CUDA,19.705,19.705,19.66,19.67,10000.0
2017-04-20 13:35:00,CUDA,19.67,19.68,19.6531,19.68,8881.0
2017-04-20 13:40:00,CUDA,19.68,19.73,19.66,19.71,11900.0
2017-04-20 13:45:00,CUDA,19.71,19.75,19.68,19.685,20025.0
2017-04-20 13:50:00,CUDA,19.6836,19.695,19.67,19.68,3648.0
2017-04-20 13:55:00,CUDA,19.69,19.72,19.69,19.72,3423.0
2017-04-20 14:00:00,CUDA,19.72,19.72,19.68,19.68,5770.0
2017-04-20 14:05:00,CUDA,19.69,19.6997,19.68,19.69,2700.0
2017-04-20 14:10:00,CUDA,19.69,19.69,19.68,19.681,3600.0
2017-04-20 14:15:00,CUDA,19.68,19.68,19.66,19.66,5680.0
2017-04-20 14:20:00,CUDA,19.66,19.67,19.65,19.67,5789.0
2017-04-20 14:25:00,CUDA,19.665,19.675,19.66,19.675,2845.0
2017-04-20 14:30:00,CUDA,19.6799,19.6799,19.65,19.65,8079.0
2017-04-20 14:35:00,CUDA,19.6595,19.6599,19.61,19.6233,7710.0
2017-04-20 14:40:00,CUDA,19.6233,19.63,19.59,19.59,13653.0
2017-04-20 14:45:00,CUDA,19.59,19.61,19.58,19.6,9731.0
2017-04-20 14:50:00,CUDA,19.6,19.62,19.6,19.61,2500.0
2017-04-20 14:55:00,CUDA,19.61,19.61,19.59,19.61,6230.0
2017-04-20 15:00:00,CUDA,19.61,19.62,19.61,19.615,2940.0
2017-04-20 15:05:00,CUDA,19.61,19.615,19.58,19.59,8762.0
2017-04-20 15:10:00,CUDA,19.595,19.6,19.59,19.59,2290.0
2017-04-20 15:15:00,CUDA,19.6,19.6,19.54,19.54,16226.0
2017-04-20 15:20:00,CUDA,19.55,19.55,19.51,19.52,22482.0
2017-04-20 15:25:00,CUDA,19.52,19.52,19.48,19.49,12990.0
2017-04-20 15:30:00,CUDA,19.5,19.515,19.485,19.49,12287.0
2017-04-20 15:35:00,CUDA,19.49,19.5,19.42,19.42,22793.0
2017-04-20 15:40:00,CUDA,19.42,19.475,19.42,19.4676,23755.0
2017-04-20 15:45:00,CUDA,19.47,19.53,19.47,19.53,29507.0
2017-04-20 15:50:00,CUDA,19.52,19.5201,19.49,19.5,30861.0
2017-04-20 15:55:00,CUDA,19.5,19.51,19.48,19.49,22871.0
2017-04-20 16:00:00,CUDA,19.48,19.51,19.48,19.48,55191.0
2017-04-20 16:05:00,CUDA,19.48,19.48,19.48,19.48,70410.0
2017-04-21 09:35:00,CUDA,19.49,19.7,19.49,19.54,16091.0
2017-04-21 09:40:00,CUDA,19.5,19.55,19.38,19.54,6765.0
2017-04-21 09:45:00,CUDA,19.56,19.6499,19.55,19.62,9299.0
2017-04-21 09:50:00,CUDA,19.63,19.63,19.52,19.56,7770.0
2017-04-21 09:55:00,CUDA,19.5628,19.5628,19.36,19.364,13046.0
2017-04-21 10:00:00,CUDA,19.43,19.5,19.4298,19.5,9510.0
2017-04-21 10:00:00,CUDA,19.43,19.5,19.4298,19.5,9510.0
2017-04-19 12:05:00,CUDA,20.2,20.22,20.18,20.18,11542.0
2017-04-19 12:00:00,CUDA,20.18,20.1999,20.175,20.19,15655.0
2017-04-19 11:55:00,CUDA,20.195,20.22,20.17,20.18,13491.0
2017-04-11 10:15:00,CUDA,23.3118,23.3118,23.27,23.28,2500.0
2017-04-11 10:10:00,CUDA,23.27,23.3,23.26,23.3,2318.0
2017-04-11 10:05:00,CUDA,23.16,23.27,23.15,23.26,3500.0
2017-04-11 10:00:00,CUDA,23.06,23.16,23.04,23.16,1400.0
2017-04-11 09:55:00,CUDA,23.0,23.05,22.93,23.05,2300.0
2017-04-11 09:50:00,CUDA,22.98,23.02,22.84,22.9895,2900.0
2017-04-11 09:45:00,CUDA,23.1224,23.1224,22.93,22.98,6378.0
2017-04-11 09:40:00,CUDA,23.28,23.28,23.03,23.11,1625.0
2017-04-11 09:35:00,CUDA,23.06,23.3,23.06,23.3,7237.0
2017-04-10 16:05:00,CUDA,23.13,23.13,23.13,23.13,21788.0
2017-04-10 16:00:00,CUDA,23.28,23.29,23.05,23.13,187204.0
2017-04-10 15:55:00,CUDA,23.31,23.32,23.28,23.285,16758.0
2017-04-10 15:50:00,CUDA,23.3,23.33,23.285,23.31,13210.0
2017-04-10 15:45:00,CUDA,23.35,23.35,23.31,23.31,5115.0
2017-04-10 15:40:00,CUDA,23.33,23.35,23.33,23.35,1620.0
2017-04-10 15:35:00,CUDA,23.33,23.35,23.3,23.331,6723.0
2017-04-10 15:30:00,CUDA,23.35,23.35,23.34,23.34,1000.0
2017-04-10 15:25:00,CUDA,23.34,23.34,23.31,23.34,2175.0
2017-04-10 15:20:00,CUDA,23.39,23.4,23.37,23.37,1033.0
2017-04-10 15:15:00,CUDA,23.41,23.41,23.38,23.38,1300.0
2017-04-10 15:10:00,CUDA,23.41,23.44,23.4,23.41,2721.0
2017-04-10 15:05:00,CUDA,23.39,23.41,23.385,23.41,3200.0
2017-04-10 15:00:00,CUDA,23.42,23.42,23.37,23.38,2969.0
2017-04-10 14:55:00,CUDA,23.44,23.46,23.42,23.46,1208.0
2017-04-10 14:50:00,CUDA,23.4,23.435,23.39,23.435,1562.0
2017-04-10 14:45:00,CUDA,23.38,23.39,23.35,23.39,1276.0
2017-04-10 14:40:00,CUDA,23.38,23.4,23.38,23.38,400.0
2017-04-10 14:35:00,CUDA,23.39,23.41,23.39,23.4045,1900.0
2017-04-10 14:30:00,CUDA,23.43,23.43,23.39,23.4,822.0
2017-04-10 14:25:00,CUDA,23.45,23.45,23.42,23.44,2300.0
2017-04-10 14:20:00,CUDA,23.46,23.46,23.43,23.43,1150.0
2017-04-10 14:15:00,CUDA,23.47,23.47,23.42,23.45,1600.0
2017-04-10 14:10:00,CUDA,23.45,23.46,23.4338,23.45,1100.0
2017-04-10 14:05:00,CUDA,23.51,23.51,23.43,23.43,2200.0
2017-04-10 14:00:00,CUDA,23.52,23.53,23.5,23.5,2800.0
2017-04-10 13:55:00,CUDA,23.51,23.511,23.48,23.511,3500.0
2017-04-10 13:50:00,CUDA,23.5619,23.5619,23.51,23.51,1750.0
2017-04-10 13:45:00,CUDA,23.56,23.57,23.55,23.57,600.0
2017-04-10 13:40:00,CUDA,23.56,23.6,23.55,23.57,2098.0
2017-04-10 13:35:00,CUDA,23.49,23.535,23.49,23.535,1100.0
2017-04-10 13:30:00,CUDA,23.52,23.53,23.5,23.5,700.0
2017-04-10 13:25:00,CUDA,23.4992,23.55,23.49,23.535,3312.0
2017-04-10 13:20:00,CUDA,23.49,23.51,23.47,23.48,3075.0
2017-04-10 13:15:00,CUDA,23.4789,23.5,23.46,23.5,1000.0
2017-04-10 13:10:00,CUDA,23.4899,23.52,23.4899,23.49,3700.0
2017-04-10 13:05:00,CUDA,23.4899,23.49,23.48,23.48,428.0
2017-04-10 13:00:00,CUDA,23.48,23.49,23.48,23.48,400.0
2017-04-10 12:55:00,CUDA,23.49,23.5,23.48,23.49,1100.0
2017-04-10 12:50:00,CUDA,23.45,23.49,23.45,23.48,3100.0
2017-04-10 12:45:00,CUDA,23.46,23.4798,23.45,23.46,900.0
2017-04-10 12:40:00,CUDA,23.46,23.4626,23.45,23.45,1100.0
2017-04-10 12:35:00,CUDA,23.4,23.5,23.4,23.46,2587.0
2017-04-10 12:30:00,CUDA,23.44,23.44,23.43,23.43,200.0
2017-04-10 12:25:00,CUDA,23.39,23.39,23.37,23.38,1500.0
2017-04-10 12:20:00,CUDA,23.4096,23.41,23.4096,23.41,533.0
2017-04-10 12:15:00,CUDA,23.41,23.41,23.335,23.36,1600.0
2017-04-10 12:10:00,CUDA,23.42,23.44,23.4,23.4,1000.0
2017-04-10 12:05:00,CUDA,23.44,23.45,23.42,23.42,994.0
2017-04-10 12:00:00,CUDA,23.46,23.46,23.43,23.4498,2050.0
2017-04-10 11:55:00,CUDA,23.49,23.5,23.45,23.45,2310.0
2017-04-10 11:50:00,CUDA,23.48,23.5,23.46,23.48,1000.0
2017-04-10 11:45:00,CUDA,23.51,23.51,23.47,23.5,1500.0
2017-04-10 11:40:00,CUDA,23.5,23.52,23.5,23.51,900.0
2017-04-10 11:35:00,CUDA,23.61,23.61,23.52,23.52,1700.0
2017-04-10 11:30:00,CUDA,23.66,23.66,23.61,23.62,800.0
2017-04-10 11:25:00,CUDA,23.65,23.68,23.62,23.68,2899.0
2017-04-10 11:20:00,CUDA,23.62,23.65,23.61,23.63,1200.0
2017-04-10 11:15:00,CUDA,23.59,23.615,23.59,23.59,875.0
2017-04-10 11:10:00,CUDA,23.56,23.57,23.54,23.56,1500.0
2017-04-10 11:05:00,CUDA,23.57,23.63,23.56,23.59,4700.0
2017-04-10 11:00:00,CUDA,23.62,23.62,23.51,23.56,7682.0
2017-04-10 10:55:00,CUDA,23.63,23.63,23.58,23.59,800.0
2017-04-10 10:50:00,CUDA,23.67,23.69,23.65,23.66,1700.0
2017-04-10 10:45:00,CUDA,23.64,23.69,23.63,23.67,3027.0
2017-04-10 10:40:00,CUDA,23.76,23.76,23.68,23.68,1500.0
2017-04-10 10:35:00,CUDA,23.73,23.81,23.73,23.7499,4609.0
2017-04-10 10:30:00,CUDA,23.74,23.75,23.69,23.75,4158.0
2017-04-10 10:25:00,CUDA,23.74,23.74,23.72,23.73,1328.0
2017-04-10 10:20:00,CUDA,23.72,23.76,23.7,23.73,1456.0
2017-04-10 10:15:00,CUDA,23.72,23.75,23.7,23.745,1200.0
2017-04-10 10:10:00,CUDA,23.71,23.78,23.71,23.73,3534.0
2017-04-10 10:05:00,CUDA,23.72,23.74,23.64,23.74,3493.0
2017-04-10 10:00:00,CUDA,23.64,23.75,23.58,23.75,3911.0
2017-04-10 09:55:00,CUDA,23.5876,23.64,23.55,23.64,4488.0
2017-04-10 09:50:00,CUDA,23.5,23.59,23.49,23.58,3403.0
2017-04-10 09:45:00,CUDA,23.43,23.51,23.43,23.51,3399.0
2017-04-10 09:40:00,CUDA,23.49,23.5,23.49,23.5,600.0
2017-04-10 09:35:00,CUDA,23.37,23.4639,23.35,23.43,4166.0
2017-04-07 16:20:00,CUDA,23.36,23.36,23.36,23.36,46658.0
2017-04-07 16:05:00,CUDA,23.36,23.36,23.36,23.36,69909.0
2017-04-07 16:00:00,CUDA,23.31,23.37,23.3,23.36,37258.0
2017-04-07 15:55:00,CUDA,23.3,23.31,23.29,23.31,7345.0
2017-04-07 15:50:00,CUDA,23.29,23.31,23.29,23.3,4243.0
2017-04-07 15:45:00,CUDA,23.29,23.31,23.29,23.31,4997.0
2017-04-07 15:40:00,CUDA,23.29,23.3,23.29,23.3,1560.0
2017-04-07 15:35:00,CUDA,23.32,23.32,23.28,23.29,2100.0
2017-04-07 15:30:00,CUDA,23.31,23.32,23.3,23.3199,1000.0
2017-04-07 15:25:00,CUDA,23.3,23.32,23.3,23.31,1700.0
2017-04-07 15:20:00,CUDA,23.27,23.32,23.27,23.32,1100.0
2017-04-07 15:15:00,CUDA,23.27,23.27,23.25,23.26,1600.0
2017-04-07 15:10:00,CUDA,23.26,23.27,23.25,23.27,800.0
2017-04-07 15:05:00,CUDA,23.26,23.27,23.25,23.26,1487.0
2017-04-07 15:00:00,CUDA,23.27,23.27,23.27,23.27,700.0
2017-04-07 14:55:00,CUDA,23.279,23.279,23.25,23.26,715.0
2017-04-07 14:50:00,CUDA,23.29,23.29,23.25,23.25,600.0
2017-04-07 14:45:00,CUDA,23.29,23.32,23.28,23.29,1800.0
2017-04-07 14:40:00,CUDA,23.24,23.32,23.24,23.32,3800.0
2017-04-07 14:35:00,CUDA,23.28,23.28,23.25,23.26,400.0
2017-04-07 14:30:00,CUDA,23.28,23.29,23.25,23.25,1000.0
2017-04-07 14:25:00,CUDA,23.26,23.2932,23.23,23.28,2600.0
2017-04-07 14:20:00,CUDA,23.29,23.29,23.27,23.2799,3813.0
2017-04-07 14:15:00,CUDA,23.31,23.31,23.3,23.3,1000.0
2017-04-07 14:05:00,CUDA,23.31,23.33,23.31,23.32,1000.0
2017-04-07 14:00:00,CUDA,23.3,23.3,23.29,23.29,900.0
2017-04-07 13:55:00,CUDA,23.29,23.29,23.29,23.29,300.0
2017-04-07 13:50:00,CUDA,23.34,23.34,23.3,23.3,700.0
2017-04-07 13:45:00,CUDA,23.34,23.34,23.295,23.33,1600.0
2017-04-07 13:40:00,CUDA,23.38,23.38,23.34,23.35,700.0
2017-04-07 13:35:00,CUDA,23.41,23.42,23.37,23.37,1600.0
2017-04-07 13:30:00,CUDA,23.37,23.4,23.36,23.4,800.0
2017-04-07 13:25:00,CUDA,23.41,23.41,23.41,23.41,100.0
2017-04-07 13:20:00,CUDA,23.38,23.39,23.37,23.39,800.0
2017-04-07 13:15:00,CUDA,23.4186,23.4186,23.4,23.4,400.0
2017-04-07 13:10:00,CUDA,23.39,23.4127,23.39,23.4127,2300.0
2017-04-07 13:05:00,CUDA,23.4,23.4,23.39,23.39,2330.0
2017-04-07 13:00:00,CUDA,23.378,23.4,23.378,23.39,1695.0
2017-04-07 12:55:00,CUDA,23.35,23.37,23.35,23.37,1200.0
2017-04-07 12:50:00,CUDA,23.35,23.35,23.35,23.35,300.0
2017-04-07 12:45:00,CUDA,23.37,23.37,23.35,23.35,2095.0
2017-04-07 12:40:00,CUDA,23.37,23.39,23.37,23.39,1449.0
2017-04-07 12:35:00,CUDA,23.36,23.37,23.34,23.3634,2900.0
2017-04-07 12:30:00,CUDA,23.36,23.36,23.34,23.34,600.0
2017-04-07 12:25:00,CUDA,23.3599,23.3599,23.34,23.35,600.0
2017-04-07 12:20:00,CUDA,23.37,23.37,23.35,23.35,1347.0
2017-04-07 12:15:00,CUDA,23.36,23.36,23.36,23.36,100.0
2017-04-07 12:10:00,CUDA,23.36,23.36,23.36,23.36,200.0
2017-04-07 12:05:00,CUDA,23.32,23.37,23.32,23.37,1225.0
2017-04-07 12:00:00,CUDA,23.3153,23.3153,23.3153,23.3153,100.0
2017-04-07 11:55:00,CUDA,23.3,23.31,23.28,23.31,1626.0
2017-04-07 11:50:00,CUDA,23.29,23.3,23.2792,23.3,1149.0
2017-04-07 11:45:00,CUDA,23.281,23.29,23.27,23.27,2379.0
2017-04-07 11:40:00,CUDA,23.28,23.29,23.27,23.27,1129.0
2017-04-07 11:35:00,CUDA,23.29,23.29,23.26,23.26,1150.0
2017-04-07 11:30:00,CUDA,23.309,23.33,23.27,23.27,975.0
2017-04-07 11:25:00,CUDA,23.3,23.32,23.3,23.32,1030.0
2017-04-07 11:15:00,CUDA,23.23,23.27,23.2,23.27,4100.0
2017-04-07 11:10:00,CUDA,23.26,23.26,23.23,23.23,1929.0
2017-04-07 11:05:00,CUDA,23.28,23.28,23.245,23.245,929.0
2017-04-07 11:00:00,CUDA,23.25,23.27,23.23,23.27,1100.0
2017-04-07 10:55:00,CUDA,23.31,23.31,23.275,23.275,400.0
2017-04-07 10:50:00,CUDA,23.3,23.37,23.3,23.32,1100.0
2017-04-07 10:45:00,CUDA,23.32,23.32,23.29,23.29,400.0
2017-04-07 10:40:00,CUDA,23.26,23.35,23.24,23.35,1490.0
2017-04-07 10:35:00,CUDA,23.181,23.24,23.181,23.24,3500.0
2017-04-07 10:30:00,CUDA,23.23,23.26,23.23,23.26,500.0
2017-04-07 10:25:00,CUDA,23.25,23.25,23.22,23.22,700.0
2017-04-07 10:15:00,CUDA,23.2,23.25,23.2,23.25,1822.0
2017-04-07 10:10:00,CUDA,23.21,23.22,23.17,23.21,1398.0
2017-04-07 10:05:00,CUDA,23.04,23.15,23.03,23.15,4313.0
2017-04-07 10:00:00,CUDA,23.01,23.015,23.01,23.015,500.0
2017-04-07 09:55:00,CUDA,23.06,23.11,23.02,23.05,900.0
2017-04-07 09:50:00,CUDA,23.1,23.2,23.05,23.05,1000.0
2017-04-07 09:45:00,CUDA,23.26,23.26,23.22,23.22,800.0
2017-04-07 09:40:00,CUDA,23.22,23.31,23.22,23.31,800.0
2017-04-07 09:35:00,CUDA,23.22,23.22,23.22,23.22,3864.0
2017-04-06 16:05:00,CUDA,23.22,23.22,23.22,23.22,26513.0
2017-04-06 16:00:00,CUDA,23.24,23.24,23.21,23.23,18865.0
2017-04-06 15:55:00,CUDA,23.17,23.24,23.17,23.235,15347.0
2017-04-06 15:50:00,CUDA,23.12,23.18,23.11,23.18,17202.0
2017-04-06 15:45:00,CUDA,23.14,23.14,23.1,23.12,7087.0
2017-04-06 15:40:00,CUDA,23.12,23.13,23.11,23.112,5580.0
2017-04-06 15:35:00,CUDA,23.16,23.17,23.09,23.11,4437.0
2017-04-06 15:30:00,CUDA,23.18,23.2,23.16,23.17,5211.0
2017-04-06 15:25:00,CUDA,23.22,23.22,23.16,23.16,1700.0
2017-04-06 15:20:00,CUDA,23.21,23.23,23.19,23.23,2800.0
2017-04-06 15:15:00,CUDA,23.18,23.21,23.18,23.21,2600.0
2017-04-06 15:10:00,CUDA,23.18,23.18,23.16,23.18,2600.0
2017-04-06 15:05:00,CUDA,23.195,23.21,23.17,23.21,3400.0
2017-04-06 15:00:00,CUDA,23.19,23.23,23.1601,23.185,11163.0
2017-04-06 14:55:00,CUDA,23.13,23.18,23.13,23.18,6500.0
2017-04-06 14:50:00,CUDA,23.19,23.19,23.13,23.13,800.0
2017-04-06 14:45:00,CUDA,23.15,23.16,23.1352,23.16,1100.0
2017-04-06 14:40:00,CUDA,23.11,23.135,23.11,23.13,1100.0
2017-04-06 14:35:00,CUDA,23.09,23.11,23.09,23.1,1600.0
2017-04-06 14:30:00,CUDA,23.1,23.1,23.0763,23.0763,2200.0
2017-04-06 14:25:00,CUDA,23.13,23.13,23.1,23.1,300.0
2017-04-06 14:20:00,CUDA,23.12,23.1401,23.12,23.14,1100.0
2017-04-06 14:15:00,CUDA,23.13,23.13,23.09,23.11,2911.0
2017-04-06 14:10:00,CUDA,23.09,23.14,23.07,23.13,7436.0
2017-04-06 14:05:00,CUDA,23.1,23.11,23.1,23.1,1400.0
2017-04-06 14:00:00,CUDA,23.08,23.09,23.08,23.08,900.0
2017-04-06 13:55:00,CUDA,23.08,23.1399,23.08,23.1399,1199.0
2017-04-06 13:50:00,CUDA,23.09,23.09,23.0565,23.08,3399.0
2017-04-06 13:45:00,CUDA,23.09,23.1,23.07,23.09,1400.0
2017-04-06 13:40:00,CUDA,23.12,23.125,23.08,23.08,1000.0
2017-04-06 13:35:00,CUDA,23.13,23.13,23.07,23.11,2382.0
2017-04-06 13:30:00,CUDA,23.13,23.13,23.13,23.13,600.0
2017-04-06 13:25:00,CUDA,23.1,23.12,23.1,23.11,900.0
2017-04-06 13:20:00,CUDA,23.05,23.11,23.05,23.105,1000.0
2017-04-06 13:10:00,CUDA,23.02,23.02,23.01,23.02,620.0
2017-04-06 13:05:00,CUDA,23.05,23.05,23.01,23.02,1899.0
2017-04-06 13:00:00,CUDA,23.01,23.07,23.01,23.07,1700.0
2017-04-06 12:55:00,CUDA,23.028,23.028,23.028,23.028,100.0
2017-04-06 12:50:00,CUDA,23.04,23.05,23.02,23.02,500.0
2017-04-06 12:45:00,CUDA,23.05,23.08,23.03,23.03,6000.0
2017-04-06 12:40:00,CUDA,23.1,23.1,22.98,23.0383,17683.0
2017-04-06 12:35:00,CUDA,23.13,23.18,23.1,23.1,19890.0
2017-04-06 12:30:00,CUDA,23.17,23.17,23.09,23.13,24346.0
2017-04-06 12:25:00,CUDA,23.13,23.19,23.13,23.17,1800.0
2017-04-06 12:20:00,CUDA,23.14,23.15,23.13,23.135,800.0
2017-04-06 12:15:00,CUDA,23.17,23.17,23.15,23.15,300.0
2017-04-06 12:10:00,CUDA,23.13,23.23,23.13,23.17,2837.0
2017-04-06 12:05:00,CUDA,23.11,23.14,23.11,23.11,1200.0
2017-04-06 12:00:00,CUDA,23.08,23.13,23.07,23.1,7842.0
2017-04-06 11:55:00,CUDA,23.07,23.09,23.06,23.0899,1800.0
2017-04-06 11:50:00,CUDA,23.08,23.09,23.0653,23.07,1300.0
2017-04-06 11:45:00,CUDA,23.08,23.11,23.08,23.09,6778.0
2017-04-06 11:40:00,CUDA,23.07,23.09,23.07,23.08,2825.0
2017-04-06 11:35:00,CUDA,23.124,23.124,23.07,23.08,2266.0
2017-04-06 11:30:00,CUDA,23.1,23.145,23.0999,23.135,1000.0
2017-04-06 11:25:00,CUDA,22.98,23.0702,22.98,23.07,2050.0
2017-04-06 11:20:00,CUDA,22.95,22.99,22.93,22.99,9200.0
2017-04-06 11:15:00,CUDA,22.93,22.97,22.93,22.95,18945.0
2017-04-06 11:10:00,CUDA,22.915,22.93,22.9,22.92,3800.0
2017-04-06 11:05:00,CUDA,22.94,22.94,22.91,22.91,3398.0
2017-04-06 11:00:00,CUDA,22.94,22.94,22.93,22.93,1500.0
2017-04-06 10:55:00,CUDA,22.94,22.94,22.92,22.92,1300.0
2017-04-06 10:50:00,CUDA,22.9,22.95,22.9,22.91,1000.0
2017-04-06 10:45:00,CUDA,22.85,22.87,22.85,22.87,1050.0
2017-04-06 10:40:00,CUDA,22.94,22.956,22.895,22.93,4600.0
2017-04-06 10:35:00,CUDA,22.98,22.98,22.94,22.94,400.0
2017-04-06 10:30:00,CUDA,22.9,22.945,22.895,22.945,900.0
2017-04-06 10:25:00,CUDA,22.975,22.99,22.9,22.9,1690.0
2017-04-06 10:20:00,CUDA,22.96,22.99,22.95,22.99,2241.0
2017-04-06 10:15:00,CUDA,22.98,23.07,22.97,22.98,3088.0
2017-04-06 10:10:00,CUDA,22.99,23.04,22.99,23.01,1300.0
2017-04-06 10:05:00,CUDA,23.07,23.07,22.9583,22.9583,939.0
2017-04-06 10:00:00,CUDA,23.08,23.1,23.05,23.08,1000.0
2017-04-06 09:55:00,CUDA,22.97,23.08,22.97,23.07,5788.0
2017-04-06 09:50:00,CUDA,23.03,23.03,22.92,22.94,3568.0
2017-04-06 09:45:00,CUDA,23.16,23.18,23.08,23.08,1582.0
2017-04-06 09:40:00,CUDA,23.03,23.21,23.03,23.21,1600.0
2017-04-06 09:35:00,CUDA,23.04,23.1,23.0295,23.0295,5754.0
2017-04-05 16:05:00,CUDA,23.0,23.0,23.0,23.0,38705.0
2017-04-05 16:00:00,CUDA,22.93,23.02,22.93,23.0,74337.0
2017-04-05 15:55:00,CUDA,22.94,22.96,22.87,22.93,32267.0
2017-04-05 15:50:00,CUDA,22.85,23.01,22.85,22.94,129382.0
2017-04-05 15:45:00,CUDA,22.84,22.86,22.82,22.84,8783.0
2017-04-05 15:40:00,CUDA,22.81,22.88,22.81,22.8422,8275.0
2017-04-05 15:35:00,CUDA,22.88,22.89,22.77,22.8,13973.0
2017-04-05 15:30:00,CUDA,22.92,22.92,22.86,22.87,4394.0
2017-04-05 15:25:00,CUDA,22.95,22.96,22.88,22.91,6716.0
2017-04-05 15:20:00,CUDA,22.975,22.975,22.93,22.94,12030.0
2017-04-05 15:15:00,CUDA,23.05,23.05,22.95,22.9851,11061.0
2017-04-05 15:10:00,CUDA,23.09,23.09,23.04,23.04,5853.0
2017-04-05 15:05:00,CUDA,23.05,23.1,23.05,23.08,8633.0
2017-04-05 15:00:00,CUDA,23.08,23.09,23.07,23.07,3311.0
2017-04-05 14:55:00,CUDA,23.0943,23.0943,23.04,23.0768,6590.0
2017-04-05 14:50:00,CUDA,23.2,23.2,23.09,23.09,2251.0
2017-04-05 14:45:00,CUDA,23.15,23.19,23.1001,23.1803,13538.0
2017-04-05 14:40:00,CUDA,23.27,23.27,23.15,23.15,13650.0
2017-04-05 14:35:00,CUDA,23.28,23.29,23.26,23.26,300.0
2017-04-05 14:30:00,CUDA,23.3,23.31,23.28,23.29,1990.0
2017-04-05 14:25:00,CUDA,23.33,23.335,23.27,23.27,1650.0
2017-04-05 14:20:00,CUDA,23.34,23.34,23.3253,23.33,1026.0
2017-04-05 14:15:00,CUDA,23.34,23.36,23.33,23.3478,788.0
2017-04-05 14:10:00,CUDA,23.34,23.345,23.33,23.345,2300.0
2017-04-05 14:05:00,CUDA,23.38,23.38,23.28,23.32,3700.0
2017-04-05 14:00:00,CUDA,23.39,23.39,23.38,23.38,600.0
2017-04-05 13:55:00,CUDA,23.4,23.41,23.39,23.41,700.0
2017-04-05 13:50:00,CUDA,23.38,23.4,23.38,23.4,1658.0
2017-04-05 13:45:00,CUDA,23.38,23.39,23.38,23.38,1300.0
2017-04-05 13:40:00,CUDA,23.41,23.41,23.39,23.39,1732.0
2017-04-05 13:35:00,CUDA,23.41,23.41,23.39,23.41,300.0
2017-04-05 13:30:00,CUDA,23.39,23.4,23.39,23.4,900.0
2017-04-05 13:25:00,CUDA,23.4,23.4,23.38,23.4,1200.0
2017-04-05 13:20:00,CUDA,23.42,23.43,23.41,23.41,800.0
2017-04-05 13:15:00,CUDA,23.4103,23.43,23.4103,23.42,1138.0
2017-04-05 13:10:00,CUDA,23.39,23.41,23.39,23.4,1100.0
2017-04-05 13:05:00,CUDA,23.33,23.37,23.33,23.359,3200.0
2017-04-05 13:00:00,CUDA,23.35,23.35,23.34,23.35,900.0
2017-04-05 12:55:00,CUDA,23.32,23.36,23.31,23.36,2235.0
2017-04-05 12:50:00,CUDA,23.3,23.31,23.29,23.29,17000.0
2017-04-05 12:45:00,CUDA,23.3,23.305,23.29,23.29,2200.0
2017-04-05 12:40:00,CUDA,23.29,23.3,23.29,23.29,1300.0
2017-04-05 12:35:00,CUDA,23.29,23.3,23.27,23.28,648.0
2017-04-05 12:30:00,CUDA,23.3,23.3,23.29,23.29,500.0
2017-04-05 12:25:00,CUDA,23.28,23.3,23.28,23.29,1324.0
2017-04-05 12:20:00,CUDA,23.27,23.27,23.25,23.26,2300.0
2017-04-05 12:15:00,CUDA,23.28,23.29,23.25,23.2742,3612.0
2017-04-05 12:10:00,CUDA,23.32,23.32,23.28,23.29,1200.0
2017-04-05 12:05:00,CUDA,23.33,23.33,23.31,23.31,800.0
2017-04-05 12:00:00,CUDA,23.32,23.33,23.31,23.33,1000.0
2017-04-05 11:55:00,CUDA,23.34,23.35,23.324,23.33,2693.0
2017-04-05 11:50:00,CUDA,23.33,23.345,23.31,23.31,3666.0
2017-04-05 11:45:00,CUDA,23.27,23.29,23.27,23.29,600.0
2017-04-05 11:40:00,CUDA,23.24,23.26,23.23,23.26,2800.0
2017-04-05 11:35:00,CUDA,23.2397,23.26,23.22,23.23,1808.0
2017-04-05 11:30:00,CUDA,23.275,23.29,23.24,23.26,2572.0
2017-04-05 11:25:00,CUDA,23.34,23.34,23.28,23.28,919.0
2017-04-05 11:20:00,CUDA,23.38,23.38,23.33,23.33,2296.0
2017-04-05 11:15:00,CUDA,23.37,23.4,23.36,23.37,2332.0
2017-04-05 11:10:00,CUDA,23.42,23.42,23.37,23.37,2558.0
2017-04-05 11:05:00,CUDA,23.38,23.4301,23.38,23.43,3148.0
2017-04-05 11:00:00,CUDA,23.45,23.45,23.38,23.38,3325.0
2017-04-05 10:55:00,CUDA,23.41,23.4644,23.38,23.4644,3347.0
2017-04-05 10:50:00,CUDA,23.36,23.47,23.36,23.39,2897.0
2017-04-05 10:45:00,CUDA,23.3,23.38,23.3,23.35,2318.0
2017-04-05 10:40:00,CUDA,23.33,23.36,23.27,23.27,2700.0
2017-04-05 10:35:00,CUDA,23.42,23.42,23.29,23.35,4181.0
2017-04-05 10:30:00,CUDA,23.45,23.45,23.42,23.425,600.0
2017-04-05 10:25:00,CUDA,23.45,23.47,23.44,23.46,2883.0
2017-04-05 10:20:00,CUDA,23.49,23.49,23.44,23.44,3794.0
2017-04-05 10:15:00,CUDA,23.51,23.51,23.51,23.51,100.0
2017-04-05 10:10:00,CUDA,23.54,23.54,23.51,23.51,575.0
2017-04-05 10:05:00,CUDA,23.57,23.59,23.55,23.565,3073.0
2017-04-05 10:00:00,CUDA,23.64,23.64,23.54,23.58,1609.0
2017-04-05 09:55:00,CUDA,23.72,23.76,23.65,23.65,3700.0
2017-04-05 09:50:00,CUDA,23.61,23.7,23.58,23.69,3195.0
2017-04-05 09:45:00,CUDA,23.52,23.59,23.52,23.59,1100.0
2017-04-05 09:40:00,CUDA,23.47,23.53,23.47,23.47,2000.0
2017-04-05 09:35:00,CUDA,23.5,23.54,23.47,23.47,4817.0
2017-04-04 16:05:00,CUDA,23.38,23.38,23.38,23.38,19877.0
2017-04-04 16:00:00,CUDA,23.385,23.41,23.36,23.38,14558.0
2017-04-04 15:55:00,CUDA,23.35,23.39,23.35,23.39,9043.0
2017-04-04 15:50:00,CUDA,23.35,23.39,23.32,23.35,20973.0
2017-04-04 15:45:00,CUDA,23.39,23.4,23.36,23.36,11026.0
2017-04-04 15:40:00,CUDA,23.39,23.43,23.38,23.39,8593.0
2017-04-04 15:35:00,CUDA,23.4,23.41,23.39,23.4,7382.0
2017-04-04 15:30:00,CUDA,23.38,23.41,23.38,23.4,4200.0
2017-04-04 15:25:00,CUDA,23.4,23.4,23.38,23.4,4677.0
2017-04-04 15:20:00,CUDA,23.36,23.405,23.36,23.4,7119.0
2017-04-04 15:15:00,CUDA,23.31,23.38,23.31,23.38,12471.0
2017-04-04 15:10:00,CUDA,23.3,23.36,23.29,23.32,14305.0
2017-04-04 15:05:00,CUDA,23.285,23.31,23.28,23.29,4100.0
2017-04-04 15:00:00,CUDA,23.23,23.3,23.23,23.285,3200.0
2017-04-04 14:55:00,CUDA,23.24,23.26,23.225,23.245,5100.0
2017-04-04 14:50:00,CUDA,23.2,23.25,23.16,23.23,8304.0
2017-04-04 14:45:00,CUDA,23.17,23.23,23.17,23.2,7668.0
2017-04-04 14:40:00,CUDA,23.17,23.2,23.15,23.19,12026.0
2017-04-04 14:35:00,CUDA,23.16,23.17,23.16,23.1697,800.0
2017-04-04 14:25:00,CUDA,23.2068,23.2068,23.17,23.18,3000.0
2017-04-04 14:20:00,CUDA,23.235,23.235,23.215,23.2199,920.0
2017-04-04 14:15:00,CUDA,23.185,23.25,23.18,23.25,3746.0
2017-04-04 14:10:00,CUDA,23.21,23.21,23.19,23.19,2074.0
2017-04-04 14:05:00,CUDA,23.26,23.26,23.2,23.2,2300.0
2017-04-04 14:00:00,CUDA,23.28,23.28,23.28,23.28,200.0
2017-04-04 13:55:00,CUDA,23.29,23.2922,23.27,23.28,1783.0
2017-04-04 13:50:00,CUDA,23.26,23.28,23.25,23.28,1584.0
2017-04-04 13:45:00,CUDA,23.275,23.28,23.26,23.28,700.0
2017-04-04 13:40:00,CUDA,23.3,23.3,23.2687,23.29,1875.0
2017-04-04 13:35:00,CUDA,23.29,23.3,23.28,23.29,1500.0
2017-04-04 13:30:00,CUDA,23.24,23.3,23.24,23.2999,3300.0
2017-04-04 13:25:00,CUDA,23.27,23.27,23.23,23.25,1100.0
2017-04-04 13:20:00,CUDA,23.295,23.3,23.27,23.27,3500.0
2017-04-04 13:15:00,CUDA,23.3,23.305,23.26,23.26,2500.0
2017-04-04 13:10:00,CUDA,23.33,23.33,23.315,23.315,400.0
2017-04-04 13:05:00,CUDA,23.38,23.38,23.305,23.33,3000.0
2017-04-04 13:00:00,CUDA,23.38,23.38,23.35,23.37,2638.0
2017-04-04 12:55:00,CUDA,23.38,23.4,23.38,23.4,700.0
2017-04-04 12:50:00,CUDA,23.44,23.45,23.37,23.37,1308.0
2017-04-04 12:45:00,CUDA,23.38,23.46,23.38,23.46,900.0
2017-04-04 12:40:00,CUDA,23.39,23.39,23.39,23.39,200.0
2017-04-04 12:35:00,CUDA,23.42,23.42,23.38,23.38,1000.0
2017-04-04 12:30:00,CUDA,23.4,23.4,23.4,23.4,100.0
2017-04-04 12:25:00,CUDA,23.44,23.46,23.43,23.43,1300.0
2017-04-04 12:20:00,CUDA,23.45,23.45,23.42,23.44,1020.0
2017-04-04 12:15:00,CUDA,23.45,23.48,23.45,23.48,700.0
2017-04-04 12:10:00,CUDA,23.46,23.49,23.44,23.45,1000.0
2017-04-04 12:05:00,CUDA,23.4,23.48,23.4,23.48,1044.0
2017-04-04 12:00:00,CUDA,23.45,23.46,23.44,23.44,750.0
2017-04-04 11:55:00,CUDA,23.52,23.57,23.4504,23.4504,1678.0
2017-04-04 11:50:00,CUDA,23.47,23.54,23.47,23.54,1288.0
2017-04-04 11:45:00,CUDA,23.5,23.51,23.46,23.46,5002.0
2017-04-04 11:40:00,CUDA,23.53,23.55,23.51,23.52,3434.0
2017-04-04 11:35:00,CUDA,23.52,23.54,23.5,23.54,1535.0
2017-04-04 11:30:00,CUDA,23.57,23.58,23.56,23.56,2204.0
2017-04-04 11:25:00,CUDA,23.6,23.61,23.57,23.58,1687.0
2017-04-04 11:20:00,CUDA,23.55,23.57,23.54,23.57,2300.0
2017-04-04 11:15:00,CUDA,23.57,23.57,23.48,23.54,4400.0
2017-04-04 11:10:00,CUDA,23.6,23.6,23.57,23.58,1900.0
2017-04-04 11:05:00,CUDA,23.57,23.62,23.53,23.61,2500.0
2017-04-04 11:00:00,CUDA,23.57,23.61,23.51,23.58,4900.0
2017-04-04 10:55:00,CUDA,23.64,23.6902,23.56,23.56,8604.0
2017-04-04 10:50:00,CUDA,23.61,23.77,23.6,23.62,18187.0
2017-04-04 10:45:00,CUDA,23.775,23.775,23.6,23.62,33115.0
2017-04-04 10:40:00,CUDA,23.67,23.82,23.65,23.79,6600.0
2017-04-04 10:35:00,CUDA,23.65,23.88,23.6491,23.6491,45778.0
2017-04-04 10:30:00,CUDA,23.67,23.8,23.67,23.67,19080.0
2017-04-04 10:25:00,CUDA,23.64,23.67,23.58,23.65,7176.0
2017-04-04 10:20:00,CUDA,23.6,23.6598,23.57,23.64,9317.0
2017-04-04 10:15:00,CUDA,23.61,23.6224,23.59,23.6,3600.0
2017-04-04 10:10:00,CUDA,23.67,23.67,23.59,23.62,7701.0
2017-04-04 10:05:00,CUDA,23.605,23.66,23.59,23.64,7658.0
2017-04-04 10:00:00,CUDA,23.52,23.64,23.5,23.59,4600.0
2017-04-04 09:55:00,CUDA,23.615,23.65,23.5,23.52,3130.0
2017-04-04 09:50:00,CUDA,23.641,23.69,23.59,23.59,18290.0
2017-04-21 10:05:00,CUDA,19.485,19.51,19.36,19.38,18338.0
2017-04-21 10:10:00,CUDA,19.39,19.42,19.29,19.3064,11499.0
2017-04-21 10:15:00,CUDA,19.325,19.46,19.325,19.41,15014.0
2017-04-21 10:20:00,CUDA,19.42,19.4805,19.42,19.4805,6524.0
2017-04-21 10:25:00,CUDA,19.48,19.52,19.48,19.5,9486.0
2017-04-21 10:30:00,CUDA,19.52,19.52,19.47,19.47,1773.0
2017-04-21 10:35:00,CUDA,19.47,19.48,19.39,19.42,7034.0
2017-04-21 10:40:00,CUDA,19.44,19.44,19.41,19.41,2594.0
2017-04-21 10:45:00,CUDA,19.415,19.42,19.39,19.4,6597.0
2017-04-21 10:50:00,CUDA,19.42,19.42,19.39,19.3999,2797.0
2017-04-21 10:55:00,CUDA,19.39,19.48,19.39,19.46,29144.0
2017-04-21 11:00:00,CUDA,19.47,19.5,19.43,19.5,4198.0
2017-04-21 11:05:00,CUDA,19.5,19.5157,19.49,19.5157,3800.0
2017-04-21 11:10:00,CUDA,19.515,19.545,19.5,19.54,16474.0
2017-04-21 11:15:00,CUDA,19.54,19.61,19.535,19.61,13480.0
2017-04-21 11:20:00,CUDA,19.61,19.71,19.6,19.67,12419.0
2017-04-21 11:25:00,CUDA,19.67,19.69,19.64,19.69,14446.0
2017-04-21 11:30:00,CUDA,19.69,19.72,19.68,19.685,7789.0
2017-04-21 11:35:00,CUDA,19.7,19.75,19.69,19.75,9054.0
2017-04-21 11:40:00,CUDA,19.76,19.79,19.76,19.78,3771.0
2017-04-21 11:45:00,CUDA,19.785,19.785,19.75,19.78,6515.0
2017-04-21 11:50:00,CUDA,19.79,19.8,19.77,19.77,4635.0
2017-04-21 11:55:00,CUDA,19.77,19.78,19.75,19.77,3500.0
2017-04-21 12:00:00,CUDA,19.7736,19.82,19.7736,19.8,6386.0
2017-04-21 12:05:00,CUDA,19.8,19.81,19.79,19.79,6500.0
2017-04-21 12:10:00,CUDA,19.79,19.81,19.77,19.81,5016.0
2017-04-21 12:15:00,CUDA,19.82,19.84,19.79,19.79,8259.0
2017-04-21 12:20:00,CUDA,19.79,19.8222,19.79,19.815,3605.0
2017-04-21 12:25:00,CUDA,19.82,19.85,19.81,19.84,2063.0
2017-04-21 12:30:00,CUDA,19.84,19.845,19.79,19.79,8501.0
2017-04-21 12:35:00,CUDA,19.7918,19.85,19.7918,19.85,7521.0
2017-04-21 12:40:00,CUDA,19.86,19.89,19.84,19.89,9018.0
2017-04-21 12:45:00,CUDA,19.89,19.89,19.87,19.87,5602.0
2017-04-21 12:50:00,CUDA,19.865,19.88,19.85,19.85,8434.0
2017-04-21 12:55:00,CUDA,19.86,19.875,19.86,19.86,4300.0
2017-04-21 13:00:00,CUDA,19.86,19.86,19.825,19.825,8112.0
2017-04-21 13:05:00,CUDA,19.84,19.85,19.8,19.81,5640.0
2017-04-21 13:10:00,CUDA,19.815,19.815,19.78,19.78,4800.0
2017-04-21 13:15:00,CUDA,19.78,19.785,19.74,19.77,5000.0
2017-04-21 13:20:00,CUDA,19.77,19.77,19.76,19.77,2936.0
2017-04-21 13:25:00,CUDA,19.77,19.775,19.75,19.77,3100.0
2017-04-21 13:30:00,CUDA,19.77,19.79,19.76,19.79,6286.0
2017-04-21 13:35:00,CUDA,19.78,19.795,19.77,19.795,4500.0
2017-04-21 13:40:00,CUDA,19.79,19.79,19.78,19.78,4900.0
2017-04-21 13:45:00,CUDA,19.78,19.8,19.76,19.8,16176.0
2017-04-21 13:50:00,CUDA,19.8,19.8,19.78,19.78,6638.0
2017-04-21 13:55:00,CUDA,19.79,19.795,19.785,19.7939,3029.0
2017-04-21 14:00:00,CUDA,19.8,19.845,19.795,19.83,11498.0
2017-04-21 14:05:00,CUDA,19.825,19.855,19.81,19.84,18664.0
2017-04-21 14:10:00,CUDA,19.845,19.85,19.83,19.83,6429.0
2017-04-21 14:15:00,CUDA,19.84,19.92,19.835,19.91,12816.0
2017-04-21 14:20:00,CUDA,19.92,19.96,19.92,19.95,18293.0
2017-04-21 14:25:00,CUDA,19.95,19.97,19.92,19.945,19724.0
2017-04-21 14:30:00,CUDA,19.94,19.96,19.9,19.9005,12077.0
2017-04-21 14:35:00,CUDA,19.905,19.965,19.905,19.965,12580.0
2017-04-21 14:40:00,CUDA,19.965,19.98,19.96,19.975,15096.0
2017-04-21 14:45:00,CUDA,19.97,19.975,19.91,19.95,16138.0
2017-04-21 14:50:00,CUDA,19.955,19.955,19.92,19.95,9364.0
2017-04-21 14:55:00,CUDA,19.95,19.99,19.94,19.99,12023.0
2017-04-21 15:00:00,CUDA,19.99,20.06,19.985,20.0339,26913.0
2017-04-21 15:05:00,CUDA,20.03,20.05,19.99,20.0431,23091.0
2017-04-21 15:10:00,CUDA,20.05,20.1,20.04,20.09,19616.0
2017-04-21 15:15:00,CUDA,20.0825,20.095,20.06,20.085,17836.0
2017-04-21 15:20:00,CUDA,20.085,20.18,20.08,20.15,28339.0
2017-04-21 15:25:00,CUDA,20.16,20.24,20.15,20.225,26884.0
2017-04-21 15:30:00,CUDA,20.225,20.23,20.16,20.225,30244.0
2017-04-21 15:35:00,CUDA,20.22,20.2225,20.14,20.16,40573.0
2017-04-21 15:40:00,CUDA,20.155,20.16,20.07,20.135,39026.0
2017-04-21 15:45:00,CUDA,20.14,20.155,20.12,20.14,28800.0
2017-04-21 15:50:00,CUDA,20.13,20.13,20.09,20.115,16368.0
2017-04-21 15:55:00,CUDA,20.11,20.13,20.11,20.1215,45570.0
2017-04-21 16:00:00,CUDA,20.12,20.17,20.12,20.14,82539.0
2017-04-21 16:05:00,CUDA,20.14,20.14,20.14,20.14,72602.0
2017-04-21 16:05:00,CUDA,20.14,20.14,20.14,20.14,72602.0
2017-04-21 16:00:00,CUDA,20.12,20.17,20.12,20.14,82539.0
2017-04-21 15:55:00,CUDA,20.11,20.13,20.11,20.1215,45570.0
2017-04-12 15:45:00,CUDA,23.17,23.175,23.135,23.135,6939.0
2017-04-12 15:40:00,CUDA,23.21,23.21,23.17,23.18,5134.0
2017-04-12 15:35:00,CUDA,23.205,23.21,23.175,23.2,5300.0
2017-04-12 15:30:00,CUDA,23.2,23.2,23.18,23.2,1935.0
2017-04-12 15:25:00,CUDA,23.15,23.22,23.15,23.21,2980.0
2017-04-12 15:20:00,CUDA,23.21,23.21,23.16,23.17,3450.0
2017-04-12 15:15:00,CUDA,23.22,23.24,23.2,23.2,2872.0
2017-04-12 15:10:00,CUDA,23.21,23.21,23.19,23.19,3346.0
2017-04-12 15:05:00,CUDA,23.21,23.22,23.21,23.2175,2790.0
2017-04-12 15:00:00,CUDA,23.2,23.2275,23.19,23.21,3800.0
2017-04-12 14:55:00,CUDA,23.155,23.2,23.155,23.185,2100.0
2017-04-12 14:50:00,CUDA,23.18,23.2,23.16,23.16,2130.0
2017-04-12 14:45:00,CUDA,23.23,23.23,23.19,23.2,1800.0
2017-04-12 14:40:00,CUDA,23.25,23.28,23.24,23.24,2600.0
2017-04-12 14:35:00,CUDA,23.23,23.26,23.23,23.255,2800.0
2017-04-12 14:30:00,CUDA,23.25,23.25,23.23,23.24,800.0
2017-04-12 14:25:00,CUDA,23.27,23.28,23.26,23.26,500.0
2017-04-12 14:20:00,CUDA,23.29,23.29,23.29,23.29,200.0
2017-04-12 14:15:00,CUDA,23.28,23.3099,23.28,23.3,2500.0
2017-04-12 14:10:00,CUDA,23.31,23.31,23.3,23.3,600.0
2017-04-12 14:05:00,CUDA,23.34,23.34,23.3,23.3,2170.0
2017-04-12 14:00:00,CUDA,23.26,23.32,23.26,23.32,2575.0
2017-04-12 13:55:00,CUDA,23.28,23.28,23.26,23.27,1700.0
2017-04-12 13:50:00,CUDA,23.29,23.29,23.25,23.29,2570.0
2017-04-12 13:45:00,CUDA,23.24,23.3,23.24,23.29,2590.0
2017-04-12 13:40:00,CUDA,23.19,23.24,23.19,23.24,2719.0
2017-04-12 13:35:00,CUDA,23.22,23.23,23.18,23.19,2500.0
2017-04-12 13:30:00,CUDA,23.255,23.26,23.2175,23.2175,2504.0
2017-04-12 13:25:00,CUDA,23.26,23.28,23.22,23.27,14822.0
2017-04-12 13:20:00,CUDA,23.26,23.28,23.26,23.27,1163.0
2017-04-12 13:15:00,CUDA,23.32,23.32,23.26,23.26,1104.0
2017-04-12 13:10:00,CUDA,23.32,23.34,23.29,23.32,3600.0
2017-04-12 13:05:00,CUDA,23.29,23.36,23.29,23.34,2568.0
2017-04-12 13:00:00,CUDA,23.3,23.31,23.29,23.29,600.0
2017-04-12 12:55:00,CUDA,23.38,23.38,23.26,23.26,2700.0
2017-04-12 12:50:00,CUDA,23.32,23.38,23.32,23.36,3900.0
2017-04-12 12:45:00,CUDA,23.3,23.33,23.2801,23.33,5600.0
2017-04-12 12:40:00,CUDA,23.27,23.31,23.26,23.31,4529.0
2017-04-12 12:35:00,CUDA,23.26,23.31,23.25,23.27,9775.0
2017-04-12 12:30:00,CUDA,23.23,23.27,23.23,23.23,600.0
2017-04-12 12:25:00,CUDA,23.27,23.28,23.23,23.23,1200.0
2017-04-12 12:20:00,CUDA,23.32,23.32,23.28,23.3,600.0
2017-04-12 12:15:00,CUDA,23.27,23.27,23.25,23.25,456.0
2017-04-12 12:10:00,CUDA,23.29,23.29,23.26,23.26,700.0
2017-04-12 12:05:00,CUDA,23.28,23.29,23.23,23.26,1841.0
2017-04-12 12:00:00,CUDA,23.2,23.29,23.2,23.29,2456.0
2017-04-12 11:55:00,CUDA,23.22,23.24,23.2,23.2,5911.0
2017-04-12 11:50:00,CUDA,23.21,23.23,23.21,23.23,600.0
2017-04-12 11:45:00,CUDA,23.2613,23.27,23.25,23.25,800.0
2017-04-12 11:40:00,CUDA,23.25,23.29,23.2,23.2,2175.0
2017-04-12 11:35:00,CUDA,23.3,23.3,23.25,23.26,600.0
2017-04-12 11:30:00,CUDA,23.275,23.29,23.26,23.28,1300.0
2017-04-12 11:25:00,CUDA,23.32,23.32,23.23,23.25,5758.0
2017-04-12 11:20:00,CUDA,23.2844,23.33,23.2844,23.31,800.0
2017-04-12 11:15:00,CUDA,23.3,23.3,23.22,23.26,2090.0
2017-04-12 11:10:00,CUDA,23.27,23.34,23.27,23.3,1689.0
2017-04-12 11:05:00,CUDA,23.23,23.26,23.21,23.25,2532.0
2017-04-12 11:00:00,CUDA,23.3399,23.3399,23.25,23.25,3067.0
2017-04-12 10:55:00,CUDA,23.27,23.3199,23.26,23.31,2500.0
2017-04-12 10:50:00,CUDA,23.29,23.29,23.2,23.29,1300.0
2017-04-12 10:45:00,CUDA,23.406,23.406,23.31,23.32,3275.0
2017-04-12 10:40:00,CUDA,23.48,23.48,23.4,23.42,1729.0
2017-04-12 10:35:00,CUDA,23.46,23.5,23.4,23.48,2313.0
2017-04-12 10:30:00,CUDA,23.42,23.46,23.42,23.45,410.0
2017-04-12 10:25:00,CUDA,23.48,23.48,23.46,23.46,1325.0
2017-04-12 10:20:00,CUDA,23.47,23.5,23.46,23.47,2500.0
2017-04-12 10:15:00,CUDA,23.46,23.49,23.42,23.46,4400.0
2017-04-12 10:10:00,CUDA,23.51,23.51,23.48,23.49,850.0
2017-04-12 10:05:00,CUDA,23.585,23.6,23.51,23.51,1000.0
2017-04-12 10:00:00,CUDA,23.62,23.62,23.55,23.61,2400.0
2017-04-12 09:55:00,CUDA,23.58,23.59,23.51,23.59,1100.0
2017-04-12 09:50:00,CUDA,23.49,23.62,23.49,23.6,2831.0
2017-04-12 09:45:00,CUDA,23.5001,23.52,23.48,23.48,1300.0
2017-04-12 09:40:00,CUDA,23.42,23.46,23.36,23.36,1700.0
2017-04-12 09:35:00,CUDA,23.46,23.46,23.46,23.46,4048.0
2017-04-11 16:05:00,CUDA,23.5,23.5,23.5,23.5,23495.0
2017-04-11 16:00:00,CUDA,23.47,23.51,23.44,23.51,15083.0
2017-04-11 15:55:00,CUDA,23.45,23.5,23.45,23.47,10835.0
2017-04-11 15:50:00,CUDA,23.46,23.48,23.45,23.45,5872.0
2017-04-11 15:45:00,CUDA,23.48,23.48,23.43,23.455,4068.0
2017-04-11 15:40:00,CUDA,23.48,23.51,23.46,23.46,7144.0
2017-04-11 15:35:00,CUDA,23.45,23.48,23.43,23.48,4947.0
2017-04-11 15:30:00,CUDA,23.42,23.44,23.42,23.44,983.0
2017-04-11 15:25:00,CUDA,23.38,23.42,23.36,23.42,7298.0
2017-04-11 15:20:00,CUDA,23.4,23.4,23.35,23.38,1020.0
2017-04-11 15:15:00,CUDA,23.45,23.45,23.37,23.39,7965.0
2017-04-11 15:10:00,CUDA,23.44,23.46,23.44,23.46,1300.0
2017-04-11 15:05:00,CUDA,23.44,23.46,23.42,23.44,2450.0
2017-04-11 15:00:00,CUDA,23.49,23.5,23.48,23.48,500.0
2017-04-11 14:55:00,CUDA,23.44,23.49,23.43,23.49,1209.0
2017-04-11 14:50:00,CUDA,23.44,23.47,23.43,23.47,900.0
2017-04-11 14:45:00,CUDA,23.45,23.45,23.4161,23.43,1510.0
2017-04-11 14:40:00,CUDA,23.47,23.47,23.45,23.47,1951.0
2017-04-11 14:35:00,CUDA,23.47,23.48,23.46,23.4701,4104.0
2017-04-11 14:30:00,CUDA,23.37,23.47,23.37,23.47,2700.0
2017-04-11 14:25:00,CUDA,23.355,23.37,23.3437,23.36,1008.0
2017-04-11 14:20:00,CUDA,23.37,23.38,23.34,23.34,47100.0
2017-04-11 14:15:00,CUDA,23.37,23.38,23.34,23.37,2220.0
2017-04-11 14:10:00,CUDA,23.39,23.43,23.37,23.37,1786.0
2017-04-11 14:05:00,CUDA,23.41,23.41,23.35,23.35,500.0
2017-04-11 14:00:00,CUDA,23.42,23.43,23.4,23.43,2143.0
2017-04-11 13:55:00,CUDA,23.38,23.4,23.38,23.4,758.0
2017-04-11 13:50:00,CUDA,23.38,23.4,23.38,23.4,400.0
2017-04-11 13:45:00,CUDA,23.41,23.42,23.36,23.36,1120.0
2017-04-11 13:40:00,CUDA,23.39,23.42,23.39,23.42,300.0
2017-04-11 13:35:00,CUDA,23.39,23.4,23.35,23.35,900.0
2017-04-11 13:30:00,CUDA,23.39,23.4,23.39,23.4,500.0
2017-04-11 13:25:00,CUDA,23.41,23.41,23.39,23.39,810.0
2017-04-11 13:20:00,CUDA,23.45,23.45,23.42,23.42,700.0
2017-04-11 13:15:00,CUDA,23.43,23.47,23.43,23.43,2600.0
2017-04-11 13:10:00,CUDA,23.51,23.52,23.45,23.48,4042.0
2017-04-11 13:05:00,CUDA,23.46,23.5,23.45,23.5,2418.0
2017-04-11 13:00:00,CUDA,23.45,23.46,23.42,23.45,5000.0
2017-04-11 12:55:00,CUDA,23.3,23.43,23.3,23.43,3828.0
2017-04-11 12:50:00,CUDA,23.3,23.33,23.27,23.33,2921.0
2017-04-11 12:45:00,CUDA,23.31,23.31,23.31,23.31,500.0
2017-04-11 12:40:00,CUDA,23.34,23.34,23.3064,23.3064,1550.0
2017-04-11 12:35:00,CUDA,23.35,23.36,23.3232,23.34,900.0
2017-04-11 12:30:00,CUDA,23.34,23.35,23.33,23.35,300.0
2017-04-11 12:25:00,CUDA,23.34,23.38,23.33,23.38,1233.0
2017-04-11 12:20:00,CUDA,23.3192,23.34,23.31,23.31,1200.0
2017-04-11 12:15:00,CUDA,23.25,23.32,23.24,23.32,1523.0
2017-04-11 12:10:00,CUDA,23.25,23.2656,23.24,23.26,1450.0
2017-04-11 12:05:00,CUDA,23.25,23.28,23.21,23.27,3474.0
2017-04-11 12:00:00,CUDA,23.25,23.28,23.25,23.26,1400.0
2017-04-11 11:55:00,CUDA,23.24,23.29,23.24,23.25,1960.0
2017-04-11 11:50:00,CUDA,23.18,23.27,23.18,23.25,2400.0
2017-04-11 11:45:00,CUDA,23.23,23.23,23.18,23.18,1525.0
2017-04-11 11:40:00,CUDA,23.21,23.26,23.21,23.24,1000.0
2017-04-11 11:35:00,CUDA,23.17,23.2,23.16,23.2,439.0
2017-04-11 11:30:00,CUDA,23.15,23.15,23.11,23.13,991.0
2017-04-11 11:25:00,CUDA,23.12,23.13,23.11,23.13,800.0
2017-04-11 11:20:00,CUDA,23.1,23.16,23.1,23.16,1100.0
2017-04-11 11:15:00,CUDA,23.16,23.17,23.12,23.12,2427.0
2017-04-11 11:05:00,CUDA,23.13,23.18,23.12,23.17,2801.0
2017-04-11 11:00:00,CUDA,23.0991,23.13,23.0991,23.12,1150.0
2017-04-11 10:55:00,CUDA,23.12,23.16,23.1,23.1,1800.0
2017-04-11 10:50:00,CUDA,23.14,23.14,23.12,23.14,700.0
2017-04-11 10:45:00,CUDA,23.25,23.25,23.09,23.12,5463.0
2017-04-11 10:40:00,CUDA,23.2,23.25,23.16,23.25,1830.0
2017-04-11 10:35:00,CUDA,23.29,23.29,23.22,23.24,1600.0
2017-04-11 10:30:00,CUDA,23.29,23.3,23.25,23.29,1500.0
2017-04-11 10:25:00,CUDA,23.33,23.37,23.25,23.29,3525.0
2017-04-11 10:20:00,CUDA,23.26,23.37,23.2576,23.37,6350.0
2017-04-11 10:15:00,CUDA,23.3118,23.3118,23.27,23.28,2500.0
2017-04-11 10:10:00,CUDA,23.27,23.3,23.26,23.3,2318.0
2017-04-11 10:05:00,CUDA,23.16,23.27,23.15,23.26,3500.0
2017-04-11 10:00:00,CUDA,23.06,23.16,23.04,23.16,1400.0
2017-04-11 09:55:00,CUDA,23.0,23.05,22.93,23.05,2300.0
2017-04-11 09:50:00,CUDA,22.98,23.02,22.84,22.9895,2900.0
2017-04-11 09:45:00,CUDA,23.1224,23.1224,22.93,22.98,6378.0
2017-04-11 09:40:00,CUDA,23.28,23.28,23.03,23.11,1625.0
2017-04-11 09:35:00,CUDA,23.06,23.3,23.06,23.3,7237.0
2017-04-10 16:05:00,CUDA,23.13,23.13,23.13,23.13,21788.0
2017-04-10 16:00:00,CUDA,23.28,23.29,23.05,23.13,187204.0
2017-04-10 15:55:00,CUDA,23.31,23.32,23.28,23.285,16758.0
2017-04-10 15:50:00,CUDA,23.3,23.33,23.285,23.31,13210.0
2017-04-10 15:45:00,CUDA,23.35,23.35,23.31,23.31,5115.0
2017-04-10 15:40:00,CUDA,23.33,23.35,23.33,23.35,1620.0
2017-04-10 15:35:00,CUDA,23.33,23.35,23.3,23.331,6723.0
2017-04-10 15:30:00,CUDA,23.35,23.35,23.34,23.34,1000.0
2017-04-10 15:25:00,CUDA,23.34,23.34,23.31,23.34,2175.0
2017-04-10 15:20:00,CUDA,23.39,23.4,23.37,23.37,1033.0
2017-04-10 15:15:00,CUDA,23.41,23.41,23.38,23.38,1300.0
2017-04-10 15:10:00,CUDA,23.41,23.44,23.4,23.41,2721.0
2017-04-10 15:05:00,CUDA,23.39,23.41,23.385,23.41,3200.0
2017-04-10 15:00:00,CUDA,23.42,23.42,23.37,23.38,2969.0
2017-04-10 14:55:00,CUDA,23.44,23.46,23.42,23.46,1208.0
2017-04-10 14:50:00,CUDA,23.4,23.435,23.39,23.435,1562.0
2017-04-10 14:45:00,CUDA,23.38,23.39,23.35,23.39,1276.0
2017-04-10 14:40:00,CUDA,23.38,23.4,23.38,23.38,400.0
2017-04-10 14:35:00,CUDA,23.39,23.41,23.39,23.4045,1900.0
2017-04-10 14:30:00,CUDA,23.43,23.43,23.39,23.4,822.0
2017-04-10 14:25:00,CUDA,23.45,23.45,23.42,23.44,2300.0
2017-04-10 14:20:00,CUDA,23.46,23.46,23.43,23.43,1150.0
2017-04-10 14:15:00,CUDA,23.47,23.47,23.42,23.45,1600.0
2017-04-10 14:10:00,CUDA,23.45,23.46,23.4338,23.45,1100.0
2017-04-10 14:05:00,CUDA,23.51,23.51,23.43,23.43,2200.0
2017-04-10 14:00:00,CUDA,23.52,23.53,23.5,23.5,2800.0
2017-04-10 13:55:00,CUDA,23.51,23.511,23.48,23.511,3500.0
2017-04-10 13:50:00,CUDA,23.5619,23.5619,23.51,23.51,1750.0
2017-04-10 13:45:00,CUDA,23.56,23.57,23.55,23.57,600.0
2017-04-10 13:40:00,CUDA,23.56,23.6,23.55,23.57,2098.0
2017-04-10 13:35:00,CUDA,23.49,23.535,23.49,23.535,1100.0
2017-04-10 13:30:00,CUDA,23.52,23.53,23.5,23.5,700.0
2017-04-10 13:25:00,CUDA,23.4992,23.55,23.49,23.535,3312.0
2017-04-10 13:20:00,CUDA,23.49,23.51,23.47,23.48,3075.0
2017-04-10 13:15:00,CUDA,23.4789,23.5,23.46,23.5,1000.0
2017-04-10 13:10:00,CUDA,23.4899,23.52,23.4899,23.49,3700.0
2017-04-10 13:05:00,CUDA,23.4899,23.49,23.48,23.48,428.0
2017-04-10 13:00:00,CUDA,23.48,23.49,23.48,23.48,400.0
2017-04-10 12:55:00,CUDA,23.49,23.5,23.48,23.49,1100.0
2017-04-10 12:50:00,CUDA,23.45,23.49,23.45,23.48,3100.0
2017-04-10 12:45:00,CUDA,23.46,23.4798,23.45,23.46,900.0
2017-04-10 12:40:00,CUDA,23.46,23.4626,23.45,23.45,1100.0
2017-04-10 12:35:00,CUDA,23.4,23.5,23.4,23.46,2587.0
2017-04-10 12:30:00,CUDA,23.44,23.44,23.43,23.43,200.0
2017-04-10 12:25:00,CUDA,23.39,23.39,23.37,23.38,1500.0
2017-04-10 12:20:00,CUDA,23.4096,23.41,23.4096,23.41,533.0
2017-04-10 12:15:00,CUDA,23.41,23.41,23.335,23.36,1600.0
2017-04-10 12:10:00,CUDA,23.42,23.44,23.4,23.4,1000.0
2017-04-10 12:05:00,CUDA,23.44,23.45,23.42,23.42,994.0
2017-04-10 12:00:00,CUDA,23.46,23.46,23.43,23.4498,2050.0
2017-04-10 11:55:00,CUDA,23.49,23.5,23.45,23.45,2310.0
2017-04-10 11:50:00,CUDA,23.48,23.5,23.46,23.48,1000.0
2017-04-10 11:45:00,CUDA,23.51,23.51,23.47,23.5,1500.0
2017-04-10 11:40:00,CUDA,23.5,23.52,23.5,23.51,900.0
2017-04-10 11:35:00,CUDA,23.61,23.61,23.52,23.52,1700.0
2017-04-10 11:30:00,CUDA,23.66,23.66,23.61,23.62,800.0
2017-04-10 11:25:00,CUDA,23.65,23.68,23.62,23.68,2899.0
2017-04-10 11:20:00,CUDA,23.62,23.65,23.61,23.63,1200.0
2017-04-10 11:15:00,CUDA,23.59,23.615,23.59,23.59,875.0
2017-04-10 11:10:00,CUDA,23.56,23.57,23.54,23.56,1500.0
2017-04-10 11:05:00,CUDA,23.57,23.63,23.56,23.59,4700.0
2017-04-10 11:00:00,CUDA,23.62,23.62,23.51,23.56,7682.0
2017-04-10 10:55:00,CUDA,23.63,23.63,23.58,23.59,800.0
2017-04-10 10:50:00,CUDA,23.67,23.69,23.65,23.66,1700.0
2017-04-10 10:45:00,CUDA,23.64,23.69,23.63,23.67,3027.0
2017-04-10 10:40:00,CUDA,23.76,23.76,23.68,23.68,1500.0
2017-04-10 10:35:00,CUDA,23.73,23.81,23.73,23.7499,4609.0
2017-04-10 10:30:00,CUDA,23.74,23.75,23.69,23.75,4158.0
2017-04-10 10:25:00,CUDA,23.74,23.74,23.72,23.73,1328.0
2017-04-10 10:20:00,CUDA,23.72,23.76,23.7,23.73,1456.0
2017-04-10 10:15:00,CUDA,23.72,23.75,23.7,23.745,1200.0
2017-04-10 10:10:00,CUDA,23.71,23.78,23.71,23.73,3534.0
2017-04-10 10:05:00,CUDA,23.72,23.74,23.64,23.74,3493.0
2017-04-10 10:00:00,CUDA,23.64,23.75,23.58,23.75,3911.0
2017-04-10 09:55:00,CUDA,23.5876,23.64,23.55,23.64,4488.0
2017-04-10 09:50:00,CUDA,23.5,23.59,23.49,23.58,3403.0
2017-04-10 09:45:00,CUDA,23.43,23.51,23.43,23.51,3399.0
2017-04-10 09:40:00,CUDA,23.49,23.5,23.49,23.5,600.0
2017-04-10 09:35:00,CUDA,23.37,23.4639,23.35,23.43,4166.0
2017-04-07 16:20:00,CUDA,23.36,23.36,23.36,23.36,46658.0
2017-04-07 16:05:00,CUDA,23.36,23.36,23.36,23.36,69909.0
2017-04-07 16:00:00,CUDA,23.31,23.37,23.3,23.36,37258.0
2017-04-07 15:55:00,CUDA,23.3,23.31,23.29,23.31,7345.0
2017-04-07 15:50:00,CUDA,23.29,23.31,23.29,23.3,4243.0
2017-04-07 15:45:00,CUDA,23.29,23.31,23.29,23.31,4997.0
2017-04-07 15:40:00,CUDA,23.29,23.3,23.29,23.3,1560.0
2017-04-07 15:35:00,CUDA,23.32,23.32,23.28,23.29,2100.0
2017-04-07 15:30:00,CUDA,23.31,23.32,23.3,23.3199,1000.0
2017-04-07 15:25:00,CUDA,23.3,23.32,23.3,23.31,1700.0
2017-04-07 15:20:00,CUDA,23.27,23.32,23.27,23.32,1100.0
2017-04-07 15:15:00,CUDA,23.27,23.27,23.25,23.26,1600.0
2017-04-07 15:10:00,CUDA,23.26,23.27,23.25,23.27,800.0
2017-04-07 15:05:00,CUDA,23.26,23.27,23.25,23.26,1487.0
2017-04-07 15:00:00,CUDA,23.27,23.27,23.27,23.27,700.0
2017-04-07 14:55:00,CUDA,23.279,23.279,23.25,23.26,715.0
2017-04-07 14:50:00,CUDA,23.29,23.29,23.25,23.25,600.0
2017-04-07 14:45:00,CUDA,23.29,23.32,23.28,23.29,1800.0
2017-04-07 14:40:00,CUDA,23.24,23.32,23.24,23.32,3800.0
2017-04-07 14:35:00,CUDA,23.28,23.28,23.25,23.26,400.0
2017-04-07 14:30:00,CUDA,23.28,23.29,23.25,23.25,1000.0
2017-04-07 14:25:00,CUDA,23.26,23.2932,23.23,23.28,2600.0
2017-04-07 14:20:00,CUDA,23.29,23.29,23.27,23.2799,3813.0
2017-04-07 14:15:00,CUDA,23.31,23.31,23.3,23.3,1000.0
2017-04-07 14:05:00,CUDA,23.31,23.33,23.31,23.32,1000.0
2017-04-07 14:00:00,CUDA,23.3,23.3,23.29,23.29,900.0
2017-04-07 13:55:00,CUDA,23.29,23.29,23.29,23.29,300.0
2017-04-07 13:50:00,CUDA,23.34,23.34,23.3,23.3,700.0
2017-04-07 13:45:00,CUDA,23.34,23.34,23.295,23.33,1600.0
2017-04-07 13:40:00,CUDA,23.38,23.38,23.34,23.35,700.0
2017-04-07 13:35:00,CUDA,23.41,23.42,23.37,23.37,1600.0
2017-04-07 13:30:00,CUDA,23.37,23.4,23.36,23.4,800.0
2017-04-07 13:25:00,CUDA,23.41,23.41,23.41,23.41,100.0
2017-04-07 13:20:00,CUDA,23.38,23.39,23.37,23.39,800.0
2017-04-07 13:15:00,CUDA,23.4186,23.4186,23.4,23.4,400.0
2017-04-07 13:10:00,CUDA,23.39,23.4127,23.39,23.4127,2300.0
2017-04-07 13:05:00,CUDA,23.4,23.4,23.39,23.39,2330.0
2017-04-07 13:00:00,CUDA,23.378,23.4,23.378,23.39,1695.0
2017-04-07 12:55:00,CUDA,23.35,23.37,23.35,23.37,1200.0
2017-04-07 12:50:00,CUDA,23.35,23.35,23.35,23.35,300.0
2017-04-07 12:45:00,CUDA,23.37,23.37,23.35,23.35,2095.0
2017-04-07 12:40:00,CUDA,23.37,23.39,23.37,23.39,1449.0
2017-04-07 12:35:00,CUDA,23.36,23.37,23.34,23.3634,2900.0
2017-04-07 12:30:00,CUDA,23.36,23.36,23.34,23.34,600.0
2017-04-07 12:25:00,CUDA,23.3599,23.3599,23.34,23.35,600.0
2017-04-07 12:20:00,CUDA,23.37,23.37,23.35,23.35,1347.0
2017-04-07 12:15:00,CUDA,23.36,23.36,23.36,23.36,100.0
2017-04-07 12:10:00,CUDA,23.36,23.36,23.36,23.36,200.0
2017-04-07 12:05:00,CUDA,23.32,23.37,23.32,23.37,1225.0
2017-04-07 12:00:00,CUDA,23.3153,23.3153,23.3153,23.3153,100.0
2017-04-07 11:55:00,CUDA,23.3,23.31,23.28,23.31,1626.0
2017-04-07 11:50:00,CUDA,23.29,23.3,23.2792,23.3,1149.0
2017-04-07 11:45:00,CUDA,23.281,23.29,23.27,23.27,2379.0
2017-04-07 11:40:00,CUDA,23.28,23.29,23.27,23.27,1129.0
2017-04-07 11:35:00,CUDA,23.29,23.29,23.26,23.26,1150.0
2017-04-07 11:30:00,CUDA,23.309,23.33,23.27,23.27,975.0
2017-04-07 11:25:00,CUDA,23.3,23.32,23.3,23.32,1030.0
2017-04-07 11:15:00,CUDA,23.23,23.27,23.2,23.27,4100.0
2017-04-07 11:10:00,CUDA,23.26,23.26,23.23,23.23,1929.0
2017-04-07 11:05:00,CUDA,23.28,23.28,23.245,23.245,929.0
2017-04-07 11:00:00,CUDA,23.25,23.27,23.23,23.27,1100.0
2017-04-07 10:55:00,CUDA,23.31,23.31,23.275,23.275,400.0
2017-04-07 10:50:00,CUDA,23.3,23.37,23.3,23.32,1100.0
2017-04-07 10:45:00,CUDA,23.32,23.32,23.29,23.29,400.0
2017-04-07 10:40:00,CUDA,23.26,23.35,23.24,23.35,1490.0
2017-04-07 10:35:00,CUDA,23.181,23.24,23.181,23.24,3500.0
2017-04-07 10:30:00,CUDA,23.23,23.26,23.23,23.26,500.0
2017-04-07 10:25:00,CUDA,23.25,23.25,23.22,23.22,700.0
2017-04-07 10:15:00,CUDA,23.2,23.25,23.2,23.25,1822.0
2017-04-07 10:10:00,CUDA,23.21,23.22,23.17,23.21,1398.0
2017-04-07 10:05:00,CUDA,23.04,23.15,23.03,23.15,4313.0
2017-04-07 10:00:00,CUDA,23.01,23.015,23.01,23.015,500.0
2017-04-07 09:55:00,CUDA,23.06,23.11,23.02,23.05,900.0
2017-04-07 09:50:00,CUDA,23.1,23.2,23.05,23.05,1000.0
2017-04-07 09:45:00,CUDA,23.26,23.26,23.22,23.22,800.0
2017-04-07 09:40:00,CUDA,23.22,23.31,23.22,23.31,800.0
2017-04-07 09:35:00,CUDA,23.22,23.22,23.22,23.22,3864.0
2017-04-06 16:05:00,CUDA,23.22,23.22,23.22,23.22,26513.0
2017-04-06 16:00:00,CUDA,23.24,23.24,23.21,23.23,18865.0
2017-04-06 15:55:00,CUDA,23.17,23.24,23.17,23.235,15347.0
2017-04-06 15:50:00,CUDA,23.12,23.18,23.11,23.18,17202.0
2017-04-06 15:45:00,CUDA,23.14,23.14,23.1,23.12,7087.0
2017-04-06 15:40:00,CUDA,23.12,23.13,23.11,23.112,5580.0
2017-04-06 15:35:00,CUDA,23.16,23.17,23.09,23.11,4437.0
2017-04-06 15:30:00,CUDA,23.18,23.2,23.16,23.17,5211.0
2017-04-06 15:25:00,CUDA,23.22,23.22,23.16,23.16,1700.0
2017-04-06 15:20:00,CUDA,23.21,23.23,23.19,23.23,2800.0
2017-04-06 15:15:00,CUDA,23.18,23.21,23.18,23.21,2600.0
2017-04-06 15:10:00,CUDA,23.18,23.18,23.16,23.18,2600.0
2017-04-06 15:05:00,CUDA,23.195,23.21,23.17,23.21,3400.0
2017-04-06 15:00:00,CUDA,23.19,23.23,23.1601,23.185,11163.0
2017-04-06 14:55:00,CUDA,23.13,23.18,23.13,23.18,6500.0
2017-04-06 14:50:00,CUDA,23.19,23.19,23.13,23.13,800.0
2017-04-06 14:45:00,CUDA,23.15,23.16,23.1352,23.16,1100.0
2017-04-06 14:40:00,CUDA,23.11,23.135,23.11,23.13,1100.0
2017-04-06 14:35:00,CUDA,23.09,23.11,23.09,23.1,1600.0
2017-04-06 14:30:00,CUDA,23.1,23.1,23.0763,23.0763,2200.0
2017-04-06 14:25:00,CUDA,23.13,23.13,23.1,23.1,300.0
2017-04-06 14:20:00,CUDA,23.12,23.1401,23.12,23.14,1100.0
2017-04-06 14:15:00,CUDA,23.13,23.13,23.09,23.11,2911.0
2017-04-06 14:10:00,CUDA,23.09,23.14,23.07,23.13,7436.0
2017-04-06 14:05:00,CUDA,23.1,23.11,23.1,23.1,1400.0
2017-04-06 14:00:00,CUDA,23.08,23.09,23.08,23.08,900.0
2017-04-06 13:55:00,CUDA,23.08,23.1399,23.08,23.1399,1199.0
2017-04-06 13:50:00,CUDA,23.09,23.09,23.0565,23.08,3399.0
2017-04-06 13:45:00,CUDA,23.09,23.1,23.07,23.09,1400.0
2017-04-06 13:40:00,CUDA,23.12,23.125,23.08,23.08,1000.0
2017-04-06 13:35:00,CUDA,23.13,23.13,23.07,23.11,2382.0
2017-04-06 13:30:00,CUDA,23.13,23.13,23.13,23.13,600.0
2017-04-06 13:25:00,CUDA,23.1,23.12,23.1,23.11,900.0
2017-04-06 13:20:00,CUDA,23.05,23.11,23.05,23.105,1000.0
2017-04-06 13:10:00,CUDA,23.02,23.02,23.01,23.02,620.0
2017-04-06 13:05:00,CUDA,23.05,23.05,23.01,23.02,1899.0
2017-04-06 13:00:00,CUDA,23.01,23.07,23.01,23.07,1700.0
2017-04-06 12:55:00,CUDA,23.028,23.028,23.028,23.028,100.0
2017-04-06 12:50:00,CUDA,23.04,23.05,23.02,23.02,500.0
2017-04-06 12:45:00,CUDA,23.05,23.08,23.03,23.03,6000.0
2017-04-06 12:40:00,CUDA,23.1,23.1,22.98,23.0383,17683.0
2017-04-06 12:35:00,CUDA,23.13,23.18,23.1,23.1,19890.0
2017-04-06 12:30:00,CUDA,23.17,23.17,23.09,23.13,24346.0
2017-04-06 12:25:00,CUDA,23.13,23.19,23.13,23.17,1800.0
2017-04-06 12:20:00,CUDA,23.14,23.15,23.13,23.135,800.0
2017-04-06 12:15:00,CUDA,23.17,23.17,23.15,23.15,300.0
2017-04-06 12:10:00,CUDA,23.13,23.23,23.13,23.17,2837.0
2017-04-06 12:05:00,CUDA,23.11,23.14,23.11,23.11,1200.0
2017-04-06 12:00:00,CUDA,23.08,23.13,23.07,23.1,7842.0
2017-04-06 11:55:00,CUDA,23.07,23.09,23.06,23.0899,1800.0
2017-04-06 11:50:00,CUDA,23.08,23.09,23.0653,23.07,1300.0
2017-04-06 11:45:00,CUDA,23.08,23.11,23.08,23.09,6778.0
2017-04-06 11:40:00,CUDA,23.07,23.09,23.07,23.08,2825.0
2017-04-06 11:35:00,CUDA,23.124,23.124,23.07,23.08,2266.0
2017-04-06 11:30:00,CUDA,23.1,23.145,23.0999,23.135,1000.0
2017-04-06 11:25:00,CUDA,22.98,23.0702,22.98,23.07,2050.0
2017-04-06 11:20:00,CUDA,22.95,22.99,22.93,22.99,9200.0
2017-04-06 11:15:00,CUDA,22.93,22.97,22.93,22.95,18945.0
2017-04-06 11:10:00,CUDA,22.915,22.93,22.9,22.92,3800.0
2017-04-06 11:05:00,CUDA,22.94,22.94,22.91,22.91,3398.0
2017-04-06 11:00:00,CUDA,22.94,22.94,22.93,22.93,1500.0
2017-04-06 10:55:00,CUDA,22.94,22.94,22.92,22.92,1300.0
2017-04-06 10:50:00,CUDA,22.9,22.95,22.9,22.91,1000.0
2017-04-06 10:45:00,CUDA,22.85,22.87,22.85,22.87,1050.0
2017-04-06 10:40:00,CUDA,22.94,22.956,22.895,22.93,4600.0
2017-04-06 10:35:00,CUDA,22.98,22.98,22.94,22.94,400.0
2017-04-06 10:30:00,CUDA,22.9,22.945,22.895,22.945,900.0
2017-04-06 10:25:00,CUDA,22.975,22.99,22.9,22.9,1690.0
2017-04-06 10:20:00,CUDA,22.96,22.99,22.95,22.99,2241.0
2017-04-06 10:15:00,CUDA,22.98,23.07,22.97,22.98,3088.0
2017-04-06 10:10:00,CUDA,22.99,23.04,22.99,23.01,1300.0
2017-04-06 10:05:00,CUDA,23.07,23.07,22.9583,22.9583,939.0
2017-04-06 10:00:00,CUDA,23.08,23.1,23.05,23.08,1000.0
2017-04-06 09:55:00,CUDA,22.97,23.08,22.97,23.07,5788.0
2017-04-06 09:50:00,CUDA,23.03,23.03,22.92,22.94,3568.0
2017-04-06 09:45:00,CUDA,23.16,23.18,23.08,23.08,1582.0
2017-04-06 09:40:00,CUDA,23.03,23.21,23.03,23.21,1600.0
2017-04-06 09:35:00,CUDA,23.04,23.1,23.0295,23.0295,5754.0
2017-04-05 16:05:00,CUDA,23.0,23.0,23.0,23.0,38705.0
2017-04-05 16:00:00,CUDA,22.93,23.02,22.93,23.0,74337.0
2017-04-05 15:55:00,CUDA,22.94,22.96,22.87,22.93,32267.0
2017-04-05 15:50:00,CUDA,22.85,23.01,22.85,22.94,129382.0
2017-04-05 15:45:00,CUDA,22.84,22.86,22.82,22.84,8783.0
2017-04-05 15:40:00,CUDA,22.81,22.88,22.81,22.8422,8275.0
2017-04-05 15:35:00,CUDA,22.88,22.89,22.77,22.8,13973.0
2017-04-05 15:30:00,CUDA,22.92,22.92,22.86,22.87,4394.0
2017-04-05 15:25:00,CUDA,22.95,22.96,22.88,22.91,6716.0
2017-04-05 15:20:00,CUDA,22.975,22.975,22.93,22.94,12030.0
2017-04-05 15:15:00,CUDA,23.05,23.05,22.95,22.9851,11061.0
2017-04-05 15:10:00,CUDA,23.09,23.09,23.04,23.04,5853.0
2017-04-05 15:05:00,CUDA,23.05,23.1,23.05,23.08,8633.0
2017-04-05 15:00:00,CUDA,23.08,23.09,23.07,23.07,3311.0
2017-04-05 14:55:00,CUDA,23.0943,23.0943,23.04,23.0768,6590.0
2017-04-05 14:50:00,CUDA,23.2,23.2,23.09,23.09,2251.0
2017-04-05 14:45:00,CUDA,23.15,23.19,23.1001,23.1803,13538.0
2017-04-05 14:40:00,CUDA,23.27,23.27,23.15,23.15,13650.0
2017-04-05 14:35:00,CUDA,23.28,23.29,23.26,23.26,300.0
2017-04-05 14:30:00,CUDA,23.3,23.31,23.28,23.29,1990.0
2017-04-05 14:25:00,CUDA,23.33,23.335,23.27,23.27,1650.0
2017-04-05 14:20:00,CUDA,23.34,23.34,23.3253,23.33,1026.0
2017-04-05 14:15:00,CUDA,23.34,23.36,23.33,23.3478,788.0
2017-04-05 14:10:00,CUDA,23.34,23.345,23.33,23.345,2300.0
2017-04-05 14:05:00,CUDA,23.38,23.38,23.28,23.32,3700.0
2017-04-05 14:00:00,CUDA,23.39,23.39,23.38,23.38,600.0
2017-04-05 13:55:00,CUDA,23.4,23.41,23.39,23.41,700.0
2017-04-05 13:50:00,CUDA,23.38,23.4,23.38,23.4,1658.0
2017-04-05 13:45:00,CUDA,23.38,23.39,23.38,23.38,1300.0
2017-04-05 13:40:00,CUDA,23.41,23.41,23.39,23.39,1732.0
2017-04-05 13:35:00,CUDA,23.41,23.41,23.39,23.41,300.0
2017-04-05 13:30:00,CUDA,23.39,23.4,23.39,23.4,900.0
2017-04-05 13:25:00,CUDA,23.4,23.4,23.38,23.4,1200.0
2017-04-05 13:20:00,CUDA,23.42,23.43,23.41,23.41,800.0
2017-04-05 13:15:00,CUDA,23.4103,23.43,23.4103,23.42,1138.0
2017-04-05 13:10:00,CUDA,23.39,23.41,23.39,23.4,1100.0
2017-04-05 13:05:00,CUDA,23.33,23.37,23.33,23.359,3200.0
2017-04-05 13:00:00,CUDA,23.35,23.35,23.34,23.35,900.0
2017-04-05 12:55:00,CUDA,23.32,23.36,23.31,23.36,2235.0
2017-04-05 12:50:00,CUDA,23.3,23.31,23.29,23.29,17000.0
2017-04-05 12:45:00,CUDA,23.3,23.305,23.29,23.29,2200.0
2017-04-05 12:40:00,CUDA,23.29,23.3,23.29,23.29,1300.0
2017-04-05 12:35:00,CUDA,23.29,23.3,23.27,23.28,648.0
2017-04-05 12:30:00,CUDA,23.3,23.3,23.29,23.29,500.0
2017-04-05 12:25:00,CUDA,23.28,23.3,23.28,23.29,1324.0
2017-04-05 12:20:00,CUDA,23.27,23.27,23.25,23.26,2300.0
2017-04-05 12:15:00,CUDA,23.28,23.29,23.25,23.2742,3612.0
2017-04-05 12:10:00,CUDA,23.32,23.32,23.28,23.29,1200.0
2017-04-05 12:05:00,CUDA,23.33,23.33,23.31,23.31,800.0
2017-04-05 12:00:00,CUDA,23.32,23.33,23.31,23.33,1000.0
2017-04-05 11:55:00,CUDA,23.34,23.35,23.324,23.33,2693.0
2017-04-05 11:50:00,CUDA,23.33,23.345,23.31,23.31,3666.0
2017-04-05 11:45:00,CUDA,23.27,23.29,23.27,23.29,600.0
2017-04-05 11:40:00,CUDA,23.24,23.26,23.23,23.26,2800.0
2017-04-05 11:35:00,CUDA,23.2397,23.26,23.22,23.23,1808.0
2017-04-05 11:30:00,CUDA,23.275,23.29,23.24,23.26,2572.0
2017-04-05 11:25:00,CUDA,23.34,23.34,23.28,23.28,919.0
2017-04-05 11:20:00,CUDA,23.38,23.38,23.33,23.33,2296.0
2017-04-05 11:15:00,CUDA,23.37,23.4,23.36,23.37,2332.0
2017-04-05 11:10:00,CUDA,23.42,23.42,23.37,23.37,2558.0
2017-04-05 11:05:00,CUDA,23.38,23.4301,23.38,23.43,3148.0
2017-04-05 11:00:00,CUDA,23.45,23.45,23.38,23.38,3325.0
2017-04-05 10:55:00,CUDA,23.41,23.4644,23.38,23.4644,3347.0
2017-04-05 10:50:00,CUDA,23.36,23.47,23.36,23.39,2897.0
2017-04-05 10:45:00,CUDA,23.3,23.38,23.3,23.35,2318.0
2017-04-05 10:40:00,CUDA,23.33,23.36,23.27,23.27,2700.0
2017-04-05 10:35:00,CUDA,23.42,23.42,23.29,23.35,4181.0
2017-04-05 10:30:00,CUDA,23.45,23.45,23.42,23.425,600.0
2017-04-05 10:25:00,CUDA,23.45,23.47,23.44,23.46,2883.0
2017-04-05 10:20:00,CUDA,23.49,23.49,23.44,23.44,3794.0
2017-04-05 10:15:00,CUDA,23.51,23.51,23.51,23.51,100.0
2017-04-05 10:10:00,CUDA,23.54,23.54,23.51,23.51,575.0
2017-04-05 10:05:00,CUDA,23.57,23.59,23.55,23.565,3073.0
2017-04-05 10:00:00,CUDA,23.64,23.64,23.54,23.58,1609.0
2017-04-05 09:55:00,CUDA,23.72,23.76,23.65,23.65,3700.0
2017-04-05 09:50:00,CUDA,23.61,23.7,23.58,23.69,3195.0
2017-04-05 09:45:00,CUDA,23.52,23.59,23.52,23.59,1100.0
2017-04-05 09:40:00,CUDA,23.47,23.53,23.47,23.47,2000.0
2017-04-05 09:35:00,CUDA,23.5,23.54,23.47,23.47,4817.0
2017-04-04 16:05:00,CUDA,23.38,23.38,23.38,23.38,19877.0
2017-04-04 16:00:00,CUDA,23.385,23.41,23.36,23.38,14558.0
2017-04-04 15:55:00,CUDA,23.35,23.39,23.35,23.39,9043.0
2017-04-24 09:35:00,CUDA,20.42,20.42,20.21,20.3013,13324.0
2017-04-24 09:40:00,CUDA,20.29,20.33,20.06,20.12,7441.0
2017-04-24 09:45:00,CUDA,20.16,20.18,20.03,20.03,5891.0
2017-04-24 09:50:00,CUDA,20.0691,20.1,19.99,20.03,5150.0
2017-04-24 09:55:00,CUDA,20.03,20.05,20.01,20.02,4933.0
2017-04-24 10:00:00,CUDA,20.03,20.06,20.02,20.04,8675.0
2017-04-24 10:05:00,CUDA,20.04,20.05,20.0,20.0,6159.0
2017-04-24 10:10:00,CUDA,20.0,20.01,19.88,19.91,5344.0
2017-04-24 10:15:00,CUDA,19.91,19.95,19.9,19.95,6475.0
2017-04-24 10:20:00,CUDA,19.93,19.93,19.83,19.83,5624.0
2017-04-24 10:25:00,CUDA,19.84,19.87,19.84,19.87,3116.0
2017-04-24 10:30:00,CUDA,19.84,19.87,19.8389,19.84,4150.0
2017-04-24 10:35:00,CUDA,19.85,19.87,19.79,19.79,5176.0
2017-04-24 10:40:00,CUDA,19.81,19.81,19.8,19.8,1500.0
2017-04-24 10:45:00,CUDA,19.7983,19.81,19.76,19.79,3998.0
2017-04-24 10:50:00,CUDA,19.77,19.78,19.69,19.7,22447.0
2017-04-24 10:55:00,CUDA,19.73,19.81,19.73,19.8,4300.0
2017-04-24 11:00:00,CUDA,19.79,19.9,19.78,19.89,7595.0
2017-04-24 11:05:00,CUDA,19.878,19.92,19.86,19.92,12806.0
2017-04-24 11:10:00,CUDA,19.93,19.994,19.93,19.99,10725.0
2017-04-24 11:15:00,CUDA,19.99,20.04,19.99,19.99,4855.0
2017-04-24 11:20:00,CUDA,20.03,20.03,20.0,20.03,3600.0
2017-04-24 11:25:00,CUDA,20.03,20.11,20.03,20.09,5817.0
2017-04-24 11:30:00,CUDA,20.105,20.15,20.105,20.14,7366.0
2017-04-24 11:35:00,CUDA,20.15,20.2,20.15,20.19,10717.0
2017-04-24 11:40:00,CUDA,20.19,20.21,20.18,20.2,6069.0
2017-04-24 11:45:00,CUDA,20.2,20.25,20.19,20.25,7015.0
2017-04-24 11:50:00,CUDA,20.245,20.27,20.24,20.24,8063.0
2017-04-24 11:55:00,CUDA,20.24,20.24,20.21,20.2101,9192.0
2017-04-24 12:00:00,CUDA,20.22,20.22,20.18,20.21,5689.0
2017-04-24 12:05:00,CUDA,20.205,20.24,20.205,20.24,5546.0
2017-04-24 12:10:00,CUDA,20.245,20.3,20.24,20.3,6019.0
2017-04-24 12:15:00,CUDA,20.2999,20.31,20.29,20.29,10750.0
2017-04-24 12:20:00,CUDA,20.29,20.31,20.29,20.31,3600.0
2017-04-24 12:25:00,CUDA,20.31,20.36,20.31,20.34,18840.0
2017-04-24 12:30:00,CUDA,20.34,20.35,20.32,20.34,8890.0
2017-04-24 12:35:00,CUDA,20.32,20.36,20.32,20.3546,4898.0
2017-04-24 12:40:00,CUDA,20.35,20.37,20.35,20.37,4660.0
2017-04-24 12:45:00,CUDA,20.36,20.37,20.34,20.34,14019.0
2017-04-24 12:50:00,CUDA,20.34,20.35,20.31,20.324,9950.0
2017-04-24 12:55:00,CUDA,20.33,20.36,20.33,20.36,6233.0
2017-04-24 13:00:00,CUDA,20.36,20.36,20.34,20.35,5231.0
2017-04-24 13:05:00,CUDA,20.35,20.36,20.34,20.3599,3800.0
2017-04-24 13:10:00,CUDA,20.3546,20.36,20.33,20.34,7688.0
2017-04-24 13:15:00,CUDA,20.3399,20.35,20.3399,20.35,8597.0
2017-04-24 13:20:00,CUDA,20.35,20.35,20.34,20.35,3700.0
2017-04-24 13:25:00,CUDA,20.35,20.35,20.315,20.33,11789.0
2017-04-24 13:30:00,CUDA,20.34,20.34,20.29,20.3,7300.0
2017-04-24 13:35:00,CUDA,20.3099,20.32,20.295,20.315,11061.0
2017-04-24 13:40:00,CUDA,20.31,20.33,20.31,20.31,7631.0
2017-04-24 13:45:00,CUDA,20.3199,20.32,20.3,20.3,5734.0
2017-04-24 13:50:00,CUDA,20.3099,20.32,20.2976,20.32,6068.0
2017-04-24 13:55:00,CUDA,20.31,20.33,20.3,20.31,9806.0
2017-04-24 14:00:00,CUDA,20.3199,20.33,20.28,20.29,9500.0
2017-04-24 14:05:00,CUDA,20.29,20.33,20.29,20.3,7577.0
2017-04-24 14:10:00,CUDA,20.3,20.3,20.25,20.2625,5586.0
2017-04-24 14:15:00,CUDA,20.26,20.265,20.25,20.265,3418.0
2017-04-24 14:20:00,CUDA,20.26,20.29,20.24,20.24,5225.0
2017-04-24 14:25:00,CUDA,20.24,20.24,20.21,20.23,8303.0
2017-04-24 14:30:00,CUDA,20.22,20.25,20.22,20.25,9600.0
2017-04-24 14:35:00,CUDA,20.27,20.29,20.26,20.29,8420.0
2017-04-24 14:40:00,CUDA,20.2946,20.2999,20.25,20.2831,10400.0
2017-04-24 14:45:00,CUDA,20.29,20.29,20.2772,20.28,6541.0
2017-04-24 14:50:00,CUDA,20.2799,20.29,20.26,20.285,7002.0
2017-04-24 14:55:00,CUDA,20.2899,20.3,20.26,20.27,5998.0
2017-04-24 15:00:00,CUDA,20.2741,20.3,20.26,20.2948,7269.0
2017-04-24 15:05:00,CUDA,20.3,20.3,20.26,20.26,10206.0
2017-04-24 15:10:00,CUDA,20.27,20.3,20.27,20.29,6849.0
2017-04-24 15:15:00,CUDA,20.3,20.31,20.29,20.3,4964.0
2017-04-24 15:20:00,CUDA,20.29,20.2999,20.25,20.25,12572.0
2017-04-24 15:25:00,CUDA,20.26,20.27,20.24,20.26,8973.0
2017-04-24 15:30:00,CUDA,20.26,20.29,20.26,20.29,6752.0
2017-04-24 15:35:00,CUDA,20.285,20.2999,20.28,20.29,13450.0
2017-04-24 15:40:00,CUDA,20.29,20.29,20.27,20.27,8964.0
2017-04-24 15:45:00,CUDA,20.275,20.28,20.26,20.27,14719.0
2017-04-24 15:50:00,CUDA,20.26,20.29,20.26,20.27,37993.0
2017-04-24 15:55:00,CUDA,20.27,20.27,20.26,20.27,22403.0
2017-04-24 16:00:00,CUDA,20.265,20.27,20.24,20.25,62055.0
2017-04-24 16:05:00,CUDA,20.24,20.24,20.24,20.24,41640.0
2017-04-24 16:05:00,CUDA,20.24,20.24,20.24,20.24,41640.0
2017-04-24 16:00:00,CUDA,20.265,20.27,20.24,20.25,62055.0
2017-04-24 15:55:00,CUDA,20.27,20.27,20.26,20.27,22403.0
2017-04-17 15:35:00,CUDA,23.275,23.28,23.2,23.22,23685.0
2017-04-17 15:30:00,CUDA,23.25,23.2899,23.25,23.28,18582.0
2017-04-17 15:25:00,CUDA,23.25,23.265,23.22,23.26,10422.0
2017-04-17 15:20:00,CUDA,23.14,23.27,23.14,23.25,19267.0
2017-04-17 15:15:00,CUDA,23.09,23.14,23.07,23.12,16005.0
2017-04-17 15:10:00,CUDA,23.09,23.11,23.08,23.08,15692.0
2017-04-17 15:05:00,CUDA,23.0825,23.1,23.06,23.0999,11420.0
2017-04-17 15:00:00,CUDA,23.1428,23.1428,23.08,23.08,10237.0
2017-04-17 14:55:00,CUDA,23.1379,23.15,23.13,23.14,4000.0
2017-04-17 14:50:00,CUDA,23.14,23.165,23.13,23.13,12374.0
2017-04-17 14:45:00,CUDA,23.16,23.16,23.13,23.14,7061.0
2017-04-17 14:40:00,CUDA,23.24,23.24,23.15,23.155,19401.0
2017-04-17 14:35:00,CUDA,23.26,23.27,23.18,23.22,12696.0
2017-04-17 14:30:00,CUDA,23.25,23.25,23.21,23.24,6351.0
2017-04-17 14:25:00,CUDA,23.145,23.2666,23.145,23.2666,8485.0
2017-04-17 14:20:00,CUDA,23.115,23.16,23.11,23.16,5900.0
2017-04-17 14:15:00,CUDA,23.08,23.13,23.08,23.11,4873.0
2017-04-17 14:10:00,CUDA,23.1153,23.15,23.07,23.07,3783.0
2017-04-17 14:05:00,CUDA,22.935,23.14,22.93,23.14,14985.0
2017-04-17 14:00:00,CUDA,22.9152,22.96,22.89,22.95,7658.0
2017-04-17 13:55:00,CUDA,22.89,22.97,22.88,22.9152,18419.0
2017-04-17 13:50:00,CUDA,22.97,22.97,22.76,22.88,19354.0
2017-04-17 13:45:00,CUDA,22.972,22.98,22.96,22.9662,9400.0
2017-04-17 13:40:00,CUDA,22.99,22.99,22.96,22.9697,3304.0
2017-04-17 13:35:00,CUDA,22.97,22.99,22.97,22.974,4600.0
2017-04-17 13:30:00,CUDA,22.9999,23.0,22.97,22.97,4400.0
2017-04-17 13:25:00,CUDA,22.9848,23.0,22.97,22.99,5594.0
2017-04-17 13:20:00,CUDA,23.03,23.04,22.96,22.97,7050.0
2017-04-17 13:15:00,CUDA,23.03,23.05,23.0,23.04,16608.0
2017-04-17 13:10:00,CUDA,23.015,23.03,22.97,23.03,19343.0
2017-04-17 13:05:00,CUDA,23.02,23.02,23.01,23.01,4838.0
2017-04-17 13:00:00,CUDA,23.02,23.04,23.0166,23.0166,3950.0
2017-04-17 12:55:00,CUDA,23.0398,23.04,23.01,23.02,6337.0
2017-04-17 12:50:00,CUDA,23.06,23.07,23.05,23.05,1800.0
2017-04-17 12:45:00,CUDA,23.04,23.07,23.04,23.07,3480.0
2017-04-17 12:40:00,CUDA,23.1,23.1,23.04,23.04,5127.0
2017-04-17 12:35:00,CUDA,23.12,23.12,23.1092,23.11,1234.0
2017-04-17 12:30:00,CUDA,23.1,23.12,23.1,23.12,2500.0
2017-04-17 12:25:00,CUDA,23.1,23.1,23.07,23.1,1600.0
2017-04-17 12:20:00,CUDA,23.14,23.17,23.1,23.11,1700.0
2017-04-17 12:15:00,CUDA,23.12,23.17,23.12,23.14,2760.0
2017-04-17 12:10:00,CUDA,23.09,23.1,23.09,23.1,2100.0
2017-04-17 12:05:00,CUDA,23.109,23.109,23.07,23.08,2364.0
2017-04-17 12:00:00,CUDA,23.06,23.14,23.06,23.1099,4681.0
2017-04-17 11:55:00,CUDA,23.08,23.11,23.0784,23.09,3586.0
2017-04-17 11:50:00,CUDA,23.1068,23.11,23.04,23.08,4502.0
2017-04-17 11:45:00,CUDA,23.11,23.14,23.1,23.1,1300.0
2017-04-17 11:40:00,CUDA,23.13,23.1608,23.11,23.11,5870.0
2017-04-17 11:35:00,CUDA,23.2217,23.23,23.14,23.15,7700.0
2017-04-17 11:30:00,CUDA,23.21,23.23,23.21,23.22,3900.0
2017-04-17 11:25:00,CUDA,23.25,23.25,23.2,23.2192,4602.0
2017-04-17 11:20:00,CUDA,23.27,23.27,23.22,23.25,6053.0
2017-04-17 11:15:00,CUDA,23.2,23.26,23.19,23.26,3138.0
2017-04-17 11:10:00,CUDA,23.16,23.2,23.14,23.19,4800.0
2017-04-17 11:05:00,CUDA,23.0978,23.15,23.08,23.15,4135.0
2017-04-17 11:00:00,CUDA,23.04,23.11,23.04,23.1,5209.0
2017-04-17 10:55:00,CUDA,23.09,23.09,23.02,23.0227,4186.0
2017-04-17 10:50:00,CUDA,23.07,23.16,23.07,23.1,4931.0
2017-04-17 10:45:00,CUDA,23.015,23.08,23.015,23.08,3700.0
2017-04-17 10:40:00,CUDA,23.11,23.11,23.02,23.03,7057.0
2017-04-17 10:35:00,CUDA,23.165,23.185,23.11,23.13,11955.0
2017-04-17 10:30:00,CUDA,23.19,23.19,23.16,23.18,588.0
2017-04-17 10:25:00,CUDA,23.25,23.25,23.16,23.2,8777.0
2017-04-17 10:20:00,CUDA,23.22,23.35,23.2,23.2,9325.0
2017-04-17 10:15:00,CUDA,23.17,23.24,23.17,23.24,1190.0
2017-04-17 10:10:00,CUDA,23.22,23.22,23.13,23.17,10550.0
2017-04-17 10:05:00,CUDA,23.13,23.23,23.11,23.2236,6946.0
2017-04-17 10:00:00,CUDA,23.16,23.16,23.09,23.1,2100.0
2017-04-17 09:55:00,CUDA,23.2,23.2,23.1,23.17,2882.0
2017-04-17 09:50:00,CUDA,23.31,23.31,23.17,23.2097,5113.0
2017-04-17 09:45:00,CUDA,23.31,23.37,23.25,23.2504,19868.0
2017-04-17 09:40:00,CUDA,23.46,23.46,23.28,23.33,21948.0
2017-04-17 09:35:00,CUDA,23.26,23.5,23.23,23.4,13457.0
2017-04-13 18:00:00,CUDA,23.1,23.1,23.1,23.1,100.0
2017-04-13 16:45:00,CUDA,23.28,23.3,23.28,23.3,500.0
2017-04-13 16:15:00,CUDA,23.16,23.16,23.16,23.16,400.0
2017-04-13 16:05:00,CUDA,23.16,23.16,23.16,23.16,40882.0
2017-04-13 16:00:00,CUDA,23.18,23.21,23.16,23.17,32358.0
2017-04-13 15:55:00,CUDA,23.21,23.21,23.18,23.18,12455.0
2017-04-13 15:50:00,CUDA,23.17,23.22,23.13,23.22,18079.0
2017-04-13 15:45:00,CUDA,23.175,23.19,23.17,23.17,12230.0
2017-04-13 15:40:00,CUDA,23.16,23.19,23.16,23.18,8579.0
2017-04-13 15:35:00,CUDA,23.2,23.22,23.16,23.16,6463.0
2017-04-13 15:30:00,CUDA,23.22,23.23,23.2,23.21,4040.0
2017-04-13 15:25:00,CUDA,23.2,23.22,23.2,23.2,4279.0
2017-04-13 15:20:00,CUDA,23.19,23.2,23.1799,23.2,5825.0
2017-04-13 15:15:00,CUDA,23.23,23.23,23.19,23.19,3000.0
2017-04-13 15:10:00,CUDA,23.27,23.27,23.2157,23.2157,5636.0
2017-04-13 15:05:00,CUDA,23.24,23.28,23.23,23.28,2900.0
2017-04-13 15:00:00,CUDA,23.24,23.26,23.24,23.25,2700.0
2017-04-13 14:55:00,CUDA,23.235,23.25,23.23,23.25,2300.0
2017-04-13 14:50:00,CUDA,23.21,23.25,23.21,23.24,3687.0
2017-04-13 14:45:00,CUDA,23.19,23.22,23.19,23.215,4600.0
2017-04-13 14:40:00,CUDA,23.2,23.2,23.16,23.19,6300.0
2017-04-13 14:35:00,CUDA,23.13,23.2,23.12,23.19,3644.0
2017-04-13 14:30:00,CUDA,23.23,23.24,23.12,23.13,4885.0
2017-04-13 14:25:00,CUDA,23.22,23.25,23.21,23.24,3800.0
2017-04-13 14:20:00,CUDA,23.215,23.26,23.21,23.21,3866.0
2017-04-13 14:15:00,CUDA,23.22,23.26,23.21,23.2116,9806.0
2017-04-13 14:10:00,CUDA,23.2098,23.22,23.2,23.22,3000.0
2017-04-13 14:05:00,CUDA,23.17,23.21,23.155,23.21,5100.0
2017-04-13 14:00:00,CUDA,23.2,23.21,23.18,23.18,2400.0
2017-04-13 13:55:00,CUDA,23.165,23.23,23.15,23.23,1800.0
2017-04-13 13:50:00,CUDA,23.17,23.195,23.11,23.1815,4700.0
2017-04-13 13:45:00,CUDA,23.25,23.27,23.21,23.21,5608.0
2017-04-13 13:40:00,CUDA,23.25,23.26,23.2,23.24,7632.0
2017-04-13 13:35:00,CUDA,23.19,23.25,23.19,23.25,5200.0
2017-04-13 13:30:00,CUDA,23.2,23.23,23.19,23.19,5480.0
2017-04-13 13:25:00,CUDA,23.23,23.25,23.2,23.2,2600.0
2017-04-13 13:20:00,CUDA,23.25,23.25,23.21,23.22,1410.0
2017-04-13 13:15:00,CUDA,23.225,23.25,23.22,23.25,4000.0
2017-04-13 13:10:00,CUDA,23.27,23.28,23.21,23.24,3494.0
2017-04-13 13:05:00,CUDA,23.35,23.37,23.2701,23.28,5150.0
2017-04-13 13:00:00,CUDA,23.35,23.36,23.32,23.32,3099.0
2017-04-13 12:55:00,CUDA,23.37,23.37,23.34,23.35,2900.0
2017-04-13 12:50:00,CUDA,23.4,23.4,23.35,23.36,4045.0
2017-04-13 12:45:00,CUDA,23.42,23.43,23.35,23.39,27711.0
2017-04-13 12:40:00,CUDA,23.425,23.43,23.41,23.415,2840.0
2017-04-13 12:35:00,CUDA,23.43,23.45,23.42,23.42,2700.0
2017-04-13 12:30:00,CUDA,23.48,23.48,23.42,23.42,2000.0
2017-04-13 12:25:00,CUDA,23.41,23.47,23.41,23.47,2700.0
2017-04-13 12:20:00,CUDA,23.49,23.51,23.45,23.45,3289.0
2017-04-13 12:15:00,CUDA,23.51,23.53,23.46,23.53,2100.0
2017-04-13 12:10:00,CUDA,23.53,23.53,23.46,23.5,7845.0
2017-04-13 12:05:00,CUDA,23.53,23.53,23.5,23.525,4800.0
2017-04-13 12:00:00,CUDA,23.58,23.58,23.5,23.55,5648.0
2017-04-13 11:55:00,CUDA,23.54,23.6,23.53,23.59,4210.0
2017-04-13 11:50:00,CUDA,23.53,23.56,23.53,23.535,2100.0
2017-04-13 11:45:00,CUDA,23.57,23.57,23.5,23.56,3800.0
2017-04-13 11:40:00,CUDA,23.64,23.65,23.57,23.5737,4469.0
2017-04-13 11:35:00,CUDA,23.73,23.73,23.635,23.68,4922.0
2017-04-13 11:30:00,CUDA,23.57,23.78,23.55,23.76,54308.0
2017-04-13 11:25:00,CUDA,23.29,23.57,23.29,23.54,13509.0
2017-04-13 11:20:00,CUDA,23.25,23.35,23.23,23.33,9224.0
2017-04-13 11:15:00,CUDA,23.29,23.3,23.255,23.255,2410.0
2017-04-13 11:10:00,CUDA,23.3,23.33,23.29,23.29,2438.0
2017-04-13 11:05:00,CUDA,23.33,23.34,23.3,23.3,3800.0
2017-04-13 11:00:00,CUDA,23.33,23.33,23.3,23.3,1800.0
2017-04-13 10:55:00,CUDA,23.26,23.3312,23.26,23.3312,3458.0
2017-04-13 10:50:00,CUDA,23.29,23.31,23.26,23.26,3100.0
2017-04-13 10:45:00,CUDA,23.26,23.31,23.25,23.31,2400.0
2017-04-13 10:40:00,CUDA,23.27,23.3,23.24,23.26,3820.0
2017-04-13 10:35:00,CUDA,23.25,23.2914,23.25,23.28,3263.0
2017-04-13 10:30:00,CUDA,23.27,23.29,23.26,23.27,2550.0
2017-04-13 10:25:00,CUDA,23.33,23.3572,23.26,23.29,7100.0
2017-04-13 10:20:00,CUDA,23.33,23.39,23.31,23.36,5619.0
2017-04-13 10:15:00,CUDA,23.32,23.36,23.32,23.33,2200.0
2017-04-13 10:10:00,CUDA,23.37,23.41,23.34,23.34,5430.0
2017-04-13 10:05:00,CUDA,23.365,23.4105,23.33,23.375,2600.0
2017-04-13 10:00:00,CUDA,23.25,23.42,23.25,23.38,4500.0
2017-04-13 09:55:00,CUDA,23.265,23.421,23.25,23.2733,7250.0
2017-04-13 09:50:00,CUDA,23.325,23.325,23.22,23.255,6505.0
2017-04-13 09:45:00,CUDA,23.3699,23.4,23.23,23.25,3081.0
2017-04-13 09:40:00,CUDA,23.37,23.38,23.33,23.33,1304.0
2017-04-13 09:35:00,CUDA,23.26,23.335,23.1615,23.3098,6943.0
2017-04-12 19:55:00,CUDA,23.25,23.25,23.25,23.25,250.0
2017-04-12 16:05:00,CUDA,23.22,23.22,23.22,23.22,19896.0
2017-04-12 16:00:00,CUDA,23.22,23.26,23.21,23.24,30633.0
2017-04-12 15:55:00,CUDA,23.14,23.22,23.14,23.22,11618.0
2017-04-12 15:50:00,CUDA,23.13,23.15,23.09,23.15,9232.0
2017-04-12 15:45:00,CUDA,23.17,23.175,23.135,23.135,6939.0
2017-04-12 15:40:00,CUDA,23.21,23.21,23.17,23.18,5134.0
2017-04-12 15:35:00,CUDA,23.205,23.21,23.175,23.2,5300.0
2017-04-12 15:30:00,CUDA,23.2,23.2,23.18,23.2,1935.0
2017-04-12 15:25:00,CUDA,23.15,23.22,23.15,23.21,2980.0
2017-04-12 15:20:00,CUDA,23.21,23.21,23.16,23.17,3450.0
2017-04-12 15:15:00,CUDA,23.22,23.24,23.2,23.2,2872.0
2017-04-12 15:10:00,CUDA,23.21,23.21,23.19,23.19,3346.0
2017-04-12 15:05:00,CUDA,23.21,23.22,23.21,23.2175,2790.0
2017-04-12 15:00:00,CUDA,23.2,23.2275,23.19,23.21,3800.0
2017-04-12 14:55:00,CUDA,23.155,23.2,23.155,23.185,2100.0
2017-04-12 14:50:00,CUDA,23.18,23.2,23.16,23.16,2130.0
2017-04-12 14:45:00,CUDA,23.23,23.23,23.19,23.2,1800.0
2017-04-12 14:40:00,CUDA,23.25,23.28,23.24,23.24,2600.0
2017-04-12 14:35:00,CUDA,23.23,23.26,23.23,23.255,2800.0
2017-04-12 14:30:00,CUDA,23.25,23.25,23.23,23.24,800.0
2017-04-12 14:25:00,CUDA,23.27,23.28,23.26,23.26,500.0
2017-04-12 14:20:00,CUDA,23.29,23.29,23.29,23.29,200.0
2017-04-12 14:15:00,CUDA,23.28,23.3099,23.28,23.3,2500.0
2017-04-12 14:10:00,CUDA,23.31,23.31,23.3,23.3,600.0
2017-04-12 14:05:00,CUDA,23.34,23.34,23.3,23.3,2170.0
2017-04-12 14:00:00,CUDA,23.26,23.32,23.26,23.32,2575.0
2017-04-12 13:55:00,CUDA,23.28,23.28,23.26,23.27,1700.0
2017-04-12 13:50:00,CUDA,23.29,23.29,23.25,23.29,2570.0
2017-04-12 13:45:00,CUDA,23.24,23.3,23.24,23.29,2590.0
2017-04-12 13:40:00,CUDA,23.19,23.24,23.19,23.24,2719.0
2017-04-12 13:35:00,CUDA,23.22,23.23,23.18,23.19,2500.0
2017-04-12 13:30:00,CUDA,23.255,23.26,23.2175,23.2175,2504.0
2017-04-12 13:25:00,CUDA,23.26,23.28,23.22,23.27,14822.0
2017-04-12 13:20:00,CUDA,23.26,23.28,23.26,23.27,1163.0
2017-04-12 13:15:00,CUDA,23.32,23.32,23.26,23.26,1104.0
2017-04-12 13:10:00,CUDA,23.32,23.34,23.29,23.32,3600.0
2017-04-12 13:05:00,CUDA,23.29,23.36,23.29,23.34,2568.0
2017-04-12 13:00:00,CUDA,23.3,23.31,23.29,23.29,600.0
2017-04-12 12:55:00,CUDA,23.38,23.38,23.26,23.26,2700.0
2017-04-12 12:50:00,CUDA,23.32,23.38,23.32,23.36,3900.0
2017-04-12 12:45:00,CUDA,23.3,23.33,23.2801,23.33,5600.0
2017-04-12 12:40:00,CUDA,23.27,23.31,23.26,23.31,4529.0
2017-04-12 12:35:00,CUDA,23.26,23.31,23.25,23.27,9775.0
2017-04-12 12:30:00,CUDA,23.23,23.27,23.23,23.23,600.0
2017-04-12 12:25:00,CUDA,23.27,23.28,23.23,23.23,1200.0
2017-04-12 12:20:00,CUDA,23.32,23.32,23.28,23.3,600.0
2017-04-12 12:15:00,CUDA,23.27,23.27,23.25,23.25,456.0
2017-04-12 12:10:00,CUDA,23.29,23.29,23.26,23.26,700.0
2017-04-12 12:05:00,CUDA,23.28,23.29,23.23,23.26,1841.0
2017-04-12 12:00:00,CUDA,23.2,23.29,23.2,23.29,2456.0
2017-04-12 11:55:00,CUDA,23.22,23.24,23.2,23.2,5911.0
2017-04-12 11:50:00,CUDA,23.21,23.23,23.21,23.23,600.0
2017-04-12 11:45:00,CUDA,23.2613,23.27,23.25,23.25,800.0
2017-04-12 11:40:00,CUDA,23.25,23.29,23.2,23.2,2175.0
2017-04-12 11:35:00,CUDA,23.3,23.3,23.25,23.26,600.0
2017-04-12 11:30:00,CUDA,23.275,23.29,23.26,23.28,1300.0
2017-04-12 11:25:00,CUDA,23.32,23.32,23.23,23.25,5758.0
2017-04-12 11:20:00,CUDA,23.2844,23.33,23.2844,23.31,800.0
2017-04-12 11:15:00,CUDA,23.3,23.3,23.22,23.26,2090.0
2017-04-12 11:10:00,CUDA,23.27,23.34,23.27,23.3,1689.0
2017-04-12 11:05:00,CUDA,23.23,23.26,23.21,23.25,2532.0
2017-04-12 11:00:00,CUDA,23.3399,23.3399,23.25,23.25,3067.0
2017-04-12 10:55:00,CUDA,23.27,23.3199,23.26,23.31,2500.0
2017-04-12 10:50:00,CUDA,23.29,23.29,23.2,23.29,1300.0
2017-04-12 10:45:00,CUDA,23.406,23.406,23.31,23.32,3275.0
2017-04-12 10:40:00,CUDA,23.48,23.48,23.4,23.42,1729.0
2017-04-12 10:35:00,CUDA,23.46,23.5,23.4,23.48,2313.0
2017-04-12 10:30:00,CUDA,23.42,23.46,23.42,23.45,410.0
2017-04-12 10:25:00,CUDA,23.48,23.48,23.46,23.46,1325.0
2017-04-12 10:20:00,CUDA,23.47,23.5,23.46,23.47,2500.0
2017-04-12 10:15:00,CUDA,23.46,23.49,23.42,23.46,4400.0
2017-04-12 10:10:00,CUDA,23.51,23.51,23.48,23.49,850.0
2017-04-12 10:05:00,CUDA,23.585,23.6,23.51,23.51,1000.0
2017-04-12 10:00:00,CUDA,23.62,23.62,23.55,23.61,2400.0
2017-04-12 09:55:00,CUDA,23.58,23.59,23.51,23.59,1100.0
2017-04-12 09:50:00,CUDA,23.49,23.62,23.49,23.6,2831.0
2017-04-12 09:45:00,CUDA,23.5001,23.52,23.48,23.48,1300.0
2017-04-12 09:40:00,CUDA,23.42,23.46,23.36,23.36,1700.0
2017-04-12 09:35:00,CUDA,23.46,23.46,23.46,23.46,4048.0
2017-04-11 16:05:00,CUDA,23.5,23.5,23.5,23.5,23495.0
2017-04-11 16:00:00,CUDA,23.47,23.51,23.44,23.51,15083.0
2017-04-11 15:55:00,CUDA,23.45,23.5,23.45,23.47,10835.0
2017-04-11 15:50:00,CUDA,23.46,23.48,23.45,23.45,5872.0
2017-04-11 15:45:00,CUDA,23.48,23.48,23.43,23.455,4068.0
2017-04-11 15:40:00,CUDA,23.48,23.51,23.46,23.46,7144.0
2017-04-11 15:35:00,CUDA,23.45,23.48,23.43,23.48,4947.0
2017-04-11 15:30:00,CUDA,23.42,23.44,23.42,23.44,983.0
2017-04-11 15:25:00,CUDA,23.38,23.42,23.36,23.42,7298.0
2017-04-11 15:20:00,CUDA,23.4,23.4,23.35,23.38,1020.0
2017-04-11 15:15:00,CUDA,23.45,23.45,23.37,23.39,7965.0
2017-04-11 15:10:00,CUDA,23.44,23.46,23.44,23.46,1300.0
2017-04-11 15:05:00,CUDA,23.44,23.46,23.42,23.44,2450.0
2017-04-11 15:00:00,CUDA,23.49,23.5,23.48,23.48,500.0
2017-04-11 14:55:00,CUDA,23.44,23.49,23.43,23.49,1209.0
2017-04-11 14:50:00,CUDA,23.44,23.47,23.43,23.47,900.0
2017-04-11 14:45:00,CUDA,23.45,23.45,23.4161,23.43,1510.0
2017-04-11 14:40:00,CUDA,23.47,23.47,23.45,23.47,1951.0
2017-04-11 14:35:00,CUDA,23.47,23.48,23.46,23.4701,4104.0
2017-04-11 14:30:00,CUDA,23.37,23.47,23.37,23.47,2700.0
2017-04-11 14:25:00,CUDA,23.355,23.37,23.3437,23.36,1008.0
2017-04-11 14:20:00,CUDA,23.37,23.38,23.34,23.34,47100.0
2017-04-11 14:15:00,CUDA,23.37,23.38,23.34,23.37,2220.0
2017-04-11 14:10:00,CUDA,23.39,23.43,23.37,23.37,1786.0
2017-04-11 14:05:00,CUDA,23.41,23.41,23.35,23.35,500.0
2017-04-11 14:00:00,CUDA,23.42,23.43,23.4,23.43,2143.0
2017-04-11 13:55:00,CUDA,23.38,23.4,23.38,23.4,758.0
2017-04-11 13:50:00,CUDA,23.38,23.4,23.38,23.4,400.0
2017-04-11 13:45:00,CUDA,23.41,23.42,23.36,23.36,1120.0
2017-04-11 13:40:00,CUDA,23.39,23.42,23.39,23.42,300.0
2017-04-11 13:35:00,CUDA,23.39,23.4,23.35,23.35,900.0
2017-04-11 13:30:00,CUDA,23.39,23.4,23.39,23.4,500.0
2017-04-11 13:25:00,CUDA,23.41,23.41,23.39,23.39,810.0
2017-04-11 13:20:00,CUDA,23.45,23.45,23.42,23.42,700.0
2017-04-11 13:15:00,CUDA,23.43,23.47,23.43,23.43,2600.0
2017-04-11 13:10:00,CUDA,23.51,23.52,23.45,23.48,4042.0
2017-04-11 13:05:00,CUDA,23.46,23.5,23.45,23.5,2418.0
2017-04-11 13:00:00,CUDA,23.45,23.46,23.42,23.45,5000.0
2017-04-11 12:55:00,CUDA,23.3,23.43,23.3,23.43,3828.0
2017-04-11 12:50:00,CUDA,23.3,23.33,23.27,23.33,2921.0
2017-04-11 12:45:00,CUDA,23.31,23.31,23.31,23.31,500.0
2017-04-11 12:40:00,CUDA,23.34,23.34,23.3064,23.3064,1550.0
2017-04-11 12:35:00,CUDA,23.35,23.36,23.3232,23.34,900.0
2017-04-11 12:30:00,CUDA,23.34,23.35,23.33,23.35,300.0
2017-04-11 12:25:00,CUDA,23.34,23.38,23.33,23.38,1233.0
2017-04-11 12:20:00,CUDA,23.3192,23.34,23.31,23.31,1200.0
2017-04-11 12:15:00,CUDA,23.25,23.32,23.24,23.32,1523.0
2017-04-11 12:10:00,CUDA,23.25,23.2656,23.24,23.26,1450.0
2017-04-11 12:05:00,CUDA,23.25,23.28,23.21,23.27,3474.0
2017-04-11 12:00:00,CUDA,23.25,23.28,23.25,23.26,1400.0
2017-04-11 11:55:00,CUDA,23.24,23.29,23.24,23.25,1960.0
2017-04-11 11:50:00,CUDA,23.18,23.27,23.18,23.25,2400.0
2017-04-11 11:45:00,CUDA,23.23,23.23,23.18,23.18,1525.0
2017-04-11 11:40:00,CUDA,23.21,23.26,23.21,23.24,1000.0
2017-04-11 11:35:00,CUDA,23.17,23.2,23.16,23.2,439.0
2017-04-11 11:30:00,CUDA,23.15,23.15,23.11,23.13,991.0
2017-04-11 11:25:00,CUDA,23.12,23.13,23.11,23.13,800.0
2017-04-11 11:20:00,CUDA,23.1,23.16,23.1,23.16,1100.0
2017-04-11 11:15:00,CUDA,23.16,23.17,23.12,23.12,2427.0
2017-04-11 11:05:00,CUDA,23.13,23.18,23.12,23.17,2801.0
2017-04-11 11:00:00,CUDA,23.0991,23.13,23.0991,23.12,1150.0
2017-04-11 10:55:00,CUDA,23.12,23.16,23.1,23.1,1800.0
2017-04-11 10:50:00,CUDA,23.14,23.14,23.12,23.14,700.0
2017-04-11 10:45:00,CUDA,23.25,23.25,23.09,23.12,5463.0
2017-04-11 10:40:00,CUDA,23.2,23.25,23.16,23.25,1830.0
2017-04-11 10:35:00,CUDA,23.29,23.29,23.22,23.24,1600.0
2017-04-11 10:30:00,CUDA,23.29,23.3,23.25,23.29,1500.0
2017-04-11 10:25:00,CUDA,23.33,23.37,23.25,23.29,3525.0
2017-04-11 10:20:00,CUDA,23.26,23.37,23.2576,23.37,6350.0
2017-04-11 10:15:00,CUDA,23.3118,23.3118,23.27,23.28,2500.0
2017-04-11 10:10:00,CUDA,23.27,23.3,23.26,23.3,2318.0
2017-04-11 10:05:00,CUDA,23.16,23.27,23.15,23.26,3500.0
2017-04-11 10:00:00,CUDA,23.06,23.16,23.04,23.16,1400.0
2017-04-11 09:55:00,CUDA,23.0,23.05,22.93,23.05,2300.0
2017-04-11 09:50:00,CUDA,22.98,23.02,22.84,22.9895,2900.0
2017-04-11 09:45:00,CUDA,23.1224,23.1224,22.93,22.98,6378.0
2017-04-11 09:40:00,CUDA,23.28,23.28,23.03,23.11,1625.0
2017-04-11 09:35:00,CUDA,23.06,23.3,23.06,23.3,7237.0
2017-04-10 16:05:00,CUDA,23.13,23.13,23.13,23.13,21788.0
2017-04-10 16:00:00,CUDA,23.28,23.29,23.05,23.13,187204.0
2017-04-10 15:55:00,CUDA,23.31,23.32,23.28,23.285,16758.0
2017-04-10 15:50:00,CUDA,23.3,23.33,23.285,23.31,13210.0
2017-04-10 15:45:00,CUDA,23.35,23.35,23.31,23.31,5115.0
2017-04-10 15:40:00,CUDA,23.33,23.35,23.33,23.35,1620.0
2017-04-10 15:35:00,CUDA,23.33,23.35,23.3,23.331,6723.0
2017-04-10 15:30:00,CUDA,23.35,23.35,23.34,23.34,1000.0
2017-04-10 15:25:00,CUDA,23.34,23.34,23.31,23.34,2175.0
2017-04-10 15:20:00,CUDA,23.39,23.4,23.37,23.37,1033.0
2017-04-10 15:15:00,CUDA,23.41,23.41,23.38,23.38,1300.0
2017-04-10 15:10:00,CUDA,23.41,23.44,23.4,23.41,2721.0
2017-04-10 15:05:00,CUDA,23.39,23.41,23.385,23.41,3200.0
2017-04-10 15:00:00,CUDA,23.42,23.42,23.37,23.38,2969.0
2017-04-10 14:55:00,CUDA,23.44,23.46,23.42,23.46,1208.0
2017-04-10 14:50:00,CUDA,23.4,23.435,23.39,23.435,1562.0
2017-04-10 14:45:00,CUDA,23.38,23.39,23.35,23.39,1276.0
2017-04-10 14:40:00,CUDA,23.38,23.4,23.38,23.38,400.0
2017-04-10 14:35:00,CUDA,23.39,23.41,23.39,23.4045,1900.0
2017-04-10 14:30:00,CUDA,23.43,23.43,23.39,23.4,822.0
2017-04-10 14:25:00,CUDA,23.45,23.45,23.42,23.44,2300.0
2017-04-10 14:20:00,CUDA,23.46,23.46,23.43,23.43,1150.0
2017-04-10 14:15:00,CUDA,23.47,23.47,23.42,23.45,1600.0
2017-04-10 14:10:00,CUDA,23.45,23.46,23.4338,23.45,1100.0
2017-04-10 14:05:00,CUDA,23.51,23.51,23.43,23.43,2200.0
2017-04-10 14:00:00,CUDA,23.52,23.53,23.5,23.5,2800.0
2017-04-10 13:55:00,CUDA,23.51,23.511,23.48,23.511,3500.0
2017-04-10 13:50:00,CUDA,23.5619,23.5619,23.51,23.51,1750.0
2017-04-10 13:45:00,CUDA,23.56,23.57,23.55,23.57,600.0
2017-04-10 13:40:00,CUDA,23.56,23.6,23.55,23.57,2098.0
2017-04-10 13:35:00,CUDA,23.49,23.535,23.49,23.535,1100.0
2017-04-10 13:30:00,CUDA,23.52,23.53,23.5,23.5,700.0
2017-04-10 13:25:00,CUDA,23.4992,23.55,23.49,23.535,3312.0
2017-04-10 13:20:00,CUDA,23.49,23.51,23.47,23.48,3075.0
2017-04-10 13:15:00,CUDA,23.4789,23.5,23.46,23.5,1000.0
2017-04-10 13:10:00,CUDA,23.4899,23.52,23.4899,23.49,3700.0
2017-04-10 13:05:00,CUDA,23.4899,23.49,23.48,23.48,428.0
2017-04-10 13:00:00,CUDA,23.48,23.49,23.48,23.48,400.0
2017-04-10 12:55:00,CUDA,23.49,23.5,23.48,23.49,1100.0
2017-04-10 12:50:00,CUDA,23.45,23.49,23.45,23.48,3100.0
2017-04-10 12:45:00,CUDA,23.46,23.4798,23.45,23.46,900.0
2017-04-10 12:40:00,CUDA,23.46,23.4626,23.45,23.45,1100.0
2017-04-10 12:35:00,CUDA,23.4,23.5,23.4,23.46,2587.0
2017-04-10 12:30:00,CUDA,23.44,23.44,23.43,23.43,200.0
2017-04-10 12:25:00,CUDA,23.39,23.39,23.37,23.38,1500.0
2017-04-10 12:20:00,CUDA,23.4096,23.41,23.4096,23.41,533.0
2017-04-10 12:15:00,CUDA,23.41,23.41,23.335,23.36,1600.0
2017-04-10 12:10:00,CUDA,23.42,23.44,23.4,23.4,1000.0
2017-04-10 12:05:00,CUDA,23.44,23.45,23.42,23.42,994.0
2017-04-10 12:00:00,CUDA,23.46,23.46,23.43,23.4498,2050.0
2017-04-10 11:55:00,CUDA,23.49,23.5,23.45,23.45,2310.0
2017-04-10 11:50:00,CUDA,23.48,23.5,23.46,23.48,1000.0
2017-04-10 11:45:00,CUDA,23.51,23.51,23.47,23.5,1500.0
2017-04-10 11:40:00,CUDA,23.5,23.52,23.5,23.51,900.0
2017-04-10 11:35:00,CUDA,23.61,23.61,23.52,23.52,1700.0
2017-04-10 11:30:00,CUDA,23.66,23.66,23.61,23.62,800.0
2017-04-10 11:25:00,CUDA,23.65,23.68,23.62,23.68,2899.0
2017-04-10 11:20:00,CUDA,23.62,23.65,23.61,23.63,1200.0
2017-04-10 11:15:00,CUDA,23.59,23.615,23.59,23.59,875.0
2017-04-10 11:10:00,CUDA,23.56,23.57,23.54,23.56,1500.0
2017-04-10 11:05:00,CUDA,23.57,23.63,23.56,23.59,4700.0
2017-04-10 11:00:00,CUDA,23.62,23.62,23.51,23.56,7682.0
2017-04-10 10:55:00,CUDA,23.63,23.63,23.58,23.59,800.0
2017-04-10 10:50:00,CUDA,23.67,23.69,23.65,23.66,1700.0
2017-04-10 10:45:00,CUDA,23.64,23.69,23.63,23.67,3027.0
2017-04-10 10:40:00,CUDA,23.76,23.76,23.68,23.68,1500.0
2017-04-10 10:35:00,CUDA,23.73,23.81,23.73,23.7499,4609.0
2017-04-10 10:30:00,CUDA,23.74,23.75,23.69,23.75,4158.0
2017-04-10 10:25:00,CUDA,23.74,23.74,23.72,23.73,1328.0
2017-04-10 10:20:00,CUDA,23.72,23.76,23.7,23.73,1456.0
2017-04-10 10:15:00,CUDA,23.72,23.75,23.7,23.745,1200.0
2017-04-10 10:10:00,CUDA,23.71,23.78,23.71,23.73,3534.0
2017-04-10 10:05:00,CUDA,23.72,23.74,23.64,23.74,3493.0
2017-04-10 10:00:00,CUDA,23.64,23.75,23.58,23.75,3911.0
2017-04-10 09:55:00,CUDA,23.5876,23.64,23.55,23.64,4488.0
2017-04-10 09:50:00,CUDA,23.5,23.59,23.49,23.58,3403.0
2017-04-10 09:45:00,CUDA,23.43,23.51,23.43,23.51,3399.0
2017-04-10 09:40:00,CUDA,23.49,23.5,23.49,23.5,600.0
2017-04-10 09:35:00,CUDA,23.37,23.4639,23.35,23.43,4166.0
2017-04-07 16:20:00,CUDA,23.36,23.36,23.36,23.36,46658.0
2017-04-07 16:05:00,CUDA,23.36,23.36,23.36,23.36,69909.0
2017-04-07 16:00:00,CUDA,23.31,23.37,23.3,23.36,37258.0
2017-04-07 15:55:00,CUDA,23.3,23.31,23.29,23.31,7345.0
2017-04-07 15:50:00,CUDA,23.29,23.31,23.29,23.3,4243.0
2017-04-07 15:45:00,CUDA,23.29,23.31,23.29,23.31,4997.0
2017-04-07 15:40:00,CUDA,23.29,23.3,23.29,23.3,1560.0
2017-04-07 15:35:00,CUDA,23.32,23.32,23.28,23.29,2100.0
2017-04-07 15:30:00,CUDA,23.31,23.32,23.3,23.3199,1000.0
2017-04-07 15:25:00,CUDA,23.3,23.32,23.3,23.31,1700.0
2017-04-07 15:20:00,CUDA,23.27,23.32,23.27,23.32,1100.0
2017-04-07 15:15:00,CUDA,23.27,23.27,23.25,23.26,1600.0
2017-04-07 15:10:00,CUDA,23.26,23.27,23.25,23.27,800.0
2017-04-07 15:05:00,CUDA,23.26,23.27,23.25,23.26,1487.0
2017-04-07 15:00:00,CUDA,23.27,23.27,23.27,23.27,700.0
2017-04-07 14:55:00,CUDA,23.279,23.279,23.25,23.26,715.0
2017-04-07 14:50:00,CUDA,23.29,23.29,23.25,23.25,600.0
2017-04-07 14:45:00,CUDA,23.29,23.32,23.28,23.29,1800.0
2017-04-07 14:40:00,CUDA,23.24,23.32,23.24,23.32,3800.0
2017-04-07 14:35:00,CUDA,23.28,23.28,23.25,23.26,400.0
2017-04-07 14:30:00,CUDA,23.28,23.29,23.25,23.25,1000.0
2017-04-07 14:25:00,CUDA,23.26,23.2932,23.23,23.28,2600.0
2017-04-07 14:20:00,CUDA,23.29,23.29,23.27,23.2799,3813.0
2017-04-07 14:15:00,CUDA,23.31,23.31,23.3,23.3,1000.0
2017-04-07 14:05:00,CUDA,23.31,23.33,23.31,23.32,1000.0
2017-04-07 14:00:00,CUDA,23.3,23.3,23.29,23.29,900.0
2017-04-07 13:55:00,CUDA,23.29,23.29,23.29,23.29,300.0
2017-04-07 13:50:00,CUDA,23.34,23.34,23.3,23.3,700.0
2017-04-07 13:45:00,CUDA,23.34,23.34,23.295,23.33,1600.0
2017-04-07 13:40:00,CUDA,23.38,23.38,23.34,23.35,700.0
2017-04-07 13:35:00,CUDA,23.41,23.42,23.37,23.37,1600.0
2017-04-07 13:30:00,CUDA,23.37,23.4,23.36,23.4,800.0
2017-04-07 13:25:00,CUDA,23.41,23.41,23.41,23.41,100.0
2017-04-07 13:20:00,CUDA,23.38,23.39,23.37,23.39,800.0
2017-04-07 13:15:00,CUDA,23.4186,23.4186,23.4,23.4,400.0
2017-04-07 13:10:00,CUDA,23.39,23.4127,23.39,23.4127,2300.0
2017-04-07 13:05:00,CUDA,23.4,23.4,23.39,23.39,2330.0
2017-04-07 13:00:00,CUDA,23.378,23.4,23.378,23.39,1695.0
2017-04-07 12:55:00,CUDA,23.35,23.37,23.35,23.37,1200.0
2017-04-07 12:50:00,CUDA,23.35,23.35,23.35,23.35,300.0
2017-04-07 12:45:00,CUDA,23.37,23.37,23.35,23.35,2095.0
2017-04-07 12:40:00,CUDA,23.37,23.39,23.37,23.39,1449.0
2017-04-07 12:35:00,CUDA,23.36,23.37,23.34,23.3634,2900.0
2017-04-07 12:30:00,CUDA,23.36,23.36,23.34,23.34,600.0
2017-04-07 12:25:00,CUDA,23.3599,23.3599,23.34,23.35,600.0
2017-04-07 12:20:00,CUDA,23.37,23.37,23.35,23.35,1347.0
2017-04-07 12:15:00,CUDA,23.36,23.36,23.36,23.36,100.0
2017-04-07 12:10:00,CUDA,23.36,23.36,23.36,23.36,200.0
2017-04-07 12:05:00,CUDA,23.32,23.37,23.32,23.37,1225.0
2017-04-07 12:00:00,CUDA,23.3153,23.3153,23.3153,23.3153,100.0
2017-04-07 11:55:00,CUDA,23.3,23.31,23.28,23.31,1626.0
2017-04-07 11:50:00,CUDA,23.29,23.3,23.2792,23.3,1149.0
2017-04-07 11:45:00,CUDA,23.281,23.29,23.27,23.27,2379.0
2017-04-07 11:40:00,CUDA,23.28,23.29,23.27,23.27,1129.0
2017-04-07 11:35:00,CUDA,23.29,23.29,23.26,23.26,1150.0
2017-04-07 11:30:00,CUDA,23.309,23.33,23.27,23.27,975.0
2017-04-07 11:25:00,CUDA,23.3,23.32,23.3,23.32,1030.0
2017-04-07 11:15:00,CUDA,23.23,23.27,23.2,23.27,4100.0
2017-04-07 11:10:00,CUDA,23.26,23.26,23.23,23.23,1929.0
2017-04-07 11:05:00,CUDA,23.28,23.28,23.245,23.245,929.0
2017-04-07 11:00:00,CUDA,23.25,23.27,23.23,23.27,1100.0
2017-04-07 10:55:00,CUDA,23.31,23.31,23.275,23.275,400.0
2017-04-07 10:50:00,CUDA,23.3,23.37,23.3,23.32,1100.0
2017-04-07 10:45:00,CUDA,23.32,23.32,23.29,23.29,400.0
2017-04-07 10:40:00,CUDA,23.26,23.35,23.24,23.35,1490.0
2017-04-07 10:35:00,CUDA,23.181,23.24,23.181,23.24,3500.0
2017-04-07 10:30:00,CUDA,23.23,23.26,23.23,23.26,500.0
2017-04-07 10:25:00,CUDA,23.25,23.25,23.22,23.22,700.0
2017-04-07 10:15:00,CUDA,23.2,23.25,23.2,23.25,1822.0
2017-04-07 10:10:00,CUDA,23.21,23.22,23.17,23.21,1398.0
2017-04-07 10:05:00,CUDA,23.04,23.15,23.03,23.15,4313.0
2017-04-07 10:00:00,CUDA,23.01,23.015,23.01,23.015,500.0
2017-04-07 09:55:00,CUDA,23.06,23.11,23.02,23.05,900.0
2017-04-07 09:50:00,CUDA,23.1,23.2,23.05,23.05,1000.0
2017-04-07 09:45:00,CUDA,23.26,23.26,23.22,23.22,800.0
2017-04-07 09:40:00,CUDA,23.22,23.31,23.22,23.31,800.0
2017-04-07 09:35:00,CUDA,23.22,23.22,23.22,23.22,3864.0
2017-04-06 16:05:00,CUDA,23.22,23.22,23.22,23.22,26513.0
2017-04-06 16:00:00,CUDA,23.24,23.24,23.21,23.23,18865.0
2017-04-06 15:55:00,CUDA,23.17,23.24,23.17,23.235,15347.0
2017-04-06 15:50:00,CUDA,23.12,23.18,23.11,23.18,17202.0
2017-04-06 15:45:00,CUDA,23.14,23.14,23.1,23.12,7087.0
2017-04-06 15:40:00,CUDA,23.12,23.13,23.11,23.112,5580.0
2017-04-06 15:35:00,CUDA,23.16,23.17,23.09,23.11,4437.0
2017-04-06 15:30:00,CUDA,23.18,23.2,23.16,23.17,5211.0
2017-04-06 15:25:00,CUDA,23.22,23.22,23.16,23.16,1700.0
2017-04-06 15:20:00,CUDA,23.21,23.23,23.19,23.23,2800.0
2017-04-06 15:15:00,CUDA,23.18,23.21,23.18,23.21,2600.0
2017-04-06 15:10:00,CUDA,23.18,23.18,23.16,23.18,2600.0
2017-04-06 15:05:00,CUDA,23.195,23.21,23.17,23.21,3400.0
2017-04-06 15:00:00,CUDA,23.19,23.23,23.1601,23.185,11163.0
2017-04-06 14:55:00,CUDA,23.13,23.18,23.13,23.18,6500.0
2017-04-06 14:50:00,CUDA,23.19,23.19,23.13,23.13,800.0
2017-04-06 14:45:00,CUDA,23.15,23.16,23.1352,23.16,1100.0
2017-04-06 14:40:00,CUDA,23.11,23.135,23.11,23.13,1100.0
2017-04-06 14:35:00,CUDA,23.09,23.11,23.09,23.1,1600.0
2017-04-06 14:30:00,CUDA,23.1,23.1,23.0763,23.0763,2200.0
2017-04-06 14:25:00,CUDA,23.13,23.13,23.1,23.1,300.0
2017-04-06 14:20:00,CUDA,23.12,23.1401,23.12,23.14,1100.0
2017-04-06 14:15:00,CUDA,23.13,23.13,23.09,23.11,2911.0
2017-04-06 14:10:00,CUDA,23.09,23.14,23.07,23.13,7436.0
2017-04-06 14:05:00,CUDA,23.1,23.11,23.1,23.1,1400.0
2017-04-06 14:00:00,CUDA,23.08,23.09,23.08,23.08,900.0
2017-04-06 13:55:00,CUDA,23.08,23.1399,23.08,23.1399,1199.0
2017-04-06 13:50:00,CUDA,23.09,23.09,23.0565,23.08,3399.0
2017-04-06 13:45:00,CUDA,23.09,23.1,23.07,23.09,1400.0
2017-04-06 13:40:00,CUDA,23.12,23.125,23.08,23.08,1000.0
2017-04-06 13:35:00,CUDA,23.13,23.13,23.07,23.11,2382.0
2017-04-06 13:30:00,CUDA,23.13,23.13,23.13,23.13,600.0
2017-04-06 13:25:00,CUDA,23.1,23.12,23.1,23.11,900.0
2017-04-06 13:20:00,CUDA,23.05,23.11,23.05,23.105,1000.0
2017-04-06 13:10:00,CUDA,23.02,23.02,23.01,23.02,620.0
2017-04-06 13:05:00,CUDA,23.05,23.05,23.01,23.02,1899.0
2017-04-06 13:00:00,CUDA,23.01,23.07,23.01,23.07,1700.0
2017-04-06 12:55:00,CUDA,23.028,23.028,23.028,23.028,100.0
2017-04-06 12:50:00,CUDA,23.04,23.05,23.02,23.02,500.0
2017-04-06 12:45:00,CUDA,23.05,23.08,23.03,23.03,6000.0
2017-04-06 12:40:00,CUDA,23.1,23.1,22.98,23.0383,17683.0
2017-04-06 12:35:00,CUDA,23.13,23.18,23.1,23.1,19890.0
2017-04-06 12:30:00,CUDA,23.17,23.17,23.09,23.13,24346.0
2017-04-06 12:25:00,CUDA,23.13,23.19,23.13,23.17,1800.0
2017-04-06 12:20:00,CUDA,23.14,23.15,23.13,23.135,800.0
2017-04-06 12:15:00,CUDA,23.17,23.17,23.15,23.15,300.0
2017-04-06 12:10:00,CUDA,23.13,23.23,23.13,23.17,2837.0
2017-04-06 12:05:00,CUDA,23.11,23.14,23.11,23.11,1200.0
2017-04-06 12:00:00,CUDA,23.08,23.13,23.07,23.1,7842.0
2017-04-06 11:55:00,CUDA,23.07,23.09,23.06,23.0899,1800.0
2017-04-06 11:50:00,CUDA,23.08,23.09,23.0653,23.07,1300.0
2017-04-06 11:45:00,CUDA,23.08,23.11,23.08,23.09,6778.0
2017-04-06 11:40:00,CUDA,23.07,23.09,23.07,23.08,2825.0
2017-04-06 11:35:00,CUDA,23.124,23.124,23.07,23.08,2266.0
2017-04-06 11:30:00,CUDA,23.1,23.145,23.0999,23.135,1000.0
2017-04-06 11:25:00,CUDA,22.98,23.0702,22.98,23.07,2050.0
2017-04-06 11:20:00,CUDA,22.95,22.99,22.93,22.99,9200.0
2017-04-06 11:15:00,CUDA,22.93,22.97,22.93,22.95,18945.0
2017-04-06 11:10:00,CUDA,22.915,22.93,22.9,22.92,3800.0
2017-04-06 11:05:00,CUDA,22.94,22.94,22.91,22.91,3398.0
2017-04-06 11:00:00,CUDA,22.94,22.94,22.93,22.93,1500.0
2017-04-06 10:55:00,CUDA,22.94,22.94,22.92,22.92,1300.0
2017-04-06 10:50:00,CUDA,22.9,22.95,22.9,22.91,1000.0
2017-04-06 10:45:00,CUDA,22.85,22.87,22.85,22.87,1050.0
2017-04-06 10:40:00,CUDA,22.94,22.956,22.895,22.93,4600.0
2017-04-06 10:35:00,CUDA,22.98,22.98,22.94,22.94,400.0
2017-04-06 10:30:00,CUDA,22.9,22.945,22.895,22.945,900.0
2017-04-06 10:25:00,CUDA,22.975,22.99,22.9,22.9,1690.0
2017-04-06 10:20:00,CUDA,22.96,22.99,22.95,22.99,2241.0
2017-04-06 10:15:00,CUDA,22.98,23.07,22.97,22.98,3088.0
2017-04-06 10:10:00,CUDA,22.99,23.04,22.99,23.01,1300.0
2017-04-06 10:05:00,CUDA,23.07,23.07,22.9583,22.9583,939.0
2017-04-06 10:00:00,CUDA,23.08,23.1,23.05,23.08,1000.0
2017-04-06 09:55:00,CUDA,22.97,23.08,22.97,23.07,5788.0
2017-04-06 09:50:00,CUDA,23.03,23.03,22.92,22.94,3568.0
2017-04-06 09:45:00,CUDA,23.16,23.18,23.08,23.08,1582.0
2017-04-06 09:40:00,CUDA,23.03,23.21,23.03,23.21,1600.0
2017-04-06 09:35:00,CUDA,23.04,23.1,23.0295,23.0295,5754.0
2017-04-05 16:05:00,CUDA,23.0,23.0,23.0,23.0,38705.0
2017-04-05 16:00:00,CUDA,22.93,23.02,22.93,23.0,74337.0
2017-04-05 15:55:00,CUDA,22.94,22.96,22.87,22.93,32267.0
2017-04-25 09:35:00,CUDA,20.33,20.45,20.33,20.44,12070.0
2017-04-25 09:40:00,CUDA,20.45,20.45,20.31,20.3496,4460.0
2017-04-25 09:45:00,CUDA,20.39,20.4,20.35,20.36,4474.0
2017-04-25 09:50:00,CUDA,20.38,20.39,20.34,20.37,1953.0
2017-04-25 09:55:00,CUDA,20.34,20.34,20.2601,20.2642,7300.0
2017-04-25 10:00:00,CUDA,20.26,20.27,20.15,20.19,5012.0
2017-04-25 10:05:00,CUDA,20.15,20.3,20.15,20.3,5000.0
2017-04-25 10:10:00,CUDA,20.2892,20.32,20.2892,20.32,3733.0
2017-04-25 10:15:00,CUDA,20.34,20.38,20.34,20.3587,3801.0
2017-04-25 10:20:00,CUDA,20.3772,20.43,20.3772,20.43,4186.0
2017-04-25 10:25:00,CUDA,20.41,20.43,20.38,20.38,15014.0
2017-04-25 10:30:00,CUDA,20.38,20.39,20.34,20.345,2900.0
2017-04-25 10:35:00,CUDA,20.33,20.36,20.31,20.34,6433.0
2017-04-25 10:40:00,CUDA,20.36,20.4,20.36,20.4,3400.0
2017-04-25 10:45:00,CUDA,20.3801,20.3801,20.36,20.38,2191.0
2017-04-25 10:50:00,CUDA,20.37,20.39,20.36,20.36,500.0
2017-04-25 10:55:00,CUDA,20.28,20.32,20.27,20.27,1767.0
2017-04-25 11:00:00,CUDA,20.26,20.29,20.26,20.2794,2200.0
2017-04-25 11:05:00,CUDA,20.27,20.33,20.27,20.33,3700.0
2017-04-25 11:10:00,CUDA,20.34,20.36,20.34,20.36,3400.0
2017-04-25 11:15:00,CUDA,20.35,20.44,20.35,20.44,8111.0
2017-04-25 11:20:00,CUDA,20.435,20.55,20.435,20.55,16477.0
2017-04-25 11:25:00,CUDA,20.55,20.555,20.53,20.54,4957.0
2017-04-25 11:30:00,CUDA,20.545,20.55,20.54,20.55,3584.0
2017-04-25 11:35:00,CUDA,20.55,20.59,20.54,20.59,6174.0
2017-04-25 11:40:00,CUDA,20.59,20.61,20.58,20.59,8701.0
2017-04-25 11:45:00,CUDA,20.6,20.6234,20.58,20.6234,6028.0
2017-04-25 11:50:00,CUDA,20.61,20.63,20.61,20.612,5965.0
2017-04-25 11:55:00,CUDA,20.62,20.64,20.62,20.63,5334.0
2017-04-25 12:00:00,CUDA,20.63,20.64,20.62,20.63,4348.0
2017-04-25 12:05:00,CUDA,20.63,20.6425,20.58,20.59,11351.0
2017-04-25 12:10:00,CUDA,20.6,20.64,20.6,20.63,6753.0
2017-04-25 12:15:00,CUDA,20.65,20.65,20.63,20.63,4015.0
2017-04-25 12:20:00,CUDA,20.64,20.69,20.64,20.68,12168.0
2017-04-25 12:25:00,CUDA,20.68,20.69,20.67,20.67,8389.0
2017-04-25 12:30:00,CUDA,20.68,20.69,20.6701,20.685,3300.0
2017-04-25 12:35:00,CUDA,20.68,20.69,20.67,20.67,3618.0
2017-04-25 12:40:00,CUDA,20.67,20.68,20.65,20.68,7810.0
2017-04-25 12:45:00,CUDA,20.69,20.7,20.67,20.7,6200.0
