2017-05-19 16:05:00,FBM,14.18,14.18,14.18,14.18,6167.0
2017-05-19 16:00:00,FBM,14.22,14.26,14.18,14.18,23456.0
2017-05-19 15:55:00,FBM,14.11,14.22,14.11,14.205,6835.0
2017-05-19 15:50:00,FBM,14.13,14.17,14.12,14.14,8646.0
2017-05-19 15:45:00,FBM,14.12,14.16,14.08,14.08,6135.0
2017-05-19 15:40:00,FBM,14.19,14.19,14.1,14.12,7000.0
2017-05-19 15:35:00,FBM,14.24,14.24,14.19,14.19,7400.0
2017-05-19 15:30:00,FBM,14.23,14.28,14.23,14.24,1800.0
2017-05-19 15:25:00,FBM,14.28,14.3,14.23,14.23,2400.0
2017-05-19 15:20:00,FBM,14.29,14.3,14.26,14.26,6800.0
2017-05-19 15:15:00,FBM,14.305,14.31,14.29,14.29,3331.0
2017-05-19 15:10:00,FBM,14.34,14.35,14.29,14.3,53924.0
2017-05-19 15:05:00,FBM,14.38,14.43,14.34,14.34,4864.0
2017-05-19 15:00:00,FBM,14.38,14.4,14.36,14.37,2300.0
2017-05-19 14:55:00,FBM,14.3,14.41,14.29,14.41,10974.0
2017-05-19 14:50:00,FBM,14.2975,14.31,14.28,14.29,6890.0
2017-05-19 14:45:00,FBM,14.305,14.31,14.29,14.3,7242.0
2017-05-19 14:40:00,FBM,14.3001,14.31,14.29,14.31,133200.0
2017-05-19 14:35:00,FBM,14.3,14.32,14.29,14.3,1892.0
2017-05-19 14:30:00,FBM,14.28,14.31,14.28,14.31,800.0
2017-05-19 14:25:00,FBM,14.33,14.33,14.26,14.28,4787.0
2017-05-19 14:20:00,FBM,14.31,14.34,14.3,14.325,3700.0
2017-05-19 14:15:00,FBM,14.31,14.31,14.3,14.3,1968.0
2017-05-19 14:10:00,FBM,14.3016,14.305,14.29,14.29,2553.0
2017-05-19 14:05:00,FBM,14.275,14.31,14.275,14.3,5719.0
2017-05-19 14:00:00,FBM,14.29,14.3,14.26,14.28,2210.0
2017-05-19 13:55:00,FBM,14.29,14.29,14.26,14.29,996.0
2017-05-19 13:50:00,FBM,14.28,14.305,14.25,14.25,1200.0
2017-05-19 13:45:00,FBM,14.22,14.35,14.22,14.29,4371.0
2017-05-19 13:40:00,FBM,14.3,14.3,14.23,14.23,27421.0
2017-05-19 13:35:00,FBM,14.27,14.32,14.27,14.27,1037.0
2017-05-19 13:30:00,FBM,14.335,14.38,14.27,14.33,4600.0
2017-05-19 13:25:00,FBM,14.35,14.375,14.33,14.33,3700.0
2017-05-19 13:20:00,FBM,14.34,14.35,14.34,14.35,500.0
2017-05-19 13:15:00,FBM,14.33,14.4,14.33,14.37,4400.0
2017-05-19 13:10:00,FBM,14.33,14.3375,14.33,14.33,500.0
2017-05-19 13:05:00,FBM,14.33,14.35,14.33,14.35,1300.0
2017-05-19 13:00:00,FBM,14.33,14.35,14.33,14.33,700.0
2017-05-19 12:55:00,FBM,14.33,14.35,14.3125,14.35,2300.0
2017-05-19 12:50:00,FBM,14.33,14.33,14.26,14.26,800.0
2017-05-19 12:45:00,FBM,14.32,14.32,14.26,14.26,1539.0
2017-05-19 12:40:00,FBM,14.32,14.33,14.3,14.32,3500.0
2017-05-19 12:35:00,FBM,14.3,14.3399,14.3,14.3225,3700.0
2017-05-19 12:30:00,FBM,14.3399,14.3399,14.27,14.3,7200.0
2017-05-19 12:25:00,FBM,14.26,14.33,14.26,14.3,8700.0
2017-05-19 12:20:00,FBM,14.24,14.33,14.24,14.32,1990.0
2017-05-19 12:15:00,FBM,14.24,14.27,14.23,14.27,3200.0
2017-05-19 12:10:00,FBM,14.25,14.29,14.24,14.24,2685.0
2017-05-19 12:05:00,FBM,14.31,14.34,14.25,14.25,51637.0
2017-05-19 12:00:00,FBM,14.27,14.35,14.25,14.28,2630.0
2017-05-19 11:55:00,FBM,14.325,14.33,14.27,14.295,4844.0
2017-05-19 11:50:00,FBM,14.32,14.36,14.28,14.325,54706.0
2017-05-19 11:45:00,FBM,14.34,14.39,14.33,14.33,4500.0
2017-05-19 11:40:00,FBM,14.4,14.4,14.33,14.33,1980.0
2017-05-19 11:35:00,FBM,14.415,14.43,14.4,14.415,1000.0
2017-05-19 11:30:00,FBM,14.42,14.42,14.4,14.4,1300.0
2017-05-19 11:25:00,FBM,14.37,14.42,14.37,14.42,500.0
2017-05-19 11:20:00,FBM,14.34,14.39,14.34,14.34,400.0
2017-05-19 11:15:00,FBM,14.365,14.4,14.34,14.34,600.0
2017-05-19 11:10:00,FBM,14.38,14.4,14.35,14.37,1600.0
2017-05-19 11:05:00,FBM,14.375,14.4,14.35,14.4,13784.0
2017-05-19 11:00:00,FBM,14.32,14.38,14.32,14.36,2900.0
2017-05-19 10:55:00,FBM,14.32,14.35,14.28,14.3,2912.0
2017-05-19 10:50:00,FBM,14.335,14.36,14.32,14.32,600.0
2017-05-19 10:45:00,FBM,14.37,14.38,14.31,14.31,500.0
2017-05-19 10:40:00,FBM,14.33,14.39,14.31,14.37,7031.0
2017-05-19 10:35:00,FBM,14.35,14.37,14.35,14.35,600.0
2017-05-19 10:30:00,FBM,14.31,14.35,14.31,14.35,4400.0
2017-05-19 10:25:00,FBM,14.4,14.4,14.31,14.31,1397.0
2017-05-19 10:20:00,FBM,14.34,14.43,14.31,14.43,3297.0
2017-05-19 10:15:00,FBM,14.26,14.34,14.26,14.33,1200.0
2017-05-19 10:10:00,FBM,14.33,14.33,14.27,14.31,8300.0
2017-05-19 10:05:00,FBM,14.31,14.31,14.3,14.3,600.0
2017-05-19 10:00:00,FBM,14.43,14.43,14.36,14.36,1500.0
2017-05-19 09:55:00,FBM,14.5,14.5,14.4755,14.4755,400.0
2017-05-19 09:50:00,FBM,14.5356,14.5445,14.5356,14.5445,400.0
2017-05-19 09:35:00,FBM,14.5,14.5,14.5,14.5,2564.0
2017-05-18 16:40:00,FBM,14.41,14.41,14.41,14.41,3697.0
2017-05-18 16:05:00,FBM,14.41,14.41,14.41,14.41,3076.0
2017-05-18 16:00:00,FBM,14.4,14.41,14.38,14.41,8761.0
2017-05-18 15:55:00,FBM,14.34,14.42,14.34,14.4,11041.0
2017-05-18 15:50:00,FBM,14.4,14.41,14.32,14.32,12475.0
2017-05-18 15:45:00,FBM,14.36,14.4,14.35,14.4,4456.0
2017-05-18 15:40:00,FBM,14.355,14.36,14.35,14.36,2778.0
2017-05-18 15:35:00,FBM,14.31,14.36,14.31,14.36,1800.0
2017-05-18 15:30:00,FBM,14.28,14.29,14.27,14.29,2200.0
2017-05-18 15:25:00,FBM,14.255,14.28,14.255,14.28,1800.0
2017-05-18 15:20:00,FBM,14.26,14.275,14.25,14.25,3300.0
2017-05-18 15:15:00,FBM,14.26,14.29,14.26,14.26,1400.0
2017-05-18 15:10:00,FBM,14.25,14.3,14.25,14.27,7783.0
2017-05-18 15:05:00,FBM,14.18,14.27,14.18,14.27,2201.0
2017-05-18 15:00:00,FBM,14.25,14.255,14.18,14.18,2195.0
2017-05-18 14:55:00,FBM,14.26,14.265,14.255,14.255,1800.0
2017-05-18 14:50:00,FBM,14.25,14.27,14.25,14.26,1176.0
2017-05-18 14:45:00,FBM,14.31,14.31,14.25,14.25,3200.0
2017-05-18 14:40:00,FBM,14.27,14.32,14.27,14.32,3500.0
2017-05-18 14:35:00,FBM,14.24,14.28,14.24,14.28,300.0
2017-05-18 14:30:00,FBM,14.26,14.29,14.23,14.29,4425.0
2017-05-18 14:25:00,FBM,14.205,14.26,14.205,14.25,1500.0
2017-05-18 14:20:00,FBM,14.26,14.265,14.16,14.2,3300.0
2017-05-18 14:15:00,FBM,14.265,14.265,14.26,14.26,500.0
2017-05-18 14:10:00,FBM,14.28,14.28,14.26,14.26,1800.0
2017-05-18 14:05:00,FBM,14.295,14.295,14.28,14.29,900.0
2017-05-18 14:00:00,FBM,14.31,14.32,14.29,14.29,3517.0
2017-05-18 13:55:00,FBM,14.33,14.34,14.31,14.31,1700.0
2017-05-18 13:50:00,FBM,14.365,14.38,14.3,14.33,8200.0
2017-05-18 13:45:00,FBM,14.355,14.37,14.355,14.37,300.0
2017-05-18 13:40:00,FBM,14.35,14.355,14.32,14.355,800.0
2017-05-18 13:35:00,FBM,14.231,14.34,14.231,14.34,2700.0
2017-05-18 13:30:00,FBM,14.19,14.29,14.19,14.23,6080.0
2017-05-18 13:25:00,FBM,14.26,14.26,14.19,14.19,1700.0
2017-05-18 13:20:00,FBM,14.275,14.275,14.26,14.26,2000.0
2017-05-18 13:15:00,FBM,14.27,14.27,14.25,14.25,600.0
2017-05-18 13:10:00,FBM,14.275,14.28,14.25,14.27,900.0
2017-05-18 13:05:00,FBM,14.275,14.275,14.25,14.25,600.0
2017-05-18 13:00:00,FBM,14.25,14.275,14.25,14.275,900.0
2017-05-18 12:55:00,FBM,14.28,14.28,14.25,14.25,1520.0
2017-05-18 12:50:00,FBM,14.33,14.33,14.14,14.27,7156.0
2017-05-18 12:45:00,FBM,14.35,14.35,14.31,14.33,1100.0
2017-05-18 12:40:00,FBM,14.375,14.375,14.375,14.375,900.0
2017-05-18 12:35:00,FBM,14.34,14.38,14.335,14.375,2500.0
2017-05-18 12:30:00,FBM,14.33,14.33,14.31,14.33,1100.0
2017-05-18 12:25:00,FBM,14.335,14.35,14.33,14.33,900.0
2017-05-18 12:20:00,FBM,14.23,14.32,14.105,14.3,4534.0
2017-05-18 12:15:00,FBM,14.33,14.34,14.23,14.23,7479.0
2017-05-18 12:10:00,FBM,14.35,14.365,14.32,14.33,8106.0
2017-05-18 12:05:00,FBM,14.41,14.41,14.35,14.35,2665.0
2017-05-18 12:00:00,FBM,14.44,14.45,14.41,14.41,3400.0
2017-05-18 11:55:00,FBM,14.45,14.45,14.44,14.44,400.0
2017-05-18 11:50:00,FBM,14.45,14.45,14.44,14.44,500.0
2017-05-18 11:45:00,FBM,14.39,14.55,14.375,14.46,30980.0
2017-05-18 11:40:00,FBM,14.38,14.4,14.36,14.36,900.0
2017-05-18 11:35:00,FBM,14.39,14.41,14.37,14.37,1400.0
2017-05-18 11:30:00,FBM,14.39,14.42,14.37,14.39,7002.0
2017-05-18 11:25:00,FBM,14.39,14.39,14.37,14.37,1300.0
2017-05-18 11:20:00,FBM,14.39,14.4,14.37,14.39,500.0
2017-05-18 11:15:00,FBM,14.38,14.39,14.37,14.37,1256.0
2017-05-18 11:10:00,FBM,14.35,14.4,14.35,14.395,5700.0
2017-05-18 11:05:00,FBM,14.36,14.365,14.35,14.35,665.0
2017-05-18 11:00:00,FBM,14.36,14.4,14.35,14.35,3910.0
2017-05-18 10:55:00,FBM,14.35,14.4,14.34,14.36,1339.0
2017-05-18 10:50:00,FBM,14.41,14.41,14.405,14.405,400.0
2017-05-18 10:45:00,FBM,14.335,14.44,14.33,14.36,3380.0
2017-05-18 10:40:00,FBM,14.36,14.36,14.36,14.36,200.0
2017-05-18 10:35:00,FBM,14.365,14.37,14.35,14.35,700.0
2017-05-18 10:30:00,FBM,14.455,14.455,14.3,14.35,8000.0
2017-05-18 10:25:00,FBM,14.4,14.46,14.34,14.37,1000.0
2017-05-18 10:20:00,FBM,14.32,14.46,14.3,14.36,3359.0
2017-05-18 10:10:00,FBM,14.15,14.26,14.15,14.26,1100.0
2017-05-18 10:05:00,FBM,14.15,14.21,14.1,14.125,5118.0
2017-05-18 10:00:00,FBM,14.13,14.16,14.1,14.1,782.0
2017-05-18 09:55:00,FBM,14.26,14.26,14.02,14.02,1900.0
2017-05-18 09:50:00,FBM,14.42,14.45,14.27,14.3,3102.0
2017-05-18 09:45:00,FBM,14.4753,14.4753,14.465,14.465,200.0
2017-05-18 09:40:00,FBM,14.45,14.535,14.41,14.535,400.0
2017-05-18 09:35:00,FBM,14.42,14.4442,14.41,14.41,400.0
2017-05-17 16:05:00,FBM,14.47,14.47,14.47,14.47,5629.0
2017-05-17 16:00:00,FBM,14.55,14.56,14.45,14.46,27678.0
2017-05-17 15:55:00,FBM,14.52,14.56,14.51,14.55,36768.0
2017-05-17 15:50:00,FBM,14.52,14.54,14.5,14.52,7000.0
2017-05-17 15:45:00,FBM,14.55,14.58,14.55,14.55,5700.0
2017-05-17 15:40:00,FBM,14.57,14.59,14.55,14.55,3200.0
2017-05-17 15:35:00,FBM,14.57,14.61,14.55,14.57,4005.0
2017-05-17 15:30:00,FBM,14.55,14.64,14.53,14.55,5358.0
2017-05-17 15:25:00,FBM,14.57,14.61,14.53,14.54,6963.0
2017-05-17 15:20:00,FBM,14.53,14.58,14.53,14.58,1800.0
2017-05-17 15:15:00,FBM,14.52,14.54,14.52,14.53,500.0
2017-05-17 15:10:00,FBM,14.54,14.63,14.51,14.52,6571.0
2017-05-17 15:05:00,FBM,14.52,14.54,14.47,14.5,6300.0
2017-05-17 15:00:00,FBM,14.43,14.515,14.43,14.5,3192.0
2017-05-17 14:55:00,FBM,14.44,14.46,14.41,14.46,1305.0
2017-05-17 14:50:00,FBM,14.43,14.44,14.41,14.44,1500.0
2017-05-17 14:45:00,FBM,14.43,14.47,14.41,14.42,3400.0
2017-05-17 14:40:00,FBM,14.4,14.415,14.4,14.415,300.0
2017-05-17 14:35:00,FBM,14.43,14.43,14.4,14.4,902.0
2017-05-17 14:30:00,FBM,14.4,14.41,14.4,14.4,400.0
2017-05-17 14:25:00,FBM,14.42,14.43,14.4,14.415,1800.0
2017-05-17 14:20:00,FBM,14.5,14.52,14.42,14.45,2330.0
2017-05-17 14:15:00,FBM,14.5,14.525,14.5,14.525,200.0
2017-05-17 14:10:00,FBM,14.5,14.54,14.5,14.5,1200.0
2017-05-17 14:05:00,FBM,14.51,14.525,14.5,14.525,500.0
2017-05-17 14:00:00,FBM,14.5,14.56,14.5,14.5,2000.0
2017-05-17 13:55:00,FBM,14.615,14.695,14.5,14.51,8226.0
2017-05-17 13:50:00,FBM,14.61,14.61,14.59,14.61,800.0
2017-05-17 13:45:00,FBM,14.61,14.61,14.59,14.59,200.0
2017-05-17 13:40:00,FBM,14.575,14.61,14.56,14.59,5000.0
2017-05-17 13:35:00,FBM,14.54,14.58,14.54,14.55,2200.0
2017-05-17 13:30:00,FBM,14.51,14.6,14.48,14.59,6820.0
2017-05-17 13:25:00,FBM,14.45,14.45,14.45,14.45,100.0
2017-05-17 13:20:00,FBM,14.45,14.49,14.42,14.45,2645.0
2017-05-17 13:15:00,FBM,14.425,14.425,14.4,14.4,200.0
2017-05-17 13:10:00,FBM,14.43,14.45,14.39,14.41,900.0
2017-05-17 13:05:00,FBM,14.46,14.515,14.43,14.43,3543.0
2017-05-17 13:00:00,FBM,14.43,14.47,14.43,14.44,600.0
2017-05-17 12:50:00,FBM,14.43,14.47,14.42,14.42,300.0
2017-05-17 12:45:00,FBM,14.42,14.46,14.41,14.45,1400.0
2017-05-17 12:35:00,FBM,14.38,14.44,14.38,14.44,400.0
2017-05-17 12:30:00,FBM,14.39,14.43,14.39,14.39,1684.0
2017-05-17 12:25:00,FBM,14.4,14.4,14.4,14.4,200.0
2017-05-17 12:20:00,FBM,14.5,14.54,14.42,14.42,8590.0
2017-05-17 12:15:00,FBM,14.5,14.55,14.48,14.48,1400.0
2017-05-17 12:10:00,FBM,14.43,14.56,14.37,14.46,4800.0
2017-05-17 12:05:00,FBM,14.42,14.438,14.31,14.38,7789.0
2017-05-17 12:00:00,FBM,14.47,14.47,14.42,14.42,3242.0
2017-05-17 11:55:00,FBM,14.45,14.45,14.45,14.45,300.0
2017-05-17 11:50:00,FBM,14.4645,14.49,14.42,14.4375,3371.0
2017-05-17 11:45:00,FBM,14.4,14.48,14.35,14.42,3027.0
2017-05-17 11:40:00,FBM,14.33,14.33,14.3,14.3,300.0
2017-05-17 11:35:00,FBM,14.51,14.51,14.28,14.37,5412.0
2017-05-17 11:30:00,FBM,14.585,14.62,14.52,14.52,1700.0
2017-05-17 11:25:00,FBM,14.58,14.67,14.53,14.5998,5543.0
2017-05-17 11:20:00,FBM,14.78,14.83,14.555,14.64,5927.0
2017-05-17 11:15:00,FBM,14.78,14.8,14.78,14.78,2900.0
2017-05-17 11:10:00,FBM,14.79,14.83,14.78,14.8,3523.0
2017-05-17 11:05:00,FBM,14.78,14.8,14.69,14.8,5754.0
2017-05-17 11:00:00,FBM,14.98,14.98,14.77,14.77,3592.0
2017-05-17 10:55:00,FBM,14.92,14.92,14.89,14.89,300.0
2017-05-17 10:50:00,FBM,15.0,15.0,14.89,14.94,1598.0
2017-05-17 10:45:00,FBM,15.0,15.07,15.0,15.03,1700.0
2017-05-17 10:40:00,FBM,15.0,15.0,15.0,15.0,100.0
2017-05-17 10:30:00,FBM,15.07,15.07,15.0,15.0,800.0
2017-05-17 10:25:00,FBM,15.16,15.16,15.08,15.14,1604.0
2017-05-17 10:20:00,FBM,15.178,15.18,15.17,15.18,1300.0
2017-05-17 10:15:00,FBM,15.199,15.199,15.1587,15.16,1100.0
2017-05-17 10:10:00,FBM,15.15,15.15,15.12,15.12,500.0
2017-05-17 10:05:00,FBM,15.24,15.24,15.14,15.16,3434.0
2017-05-17 10:00:00,FBM,15.21,15.235,15.19,15.21,800.0
2017-05-17 09:55:00,FBM,15.179,15.18,15.1751,15.1792,700.0
2017-05-17 09:50:00,FBM,15.09,15.2,15.09,15.12,500.0
2017-05-17 09:45:00,FBM,15.13,15.19,15.09,15.19,1148.0
2017-05-17 09:40:00,FBM,15.06,15.13,15.06,15.13,1259.0
2017-05-17 09:35:00,FBM,15.05,15.11,15.03,15.05,2535.0
2017-05-16 16:05:00,FBM,15.1,15.1,15.1,15.1,2044.0
2017-05-16 16:00:00,FBM,15.16,15.17,15.07,15.11,14151.0
2017-05-16 15:55:00,FBM,15.15,15.18,15.12,15.16,7101.0
2017-05-16 15:50:00,FBM,15.14,15.15,15.12,15.15,1900.0
2017-05-16 15:45:00,FBM,15.06,15.14,15.05,15.14,2794.0
2017-05-16 15:40:00,FBM,15.19,15.19,15.06,15.06,4984.0
2017-05-16 15:35:00,FBM,15.0549,15.19,15.05,15.13,2200.0
2017-05-16 15:30:00,FBM,15.05,15.06,15.04,15.055,410.0
2017-05-16 15:25:00,FBM,15.1,15.1,15.05,15.05,2383.0
2017-05-16 15:20:00,FBM,15.025,15.09,15.02,15.09,2500.0
2017-05-16 15:15:00,FBM,15.01,15.025,15.01,15.025,1931.0
2017-05-16 15:10:00,FBM,15.015,15.02,15.01,15.02,400.0
2017-05-16 15:05:00,FBM,15.02,15.03,15.0,15.025,3200.0
2017-05-16 15:00:00,FBM,15.03,15.03,15.02,15.03,800.0
2017-05-16 14:55:00,FBM,15.105,15.115,15.022,15.022,11208.0
2017-05-16 14:50:00,FBM,15.08,15.08,15.065,15.08,1000.0
2017-05-16 14:45:00,FBM,15.05,15.05,15.026,15.026,700.0
2017-05-16 14:40:00,FBM,15.13,15.13,15.07,15.07,1778.0
2017-05-16 14:35:00,FBM,15.09,15.16,15.07,15.1315,3568.0
2017-05-16 14:30:00,FBM,15.07,15.09,15.03,15.09,1702.0
2017-05-16 14:25:00,FBM,15.0166,15.09,15.0166,15.09,1370.0
2017-05-16 14:20:00,FBM,14.96,15.05,14.96,15.05,2025.0
2017-05-16 14:15:00,FBM,14.98,15.0,14.98,15.0,500.0
2017-05-16 14:10:00,FBM,14.98,15.0,14.98,15.0,700.0
2017-05-16 14:05:00,FBM,14.95,14.95,14.9439,14.9439,1300.0
2017-05-16 14:00:00,FBM,15.005,15.005,14.95,14.95,900.0
2017-05-16 13:55:00,FBM,15.11,15.11,14.89,15.0,23657.0
2017-05-16 13:50:00,FBM,15.14,15.14,15.11,15.11,667.0
2017-05-16 13:45:00,FBM,15.16,15.16,15.13,15.13,443.0
2017-05-16 13:40:00,FBM,15.14,15.16,15.14,15.15,800.0
2017-05-16 13:35:00,FBM,15.1401,15.1401,15.14,15.14,321.0
2017-05-16 13:25:00,FBM,15.16,15.16,15.14,15.14,700.0
2017-05-16 13:20:00,FBM,15.18,15.18,15.16,15.16,1200.0
2017-05-16 13:10:00,FBM,15.15,15.15,15.15,15.15,100.0
2017-05-16 13:05:00,FBM,15.23,15.23,15.18,15.18,1500.0
2017-05-16 13:00:00,FBM,15.21,15.2395,15.21,15.2395,747.0
2017-05-16 12:55:00,FBM,15.17,15.2,15.17,15.2,500.0
2017-05-16 12:50:00,FBM,15.19,15.2,15.16,15.19,2693.0
2017-05-16 12:45:00,FBM,15.2138,15.26,15.2,15.2,4850.0
2017-05-16 12:40:00,FBM,15.2,15.22,15.17,15.22,332.0
2017-05-16 12:25:00,FBM,15.25,15.25,15.25,15.25,100.0
2017-05-16 12:20:00,FBM,15.24,15.24,15.24,15.24,100.0
2017-05-16 12:10:00,FBM,15.13,15.14,15.13,15.14,602.0
2017-05-16 12:05:00,FBM,15.19,15.19,15.16,15.16,500.0
2017-05-16 12:00:00,FBM,15.21,15.22,15.18,15.18,1956.0
2017-05-16 11:55:00,FBM,15.1398,15.17,15.1398,15.17,1767.0
2017-05-16 11:50:00,FBM,15.17,15.17,15.11,15.16,1500.0
2017-05-16 11:45:00,FBM,15.1371,15.16,15.1371,15.14,1950.0
2017-05-16 11:40:00,FBM,15.1101,15.1101,15.1101,15.1101,100.0
2017-05-16 11:35:00,FBM,15.18,15.18,15.15,15.15,300.0
2017-05-16 11:30:00,FBM,15.2,15.2,15.17,15.17,2700.0
2017-05-16 11:25:00,FBM,15.18,15.24,15.18,15.22,510.0
2017-05-16 11:20:00,FBM,15.185,15.185,15.185,15.185,100.0
2017-05-16 11:10:00,FBM,15.13,15.17,15.13,15.15,2770.0
2017-05-16 10:55:00,FBM,15.1839,15.2,15.13,15.165,800.0
2017-05-16 10:50:00,FBM,15.1,15.14,15.1,15.14,700.0
2017-05-16 10:40:00,FBM,15.14,15.14,15.1,15.1,200.0
2017-05-16 10:30:00,FBM,15.15,15.15,15.12,15.12,800.0
2017-05-16 10:25:00,FBM,15.24,15.27,15.1501,15.162,900.0
2017-05-16 10:20:00,FBM,15.29,15.31,15.29,15.29,400.0
2017-05-16 10:15:00,FBM,15.295,15.3,15.295,15.3,215.0
2017-05-16 10:10:00,FBM,15.29,15.34,15.29,15.31,1700.0
2017-05-16 10:05:00,FBM,15.28,15.35,15.23,15.35,1500.0
2017-05-16 10:00:00,FBM,15.47,15.52,15.36,15.36,13454.0
2017-05-16 09:55:00,FBM,15.47,15.47,15.47,15.47,229.0
2017-05-16 09:50:00,FBM,15.47,15.47,15.47,15.47,100.0
2017-05-16 09:45:00,FBM,15.53,15.53,15.46,15.46,1900.0
2017-05-16 09:40:00,FBM,15.49,15.49,15.41,15.41,325.0
2017-05-16 09:35:00,FBM,15.34,15.37,15.25,15.37,839.0
2017-05-15 16:05:00,FBM,15.28,15.28,15.28,15.28,5995.0
2017-05-15 16:00:00,FBM,15.28,15.28,15.27,15.28,15404.0
2017-05-15 15:55:00,FBM,15.28,15.28,15.27,15.28,6198.0
2017-05-15 15:50:00,FBM,15.25,15.28,15.25,15.28,11731.0
2017-05-15 15:45:00,FBM,15.24,15.25,15.24,15.25,1600.0
2017-05-15 15:40:00,FBM,15.26,15.26,15.24,15.24,2020.0
2017-05-15 15:35:00,FBM,15.28,15.28,15.26,15.26,4902.0
2017-05-15 15:30:00,FBM,15.27,15.28,15.27,15.28,3000.0
2017-05-15 15:25:00,FBM,15.25,15.26,15.25,15.26,500.0
2017-05-15 15:20:00,FBM,15.25,15.25,15.25,15.25,900.0
2017-05-15 15:15:00,FBM,15.185,15.24,15.17,15.22,2636.0
2017-05-15 15:10:00,FBM,15.25,15.25,15.19,15.19,2202.0
2017-05-15 15:05:00,FBM,15.1601,15.1601,15.16,15.16,337.0
2017-05-15 15:00:00,FBM,15.05,15.15,15.05,15.15,2000.0
2017-05-15 14:55:00,FBM,15.19,15.19,15.08,15.08,2160.0
2017-05-15 14:50:00,FBM,15.21,15.21,15.17,15.19,1929.0
2017-05-15 14:45:00,FBM,15.08,15.15,15.08,15.15,4275.0
2017-05-15 14:40:00,FBM,15.18,15.18,15.09,15.09,3417.0
2017-05-15 14:35:00,FBM,15.19,15.19,15.19,15.19,1393.0
2017-05-15 14:30:00,FBM,15.215,15.22,15.2,15.205,1300.0
2017-05-15 14:25:00,FBM,15.215,15.215,15.215,15.215,100.0
2017-05-15 14:20:00,FBM,15.24,15.24,15.215,15.215,200.0
2017-05-15 14:15:00,FBM,15.21,15.21,15.21,15.21,100.0
2017-05-15 14:10:00,FBM,15.22,15.2234,15.2,15.21,2000.0
2017-05-15 14:05:00,FBM,15.28,15.28,15.23,15.23,4942.0
2017-05-15 14:00:00,FBM,15.28,15.28,15.28,15.28,199.0
2017-05-15 13:50:00,FBM,15.27,15.27,15.27,15.27,100.0
2017-05-15 13:45:00,FBM,15.27,15.27,15.27,15.27,200.0
2017-05-15 13:40:00,FBM,15.28,15.285,15.28,15.28,935.0
2017-05-15 13:35:00,FBM,15.285,15.285,15.28,15.28,300.0
2017-05-15 13:30:00,FBM,15.28,15.28,15.28,15.28,100.0
2017-05-15 13:25:00,FBM,15.285,15.285,15.28,15.28,700.0
2017-05-15 13:15:00,FBM,15.29,15.29,15.28,15.285,800.0
2017-05-15 13:10:00,FBM,15.29,15.3,15.29,15.3,500.0
2017-05-15 13:05:00,FBM,15.3,15.3,15.29,15.29,700.0
2017-05-15 13:00:00,FBM,15.3,15.31,15.29,15.3,11700.0
2017-05-15 12:55:00,FBM,15.28,15.3,15.28,15.3,1978.0
2017-05-15 12:50:00,FBM,15.28,15.32,15.28,15.28,33019.0
2017-05-15 12:45:00,FBM,15.32,15.32,15.295,15.295,1241.0
2017-05-15 12:40:00,FBM,15.315,15.32,15.305,15.31,2800.0
2017-05-15 12:35:00,FBM,15.29,15.33,15.27,15.31,61100.0
2017-05-15 12:30:00,FBM,15.32,15.32,15.29,15.29,20400.0
2017-05-15 12:25:00,FBM,15.3,15.33,15.29,15.29,9400.0
2017-05-15 12:20:00,FBM,15.29,15.3,15.28,15.28,900.0
2017-05-15 12:15:00,FBM,15.27,15.28,15.27,15.28,200.0
2017-05-15 12:10:00,FBM,15.27,15.27,15.27,15.27,100.0
2017-05-15 12:05:00,FBM,15.31,15.31,15.28,15.3,28400.0
2017-05-15 12:00:00,FBM,15.285,15.305,15.275,15.29,18300.0
2017-05-15 11:55:00,FBM,15.3,15.3,15.28,15.285,3027.0
2017-05-15 11:50:00,FBM,15.3,15.305,15.29,15.29,700.0
2017-05-15 11:45:00,FBM,15.29,15.32,15.28,15.3,20351.0
2017-05-15 11:40:00,FBM,15.295,15.295,15.29,15.29,939.0
2017-05-15 11:35:00,FBM,15.31,15.335,15.29,15.29,1800.0
2017-05-15 11:30:00,FBM,15.29,15.3,15.28,15.3,7133.0
2017-05-15 11:25:00,FBM,15.27,15.28,15.27,15.28,300.0
2017-05-15 11:20:00,FBM,15.275,15.29,15.27,15.27,400.0
2017-05-15 11:15:00,FBM,15.31,15.38,15.28,15.28,6250.0
2017-05-15 11:10:00,FBM,15.29,15.29,15.29,15.29,700.0
2017-05-15 11:05:00,FBM,15.28,15.28,15.26,15.26,200.0
2017-05-15 11:00:00,FBM,15.26,15.26,15.26,15.26,100.0
2017-05-15 10:55:00,FBM,15.24,15.26,15.24,15.26,500.0
2017-05-15 10:45:00,FBM,15.26,15.33,15.22,15.22,2600.0
2017-05-15 10:40:00,FBM,15.24,15.24,15.195,15.24,3400.0
2017-05-15 10:35:00,FBM,15.24,15.31,15.24,15.26,2474.0
2017-05-15 10:30:00,FBM,15.2,15.25,15.2,15.235,2300.0
2017-05-15 10:25:00,FBM,15.2,15.2,15.2,15.2,300.0
2017-05-15 10:20:00,FBM,15.17,15.2641,15.17,15.2641,1500.0
2017-05-15 10:15:00,FBM,15.34,15.34,15.1675,15.17,2500.0
2017-05-15 10:10:00,FBM,15.31,15.34,15.3,15.3,1300.0
2017-05-15 10:05:00,FBM,15.33,15.33,15.32,15.32,400.0
2017-05-15 10:00:00,FBM,15.4,15.4,15.31,15.31,1244.0
2017-05-15 09:55:00,FBM,15.4,15.4,15.4,15.4,200.0
2017-05-15 09:50:00,FBM,15.41,15.47,15.41,15.47,1200.0
2017-05-15 09:45:00,FBM,15.41,15.41,15.41,15.41,100.0
2017-05-15 09:40:00,FBM,15.405,15.41,15.405,15.41,300.0
2017-05-15 09:35:00,FBM,15.39,15.4,15.2701,15.4,1003.0
2017-05-12 16:05:00,FBM,15.28,15.28,15.28,15.28,2731.0
2017-05-12 16:00:00,FBM,15.27,15.28,15.26,15.27,12690.0
2017-05-12 15:55:00,FBM,15.28,15.28,15.25,15.25,3802.0
2017-05-12 15:50:00,FBM,15.27,15.28,15.24,15.28,2407.0
2017-05-12 15:45:00,FBM,15.15,15.28,15.15,15.28,7269.0
2017-05-12 15:40:00,FBM,15.15,15.15,15.12,15.12,2999.0
2017-05-12 15:35:00,FBM,15.21,15.215,15.13,15.15,3915.0
2017-05-12 15:30:00,FBM,15.245,15.2458,15.22,15.22,4036.0
2017-05-12 15:25:00,FBM,15.23,15.245,15.23,15.245,600.0
2017-05-12 15:20:00,FBM,15.25,15.255,15.25,15.2501,1004.0
2017-05-12 15:15:00,FBM,15.27,15.29,15.23,15.23,2284.0
2017-05-12 15:10:00,FBM,15.305,15.305,15.25,15.2501,1503.0
2017-05-12 15:05:00,FBM,15.31,15.32,15.3,15.3,922.0
2017-05-12 15:00:00,FBM,15.305,15.305,15.305,15.305,1400.0
2017-05-12 14:55:00,FBM,15.3023,15.31,15.3,15.3,1831.0
2017-05-12 14:50:00,FBM,15.33,15.33,15.29,15.3,5324.0
2017-05-12 14:45:00,FBM,15.3,15.315,15.3,15.31,1054.0
2017-05-12 14:40:00,FBM,15.3,15.315,15.3,15.31,1476.0
2017-05-12 14:35:00,FBM,15.31,15.31,15.3001,15.31,935.0
2017-05-12 14:30:00,FBM,15.31,15.31,15.3001,15.3001,228.0
2017-05-12 14:25:00,FBM,15.31,15.31,15.3001,15.31,537.0
2017-05-12 14:20:00,FBM,15.3,15.335,15.29,15.32,1200.0
2017-05-12 14:15:00,FBM,15.34,15.34,15.2501,15.2501,4678.0
2017-05-12 14:10:00,FBM,15.36,15.36,15.34,15.34,2454.0
2017-05-12 14:05:00,FBM,15.34,15.34,15.34,15.34,150.0
2017-05-12 14:00:00,FBM,15.36,15.36,15.35,15.35,600.0
2017-05-12 13:55:00,FBM,15.365,15.3865,15.36,15.38,3214.0
2017-05-12 13:50:00,FBM,15.38,15.4,15.3501,15.37,2417.0
2017-05-12 13:45:00,FBM,15.2372,15.45,15.2372,15.44,4781.0
2017-05-12 13:40:00,FBM,15.2942,15.2942,15.23,15.25,1301.0
2017-05-12 13:35:00,FBM,15.308,15.31,15.295,15.3,3883.0
2017-05-12 13:30:00,FBM,15.31,15.31,15.31,15.31,100.0
2017-05-12 13:25:00,FBM,15.3,15.306,15.3,15.306,200.0
2017-05-12 13:20:00,FBM,15.31,15.315,15.3,15.315,424.0
2017-05-12 13:15:00,FBM,15.3501,15.3501,15.3,15.3075,5473.0
2017-05-12 13:10:00,FBM,15.365,15.365,15.35,15.35,200.0
2017-05-12 13:05:00,FBM,15.365,15.365,15.3501,15.3501,819.0
2017-05-12 13:00:00,FBM,15.365,15.365,15.3501,15.365,744.0
2017-05-12 12:55:00,FBM,15.38,15.38,15.36,15.37,528.0
2017-05-12 12:50:00,FBM,15.3501,15.365,15.3501,15.3501,495.0
2017-05-12 12:45:00,FBM,15.3501,15.365,15.35,15.35,476.0
2017-05-12 12:40:00,FBM,15.365,15.365,15.34,15.3401,402.0
2017-05-12 12:35:00,FBM,15.39,15.39,15.39,15.39,100.0
2017-05-12 12:30:00,FBM,15.3752,15.4,15.35,15.39,600.0
2017-05-12 12:25:00,FBM,15.44,15.44,15.4,15.4,4900.0
2017-05-12 12:20:00,FBM,15.445,15.46,15.445,15.445,2400.0
2017-05-12 12:15:00,FBM,15.4,15.47,15.4,15.445,6700.0
2017-05-12 12:10:00,FBM,15.35,15.42,15.35,15.42,1550.0
2017-05-12 12:05:00,FBM,15.38,15.3801,15.35,15.35,2200.0
2017-05-12 12:00:00,FBM,15.41,15.41,15.41,15.41,100.0
2017-05-12 11:55:00,FBM,15.43,15.43,15.38,15.38,1000.0
2017-05-12 11:50:00,FBM,15.43,15.56,15.42,15.465,13767.0
2017-05-12 11:45:00,FBM,15.47,15.47,15.4,15.4,700.0
2017-05-12 11:40:00,FBM,15.47,15.49,15.4632,15.47,6164.0
2017-05-12 11:35:00,FBM,15.46,15.48,15.46,15.47,714.0
2017-05-12 11:30:00,FBM,15.47,15.47,15.4601,15.4601,548.0
2017-05-12 11:25:00,FBM,15.49,15.495,15.47,15.47,1230.0
2017-05-12 11:20:00,FBM,15.49,15.5,15.49,15.495,1300.0
2017-05-12 11:15:00,FBM,15.49,15.51,15.49,15.5,1600.0
2017-05-12 11:10:00,FBM,15.545,15.55,15.478,15.478,6867.0
2017-05-12 11:05:00,FBM,15.5201,15.5457,15.52,15.545,2051.0
2017-05-12 11:00:00,FBM,15.49,15.61,15.49,15.54,14284.0
2017-05-12 10:55:00,FBM,15.485,15.485,15.48,15.485,1334.0
2017-05-12 10:50:00,FBM,15.485,15.49,15.4801,15.4801,734.0
2017-05-12 10:45:00,FBM,15.49,15.49,15.48,15.485,1400.0
2017-05-12 10:40:00,FBM,15.4801,15.4801,15.4801,15.4801,340.0
2017-05-12 10:35:00,FBM,15.48,15.49,15.48,15.49,500.0
2017-05-12 10:30:00,FBM,15.5,15.51,15.48,15.49,4700.0
2017-05-12 10:25:00,FBM,15.4501,15.5,15.45,15.5,4143.0
2017-05-12 10:20:00,FBM,15.47,15.49,15.47,15.49,700.0
2017-05-12 10:15:00,FBM,15.57,15.57,15.45,15.45,4151.0
2017-05-12 10:10:00,FBM,15.59,15.64,15.57,15.59,2791.0
2017-05-12 10:05:00,FBM,15.7233,15.7233,15.59,15.64,2300.0
2017-05-12 10:00:00,FBM,15.715,15.715,15.62,15.63,5500.0
2017-05-12 09:55:00,FBM,15.66,15.77,15.66,15.66,4400.0
2017-05-12 09:50:00,FBM,15.67,15.78,15.66,15.69,600.0
2017-05-12 09:35:00,FBM,15.66,15.66,15.66,15.66,240.0
2017-05-11 16:05:00,FBM,15.65,15.65,15.65,15.65,5180.0
2017-05-11 16:00:00,FBM,15.6201,15.63,15.59,15.59,9544.0
2017-05-11 15:55:00,FBM,15.62,15.63,15.62,15.62,3582.0
2017-05-11 15:50:00,FBM,15.62,15.63,15.61,15.62,6027.0
2017-05-11 15:45:00,FBM,15.64,15.64,15.62,15.62,2352.0
2017-05-11 15:40:00,FBM,15.63,15.64,15.61,15.62,1700.0
2017-05-11 15:35:00,FBM,15.59,15.63,15.59,15.61,1416.0
2017-05-11 15:30:00,FBM,15.61,15.625,15.58,15.58,1816.0
2017-05-11 15:25:00,FBM,15.64,15.67,15.63,15.63,9259.0
2017-05-11 15:20:00,FBM,15.65,15.65,15.64,15.6401,912.0
2017-05-11 15:15:00,FBM,15.64,15.68,15.64,15.65,1300.0
2017-05-11 15:10:00,FBM,15.64,15.642,15.64,15.64,398.0
2017-05-11 15:00:00,FBM,15.66,15.67,15.66,15.67,1655.0
2017-05-11 14:55:00,FBM,15.63,15.68,15.6,15.66,9805.0
2017-05-11 14:50:00,FBM,15.62,15.63,15.62,15.63,500.0
2017-05-11 14:45:00,FBM,15.62,15.62,15.59,15.59,720.0
2017-05-11 14:40:00,FBM,15.58,15.5801,15.58,15.5801,580.0
2017-05-11 14:35:00,FBM,15.65,15.65,15.5801,15.5801,1444.0
2017-05-11 14:30:00,FBM,15.64,15.65,15.64,15.65,200.0
2017-05-11 14:25:00,FBM,15.64,15.65,15.62,15.65,946.0
2017-05-11 14:20:00,FBM,15.6207,15.6207,15.6,15.62,456.0
2017-05-11 14:15:00,FBM,15.65,15.65,15.62,15.62,1799.0
2017-05-11 14:10:00,FBM,15.65,15.66,15.64,15.65,1103.0
2017-05-11 14:05:00,FBM,15.66,15.66,15.65,15.66,400.0
2017-05-11 14:00:00,FBM,15.65,15.65,15.64,15.64,600.0
2017-05-11 13:55:00,FBM,15.65,15.66,15.63,15.65,852.0
2017-05-11 13:50:00,FBM,15.655,15.66,15.63,15.66,1400.0
2017-05-11 13:45:00,FBM,15.655,15.655,15.63,15.63,600.0
2017-05-11 13:40:00,FBM,15.6301,15.6301,15.6301,15.6301,148.0
2017-05-11 13:35:00,FBM,15.6201,15.65,15.6201,15.63,4135.0
2017-05-11 13:30:00,FBM,15.65,15.65,15.62,15.65,400.0
2017-05-11 13:25:00,FBM,15.64,15.64,15.63,15.63,1215.0
2017-05-11 13:20:00,FBM,15.65,15.65,15.61,15.63,1747.0
2017-05-11 13:15:00,FBM,15.65,15.65,15.65,15.65,100.0
2017-05-11 13:10:00,FBM,15.61,15.63,15.61,15.61,800.0
2017-05-11 13:05:00,FBM,15.645,15.645,15.64,15.64,400.0
2017-05-11 13:00:00,FBM,15.65,15.65,15.615,15.6452,1400.0
2017-05-11 12:55:00,FBM,15.615,15.65,15.615,15.65,300.0
2017-05-11 12:50:00,FBM,15.59,15.615,15.58,15.58,1430.0
2017-05-11 12:45:00,FBM,15.58,15.59,15.58,15.58,713.0
2017-05-11 12:40:00,FBM,15.5801,15.586,15.58,15.58,725.0
2017-05-11 12:35:00,FBM,15.6,15.6,15.59,15.59,200.0
2017-05-11 12:30:00,FBM,15.6301,15.6301,15.59,15.59,555.0
2017-05-11 12:25:00,FBM,15.65,15.65,15.61,15.65,4900.0
2017-05-11 12:20:00,FBM,15.5801,15.66,15.58,15.66,2874.0
2017-05-11 12:15:00,FBM,15.59,15.6,15.55,15.6,1100.0
2017-05-11 12:10:00,FBM,15.6,15.6,15.5501,15.59,1269.0
2017-05-11 12:05:00,FBM,15.59,15.6,15.52,15.52,1200.0
2017-05-11 12:00:00,FBM,15.58,15.58,15.53,15.57,1331.0
2017-05-11 11:55:00,FBM,15.63,15.69,15.62,15.62,2599.0
2017-05-11 11:50:00,FBM,15.5901,15.64,15.5901,15.64,519.0
2017-05-11 11:45:00,FBM,15.61,15.62,15.57,15.57,1400.0
2017-05-11 11:40:00,FBM,15.6401,15.6695,15.55,15.55,7293.0
2017-05-11 11:35:00,FBM,15.65,15.65,15.62,15.6201,436.0
2017-05-11 11:30:00,FBM,15.68,15.69,15.56,15.65,8725.0
2017-05-11 11:25:00,FBM,15.72,15.72,15.69,15.69,3290.0
2017-05-11 11:20:00,FBM,15.6801,15.72,15.68,15.69,655.0
2017-05-11 11:15:00,FBM,15.67,15.73,15.66,15.69,2731.0
2017-05-11 11:10:00,FBM,15.67,15.67,15.66,15.66,741.0
2017-05-11 11:05:00,FBM,15.67,15.67,15.62,15.67,600.0
2017-05-11 11:00:00,FBM,15.66,15.67,15.6201,15.6601,1913.0
2017-05-11 10:55:00,FBM,15.63,15.66,15.5601,15.66,2459.0
2017-05-11 10:50:00,FBM,15.61,15.61,15.5601,15.5601,200.0
2017-05-11 10:45:00,FBM,15.67,15.67,15.6,15.6,2877.0
2017-05-11 10:40:00,FBM,15.6,15.67,15.58,15.67,2060.0
2017-05-11 10:35:00,FBM,15.63,15.64,15.5701,15.58,820.0
2017-05-11 10:30:00,FBM,15.5701,15.5701,15.57,15.57,510.0
2017-05-11 10:25:00,FBM,15.6401,15.72,15.57,15.57,2220.0
2017-05-11 10:20:00,FBM,15.6401,15.73,15.64,15.73,383.0
2017-05-11 10:15:00,FBM,15.6401,15.6401,15.64,15.64,348.0
2017-05-11 10:10:00,FBM,15.71,15.71,15.64,15.64,1000.0
2017-05-11 10:05:00,FBM,15.79,15.79,15.7,15.7,600.0
2017-05-11 10:00:00,FBM,15.79,15.79,15.78,15.79,300.0
2017-05-11 09:55:00,FBM,15.78,15.78,15.69,15.71,1100.0
2017-05-11 09:50:00,FBM,15.78,15.78,15.78,15.78,100.0
2017-05-11 09:45:00,FBM,15.68,15.68,15.68,15.68,200.0
2017-05-11 09:40:00,FBM,15.8,15.809,15.68,15.68,2368.0
2017-05-11 09:35:00,FBM,15.8,15.8,15.8,15.8,807.0
2017-05-10 16:05:00,FBM,15.85,15.85,15.83,15.83,5374.0
2017-05-10 16:00:00,FBM,15.75,15.88,15.75,15.82,40875.0
2017-05-10 15:55:00,FBM,15.76,15.85,15.67,15.75,55956.0
2017-05-10 15:50:00,FBM,15.92,15.92,15.75,15.75,10716.0
2017-05-10 15:45:00,FBM,15.935,15.97,15.9,15.9,15296.0
2017-05-10 15:40:00,FBM,15.81,15.96,15.81,15.935,14745.0
2017-05-10 15:35:00,FBM,16.0,16.0,15.8,15.81,27813.0
2017-05-10 15:30:00,FBM,16.045,16.045,15.98,16.0,7147.0
2017-05-10 15:25:00,FBM,15.935,16.03,15.9,16.0,9313.0
2017-05-10 15:20:00,FBM,15.95,15.96,15.9001,15.935,9200.0
2017-05-10 15:15:00,FBM,15.8001,15.94,15.8,15.9378,10421.0
2017-05-10 15:10:00,FBM,15.95,15.98,15.81,15.81,8518.0
2017-05-10 15:05:00,FBM,16.045,16.12,15.9586,15.9586,14822.0
2017-05-10 15:00:00,FBM,16.14,16.15,16.08,16.08,4200.0
2017-05-10 14:55:00,FBM,16.15,16.15,16.09,16.12,4299.0
2017-05-10 14:50:00,FBM,16.15,16.17,16.08,16.155,17200.0
2017-05-10 14:45:00,FBM,16.19,16.2,16.15,16.15,26642.0
2017-05-10 14:40:00,FBM,16.2,16.23,16.2,16.2,1300.0
2017-05-10 14:35:00,FBM,16.2101,16.2101,16.16,16.2,4529.0
2017-05-10 14:30:00,FBM,16.23,16.23,16.2,16.21,3127.0
2017-05-10 14:25:00,FBM,16.25,16.25,16.21,16.25,2854.0
2017-05-10 14:20:00,FBM,16.25,16.25,16.21,16.21,610.0
2017-05-10 14:10:00,FBM,16.21,16.3,16.19,16.3,8595.0
2017-05-10 14:05:00,FBM,16.21,16.23,16.2,16.23,2318.0
2017-05-10 14:00:00,FBM,16.16,16.2,16.16,16.2,3800.0
2017-05-10 13:55:00,FBM,16.2,16.2,16.16,16.16,5000.0
2017-05-10 13:50:00,FBM,16.19,16.19,16.18,16.19,1200.0
2017-05-10 13:45:00,FBM,16.13,16.2,16.11,16.2,6300.0
2017-05-10 13:40:00,FBM,16.17,16.17,16.06,16.13,1900.0
2017-05-10 13:35:00,FBM,16.2,16.2,16.16,16.17,9700.0
2017-05-10 13:30:00,FBM,16.16,16.2,16.16,16.2,1000.0
2017-05-10 13:25:00,FBM,16.18,16.19,16.16,16.18,900.0
2017-05-10 13:20:00,FBM,16.16,16.16,16.16,16.16,100.0
2017-05-10 13:15:00,FBM,16.17,16.2,16.16,16.16,800.0
2017-05-10 13:10:00,FBM,16.18,16.2,16.1405,16.16,7128.0
2017-05-10 13:05:00,FBM,16.19,16.19,16.18,16.18,300.0
2017-05-10 13:00:00,FBM,16.15,16.2,16.15,16.17,3000.0
2017-05-10 12:55:00,FBM,16.13,16.145,16.1,16.145,2200.0
2017-05-10 12:50:00,FBM,16.16,16.16,16.1,16.125,1500.0
2017-05-10 12:45:00,FBM,16.16,16.16,16.1,16.1,400.0
2017-05-10 12:40:00,FBM,16.1688,16.18,16.1688,16.18,1300.0
2017-05-10 12:35:00,FBM,16.1,16.13,16.09,16.13,952.0
2017-05-10 12:25:00,FBM,16.06,16.1,16.06,16.1,4150.0
2017-05-10 12:20:00,FBM,16.06,16.1,16.05,16.08,4073.0
2017-05-10 12:15:00,FBM,16.1,16.1,16.07,16.07,31200.0
2017-05-10 12:10:00,FBM,16.15,16.15,16.1,16.11,1400.0
2017-05-10 12:05:00,FBM,16.12,16.19,16.1,16.17,4200.0
2017-05-10 12:00:00,FBM,16.1,16.12,16.1,16.12,1251.0
2017-05-10 11:55:00,FBM,16.1,16.1,16.08,16.1,1690.0
2017-05-10 11:45:00,FBM,16.1,16.12,16.06,16.12,2961.0
2017-05-10 11:40:00,FBM,16.11,16.15,16.09,16.105,2800.0
2017-05-10 11:35:00,FBM,16.1,16.11,16.1,16.11,3700.0
2017-05-10 11:30:00,FBM,16.1,16.11,16.1,16.1,4300.0
2017-05-10 11:25:00,FBM,16.08,16.1,16.07,16.1,4900.0
2017-05-10 11:20:00,FBM,16.09,16.09,16.0757,16.08,1900.0
2017-05-10 11:15:00,FBM,16.125,16.125,16.08,16.09,5199.0
2017-05-10 11:10:00,FBM,16.06,16.11,16.05,16.11,4700.0
2017-05-10 11:05:00,FBM,16.12,16.125,16.06,16.06,41816.0
2017-05-10 11:00:00,FBM,16.08,16.15,16.08,16.1,3200.0
2017-05-10 10:55:00,FBM,16.05,16.12,16.05,16.08,3134.0
2017-05-10 10:50:00,FBM,16.085,16.12,16.05,16.05,6795.0
2017-05-10 10:45:00,FBM,16.06,16.12,16.05,16.06,7320.0
2017-05-10 10:40:00,FBM,16.1201,16.155,16.09,16.12,2000.0
2017-05-10 10:35:00,FBM,16.15,16.25,16.15,16.15,1702.0
2017-05-10 10:30:00,FBM,16.1,16.15,16.1,16.15,30381.0
2017-05-10 10:25:00,FBM,16.07,16.15,16.07,16.1,3620.0
2017-05-10 10:20:00,FBM,16.06,16.15,16.03,16.03,4600.0
2017-05-10 10:15:00,FBM,16.08,16.1,16.01,16.04,1500.0
2017-05-10 10:10:00,FBM,16.04,16.09,16.01,16.01,1200.0
2017-05-10 10:05:00,FBM,16.18,16.18,16.03,16.06,3780.0
2017-05-10 10:00:00,FBM,16.09,16.21,16.05,16.16,4460.0
2017-05-10 09:55:00,FBM,16.06,16.12,16.05,16.05,6200.0
2017-05-10 09:50:00,FBM,16.06,16.06,16.0401,16.06,600.0
2017-05-10 09:45:00,FBM,16.06,16.2799,16.06,16.06,700.0
2017-05-10 09:40:00,FBM,16.33,16.33,16.05,16.05,1400.0
2017-05-10 09:35:00,FBM,16.43,16.55,16.43,16.55,1141.0
2017-05-09 18:05:00,FBM,17.25,17.25,17.25,17.25,300.0
2017-05-09 16:05:00,FBM,16.38,16.38,16.38,16.38,5090.0
2017-05-09 16:00:00,FBM,16.29,16.48,16.29,16.4,6166.0
2017-05-09 15:55:00,FBM,16.36,16.47,16.3,16.3,12580.0
2017-05-09 15:50:00,FBM,16.47,16.47,16.3,16.3,3761.0
2017-05-09 15:45:00,FBM,16.41,16.46,16.41,16.46,200.0
2017-05-09 15:40:00,FBM,16.38,16.5,16.25,16.45,35100.0
2017-05-09 15:35:00,FBM,16.4,16.4,16.38,16.39,1400.0
2017-05-09 15:30:00,FBM,16.47,16.55,16.41,16.41,1500.0
2017-05-09 15:25:00,FBM,16.46,16.46,16.44,16.44,200.0
2017-05-09 15:20:00,FBM,16.47,16.5,16.47,16.47,800.0
2017-05-09 15:15:00,FBM,16.5,16.51,16.46,16.46,1300.0
2017-05-09 15:10:00,FBM,16.5,16.5,16.47,16.5,1200.0
2017-05-09 15:05:00,FBM,16.5,16.5,16.47,16.5,1500.0
2017-05-09 15:00:00,FBM,16.57,16.57,16.5,16.5,1100.0
2017-05-09 14:55:00,FBM,16.55,16.58,16.5,16.51,3400.0
2017-05-09 14:50:00,FBM,16.595,16.72,16.55,16.575,5394.0
2017-05-09 14:45:00,FBM,16.56,16.6,16.42,16.6,9400.0
2017-05-09 14:40:00,FBM,16.68,16.68,16.535,16.56,4600.0
2017-05-09 14:35:00,FBM,16.81,16.81,16.6,16.68,8700.0
2017-05-09 14:30:00,FBM,16.84,16.85,16.76,16.81,5300.0
2017-05-09 14:25:00,FBM,16.84,16.88,16.76,16.85,4900.0
2017-05-09 14:20:00,FBM,16.58,16.83,16.58,16.83,9700.0
2017-05-09 14:15:00,FBM,16.47,16.58,16.47,16.58,3074.0
2017-05-09 14:10:00,FBM,16.35,16.47,16.31,16.47,4712.0
2017-05-09 14:05:00,FBM,16.35,16.35,16.35,16.35,100.0
2017-05-09 14:00:00,FBM,16.375,16.375,16.35,16.35,1016.0
2017-05-09 13:55:00,FBM,16.39,16.39,16.39,16.39,100.0
2017-05-09 13:50:00,FBM,16.4,16.4,16.4,16.4,100.0
2017-05-09 13:45:00,FBM,16.4,16.4,16.4,16.4,100.0
2017-05-09 13:40:00,FBM,16.37,16.37,16.37,16.37,100.0
2017-05-09 13:35:00,FBM,16.34,16.37,16.34,16.37,300.0
2017-05-09 13:30:00,FBM,16.34,16.34,16.34,16.34,100.0
2017-05-09 13:25:00,FBM,16.37,16.37,16.37,16.37,200.0
2017-05-09 13:15:00,FBM,16.36,16.37,16.36,16.37,200.0
2017-05-09 13:10:00,FBM,16.35,16.3699,16.35,16.3699,200.0
2017-05-09 13:05:00,FBM,16.3,16.3,16.3,16.3,100.0
2017-05-09 13:00:00,FBM,16.28,16.28,16.28,16.28,100.0
2017-05-09 12:55:00,FBM,16.23,16.23,16.23,16.23,100.0
2017-05-09 12:50:00,FBM,16.25,16.27,16.25,16.27,200.0
2017-05-09 12:40:00,FBM,16.36,16.36,16.24,16.24,400.0
2017-05-09 12:35:00,FBM,16.34,16.34,16.33,16.33,200.0
2017-05-09 12:20:00,FBM,16.25,16.25,16.25,16.25,200.0
2017-05-09 12:15:00,FBM,16.3,16.3,16.3,16.3,100.0
2017-05-09 12:10:00,FBM,16.46,16.46,16.42,16.42,500.0
2017-05-09 12:05:00,FBM,16.58,16.58,16.5,16.5,600.0
2017-05-09 12:00:00,FBM,16.57,16.67,16.57,16.67,200.0
2017-05-09 11:55:00,FBM,16.44,16.57,16.37,16.57,3307.0
2017-05-09 11:50:00,FBM,16.24,16.44,16.24,16.44,3000.0
2017-05-09 11:45:00,FBM,16.21,16.2299,16.12,16.2284,3000.0
2017-05-09 11:40:00,FBM,16.26,16.26,16.2,16.2,800.0
2017-05-09 11:35:00,FBM,16.14,16.29,16.14,16.26,900.0
2017-05-09 11:30:00,FBM,16.04,16.12,16.04,16.12,2036.0
2017-05-09 11:25:00,FBM,15.98,16.015,15.92,16.015,11400.0
2017-05-09 11:20:00,FBM,16.0,16.0,15.91,15.99,18956.0
2017-05-09 11:15:00,FBM,16.0,16.02,15.95,16.015,5898.0
2017-05-09 11:10:00,FBM,16.0,16.05,15.9,16.0,20208.0
2017-05-09 11:05:00,FBM,15.95,16.05,15.945,16.04,6830.0
2017-05-09 11:00:00,FBM,15.95,15.97,15.92,15.945,7932.0
2017-05-09 10:55:00,FBM,15.905,15.97,15.905,15.97,2000.0
2017-05-09 10:50:00,FBM,15.89,15.93,15.89,15.91,2108.0
2017-05-09 10:45:00,FBM,15.935,15.94,15.9,15.9,3800.0
2017-05-09 10:40:00,FBM,15.94,15.96,15.93,15.94,3695.0
2017-05-09 10:35:00,FBM,15.955,15.97,15.92,15.94,3710.0
2017-05-09 10:30:00,FBM,15.91,15.98,15.9,15.95,5635.0
2017-05-09 10:20:00,FBM,15.96,15.96,15.9,15.9,900.0
2017-05-09 10:15:00,FBM,16.0,16.01,15.98,15.98,600.0
2017-05-09 10:10:00,FBM,16.053,16.07,16.025,16.025,920.0
2017-05-09 09:55:00,FBM,15.9902,15.9902,15.9902,15.9902,1000.0
2017-05-09 09:35:00,FBM,16.04,16.04,16.04,16.04,348.0
2017-05-08 16:05:00,FBM,16.07,16.07,16.07,16.07,3501.0
2017-05-08 16:00:00,FBM,16.06,16.1,16.04,16.05,14785.0
2017-05-08 15:55:00,FBM,16.08,16.08,16.035,16.035,7938.0
2017-05-08 15:50:00,FBM,16.05,16.08,16.02,16.08,5992.0
2017-05-08 15:45:00,FBM,16.0,16.05,16.0,16.03,12218.0
2017-05-08 15:40:00,FBM,16.0,16.03,15.9925,16.015,7900.0
2017-05-08 15:35:00,FBM,15.99,16.0,15.99,16.0,6995.0
2017-05-08 15:30:00,FBM,16.0,16.0,16.0,16.0,1100.0
2017-05-08 15:25:00,FBM,16.01,16.01,15.99,16.0,3000.0
2017-05-08 15:20:00,FBM,16.06,16.065,16.0,16.005,2400.0
2017-05-08 15:15:00,FBM,16.03,16.08,16.025,16.06,3300.0
2017-05-08 15:10:00,FBM,16.04,16.04,16.02,16.04,1700.0
2017-05-08 15:05:00,FBM,16.09,16.09,16.03,16.04,4900.0
2017-05-08 15:00:00,FBM,16.13,16.13,16.09,16.09,5795.0
2017-05-08 14:55:00,FBM,16.13,16.135,16.13,16.135,700.0
2017-05-08 14:50:00,FBM,16.14,16.14,16.14,16.14,100.0
2017-05-08 14:45:00,FBM,16.14,16.14,16.14,16.14,300.0
2017-05-08 14:40:00,FBM,16.11,16.14,16.11,16.14,700.0
2017-05-08 14:35:00,FBM,16.16,16.16,16.15,16.15,1700.0
2017-05-08 14:30:00,FBM,16.095,16.17,16.09,16.16,2000.0
2017-05-08 14:25:00,FBM,16.025,16.095,16.025,16.07,4422.0
2017-05-08 14:20:00,FBM,16.03,16.03,16.025,16.025,809.0
2017-05-08 14:15:00,FBM,16.03,16.04,16.03,16.035,700.0
2017-05-08 14:10:00,FBM,16.03,16.03,16.03,16.03,100.0
2017-05-08 14:05:00,FBM,16.03,16.03,16.03,16.03,500.0
2017-05-08 14:00:00,FBM,16.04,16.04,16.04,16.04,200.0
2017-05-08 13:55:00,FBM,16.03,16.04,16.03,16.04,200.0
2017-05-08 13:50:00,FBM,16.04,16.04,16.03,16.03,800.0
2017-05-08 13:45:00,FBM,16.03,16.05,16.03,16.03,1100.0
2017-05-08 13:40:00,FBM,16.0101,16.03,16.0101,16.02,500.0
2017-05-08 13:35:00,FBM,16.05,16.05,16.015,16.0199,500.0
2017-05-08 13:30:00,FBM,15.98,16.04,15.975,16.04,1620.0
2017-05-08 13:25:00,FBM,16.04,16.04,16.01,16.01,1300.0
2017-05-08 13:20:00,FBM,16.035,16.035,16.035,16.035,100.0
2017-05-08 13:15:00,FBM,16.04,16.06,16.02,16.02,500.0
2017-05-08 13:10:00,FBM,16.04,16.11,16.03,16.06,600.0
2017-05-08 13:05:00,FBM,16.0,16.0399,15.99,16.0399,900.0
2017-05-08 13:00:00,FBM,16.0,16.0,15.965,15.97,1500.0
2017-05-08 12:55:00,FBM,16.045,16.05,16.0,16.0,3853.0
2017-05-08 12:50:00,FBM,16.045,16.0499,16.04,16.04,500.0
2017-05-08 12:45:00,FBM,16.07,16.07,16.05,16.06,1000.0
2017-05-08 12:40:00,FBM,16.015,16.04,16.0101,16.04,400.0
2017-05-08 12:35:00,FBM,16.02,16.04,16.02,16.04,200.0
2017-05-08 12:30:00,FBM,16.02,16.02,16.005,16.02,600.0
2017-05-08 12:25:00,FBM,16.03,16.06,16.03,16.06,300.0
2017-05-08 12:20:00,FBM,16.13,16.13,16.1,16.1,500.0
2017-05-08 12:15:00,FBM,16.11,16.14,16.11,16.12,900.0
2017-05-08 12:10:00,FBM,16.13,16.15,16.1,16.15,1150.0
2017-05-08 12:05:00,FBM,16.04,16.04,16.04,16.04,300.0
2017-05-08 12:00:00,FBM,16.05,16.05,15.98,16.04,1700.0
2017-05-08 11:55:00,FBM,16.07,16.07,16.05,16.06,400.0
2017-05-08 11:45:00,FBM,16.06,16.06,16.06,16.06,100.0
2017-05-08 11:40:00,FBM,16.04,16.04,16.04,16.04,300.0
2017-05-08 11:35:00,FBM,16.05,16.06,16.0,16.04,1100.0
2017-05-08 11:30:00,FBM,16.0,16.0,16.0,16.0,600.0
2017-05-08 11:25:00,FBM,16.0,16.0,15.99,15.99,921.0
2017-05-08 11:20:00,FBM,16.0,16.0,16.0,16.0,1200.0
2017-05-08 11:15:00,FBM,16.0,16.0,16.0,16.0,300.0
2017-05-08 11:10:00,FBM,15.99,15.99,15.99,15.99,200.0
2017-05-08 11:05:00,FBM,16.03,16.03,16.02,16.02,200.0
2017-05-08 11:00:00,FBM,16.0025,16.03,16.0,16.03,300.0
2017-05-08 10:50:00,FBM,16.04,16.1,16.0301,16.0301,2344.0
2017-05-08 10:45:00,FBM,16.0,16.01,16.0,16.01,1526.0
2017-05-08 10:40:00,FBM,15.93,16.0,15.93,16.0,400.0
2017-05-08 10:30:00,FBM,16.0,16.0,15.96,15.98,2900.0
2017-05-08 10:25:00,FBM,15.99,16.02,15.99,15.99,7239.0
2017-05-08 10:20:00,FBM,15.87,16.0,15.84,15.995,9353.0
2017-05-08 10:15:00,FBM,15.97,15.995,15.82,15.87,3952.0
2017-05-08 10:10:00,FBM,16.075,16.075,15.9101,15.93,21030.0
2017-05-08 10:05:00,FBM,16.02,16.09,16.01,16.09,2900.0
2017-05-08 10:00:00,FBM,16.0,16.02,16.0,16.02,200.0
2017-05-08 09:50:00,FBM,16.06,16.06,16.06,16.06,100.0
2017-05-08 09:45:00,FBM,16.02,16.02,16.02,16.02,100.0
2017-05-08 09:40:00,FBM,16.15,16.15,16.02,16.02,500.0
2017-05-08 09:35:00,FBM,16.13,16.13,16.13,16.13,385.0
2017-05-05 16:05:00,FBM,16.21,16.21,16.21,16.21,2875.0
2017-05-05 16:00:00,FBM,16.22,16.25,16.17,16.21,5100.0
2017-05-05 15:55:00,FBM,16.19,16.2199,16.16,16.2199,3300.0
2017-05-05 15:50:00,FBM,16.22,16.235,16.13,16.13,2909.0
2017-05-05 15:45:00,FBM,16.2499,16.2499,16.2,16.24,2300.0
2017-05-05 15:40:00,FBM,16.23,16.24,16.22,16.23,1500.0
2017-05-05 15:35:00,FBM,16.2,16.24,16.19,16.22,2145.0
2017-05-05 15:30:00,FBM,16.18,16.2,16.16,16.2,1500.0
2017-05-05 15:25:00,FBM,16.165,16.19,16.14,16.16,600.0
2017-05-05 15:20:00,FBM,16.18,16.2099,16.18,16.19,1800.0
2017-05-05 15:15:00,FBM,16.18,16.18,16.13,16.18,800.0
2017-05-05 15:10:00,FBM,16.13,16.19,16.13,16.18,1786.0
2017-05-05 15:05:00,FBM,16.15,16.15,16.09,16.09,800.0
2017-05-05 15:00:00,FBM,16.1999,16.1999,16.14,16.14,1400.0
2017-05-05 14:55:00,FBM,16.17,16.2099,16.17,16.17,700.0
2017-05-05 14:50:00,FBM,16.13,16.16,16.07,16.16,800.0
2017-05-05 14:45:00,FBM,16.16,16.2,16.16,16.18,1400.0
2017-05-05 14:40:00,FBM,16.085,16.16,16.085,16.16,1000.0
2017-05-05 14:35:00,FBM,16.14,16.14,16.12,16.12,945.0
2017-05-05 14:30:00,FBM,16.18,16.2,16.04,16.04,1772.0
2017-05-05 14:25:00,FBM,16.16,16.18,16.16,16.17,500.0
2017-05-05 14:20:00,FBM,16.09,16.13,16.09,16.13,600.0
2017-05-05 14:15:00,FBM,16.13,16.13,16.08,16.08,200.0
2017-05-05 14:05:00,FBM,16.17,16.17,16.1,16.14,900.0
2017-05-05 14:00:00,FBM,16.17,16.18,16.17,16.17,400.0
2017-05-05 13:55:00,FBM,16.145,16.145,16.12,16.12,600.0
2017-05-05 13:45:00,FBM,16.16,16.16,16.16,16.16,100.0
2017-05-05 13:40:00,FBM,16.19,16.19,16.14,16.14,200.0
2017-05-05 13:35:00,FBM,16.17,16.19,16.14,16.165,500.0
2017-05-05 13:30:00,FBM,16.14,16.14,16.14,16.14,100.0
2017-05-05 13:25:00,FBM,16.135,16.17,16.1,16.14,900.0
2017-05-05 13:20:00,FBM,16.065,16.12,16.03,16.12,900.0
2017-05-05 13:15:00,FBM,16.08,16.08,16.08,16.08,100.0
2017-05-05 13:10:00,FBM,16.19,16.19,16.18,16.18,400.0
2017-05-05 13:05:00,FBM,16.2,16.2,16.18,16.18,700.0
2017-05-05 13:00:00,FBM,16.16,16.19,16.1,16.1,1300.0
2017-05-05 12:55:00,FBM,16.13,16.16,16.13,16.16,200.0
2017-05-05 12:50:00,FBM,16.06,16.09,16.01,16.01,500.0
2017-05-05 12:40:00,FBM,16.05,16.05,16.05,16.05,100.0
2017-05-05 12:30:00,FBM,16.11,16.11,16.11,16.11,100.0
2017-05-05 12:25:00,FBM,16.15,16.15,16.14,16.15,500.0
2017-05-05 12:15:00,FBM,16.21,16.22,16.17,16.17,1004.0
2017-05-05 12:10:00,FBM,16.18,16.19,16.18,16.18,400.0
2017-05-05 12:05:00,FBM,16.0501,16.13,16.0501,16.13,200.0
2017-05-05 12:00:00,FBM,16.09,16.1,16.0,16.1,7100.0
2017-05-05 11:55:00,FBM,16.13,16.13,16.08,16.08,200.0
2017-05-05 11:50:00,FBM,16.19,16.19,16.19,16.19,100.0
2017-05-05 11:45:00,FBM,16.19,16.19,16.19,16.19,100.0
2017-05-05 11:35:00,FBM,16.19,16.19,16.19,16.19,100.0
2017-05-05 11:30:00,FBM,16.16,16.16,16.16,16.16,115.0
2017-05-05 11:25:00,FBM,16.17,16.17,16.17,16.17,100.0
2017-05-05 11:20:00,FBM,16.25,16.25,16.25,16.25,100.0
2017-05-05 11:15:00,FBM,16.21,16.21,16.21,16.21,100.0
2017-05-05 11:05:00,FBM,16.2,16.28,16.2,16.28,513.0
2017-05-05 10:55:00,FBM,16.18,16.18,16.18,16.18,100.0
2017-05-05 10:50:00,FBM,16.18,16.18,16.18,16.18,100.0
2017-05-05 10:45:00,FBM,16.25,16.25,16.25,16.25,100.0
2017-05-05 10:35:00,FBM,16.18,16.21,16.18,16.21,300.0
2017-05-05 10:15:00,FBM,16.2266,16.2266,16.2266,16.2266,150.0
2017-05-05 10:10:00,FBM,16.17,16.21,16.17,16.21,200.0
2017-05-05 09:55:00,FBM,16.27,16.27,16.27,16.27,200.0
2017-05-05 09:45:00,FBM,16.2502,16.2502,16.2502,16.2502,1000.0
2017-05-05 09:35:00,FBM,16.24,16.24,16.24,16.24,120.0
2017-05-04 16:05:00,FBM,16.18,16.18,16.18,16.18,2886.0
2017-05-04 16:00:00,FBM,16.17,16.23,16.15,16.18,7352.0
2017-05-04 15:55:00,FBM,16.21,16.21,16.15,16.18,4019.0
2017-05-04 15:50:00,FBM,16.17,16.2,16.16,16.2,3932.0
2017-05-04 15:45:00,FBM,16.14,16.2,16.14,16.17,2860.0
2017-05-04 15:40:00,FBM,16.22,16.22,16.12,16.14,2718.0
2017-05-04 15:35:00,FBM,16.22,16.24,16.2,16.21,500.0
2017-05-04 15:30:00,FBM,16.29,16.3,16.26,16.26,2700.0
2017-05-04 15:25:00,FBM,16.25,16.28,16.25,16.28,1300.0
2017-05-04 15:20:00,FBM,16.23,16.26,16.23,16.26,1000.0
2017-05-04 15:15:00,FBM,16.15,16.21,16.15,16.21,1314.0
2017-05-04 15:10:00,FBM,16.24,16.24,16.15,16.19,1100.0
2017-05-04 15:05:00,FBM,16.22,16.22,16.22,16.22,200.0
2017-05-04 15:00:00,FBM,16.26,16.27,16.24,16.25,1320.0
2017-05-04 14:55:00,FBM,16.27,16.29,16.26,16.29,500.0
2017-05-04 14:50:00,FBM,16.24,16.26,16.24,16.26,615.0
2017-05-04 14:45:00,FBM,16.25,16.25,16.25,16.25,207.0
2017-05-04 14:40:00,FBM,16.24,16.24,16.22,16.22,500.0
2017-05-04 14:35:00,FBM,16.2,16.23,16.2,16.23,200.0
2017-05-04 14:30:00,FBM,16.18,16.23,16.18,16.23,300.0
2017-05-04 14:25:00,FBM,16.19,16.19,16.1201,16.1201,653.0
2017-05-04 14:20:00,FBM,16.2,16.2,16.2,16.2,200.0
2017-05-04 14:15:00,FBM,16.22,16.22,16.19,16.19,200.0
2017-05-04 14:10:00,FBM,16.23,16.23,16.22,16.22,200.0
2017-05-04 14:05:00,FBM,16.17,16.22,16.17,16.21,1000.0
2017-05-04 13:50:00,FBM,16.12,16.12,16.12,16.12,200.0
2017-05-04 13:45:00,FBM,16.09,16.11,16.09,16.11,300.0
2017-05-04 13:40:00,FBM,16.11,16.11,16.11,16.11,300.0
2017-05-04 13:35:00,FBM,16.12,16.12,16.09,16.09,400.0
2017-05-04 13:30:00,FBM,16.13,16.14,16.12,16.13,600.0
2017-05-04 13:25:00,FBM,16.1,16.15,16.1,16.15,402.0
2017-05-04 13:20:00,FBM,16.13,16.13,16.13,16.13,309.0
2017-05-04 13:15:00,FBM,16.17,16.17,16.14,16.14,300.0
2017-05-04 13:05:00,FBM,16.21,16.21,16.19,16.2,590.0
2017-05-04 13:00:00,FBM,16.22,16.22,16.22,16.22,100.0
2017-05-04 12:55:00,FBM,16.1,16.22,16.1,16.21,1100.0
2017-05-04 12:50:00,FBM,16.06,16.07,16.06,16.07,900.0
2017-05-04 12:45:00,FBM,16.07,16.07,16.065,16.065,300.0
2017-05-04 12:40:00,FBM,16.05,16.05,16.05,16.05,200.0
2017-05-04 12:35:00,FBM,16.09,16.09,16.07,16.07,300.0
2017-05-04 12:30:00,FBM,16.08,16.1,16.08,16.08,300.0
2017-05-04 12:25:00,FBM,16.1,16.1,16.065,16.065,200.0
2017-05-04 12:20:00,FBM,16.06,16.08,16.05,16.08,400.0
2017-05-04 12:15:00,FBM,16.075,16.08,16.0,16.06,1998.0
2017-05-04 12:10:00,FBM,16.1,16.14,16.05,16.14,1100.0
2017-05-04 12:05:00,FBM,16.1,16.16,16.07,16.16,6649.0
2017-05-04 12:00:00,FBM,16.12,16.15,16.05,16.06,18198.0
2017-05-04 11:50:00,FBM,16.12,16.12,16.12,16.12,100.0
2017-05-04 11:45:00,FBM,16.16,16.16,16.16,16.16,210.0
2017-05-04 11:40:00,FBM,16.18,16.19,16.15,16.15,1600.0
2017-05-04 11:35:00,FBM,16.17,16.17,16.17,16.17,100.0
2017-05-04 11:25:00,FBM,16.19,16.19,16.19,16.19,200.0
2017-05-04 11:20:00,FBM,16.285,16.285,16.21,16.25,1842.0
2017-05-04 11:15:00,FBM,16.18,16.24,16.18,16.24,600.0
2017-05-04 11:05:00,FBM,16.13,16.13,16.13,16.13,100.0
2017-05-04 11:00:00,FBM,16.15,16.15,16.15,16.15,100.0
2017-05-04 10:55:00,FBM,16.17,16.185,16.15,16.17,610.0
2017-05-04 10:45:00,FBM,16.17,16.17,16.17,16.17,200.0
2017-05-04 10:40:00,FBM,16.19,16.19,16.19,16.19,100.0
2017-05-04 10:35:00,FBM,16.18,16.18,16.15,16.15,1111.0
2017-05-04 10:25:00,FBM,16.27,16.27,16.27,16.27,100.0
2017-05-04 10:15:00,FBM,16.29,16.29,16.24,16.24,300.0
2017-05-04 10:10:00,FBM,16.25,16.25,16.19,16.205,4374.0
2017-05-04 10:00:00,FBM,16.285,16.285,16.25,16.255,1200.0
2017-05-04 09:45:00,FBM,16.34,16.34,16.34,16.34,600.0
2017-05-04 09:35:00,FBM,16.2,16.2,16.2,16.2,1096.0
2017-05-03 16:05:00,FBM,16.09,16.09,16.09,16.09,6011.0
2017-05-03 16:00:00,FBM,16.08,16.1,16.07,16.07,3271.0
2017-05-03 15:55:00,FBM,16.09,16.09,16.06,16.08,3700.0
2017-05-03 15:50:00,FBM,16.07,16.095,16.07,16.095,550.0
2017-05-03 15:45:00,FBM,16.18,16.19,16.07,16.07,3400.0
2017-05-03 15:40:00,FBM,16.17,16.18,16.16,16.18,3700.0
2017-05-03 15:35:00,FBM,16.17,16.18,16.16,16.16,1700.0
2017-05-03 15:30:00,FBM,16.17,16.17,16.17,16.17,300.0
2017-05-03 15:25:00,FBM,16.16,16.18,16.16,16.18,2100.0
2017-05-03 15:20:00,FBM,16.1,16.18,16.1,16.16,937.0
2017-05-03 15:15:00,FBM,16.09,16.09,16.01,16.07,10365.0
2017-05-03 15:10:00,FBM,16.131,16.14,16.1,16.105,3633.0
2017-05-03 15:05:00,FBM,16.1575,16.1575,16.13,16.1325,900.0
2017-05-03 15:00:00,FBM,16.11,16.15,16.11,16.15,1101.0
2017-05-03 14:55:00,FBM,16.14,16.14,16.09,16.09,788.0
2017-05-03 14:50:00,FBM,16.21,16.21,16.12,16.15,22306.0
2017-05-03 14:45:00,FBM,16.2,16.215,16.19,16.21,1500.0
2017-05-03 14:40:00,FBM,16.2,16.2,16.16,16.19,4900.0
2017-05-03 14:35:00,FBM,16.13,16.14,16.08,16.13,2100.0
2017-05-03 14:30:00,FBM,16.125,16.13,16.12,16.13,1100.0
2017-05-03 14:25:00,FBM,16.155,16.16,16.14,16.15,2200.0
2017-05-03 14:20:00,FBM,16.15,16.18,16.04,16.18,2594.0
2017-05-03 14:15:00,FBM,16.19,16.2,16.15,16.15,1100.0
2017-05-03 14:10:00,FBM,16.22,16.22,16.16,16.18,1600.0
2017-05-03 14:05:00,FBM,16.22,16.24,16.2,16.22,3605.0
2017-05-03 14:00:00,FBM,16.25,16.34,16.25,16.33,1100.0
2017-05-03 13:55:00,FBM,16.28,16.28,16.25,16.25,700.0
2017-05-03 13:50:00,FBM,16.36,16.36,16.35,16.35,521.0
2017-05-03 13:45:00,FBM,16.4,16.4,16.36,16.36,1497.0
2017-05-03 13:40:00,FBM,16.27,16.31,16.27,16.31,1100.0
2017-05-03 13:35:00,FBM,16.39,16.43,16.35,16.43,1342.0
2017-05-03 13:30:00,FBM,16.34,16.39,16.33,16.39,1000.0
2017-05-03 13:25:00,FBM,16.215,16.35,16.215,16.34,3600.0
2017-05-03 13:15:00,FBM,16.22,16.22,16.22,16.22,300.0
2017-05-03 13:10:00,FBM,16.16,16.22,16.14,16.22,2101.0
2017-05-03 13:05:00,FBM,16.19,16.21,16.15,16.15,5400.0
2017-05-03 13:00:00,FBM,16.15,16.17,16.15,16.17,1342.0
2017-05-03 12:55:00,FBM,16.21,16.21,16.12,16.1475,1600.0
2017-05-03 12:50:00,FBM,16.17,16.21,16.17,16.21,600.0
2017-05-03 12:45:00,FBM,16.17,16.195,16.17,16.19,600.0
2017-05-03 12:40:00,FBM,16.165,16.17,16.16,16.17,500.0
2017-05-03 12:35:00,FBM,16.15,16.165,16.15,16.16,700.0
2017-05-03 12:30:00,FBM,16.14,16.14,16.1375,16.14,500.0
2017-05-03 12:25:00,FBM,16.14,16.14,16.14,16.14,800.0
2017-05-03 12:20:00,FBM,16.14,16.14,16.14,16.14,200.0
2017-05-03 12:10:00,FBM,16.13,16.145,16.13,16.1368,870.0
2017-05-03 12:05:00,FBM,16.135,16.14,16.135,16.14,1500.0
2017-05-03 12:00:00,FBM,16.13,16.14,16.13,16.14,609.0
2017-05-03 11:55:00,FBM,16.135,16.14,16.13,16.14,1500.0
2017-05-03 11:50:00,FBM,16.14,16.14,16.14,16.14,300.0
2017-05-03 11:45:00,FBM,16.14,16.14,16.125,16.14,1663.0
2017-05-03 11:40:00,FBM,16.16,16.16,16.1,16.11,900.0
2017-05-03 11:30:00,FBM,16.17,16.17,16.17,16.17,200.0
2017-05-03 11:25:00,FBM,16.17,16.19,16.16,16.17,1500.0
2017-05-03 11:20:00,FBM,16.17,16.17,16.16,16.17,400.0
2017-05-03 11:15:00,FBM,16.17,16.17,16.17,16.17,100.0
2017-05-03 11:10:00,FBM,16.12,16.15,16.12,16.15,2200.0
2017-05-03 11:05:00,FBM,16.125,16.125,16.11,16.11,600.0
2017-05-03 11:00:00,FBM,16.125,16.125,16.125,16.125,100.0
2017-05-03 10:55:00,FBM,16.13,16.14,16.1,16.1,1287.0
2017-05-03 10:50:00,FBM,16.1,16.17,16.1,16.12,3644.0
2017-05-03 10:45:00,FBM,16.165,16.165,16.1,16.1,2178.0
2017-05-03 10:35:00,FBM,16.065,16.2,16.05,16.1301,6296.0
2017-05-03 10:30:00,FBM,16.045,16.0799,16.02,16.0799,1600.0
2017-05-03 10:25:00,FBM,16.0,16.0,16.0,16.0,200.0
2017-05-03 10:20:00,FBM,16.0558,16.065,16.0,16.0,2505.0
2017-05-03 10:15:00,FBM,16.06,16.06,16.0,16.05,700.0
2017-05-03 10:10:00,FBM,16.13,16.13,16.03,16.06,1504.0
2017-05-03 09:50:00,FBM,16.3316,16.3316,16.3316,16.3316,100.0
2017-05-03 09:40:00,FBM,16.34,16.34,16.34,16.34,100.0
2017-05-03 09:35:00,FBM,16.23,16.23,16.23,16.23,249.0
2017-05-02 16:05:00,FBM,16.31,16.31,16.31,16.31,3525.0
2017-05-02 16:00:00,FBM,16.37,16.37,16.28,16.31,9459.0
2017-05-02 15:55:00,FBM,16.37,16.37,16.35,16.35,239.0
2017-05-02 15:50:00,FBM,16.35,16.38,16.34,16.38,1380.0
2017-05-02 15:45:00,FBM,16.3,16.4,16.3,16.375,1400.0
2017-05-02 15:40:00,FBM,16.35,16.36,16.28,16.28,1300.0
2017-05-02 15:35:00,FBM,16.41,16.415,16.35,16.35,4045.0
2017-05-02 15:30:00,FBM,16.5,16.51,16.45,16.46,5548.0
2017-05-02 15:25:00,FBM,16.58,16.6,16.51,16.51,2600.0
2017-05-02 15:20:00,FBM,16.575,16.58,16.575,16.58,300.0
2017-05-02 15:15:00,FBM,16.6,16.6,16.55,16.58,500.0
2017-05-02 15:10:00,FBM,16.6,16.63,16.59,16.6,2000.0
2017-05-02 15:05:00,FBM,16.58,16.6,16.55,16.6,800.0
2017-05-02 15:00:00,FBM,16.55,16.615,16.54,16.56,3700.0
2017-05-02 14:55:00,FBM,16.52,16.52,16.52,16.52,200.0
2017-05-02 14:50:00,FBM,16.55,16.55,16.55,16.55,100.0
2017-05-02 14:45:00,FBM,16.57,16.57,16.55,16.555,500.0
2017-05-02 14:40:00,FBM,16.54,16.55,16.529,16.54,1534.0
2017-05-02 14:35:00,FBM,16.581,16.581,16.54,16.54,1700.0
2017-05-02 14:30:00,FBM,16.58,16.59,16.58,16.59,700.0
2017-05-02 14:20:00,FBM,16.5335,16.57,16.53,16.57,600.0
2017-05-02 14:15:00,FBM,16.59,16.59,16.59,16.59,100.0
2017-05-02 14:10:00,FBM,16.6,16.63,16.6,16.63,500.0
2017-05-02 14:05:00,FBM,16.6,16.62,16.6,16.61,400.0
2017-05-02 14:00:00,FBM,16.62,16.62,16.6,16.61,400.0
2017-05-02 13:55:00,FBM,16.62,16.62,16.59,16.59,200.0
2017-05-02 13:50:00,FBM,16.65,16.65,16.65,16.65,100.0
2017-05-02 13:40:00,FBM,16.64,16.65,16.63,16.65,1000.0
2017-05-02 13:35:00,FBM,16.63,16.63,16.58,16.58,600.0
2017-05-02 13:30:00,FBM,16.635,16.635,16.635,16.635,500.0
2017-05-02 13:25:00,FBM,16.64,16.65,16.64,16.65,200.0
2017-05-02 13:20:00,FBM,16.64,16.64,16.64,16.64,100.0
2017-05-02 13:15:00,FBM,16.53,16.64,16.53,16.64,400.0
2017-05-02 13:10:00,FBM,16.581,16.6,16.58,16.6,1530.0
2017-05-02 13:05:00,FBM,16.565,16.61,16.565,16.6025,1100.0
2017-05-02 13:00:00,FBM,16.63,16.63,16.55,16.56,700.0
2017-05-02 12:55:00,FBM,16.68,16.7,16.66,16.66,800.0
2017-05-02 12:50:00,FBM,16.695,16.7,16.68,16.68,1200.0
2017-05-02 12:45:00,FBM,16.68,16.685,16.68,16.685,438.0
2017-05-02 12:40:00,FBM,16.69,16.7,16.67,16.7,700.0
2017-05-02 12:35:00,FBM,16.7075,16.715,16.675,16.69,1300.0
2017-05-02 12:30:00,FBM,16.72,16.72,16.69,16.715,6200.0
2017-05-02 12:25:00,FBM,16.75,16.79,16.75,16.77,1601.0
2017-05-02 12:20:00,FBM,16.7,16.73,16.68,16.705,2520.0
2017-05-02 12:15:00,FBM,16.7,16.7,16.68,16.7,700.0
2017-05-02 12:10:00,FBM,16.7025,16.72,16.69,16.72,945.0
2017-05-02 12:05:00,FBM,16.66,16.7,16.66,16.7,600.0
2017-05-19 16:05:00,FBM,14.18,14.18,14.18,14.18,6167.0
2017-05-04 11:05:00,FBM,16.13,16.13,16.13,16.13,100.0
2017-05-04 11:00:00,FBM,16.15,16.15,16.15,16.15,100.0
2017-05-04 10:55:00,FBM,16.17,16.185,16.15,16.17,610.0
2017-05-04 10:45:00,FBM,16.17,16.17,16.17,16.17,200.0
2017-05-04 10:40:00,FBM,16.19,16.19,16.19,16.19,100.0
2017-05-04 10:35:00,FBM,16.18,16.18,16.15,16.15,1111.0
2017-05-04 10:25:00,FBM,16.27,16.27,16.27,16.27,100.0
2017-05-04 10:15:00,FBM,16.29,16.29,16.24,16.24,300.0
2017-05-04 10:10:00,FBM,16.25,16.25,16.19,16.205,4374.0
2017-05-04 10:00:00,FBM,16.285,16.285,16.25,16.255,1200.0
2017-05-04 09:45:00,FBM,16.34,16.34,16.34,16.34,600.0
2017-05-04 09:35:00,FBM,16.2,16.2,16.2,16.2,1096.0
2017-05-03 16:05:00,FBM,16.09,16.09,16.09,16.09,6011.0
2017-05-03 16:00:00,FBM,16.08,16.1,16.07,16.07,3271.0
2017-05-03 15:55:00,FBM,16.09,16.09,16.06,16.08,3700.0
2017-05-03 15:50:00,FBM,16.07,16.095,16.07,16.095,550.0
2017-05-03 15:45:00,FBM,16.18,16.19,16.07,16.07,3400.0
2017-05-03 15:40:00,FBM,16.17,16.18,16.16,16.18,3700.0
2017-05-03 15:35:00,FBM,16.17,16.18,16.16,16.16,1700.0
2017-05-03 15:30:00,FBM,16.17,16.17,16.17,16.17,300.0
2017-05-03 15:25:00,FBM,16.16,16.18,16.16,16.18,2100.0
2017-05-03 15:20:00,FBM,16.1,16.18,16.1,16.16,937.0
2017-05-03 15:15:00,FBM,16.09,16.09,16.01,16.07,10365.0
2017-05-03 15:10:00,FBM,16.131,16.14,16.1,16.105,3633.0
2017-05-03 15:05:00,FBM,16.1575,16.1575,16.13,16.1325,900.0
2017-05-03 15:00:00,FBM,16.11,16.15,16.11,16.15,1101.0
2017-05-03 14:55:00,FBM,16.14,16.14,16.09,16.09,788.0
2017-05-03 14:50:00,FBM,16.21,16.21,16.12,16.15,22306.0
2017-05-03 14:45:00,FBM,16.2,16.215,16.19,16.21,1500.0
2017-05-03 14:40:00,FBM,16.2,16.2,16.16,16.19,4900.0
2017-05-03 14:35:00,FBM,16.13,16.14,16.08,16.13,2100.0
2017-05-03 14:30:00,FBM,16.125,16.13,16.12,16.13,1100.0
2017-05-03 14:25:00,FBM,16.155,16.16,16.14,16.15,2200.0
2017-05-03 14:20:00,FBM,16.15,16.18,16.04,16.18,2594.0
2017-05-03 14:15:00,FBM,16.19,16.2,16.15,16.15,1100.0
2017-05-03 14:10:00,FBM,16.22,16.22,16.16,16.18,1600.0
2017-05-03 14:05:00,FBM,16.22,16.24,16.2,16.22,3605.0
2017-05-03 14:00:00,FBM,16.25,16.34,16.25,16.33,1100.0
2017-05-03 13:55:00,FBM,16.28,16.28,16.25,16.25,700.0
2017-05-03 13:50:00,FBM,16.36,16.36,16.35,16.35,521.0
2017-05-03 13:45:00,FBM,16.4,16.4,16.36,16.36,1497.0
2017-05-03 13:40:00,FBM,16.27,16.31,16.27,16.31,1100.0
2017-05-03 13:35:00,FBM,16.39,16.43,16.35,16.43,1342.0
2017-05-03 13:30:00,FBM,16.34,16.39,16.33,16.39,1000.0
2017-05-03 13:25:00,FBM,16.215,16.35,16.215,16.34,3600.0
2017-05-03 13:15:00,FBM,16.22,16.22,16.22,16.22,300.0
2017-05-03 13:10:00,FBM,16.16,16.22,16.14,16.22,2101.0
2017-05-03 13:05:00,FBM,16.19,16.21,16.15,16.15,5400.0
2017-05-03 13:00:00,FBM,16.15,16.17,16.15,16.17,1342.0
2017-05-03 12:55:00,FBM,16.21,16.21,16.12,16.1475,1600.0
2017-05-03 12:50:00,FBM,16.17,16.21,16.17,16.21,600.0
2017-05-03 12:45:00,FBM,16.17,16.195,16.17,16.19,600.0
2017-05-03 12:40:00,FBM,16.165,16.17,16.16,16.17,500.0
2017-05-03 12:35:00,FBM,16.15,16.165,16.15,16.16,700.0
2017-05-03 12:30:00,FBM,16.14,16.14,16.1375,16.14,500.0
2017-05-03 12:25:00,FBM,16.14,16.14,16.14,16.14,800.0
2017-05-03 12:20:00,FBM,16.14,16.14,16.14,16.14,200.0
2017-05-03 12:10:00,FBM,16.13,16.145,16.13,16.1368,870.0
2017-05-03 12:05:00,FBM,16.135,16.14,16.135,16.14,1500.0
2017-05-03 12:00:00,FBM,16.13,16.14,16.13,16.14,609.0
2017-05-03 11:55:00,FBM,16.135,16.14,16.13,16.14,1500.0
2017-05-03 11:50:00,FBM,16.14,16.14,16.14,16.14,300.0
2017-05-03 11:45:00,FBM,16.14,16.14,16.125,16.14,1663.0
2017-05-03 11:40:00,FBM,16.16,16.16,16.1,16.11,900.0
2017-05-03 11:30:00,FBM,16.17,16.17,16.17,16.17,200.0
2017-05-03 11:25:00,FBM,16.17,16.19,16.16,16.17,1500.0
2017-05-03 11:20:00,FBM,16.17,16.17,16.16,16.17,400.0
2017-05-03 11:15:00,FBM,16.17,16.17,16.17,16.17,100.0
2017-05-03 11:10:00,FBM,16.12,16.15,16.12,16.15,2200.0
2017-05-03 11:05:00,FBM,16.125,16.125,16.11,16.11,600.0
2017-05-03 11:00:00,FBM,16.125,16.125,16.125,16.125,100.0
2017-05-03 10:55:00,FBM,16.13,16.14,16.1,16.1,1287.0
2017-05-03 10:50:00,FBM,16.1,16.17,16.1,16.12,3644.0
2017-05-03 10:45:00,FBM,16.165,16.165,16.1,16.1,2178.0
2017-05-03 10:35:00,FBM,16.065,16.2,16.05,16.1301,6296.0
2017-05-03 10:30:00,FBM,16.045,16.0799,16.02,16.0799,1600.0
2017-05-03 10:25:00,FBM,16.0,16.0,16.0,16.0,200.0
2017-05-03 10:20:00,FBM,16.0558,16.065,16.0,16.0,2505.0
2017-05-03 10:15:00,FBM,16.06,16.06,16.0,16.05,700.0
2017-05-03 10:10:00,FBM,16.13,16.13,16.03,16.06,1504.0
2017-05-03 09:50:00,FBM,16.3316,16.3316,16.3316,16.3316,100.0
2017-05-03 09:40:00,FBM,16.34,16.34,16.34,16.34,100.0
2017-05-03 09:35:00,FBM,16.23,16.23,16.23,16.23,249.0
2017-05-02 16:05:00,FBM,16.31,16.31,16.31,16.31,3525.0
2017-05-02 16:00:00,FBM,16.37,16.37,16.28,16.31,9459.0
2017-05-02 15:55:00,FBM,16.37,16.37,16.35,16.35,239.0
2017-05-02 15:50:00,FBM,16.35,16.38,16.34,16.38,1380.0
2017-05-02 15:45:00,FBM,16.3,16.4,16.3,16.375,1400.0
2017-05-02 15:40:00,FBM,16.35,16.36,16.28,16.28,1300.0
2017-05-02 15:35:00,FBM,16.41,16.415,16.35,16.35,4045.0
2017-05-02 15:30:00,FBM,16.5,16.51,16.45,16.46,5548.0
2017-05-02 15:25:00,FBM,16.58,16.6,16.51,16.51,2600.0
2017-05-02 15:20:00,FBM,16.575,16.58,16.575,16.58,300.0
2017-05-02 15:15:00,FBM,16.6,16.6,16.55,16.58,500.0
2017-05-02 15:10:00,FBM,16.6,16.63,16.59,16.6,2000.0
2017-05-02 15:05:00,FBM,16.58,16.6,16.55,16.6,800.0
2017-05-02 15:00:00,FBM,16.55,16.615,16.54,16.56,3700.0
2017-05-02 14:55:00,FBM,16.52,16.52,16.52,16.52,200.0
2017-05-02 14:50:00,FBM,16.55,16.55,16.55,16.55,100.0
2017-05-02 14:45:00,FBM,16.57,16.57,16.55,16.555,500.0
2017-05-02 14:40:00,FBM,16.54,16.55,16.529,16.54,1534.0
2017-05-02 14:35:00,FBM,16.581,16.581,16.54,16.54,1700.0
2017-05-02 14:30:00,FBM,16.58,16.59,16.58,16.59,700.0
2017-05-02 14:20:00,FBM,16.5335,16.57,16.53,16.57,600.0
2017-05-02 14:15:00,FBM,16.59,16.59,16.59,16.59,100.0
2017-05-02 14:10:00,FBM,16.6,16.63,16.6,16.63,500.0
2017-05-02 14:05:00,FBM,16.6,16.62,16.6,16.61,400.0
2017-05-02 14:00:00,FBM,16.62,16.62,16.6,16.61,400.0
2017-05-02 13:55:00,FBM,16.62,16.62,16.59,16.59,200.0
2017-05-02 13:50:00,FBM,16.65,16.65,16.65,16.65,100.0
2017-05-02 13:40:00,FBM,16.64,16.65,16.63,16.65,1000.0
2017-05-02 13:35:00,FBM,16.63,16.63,16.58,16.58,600.0
2017-05-02 13:30:00,FBM,16.635,16.635,16.635,16.635,500.0
2017-05-02 13:25:00,FBM,16.64,16.65,16.64,16.65,200.0
2017-05-02 13:20:00,FBM,16.64,16.64,16.64,16.64,100.0
2017-05-02 13:15:00,FBM,16.53,16.64,16.53,16.64,400.0
2017-05-02 13:10:00,FBM,16.581,16.6,16.58,16.6,1530.0
2017-05-02 13:05:00,FBM,16.565,16.61,16.565,16.6025,1100.0
2017-05-02 13:00:00,FBM,16.63,16.63,16.55,16.56,700.0
2017-05-02 12:55:00,FBM,16.68,16.7,16.66,16.66,800.0
2017-05-02 12:50:00,FBM,16.695,16.7,16.68,16.68,1200.0
2017-05-02 12:45:00,FBM,16.68,16.685,16.68,16.685,438.0
2017-05-02 12:40:00,FBM,16.69,16.7,16.67,16.7,700.0
2017-05-02 12:35:00,FBM,16.7075,16.715,16.675,16.69,1300.0
2017-05-02 12:30:00,FBM,16.72,16.72,16.69,16.715,6200.0
2017-05-02 12:25:00,FBM,16.75,16.79,16.75,16.77,1601.0
2017-05-02 12:20:00,FBM,16.7,16.73,16.68,16.705,2520.0
2017-05-02 12:15:00,FBM,16.7,16.7,16.68,16.7,700.0
2017-05-02 12:10:00,FBM,16.7025,16.72,16.69,16.72,945.0
2017-05-02 12:05:00,FBM,16.66,16.7,16.66,16.7,600.0
2017-05-23 16:45:00,FBM,14.23,14.23,14.23,14.23,2462.0
2017-05-23 16:05:00,FBM,14.23,14.23,14.23,14.23,3171.0
2017-05-23 16:00:00,FBM,14.215,14.25,14.21,14.235,10972.0
2017-05-23 15:55:00,FBM,14.25,14.26,14.21,14.22,4768.0
2017-05-23 15:50:00,FBM,14.25,14.25,14.24,14.24,2800.0
2017-05-23 15:45:00,FBM,14.26,14.26,14.24,14.24,4459.0
2017-05-23 15:40:00,FBM,14.27,14.27,14.27,14.27,700.0
2017-05-23 15:35:00,FBM,14.27,14.28,14.26,14.26,800.0
2017-05-23 15:30:00,FBM,14.25,14.3,14.22,14.26,9479.0
2017-05-23 15:25:00,FBM,14.23,14.25,14.23,14.25,2275.0
2017-05-23 15:20:00,FBM,14.23,14.24,14.23,14.239,514.0
2017-05-23 15:15:00,FBM,14.23,14.23,14.23,14.23,178.0
2017-05-23 15:10:00,FBM,14.23,14.23,14.23,14.23,100.0
2017-05-23 15:05:00,FBM,14.3,14.305,14.24,14.25,3803.0
2017-05-23 15:00:00,FBM,14.31,14.3199,14.3,14.31,2100.0
2017-05-23 14:55:00,FBM,14.32,14.32,14.3,14.3,7000.0
2017-05-23 14:50:00,FBM,14.31,14.32,14.3,14.315,2699.0
2017-05-23 14:45:00,FBM,14.32,14.32,14.31,14.32,2500.0
2017-05-23 14:40:00,FBM,14.29,14.32,14.29,14.3154,840.0
2017-05-23 14:35:00,FBM,14.27,14.27,14.27,14.27,100.0
2017-05-23 14:30:00,FBM,14.27,14.27,14.25,14.26,1300.0
2017-05-23 14:25:00,FBM,14.29,14.32,14.28,14.28,6900.0
2017-05-23 14:20:00,FBM,14.28,14.28,14.28,14.28,200.0
2017-05-23 14:15:00,FBM,14.3075,14.3075,14.28,14.28,601.0
2017-05-23 14:10:00,FBM,14.3,14.31,14.28,14.28,719.0
2017-05-23 14:05:00,FBM,14.32,14.33,14.31,14.31,600.0
2017-05-23 14:00:00,FBM,14.36,14.36,14.33,14.33,1683.0
2017-05-23 13:55:00,FBM,14.33,14.37,14.33,14.37,496.0
2017-05-23 13:50:00,FBM,14.35,14.35,14.32,14.335,300.0
2017-05-23 13:45:00,FBM,14.34,14.35,14.2897,14.2897,871.0
2017-05-23 13:40:00,FBM,14.35,14.35,14.34,14.35,400.0
2017-05-23 13:35:00,FBM,14.37,14.39,14.36,14.36,22536.0
2017-05-23 13:30:00,FBM,14.37,14.4,14.36,14.4,19964.0
2017-05-23 13:25:00,FBM,14.39,14.39,14.38,14.38,600.0
2017-05-23 13:20:00,FBM,14.38,14.38,14.38,14.38,500.0
2017-05-23 13:15:00,FBM,14.38,14.38,14.37,14.37,336.0
2017-05-23 13:10:00,FBM,14.4341,14.4341,14.39,14.4,3232.0
2017-05-23 13:05:00,FBM,14.4373,14.4373,14.4373,14.4373,1000.0
2017-05-23 13:00:00,FBM,14.45,14.45,14.4,14.4482,1334.0
2017-05-23 12:55:00,FBM,14.49,14.495,14.44,14.45,1400.0
2017-05-23 12:50:00,FBM,14.485,14.4983,14.485,14.4983,440.0
2017-05-23 12:45:00,FBM,14.5,14.5,14.5,14.5,100.0
2017-05-23 12:40:00,FBM,14.44,14.495,14.44,14.49,2232.0
2017-05-23 12:30:00,FBM,14.465,14.47,14.41,14.44,2100.0
2017-05-23 12:25:00,FBM,14.579,14.579,14.46,14.46,6273.0
2017-05-23 12:20:00,FBM,14.6,14.61,14.53,14.5401,3974.0
2017-05-23 12:15:00,FBM,14.4714,14.62,14.4714,14.6,9391.0
2017-05-23 12:10:00,FBM,14.37,14.44,14.35,14.44,3506.0
2017-05-23 12:05:00,FBM,14.44,14.45,14.39,14.4,2657.0
2017-05-23 12:00:00,FBM,14.385,14.41,14.385,14.4,8096.0
2017-05-23 11:55:00,FBM,14.34,14.35,14.34,14.35,500.0
2017-05-23 11:50:00,FBM,14.25,14.32,14.25,14.32,1100.0
2017-05-23 11:45:00,FBM,14.19,14.26,14.19,14.26,300.0
2017-05-23 11:40:00,FBM,14.2464,14.2464,14.2,14.2,7400.0
2017-05-23 11:35:00,FBM,14.24,14.24,14.23,14.24,500.0
2017-05-23 11:30:00,FBM,14.22,14.27,14.15,14.27,16349.0
2017-05-23 11:25:00,FBM,14.175,14.2,14.17,14.17,600.0
2017-05-23 11:20:00,FBM,14.15,14.17,14.15,14.15,1423.0
2017-05-23 11:15:00,FBM,14.15,14.16,14.14,14.15,1500.0
2017-05-23 11:10:00,FBM,14.18,14.18,14.14,14.14,2200.0
2017-05-23 11:05:00,FBM,14.15,14.16,14.15,14.15,800.0
2017-05-23 11:00:00,FBM,14.16,14.18,14.14,14.15,5000.0
2017-05-23 10:55:00,FBM,14.15,14.15,14.13,14.13,200.0
2017-05-23 10:45:00,FBM,14.11,14.1399,14.11,14.11,1000.0
2017-05-23 10:40:00,FBM,14.05,14.1,14.05,14.1,301.0
2017-05-23 10:35:00,FBM,14.04,14.0859,14.04,14.0859,455.0
2017-05-23 10:30:00,FBM,14.0598,14.0701,14.03,14.03,500.0
2017-05-23 10:25:00,FBM,14.12,14.13,14.07,14.07,1501.0
2017-05-23 10:20:00,FBM,14.17,14.2,14.12,14.12,2954.0
2017-05-23 10:15:00,FBM,14.23,14.23,14.19,14.19,700.0
2017-05-23 10:10:00,FBM,14.23,14.23,14.23,14.23,100.0
2017-05-23 10:05:00,FBM,14.2,14.27,14.19,14.24,770.0
2017-05-23 09:50:00,FBM,14.23,14.23,14.2,14.2,999.0
2017-05-23 09:40:00,FBM,14.27,14.27,14.23,14.23,600.0
2017-05-23 09:35:00,FBM,14.33,14.33,14.27,14.28,2335.0
2017-05-22 16:05:00,FBM,14.18,14.18,14.18,14.18,4655.0
2017-05-22 16:00:00,FBM,14.27,14.27,14.16,14.18,26376.0
2017-05-22 15:55:00,FBM,14.23,14.32,14.225,14.28,12316.0
2017-05-22 15:50:00,FBM,14.21,14.23,14.21,14.23,1737.0
2017-05-22 15:45:00,FBM,14.22,14.23,14.22,14.22,2400.0
2017-05-22 15:40:00,FBM,14.22,14.24,14.19,14.22,8999.0
2017-05-22 15:35:00,FBM,14.175,14.21,14.14,14.2,9398.0
2017-05-22 15:30:00,FBM,14.09,14.19,14.09,14.17,15118.0
2017-05-22 15:25:00,FBM,13.975,14.11,13.97,14.09,10776.0
2017-05-22 15:20:00,FBM,13.98,13.98,13.96,13.97,710.0
2017-05-22 15:15:00,FBM,13.96,13.96,13.96,13.96,701.0
2017-05-22 15:10:00,FBM,13.96,13.96,13.95,13.95,1000.0
2017-05-22 15:05:00,FBM,13.97,13.97,13.955,13.96,500.0
2017-05-22 15:00:00,FBM,13.94,13.96,13.925,13.9594,2198.0
2017-05-22 14:55:00,FBM,13.98,13.98,13.96,13.96,519.0
2017-05-22 14:50:00,FBM,13.98,13.98,13.94,13.98,2106.0
2017-05-22 14:45:00,FBM,13.92,13.97,13.9,13.9602,3350.0
2017-05-22 14:40:00,FBM,14.0,14.02,13.835,13.93,23703.0
