2017-04-18 15:00:00,FTAI,14.73,14.73,14.73,14.73,0.0
2017-04-18 15:05:00,FTAI,14.73,14.735,14.725,14.73,877.0
2017-04-18 15:10:00,FTAI,14.73,14.73,14.64,14.685,11029.0
2017-04-18 15:15:00,FTAI,14.685,14.7,14.645,14.685,2750.0
2017-04-18 15:20:00,FTAI,14.685,14.69,14.685,14.685,1300.0
2017-04-18 15:25:00,FTAI,14.685,14.69,14.665,14.685,4754.0
2017-04-18 15:30:00,FTAI,14.685,14.695,14.685,14.69,2700.0
2017-04-18 15:35:00,FTAI,14.69,14.69,14.68,14.68,2693.0
2017-04-18 15:40:00,FTAI,14.68,14.685,14.64,14.66,6971.0
2017-04-18 15:45:00,FTAI,14.66,14.685,14.66,14.68,6707.0
2017-04-18 15:50:00,FTAI,14.68,14.735,14.68,14.725,23673.0
2017-04-18 15:55:00,FTAI,14.725,14.735,14.725,14.725,7504.0
2017-04-18 16:00:00,FTAI,14.725,14.735,14.685,14.685,23854.0
2017-04-18 16:05:00,FTAI,14.685,14.685,14.685,14.685,1087.0
2017-04-18 16:10:00,FTAI,14.685,14.685,14.685,14.685,0.0
2017-04-18 16:15:00,FTAI,14.685,14.685,14.685,14.685,0.0
2017-04-18 16:20:00,FTAI,14.685,14.685,14.685,14.685,0.0
2017-04-18 16:25:00,FTAI,14.685,14.685,14.685,14.685,0.0
2017-04-18 16:30:00,FTAI,14.685,14.685,14.685,14.685,0.0
2017-04-18 16:35:00,FTAI,14.685,14.685,14.685,14.685,0.0
2017-04-18 16:40:00,FTAI,14.685,14.685,14.685,14.685,0.0
2017-04-18 16:45:00,FTAI,14.685,14.685,14.685,14.685,0.0
2017-04-18 16:50:00,FTAI,14.685,14.685,14.685,14.685,0.0
2017-04-18 16:55:00,FTAI,14.685,14.685,14.685,14.685,0.0
2017-04-18 17:00:00,FTAI,14.685,14.685,14.685,14.685,0.0
2017-04-18 17:05:00,FTAI,14.685,14.685,14.685,14.685,0.0
2017-04-18 17:10:00,FTAI,14.685,14.685,14.685,14.685,0.0
2017-04-18 17:15:00,FTAI,14.685,14.685,14.685,14.685,0.0
2017-04-18 17:20:00,FTAI,14.685,14.685,14.685,14.685,0.0
2017-04-18 17:25:00,FTAI,14.685,14.685,14.685,14.685,0.0
2017-04-18 17:30:00,FTAI,14.685,14.685,14.685,14.685,0.0
2017-04-18 17:35:00,FTAI,14.685,14.685,14.685,14.685,0.0
2017-04-18 17:40:00,FTAI,14.685,14.685,14.685,14.685,0.0
2017-04-18 17:45:00,FTAI,14.685,14.685,14.685,14.685,0.0
2017-04-18 17:50:00,FTAI,14.685,14.685,14.685,14.685,0.0
2017-04-18 17:55:00,FTAI,14.685,14.685,14.685,14.685,0.0
2017-04-18 18:00:00,FTAI,14.685,14.685,14.685,14.685,0.0
2017-04-18 18:05:00,FTAI,14.685,14.685,14.685,14.685,0.0
2017-04-18 18:10:00,FTAI,14.685,14.685,14.685,14.685,0.0
2017-04-18 18:15:00,FTAI,14.685,14.685,14.685,14.685,0.0
2017-04-18 18:20:00,FTAI,14.685,14.685,14.685,14.685,0.0
2017-04-18 18:25:00,FTAI,14.685,14.685,14.685,14.685,0.0
2017-04-18 18:30:00,FTAI,14.685,14.685,14.685,14.685,0.0
2017-04-18 18:35:00,FTAI,14.685,14.685,14.685,14.685,0.0
2017-04-18 18:40:00,FTAI,14.685,14.685,14.685,14.685,0.0
2017-04-18 18:45:00,FTAI,14.685,14.685,14.685,14.685,0.0
2017-04-18 18:50:00,FTAI,14.685,14.685,14.685,14.685,0.0
2017-04-18 18:55:00,FTAI,14.685,14.685,14.685,14.685,0.0
2017-04-18 19:00:00,FTAI,14.685,14.685,14.685,14.685,0.0
2017-04-18 19:05:00,FTAI,14.685,14.685,14.685,14.685,0.0
2017-04-18 19:10:00,FTAI,14.685,14.685,14.685,14.685,0.0
2017-04-18 19:15:00,FTAI,14.685,14.685,14.685,14.685,0.0
2017-04-18 19:20:00,FTAI,14.685,14.685,14.685,14.685,0.0
2017-04-18 19:25:00,FTAI,14.685,14.685,14.685,14.685,0.0
2017-04-18 19:30:00,FTAI,14.685,14.685,14.685,14.685,0.0
2017-04-18 19:35:00,FTAI,14.685,14.685,14.685,14.685,0.0
2017-04-18 19:40:00,FTAI,14.685,14.685,14.685,14.685,0.0
2017-04-18 19:45:00,FTAI,14.685,14.685,14.685,14.685,0.0
2017-04-18 19:50:00,FTAI,14.685,14.685,14.685,14.685,0.0
2017-04-18 19:55:00,FTAI,14.685,14.685,14.685,14.685,0.0
2017-04-18 20:00:00,FTAI,14.685,14.685,14.685,14.685,0.0
2017-04-18 20:05:00,FTAI,14.685,14.685,14.685,14.685,0.0
2017-04-18 20:10:00,FTAI,14.685,14.685,14.685,14.685,0.0
2017-04-18 20:15:00,FTAI,14.685,14.685,14.685,14.685,0.0
2017-04-18 20:20:00,FTAI,14.685,14.685,14.685,14.685,0.0
2017-04-18 20:25:00,FTAI,14.685,14.685,14.685,14.685,0.0
2017-04-18 20:30:00,FTAI,14.685,14.685,14.685,14.685,0.0
2017-04-18 20:35:00,FTAI,14.685,14.685,14.685,14.685,0.0
2017-04-18 20:40:00,FTAI,14.685,14.685,14.685,14.685,0.0
2017-04-18 20:45:00,FTAI,14.685,14.685,14.685,14.685,0.0
2017-04-18 20:50:00,FTAI,14.685,14.685,14.685,14.685,0.0
2017-04-18 20:55:00,FTAI,14.685,14.685,14.685,14.685,0.0
2017-04-19 08:00:00,FTAI,15.105,15.115,15.105,15.115,0.0
2017-04-19 08:05:00,FTAI,15.115,15.115,15.115,15.115,0.0
2017-04-19 08:10:00,FTAI,15.115,15.115,15.115,15.115,0.0
2017-04-19 08:15:00,FTAI,15.115,15.115,15.115,15.115,0.0
2017-04-19 08:20:00,FTAI,15.115,15.115,15.115,15.115,0.0
2017-04-19 08:25:00,FTAI,15.115,15.115,15.115,15.115,0.0
2017-04-19 08:30:00,FTAI,15.115,15.115,15.115,15.115,0.0
2017-04-19 08:35:00,FTAI,15.115,15.115,15.115,15.115,0.0
2017-04-19 08:40:00,FTAI,15.115,15.115,15.115,15.115,0.0
2017-04-19 08:45:00,FTAI,15.115,15.115,15.115,15.115,0.0
2017-04-19 08:50:00,FTAI,15.115,15.115,15.115,15.115,0.0
2017-04-19 08:55:00,FTAI,15.115,15.115,15.115,15.115,0.0
2017-04-19 09:00:00,FTAI,15.115,15.115,15.115,15.115,0.0
2017-04-19 09:05:00,FTAI,15.115,15.115,15.115,15.115,0.0
2017-04-19 09:10:00,FTAI,15.115,15.115,15.115,15.115,0.0
2017-04-19 09:15:00,FTAI,15.115,15.115,15.115,15.115,0.0
2017-04-19 09:20:00,FTAI,15.115,15.115,15.115,15.115,0.0
2017-04-19 09:25:00,FTAI,15.115,15.115,14.83,14.83,0.0
2017-04-19 09:30:00,FTAI,14.83,14.845,14.775,14.775,0.0
2017-04-19 09:35:00,FTAI,14.775,14.825,14.765,14.825,3853.0
2017-04-19 09:40:00,FTAI,14.825,14.83,14.7,14.715,10200.0
2017-04-19 09:45:00,FTAI,14.715,14.725,14.715,14.725,500.0
2017-04-19 09:50:00,FTAI,14.725,14.745,14.725,14.745,2700.0
2017-04-19 09:55:00,FTAI,14.745,14.8,14.745,14.8,17700.0
2017-04-19 10:00:00,FTAI,14.8,14.865,14.77,14.855,40575.0
2017-04-19 10:05:00,FTAI,14.855,14.865,14.835,14.845,5625.0
2017-04-19 10:10:00,FTAI,14.845,14.875,14.8,14.825,13450.0
2017-04-19 10:15:00,FTAI,14.825,14.835,14.825,14.835,400.0
2017-04-19 10:20:00,FTAI,14.835,14.86,14.785,14.81,9424.0
2017-04-19 10:25:00,FTAI,14.81,14.83,14.81,14.83,300.0
2017-04-19 10:30:00,FTAI,14.83,14.855,14.775,14.8,15500.0
2017-04-19 10:35:00,FTAI,14.8,14.82,14.8,14.815,2000.0
2017-04-19 10:40:00,FTAI,14.815,14.835,14.815,14.83,1300.0
2017-04-19 10:45:00,FTAI,14.83,14.83,14.785,14.785,2600.0
2017-04-19 10:50:00,FTAI,14.785,14.81,14.785,14.8,2400.0
2017-04-19 10:55:00,FTAI,14.8,14.82,14.8,14.8,600.0
2017-04-19 11:00:00,FTAI,14.8,14.8,14.8,14.8,1200.0
2017-04-19 11:05:00,FTAI,14.8,14.8,14.8,14.8,0.0
2017-04-19 11:10:00,FTAI,14.8,14.8,14.72,14.765,10100.0
2017-04-19 11:15:00,FTAI,14.765,14.79,14.765,14.79,5800.0
2017-04-19 11:20:00,FTAI,14.79,14.79,14.79,14.79,1000.0
2017-04-19 11:25:00,FTAI,14.79,14.8,14.79,14.795,1300.0
2017-04-19 11:30:00,FTAI,14.795,14.8,14.795,14.795,1800.0
2017-04-19 11:35:00,FTAI,14.795,14.8,14.795,14.795,2900.0
2017-04-19 11:40:00,FTAI,14.795,14.82,14.795,14.805,5300.0
2017-04-19 11:45:00,FTAI,14.805,14.805,14.745,14.76,12000.0
2017-04-19 11:50:00,FTAI,14.76,14.78,14.76,14.775,5375.0
2017-04-19 11:55:00,FTAI,14.775,14.785,14.775,14.78,1600.0
2017-04-19 12:10:00,FTAI,14.78,14.78,14.755,14.765,3600.0
2017-04-19 12:15:00,FTAI,14.765,14.77,14.765,14.77,5000.0
2017-04-19 12:20:00,FTAI,14.77,14.775,14.71,14.765,4240.0
2017-04-19 12:25:00,FTAI,14.765,14.785,14.765,14.775,1810.0
2017-04-19 12:30:00,FTAI,14.775,14.785,14.775,14.78,800.0
2017-04-19 12:35:00,FTAI,14.78,14.785,14.77,14.785,400.0
2017-04-19 12:40:00,FTAI,14.785,14.82,14.77,14.785,8800.0
2017-04-19 12:45:00,FTAI,14.785,14.82,14.75,14.805,4700.0
2017-04-19 12:50:00,FTAI,14.805,14.82,14.79,14.795,1050.0
2017-04-19 12:55:00,FTAI,14.795,14.81,14.775,14.78,5000.0
2017-04-19 13:00:00,FTAI,14.78,14.78,14.78,14.78,0.0
2017-04-19 13:05:00,FTAI,14.78,14.78,14.78,14.78,100.0
2017-04-19 13:10:00,FTAI,14.78,14.825,14.78,14.825,400.0
2017-04-19 13:15:00,FTAI,14.825,14.825,14.815,14.825,200.0
2017-04-19 13:20:00,FTAI,14.825,14.84,14.825,14.835,2475.0
2017-04-19 13:25:00,FTAI,14.835,14.9,14.835,14.895,6600.0
2017-04-19 13:30:00,FTAI,14.895,14.91,14.87,14.87,1500.0
2017-04-19 13:35:00,FTAI,14.87,14.87,14.85,14.87,400.0
2017-04-19 13:40:00,FTAI,14.87,14.875,14.87,14.875,537.0
2017-04-19 13:45:00,FTAI,14.875,14.88,14.87,14.875,800.0
2017-04-19 13:50:00,FTAI,14.875,14.88,14.875,14.88,0.0
2017-04-19 13:55:00,FTAI,14.88,14.88,14.88,14.88,67.0
2017-04-19 14:00:00,FTAI,14.88,14.885,14.87,14.885,1550.0
2017-04-19 14:05:00,FTAI,14.885,14.89,14.885,14.89,1177.0
2017-04-19 14:10:00,FTAI,14.89,14.89,14.885,14.89,1207.0
2017-04-19 14:15:00,FTAI,14.89,14.89,14.89,14.89,202.0
2017-04-19 14:20:00,FTAI,14.89,14.91,14.875,14.89,5501.0
2017-04-19 14:25:00,FTAI,14.89,14.92,14.89,14.915,1998.0
2017-04-19 14:30:00,FTAI,14.915,14.94,14.915,14.94,200.0
2017-04-19 14:35:00,FTAI,14.94,14.945,14.94,14.945,442.0
2017-04-19 14:40:00,FTAI,14.945,14.945,14.945,14.945,5.0
2017-04-19 14:45:00,FTAI,14.945,14.945,14.945,14.945,100.0
2017-04-19 14:50:00,FTAI,14.945,14.945,14.94,14.94,510.0
2017-04-19 14:55:00,FTAI,14.94,14.94,14.94,14.94,100.0
2017-04-19 15:00:00,FTAI,14.94,14.94,14.94,14.94,0.0
2017-04-19 15:05:00,FTAI,14.94,14.945,14.94,14.945,500.0
2017-04-19 15:10:00,FTAI,14.945,14.945,14.945,14.945,100.0
2017-04-19 15:15:00,FTAI,14.945,14.975,14.945,14.965,2224.0
2017-04-19 15:20:00,FTAI,14.965,14.965,14.965,14.965,0.0
2017-04-19 15:25:00,FTAI,14.965,14.98,14.965,14.98,1204.0
2017-04-19 15:30:00,FTAI,14.98,14.98,14.935,14.935,1200.0
2017-04-19 15:35:00,FTAI,14.935,14.935,14.92,14.92,200.0
2017-04-19 15:40:00,FTAI,14.92,14.93,14.86,14.905,4036.0
2017-04-19 15:45:00,FTAI,14.905,14.905,14.895,14.895,186.0
2017-04-19 15:50:00,FTAI,14.895,14.895,14.895,14.895,91.0
2017-04-19 15:55:00,FTAI,14.895,14.895,14.855,14.88,3113.0
2017-04-19 16:00:00,FTAI,14.88,14.885,14.875,14.885,7130.0
2017-04-19 16:05:00,FTAI,14.885,14.885,14.885,14.885,900.0
2017-04-19 16:10:00,FTAI,14.885,14.885,14.885,14.885,0.0
2017-04-19 16:15:00,FTAI,14.885,14.885,14.885,14.885,0.0
2017-04-19 16:20:00,FTAI,14.885,14.885,14.885,14.885,0.0
2017-04-19 16:25:00,FTAI,14.885,14.885,14.885,14.885,0.0
2017-04-19 16:30:00,FTAI,14.885,14.885,14.885,14.885,0.0
2017-04-19 16:35:00,FTAI,14.885,14.885,14.885,14.885,0.0
2017-04-19 16:40:00,FTAI,14.885,14.885,14.885,14.885,0.0
2017-04-19 16:45:00,FTAI,14.885,14.885,14.885,14.885,0.0
2017-04-19 16:50:00,FTAI,14.885,14.885,14.885,14.885,0.0
2017-04-19 16:55:00,FTAI,14.885,14.885,14.885,14.885,0.0
2017-04-19 17:00:00,FTAI,14.885,14.885,14.885,14.885,0.0
2017-04-19 17:05:00,FTAI,14.885,14.885,14.885,14.885,0.0
2017-04-19 17:10:00,FTAI,14.885,14.885,14.885,14.885,0.0
2017-04-19 17:15:00,FTAI,14.885,14.885,14.885,14.885,0.0
2017-04-19 17:20:00,FTAI,14.885,14.885,14.885,14.885,0.0
2017-04-19 17:25:00,FTAI,14.885,14.885,14.885,14.885,0.0
2017-04-19 17:30:00,FTAI,14.885,14.885,14.885,14.885,0.0
2017-04-19 17:35:00,FTAI,14.885,14.885,14.885,14.885,0.0
2017-04-19 17:40:00,FTAI,14.885,14.885,14.885,14.885,0.0
2017-04-19 17:45:00,FTAI,14.885,14.885,14.885,14.885,0.0
2017-04-19 17:50:00,FTAI,14.885,14.885,14.885,14.885,0.0
2017-04-19 17:55:00,FTAI,14.885,14.885,14.885,14.885,0.0
2017-04-19 18:00:00,FTAI,14.885,14.885,14.885,14.885,0.0
2017-04-19 18:05:00,FTAI,14.885,14.885,14.885,14.885,0.0
2017-04-19 18:10:00,FTAI,14.885,14.885,14.885,14.885,0.0
2017-04-19 18:15:00,FTAI,14.885,14.885,14.885,14.885,0.0
2017-04-19 18:20:00,FTAI,14.885,14.885,14.885,14.885,0.0
2017-04-19 18:25:00,FTAI,14.885,14.885,14.885,14.885,0.0
2017-04-19 18:30:00,FTAI,14.885,14.885,14.885,14.885,0.0
2017-04-19 18:35:00,FTAI,14.885,14.885,14.885,14.885,0.0
2017-04-19 18:40:00,FTAI,14.885,14.885,14.885,14.885,0.0
2017-04-19 18:45:00,FTAI,14.885,14.885,14.885,14.885,0.0
2017-04-19 18:50:00,FTAI,14.885,14.885,14.885,14.885,0.0
2017-04-19 18:55:00,FTAI,14.885,14.885,14.885,14.885,0.0
2017-04-19 19:00:00,FTAI,14.885,14.885,14.885,14.885,0.0
2017-04-19 19:05:00,FTAI,14.885,14.885,14.885,14.885,0.0
2017-04-19 19:10:00,FTAI,14.885,14.885,14.885,14.885,0.0
2017-04-19 19:15:00,FTAI,14.885,14.885,14.885,14.885,0.0
2017-04-19 19:20:00,FTAI,14.885,14.885,14.885,14.885,0.0
2017-04-19 19:25:00,FTAI,14.885,14.885,14.885,14.885,0.0
2017-04-19 19:30:00,FTAI,14.885,14.885,14.885,14.885,0.0
2017-04-19 19:35:00,FTAI,14.885,14.885,14.885,14.885,0.0
2017-04-19 19:40:00,FTAI,14.885,14.885,14.885,14.885,0.0
2017-04-19 19:45:00,FTAI,14.885,14.885,14.885,14.885,0.0
2017-04-19 19:50:00,FTAI,14.885,14.885,14.885,14.885,0.0
2017-04-19 19:55:00,FTAI,14.885,14.885,14.885,14.885,0.0
2017-04-19 20:00:00,FTAI,14.885,14.885,14.885,14.885,0.0
2017-04-19 20:05:00,FTAI,14.885,14.885,14.885,14.885,0.0
2017-04-19 20:10:00,FTAI,14.885,14.885,14.885,14.885,0.0
2017-04-19 20:15:00,FTAI,14.885,14.885,14.885,14.885,0.0
2017-04-19 20:20:00,FTAI,14.885,14.885,14.885,14.885,0.0
2017-04-19 20:25:00,FTAI,14.885,14.885,14.885,14.885,0.0
2017-04-19 20:30:00,FTAI,14.885,14.885,14.885,14.885,0.0
2017-04-19 20:35:00,FTAI,14.885,14.885,14.885,14.885,0.0
2017-04-19 20:40:00,FTAI,14.885,14.885,14.885,14.885,0.0
2017-04-19 20:45:00,FTAI,14.885,14.885,14.885,14.885,0.0
2017-04-19 20:50:00,FTAI,14.885,14.885,14.885,14.885,0.0
2017-04-19 20:55:00,FTAI,14.885,14.885,14.885,14.885,0.0
2017-04-20 08:00:00,FTAI,7.77,7.77,7.77,7.77,0.0
2017-04-20 08:05:00,FTAI,7.77,7.77,7.77,7.77,0.0
2017-04-20 08:10:00,FTAI,7.77,7.77,7.77,7.77,0.0
2017-04-20 08:15:00,FTAI,7.77,7.77,7.77,7.77,0.0
2017-04-20 08:20:00,FTAI,7.77,7.77,7.77,7.77,0.0
2017-04-20 08:25:00,FTAI,7.77,14.46,7.77,14.46,0.0
2017-04-20 08:30:00,FTAI,14.46,14.46,14.46,14.46,0.0
2017-04-20 08:35:00,FTAI,14.46,14.46,14.46,14.46,0.0
2017-04-20 08:40:00,FTAI,14.46,14.46,14.46,14.46,0.0
2017-04-20 08:45:00,FTAI,14.46,14.46,14.46,14.46,0.0
2017-04-20 08:50:00,FTAI,14.46,14.46,14.46,14.46,0.0
2017-04-20 08:55:00,FTAI,14.46,14.46,14.46,14.46,0.0
2017-04-20 09:00:00,FTAI,14.46,14.46,14.46,14.46,0.0
2017-04-20 09:05:00,FTAI,14.46,14.46,14.46,14.46,0.0
2017-04-20 09:10:00,FTAI,14.46,14.46,14.46,14.46,0.0
2017-04-20 09:15:00,FTAI,14.46,14.46,14.46,14.46,0.0
2017-04-20 09:20:00,FTAI,14.46,14.46,14.195,14.195,0.0
2017-04-20 09:25:00,FTAI,14.195,14.195,14.195,14.195,0.0
2017-04-20 09:30:00,FTAI,14.195,14.625,14.195,14.625,0.0
2017-04-20 09:35:00,FTAI,14.625,14.935,14.625,14.9,1800.0
2017-04-20 09:40:00,FTAI,14.9,14.935,14.9,14.935,0.0
2017-04-20 09:45:00,FTAI,14.935,14.935,14.935,14.935,0.0
2017-04-20 09:50:00,FTAI,14.935,14.955,14.935,14.955,1250.0
2017-04-20 09:55:00,FTAI,14.955,14.98,14.955,14.98,8400.0
2017-04-20 10:00:00,FTAI,14.98,14.98,14.95,14.955,475.0
2017-04-20 10:05:00,FTAI,14.955,14.98,14.955,14.98,220.0
2017-04-20 10:10:00,FTAI,14.98,14.98,14.98,14.98,120.0
2017-04-20 10:15:00,FTAI,14.98,14.98,14.98,14.98,0.0
2017-04-20 10:20:00,FTAI,14.98,14.98,14.98,14.98,201.0
2017-04-20 10:25:00,FTAI,14.98,14.985,14.98,14.985,1000.0
2017-04-20 10:30:00,FTAI,14.985,14.985,14.935,14.94,5800.0
2017-04-20 10:35:00,FTAI,14.94,14.96,14.94,14.955,3893.0
2017-04-20 10:40:00,FTAI,14.955,14.99,14.955,14.99,3400.0
2017-04-20 10:45:00,FTAI,14.99,15.005,14.99,15.005,1163.0
2017-04-20 10:50:00,FTAI,15.005,15.025,14.995,15.025,400.0
2017-04-20 10:55:00,FTAI,15.025,15.05,15.025,15.045,864.0
2017-04-20 11:00:00,FTAI,15.045,15.05,15.04,15.04,300.0
2017-04-20 11:05:00,FTAI,15.04,15.04,15.035,15.035,5.0
2017-04-20 11:10:00,FTAI,15.035,15.035,15.035,15.035,100.0
2017-04-20 11:15:00,FTAI,15.035,15.05,15.035,15.04,2408.0
2017-04-20 11:20:00,FTAI,15.04,15.045,15.035,15.045,200.0
2017-04-20 11:25:00,FTAI,15.045,15.065,15.04,15.065,400.0
2017-04-20 11:30:00,FTAI,15.065,15.07,15.065,15.065,400.0
2017-04-20 11:35:00,FTAI,15.065,15.065,15.065,15.065,100.0
2017-04-20 11:40:00,FTAI,15.065,15.08,15.06,15.065,1026.0
2017-04-20 11:45:00,FTAI,15.065,15.08,15.035,15.04,300.0
2017-04-20 11:50:00,FTAI,15.04,15.06,15.03,15.05,3000.0
2017-04-20 11:55:00,FTAI,15.05,15.05,15.005,15.025,800.0
2017-04-20 12:00:00,FTAI,15.025,15.03,14.995,14.995,1000.0
2017-04-20 12:05:00,FTAI,14.995,15.01,14.995,15.01,2347.0
2017-04-20 12:10:00,FTAI,15.01,15.03,15.01,15.025,220.0
2017-04-20 12:15:00,FTAI,15.025,15.025,15.025,15.025,100.0
2017-04-20 12:20:00,FTAI,15.025,15.035,15.025,15.035,100.0
2017-04-20 12:25:00,FTAI,15.035,15.045,15.03,15.04,450.0
2017-04-20 12:30:00,FTAI,15.04,15.04,15.0,15.015,900.0
2017-04-20 12:35:00,FTAI,15.015,15.015,15.01,15.01,0.0
2017-04-20 12:40:00,FTAI,15.01,15.01,14.99,14.99,600.0
2017-04-20 12:45:00,FTAI,14.99,14.99,14.99,14.99,200.0
2017-04-20 12:50:00,FTAI,14.99,15.02,14.965,14.965,1268.0
2017-04-20 12:55:00,FTAI,14.965,14.98,14.965,14.98,100.0
2017-04-20 13:00:00,FTAI,14.98,14.98,14.98,14.98,0.0
2017-04-20 13:05:00,FTAI,14.98,14.985,14.98,14.98,100.0
2017-04-20 13:10:00,FTAI,14.98,14.98,14.975,14.975,0.0
2017-04-20 13:15:00,FTAI,14.975,14.98,14.975,14.98,0.0
2017-04-20 13:20:00,FTAI,14.98,14.98,14.975,14.98,0.0
2017-04-20 13:25:00,FTAI,14.98,14.99,14.98,14.99,1000.0
2017-04-20 13:30:00,FTAI,14.99,14.99,14.99,14.99,0.0
2017-04-20 13:35:00,FTAI,14.99,15.02,14.99,15.015,2722.0
2017-04-20 13:40:00,FTAI,15.015,15.025,15.015,15.02,325.0
2017-04-20 13:45:00,FTAI,15.02,15.025,15.01,15.01,405.0
2017-04-20 13:50:00,FTAI,15.01,15.015,15.01,15.01,406.0
2017-04-20 13:55:00,FTAI,15.01,15.035,15.01,15.025,523.0
2017-04-20 14:00:00,FTAI,15.025,15.035,15.015,15.025,3850.0
2017-04-20 14:05:00,FTAI,15.025,15.025,15.025,15.025,0.0
2017-04-20 14:10:00,FTAI,15.025,15.03,15.025,15.025,575.0
2017-04-20 14:15:00,FTAI,15.025,15.025,15.025,15.025,101.0
2017-04-20 14:20:00,FTAI,15.025,15.025,15.025,15.025,0.0
2017-04-20 14:25:00,FTAI,15.025,15.03,15.025,15.025,306.0
2017-04-20 14:30:00,FTAI,15.025,15.025,15.005,15.01,506.0
2017-04-20 14:35:00,FTAI,15.01,15.01,15.01,15.01,100.0
2017-04-20 14:40:00,FTAI,15.01,15.03,14.98,14.98,9160.0
2017-04-20 14:45:00,FTAI,14.98,14.98,14.98,14.98,0.0
2017-04-20 14:50:00,FTAI,14.98,14.985,14.98,14.98,339.0
2017-04-20 14:55:00,FTAI,14.98,14.99,14.98,14.98,1347.0
2017-04-20 15:00:00,FTAI,14.98,14.98,14.98,14.98,200.0
2017-04-20 15:05:00,FTAI,14.98,14.98,14.98,14.98,1050.0
2017-04-20 15:10:00,FTAI,14.98,14.98,14.98,14.98,1100.0
2017-04-20 15:15:00,FTAI,14.98,14.98,14.98,14.98,0.0
2017-04-20 15:20:00,FTAI,14.98,14.98,14.98,14.98,500.0
2017-04-20 15:25:00,FTAI,14.98,14.98,14.98,14.98,300.0
2017-04-20 15:30:00,FTAI,14.98,14.98,14.98,14.98,0.0
2017-04-20 15:35:00,FTAI,14.98,14.98,14.955,14.955,4183.0
2017-04-20 15:40:00,FTAI,14.955,14.955,14.945,14.955,3727.0
2017-04-20 15:45:00,FTAI,14.955,14.965,14.955,14.965,1953.0
2017-04-20 15:50:00,FTAI,14.965,14.965,14.915,14.925,7834.0
2017-04-20 15:55:00,FTAI,14.925,14.925,14.915,14.915,9050.0
2017-04-20 16:00:00,FTAI,14.915,14.935,14.895,14.93,15511.0
2017-04-20 16:05:00,FTAI,14.93,14.93,14.93,14.93,1356.0
2017-04-20 16:10:00,FTAI,14.93,15.085,14.93,15.085,0.0
2017-04-20 16:15:00,FTAI,15.085,15.085,15.085,15.085,0.0
2017-04-20 16:20:00,FTAI,15.085,15.085,15.085,15.085,0.0
2017-04-20 16:25:00,FTAI,15.085,15.085,15.085,15.085,0.0
2017-04-20 16:30:00,FTAI,15.085,15.085,15.085,15.085,0.0
2017-04-20 16:35:00,FTAI,15.085,15.085,15.085,15.085,0.0
2017-04-20 16:40:00,FTAI,15.085,15.085,15.085,15.085,0.0
2017-04-20 16:45:00,FTAI,15.085,15.085,15.085,15.085,0.0
2017-04-20 16:50:00,FTAI,15.085,15.085,15.085,15.085,0.0
2017-04-20 16:55:00,FTAI,15.085,15.085,15.085,15.085,0.0
2017-04-20 17:00:00,FTAI,15.085,15.085,15.085,15.085,0.0
2017-04-20 17:05:00,FTAI,15.085,15.085,15.085,15.085,0.0
2017-04-20 17:10:00,FTAI,15.085,15.085,15.085,15.085,0.0
2017-04-20 17:15:00,FTAI,15.085,15.085,15.085,15.085,0.0
2017-04-20 17:20:00,FTAI,15.085,15.085,15.085,15.085,0.0
2017-04-20 17:25:00,FTAI,15.085,15.085,15.085,15.085,0.0
2017-04-20 17:30:00,FTAI,15.085,15.085,15.085,15.085,0.0
2017-04-20 17:35:00,FTAI,15.085,15.085,15.085,15.085,0.0
2017-04-20 17:40:00,FTAI,15.085,15.085,15.085,15.085,0.0
2017-04-20 17:45:00,FTAI,15.085,15.085,15.085,15.085,0.0
2017-04-20 17:50:00,FTAI,15.085,15.085,15.085,15.085,0.0
2017-04-20 17:55:00,FTAI,15.085,15.085,15.085,15.085,0.0
2017-04-20 18:00:00,FTAI,15.085,15.085,15.085,15.085,0.0
2017-04-20 18:05:00,FTAI,15.085,15.085,15.085,15.085,0.0
2017-04-20 18:10:00,FTAI,15.085,15.085,15.085,15.085,0.0
2017-04-20 18:15:00,FTAI,15.085,15.085,15.085,15.085,0.0
2017-04-20 18:20:00,FTAI,15.085,15.085,15.085,15.085,0.0
2017-04-20 18:25:00,FTAI,15.085,15.085,15.085,15.085,0.0
2017-04-20 18:30:00,FTAI,15.085,15.085,15.085,15.085,0.0
2017-04-20 18:35:00,FTAI,15.085,15.085,15.085,15.085,0.0
2017-04-20 18:40:00,FTAI,15.085,15.085,15.085,15.085,0.0
2017-04-20 18:45:00,FTAI,15.085,15.085,15.085,15.085,0.0
2017-04-20 18:50:00,FTAI,15.085,15.085,15.085,15.085,0.0
2017-04-20 18:55:00,FTAI,15.085,15.085,15.085,15.085,0.0
2017-04-20 19:00:00,FTAI,15.085,15.085,15.085,15.085,0.0
2017-04-20 19:05:00,FTAI,15.085,15.085,15.085,15.085,0.0
2017-04-20 19:10:00,FTAI,15.085,15.085,15.085,15.085,0.0
2017-04-20 19:15:00,FTAI,15.085,15.085,15.085,15.085,0.0
2017-04-20 19:20:00,FTAI,15.085,15.085,15.085,15.085,0.0
2017-04-20 19:25:00,FTAI,15.085,15.085,15.085,15.085,0.0
2017-04-20 19:30:00,FTAI,15.085,15.085,15.085,15.085,0.0
2017-04-20 19:35:00,FTAI,15.085,15.085,15.085,15.085,0.0
2017-04-20 19:40:00,FTAI,15.085,15.085,15.085,15.085,0.0
2017-04-20 19:45:00,FTAI,15.085,15.085,15.085,15.085,0.0
2017-04-20 19:50:00,FTAI,15.085,15.085,15.085,15.085,0.0
2017-04-20 19:55:00,FTAI,15.085,15.085,15.085,15.085,0.0
2017-04-20 20:00:00,FTAI,15.085,15.085,15.085,15.085,0.0
2017-04-20 20:05:00,FTAI,15.085,15.085,15.085,15.085,0.0
2017-04-20 20:10:00,FTAI,15.085,15.085,15.085,15.085,0.0
2017-04-20 20:15:00,FTAI,15.085,15.085,15.085,15.085,0.0
2017-04-20 20:20:00,FTAI,15.085,15.085,15.085,15.085,0.0
2017-04-20 20:25:00,FTAI,15.085,15.085,15.085,15.085,0.0
2017-04-20 20:30:00,FTAI,15.085,15.085,15.085,15.085,0.0
2017-04-20 20:35:00,FTAI,15.085,15.085,15.085,15.085,0.0
2017-04-20 20:40:00,FTAI,15.085,15.085,15.085,15.085,0.0
2017-04-20 20:45:00,FTAI,15.085,15.085,15.085,15.085,0.0
2017-04-20 20:50:00,FTAI,15.085,15.085,15.085,15.085,0.0
2017-04-20 20:55:00,FTAI,15.085,15.085,15.085,15.085,0.0
2017-04-21 08:00:00,FTAI,15.225,99999.995,7.77,7.77,0.0
2017-04-21 08:05:00,FTAI,7.77,7.77,7.63,7.63,0.0
2017-04-21 08:10:00,FTAI,7.63,7.63,7.63,7.63,0.0
2017-04-21 08:15:00,FTAI,7.63,14.335,7.63,14.335,0.0
2017-04-21 08:20:00,FTAI,14.335,14.335,14.335,14.335,0.0
2017-04-21 08:25:00,FTAI,14.335,14.335,14.335,14.335,0.0
2017-04-21 08:30:00,FTAI,14.335,14.335,14.335,14.335,0.0
2017-04-21 08:35:00,FTAI,14.335,14.335,14.335,14.335,0.0
2017-04-21 08:40:00,FTAI,14.335,14.335,14.335,14.335,0.0
2017-04-21 08:45:00,FTAI,14.335,14.335,14.335,14.335,0.0
2017-04-21 08:50:00,FTAI,14.335,14.335,14.335,14.335,0.0
2017-04-21 08:55:00,FTAI,14.335,14.335,14.335,14.335,0.0
2017-04-21 09:00:00,FTAI,14.335,14.335,14.335,14.335,0.0
2017-04-21 09:05:00,FTAI,14.335,14.335,14.335,14.335,0.0
2017-04-21 09:10:00,FTAI,14.335,14.335,14.335,14.335,0.0
2017-04-21 09:15:00,FTAI,14.335,14.335,14.335,14.335,0.0
2017-04-21 09:20:00,FTAI,14.335,14.335,14.335,14.335,0.0
2017-04-21 09:25:00,FTAI,14.335,14.99,14.335,14.9,0.0
2017-04-21 09:30:00,FTAI,14.9,14.96,14.885,14.9,0.0
2017-04-21 09:35:00,FTAI,14.9,14.905,14.895,14.895,609.0
2017-04-21 09:40:00,FTAI,14.895,14.915,14.895,14.915,144.0
2017-04-21 09:45:00,FTAI,14.915,14.915,14.89,14.89,100.0
2017-04-21 09:50:00,FTAI,14.89,14.89,14.89,14.89,0.0
2017-04-21 09:55:00,FTAI,14.89,14.89,14.88,14.885,300.0
2017-04-21 10:00:00,FTAI,14.885,14.885,14.885,14.885,1050.0
2017-04-21 10:05:00,FTAI,14.885,14.895,14.88,14.895,2410.0
2017-04-21 10:10:00,FTAI,14.895,14.895,14.895,14.895,600.0
2017-04-21 10:20:00,FTAI,14.895,14.895,14.895,14.895,1200.0
2017-04-21 10:25:00,FTAI,14.895,14.895,14.895,14.895,4780.0
2017-04-21 10:30:00,FTAI,14.895,14.895,14.895,14.895,3481.0
2017-04-21 10:35:00,FTAI,14.895,14.895,14.895,14.895,500.0
2017-04-21 10:40:00,FTAI,14.895,14.905,14.895,14.905,6903.0
2017-04-21 10:45:00,FTAI,14.905,14.905,14.905,14.905,230.0
2017-04-21 10:50:00,FTAI,14.905,14.975,14.905,14.965,2106.0
2017-04-21 10:55:00,FTAI,14.965,14.965,14.965,14.965,0.0
2017-04-21 11:00:00,FTAI,14.965,15.015,14.965,14.995,1300.0
2017-04-21 11:05:00,FTAI,14.995,14.995,14.99,14.99,0.0
2017-04-21 11:10:00,FTAI,14.99,14.99,14.99,14.99,0.0
2017-04-21 11:15:00,FTAI,14.99,14.99,14.945,14.955,260.0
2017-04-21 11:20:00,FTAI,14.955,14.965,14.955,14.965,200.0
2017-04-21 11:25:00,FTAI,14.965,14.97,14.94,14.965,396.0
2017-04-21 11:30:00,FTAI,14.965,14.985,14.955,14.985,1412.0
2017-04-21 11:35:00,FTAI,14.985,14.99,14.985,14.99,4.0
2017-04-21 11:40:00,FTAI,14.99,14.99,14.99,14.99,0.0
2017-04-21 11:45:00,FTAI,14.99,14.99,14.985,14.985,100.0
2017-04-21 11:50:00,FTAI,14.985,14.985,14.96,14.96,995.0
2017-04-21 11:55:00,FTAI,14.96,14.965,14.945,14.965,65.0
2017-04-21 12:00:00,FTAI,14.965,14.965,14.965,14.965,111.0
2017-04-21 12:05:00,FTAI,14.965,14.965,14.965,14.965,100.0
2017-04-21 12:10:00,FTAI,14.965,14.965,14.93,14.955,500.0
2017-04-21 12:15:00,FTAI,14.955,14.965,14.955,14.96,666.0
2017-04-21 12:20:00,FTAI,14.96,14.96,14.96,14.96,0.0
2017-04-21 12:25:00,FTAI,14.96,14.965,14.925,14.965,400.0
2017-04-21 12:30:00,FTAI,14.965,14.97,14.965,14.97,6.0
2017-04-21 12:35:00,FTAI,14.97,14.97,14.965,14.965,600.0
2017-04-21 12:40:00,FTAI,14.965,14.99,14.965,14.975,612.0
2017-04-21 12:45:00,FTAI,14.975,14.98,14.975,14.98,265.0
2017-04-21 12:50:00,FTAI,14.98,14.98,14.98,14.98,0.0
2017-04-21 12:55:00,FTAI,14.98,14.98,14.98,14.98,0.0
2017-04-21 13:00:00,FTAI,14.98,14.98,14.98,14.98,6.0
2017-04-21 13:05:00,FTAI,14.98,14.99,14.975,14.975,300.0
2017-04-21 13:10:00,FTAI,14.975,14.975,14.975,14.975,0.0
2017-04-21 13:15:00,FTAI,14.975,14.975,14.965,14.975,300.0
2017-04-21 13:20:00,FTAI,14.975,14.995,14.975,14.995,303.0
2017-04-21 13:25:00,FTAI,14.995,14.995,14.995,14.995,412.0
2017-04-21 13:30:00,FTAI,14.995,14.995,14.995,14.995,0.0
2017-04-21 13:35:00,FTAI,14.995,14.995,14.995,14.995,100.0
2017-04-21 13:40:00,FTAI,14.995,15.01,14.995,15.01,4900.0
2017-04-21 13:45:00,FTAI,15.01,15.03,15.01,15.03,4060.0
2017-04-21 13:50:00,FTAI,15.03,15.035,15.03,15.035,364.0
2017-04-21 13:55:00,FTAI,15.035,15.035,15.025,15.03,700.0
2017-04-21 14:00:00,FTAI,15.03,15.045,15.01,15.03,5846.0
2017-04-21 14:05:00,FTAI,15.03,15.03,15.03,15.03,0.0
2017-04-21 14:10:00,FTAI,15.03,15.03,15.03,15.03,100.0
2017-04-21 14:15:00,FTAI,15.03,15.03,14.985,14.99,4620.0
2017-04-21 14:20:00,FTAI,14.99,14.99,14.99,14.99,567.0
2017-04-21 14:25:00,FTAI,14.99,14.99,14.99,14.99,1535.0
2017-04-21 14:30:00,FTAI,14.99,14.99,14.99,14.99,100.0
2017-04-21 14:35:00,FTAI,14.99,15.0,14.99,15.0,2203.0
2017-04-21 14:40:00,FTAI,15.0,15.02,15.0,15.02,432.0
2017-04-21 14:45:00,FTAI,15.02,15.025,15.02,15.025,1000.0
2017-04-21 14:50:00,FTAI,15.025,15.025,15.025,15.025,0.0
2017-04-21 14:55:00,FTAI,15.025,15.025,15.0,15.015,289.0
2017-04-21 15:00:00,FTAI,15.015,15.015,15.015,15.015,100.0
2017-04-21 15:05:00,FTAI,15.015,15.015,15.01,15.01,20.0
2017-04-21 15:10:00,FTAI,15.01,15.015,14.995,15.015,766.0
2017-04-21 15:15:00,FTAI,15.015,15.03,15.015,15.025,401.0
2017-04-21 15:20:00,FTAI,15.025,15.025,15.025,15.025,136.0
2017-04-21 15:25:00,FTAI,15.025,15.03,15.025,15.03,0.0
2017-04-21 15:30:00,FTAI,15.03,15.03,15.01,15.015,625.0
2017-04-21 15:35:00,FTAI,15.015,15.015,14.985,14.995,3815.0
2017-04-21 15:40:00,FTAI,14.995,14.995,14.975,14.975,11641.0
2017-04-21 15:45:00,FTAI,14.975,14.985,14.975,14.985,913.0
2017-04-21 15:50:00,FTAI,14.985,14.985,14.975,14.975,902.0
2017-04-21 15:55:00,FTAI,14.975,14.975,14.975,14.975,566.0
2017-04-21 16:00:00,FTAI,14.975,14.995,14.965,14.985,8789.0
2017-04-21 16:05:00,FTAI,14.985,14.985,14.985,14.985,1252.0
2017-04-21 16:10:00,FTAI,14.985,15.025,14.985,15.025,0.0
2017-04-21 16:15:00,FTAI,15.025,15.025,15.025,15.025,0.0
2017-04-21 16:20:00,FTAI,15.025,15.025,15.025,15.025,0.0
2017-04-21 16:25:00,FTAI,15.025,15.025,15.025,15.025,0.0
2017-04-21 16:30:00,FTAI,15.025,15.025,15.025,15.025,0.0
2017-04-21 16:35:00,FTAI,15.025,15.025,15.025,15.025,0.0
2017-04-21 16:40:00,FTAI,15.025,15.025,15.025,15.025,0.0
2017-04-21 16:45:00,FTAI,15.025,15.025,15.025,15.025,0.0
2017-04-21 16:50:00,FTAI,15.025,15.025,15.025,15.025,0.0
2017-04-21 16:55:00,FTAI,15.025,15.025,15.025,15.025,0.0
2017-04-21 17:00:00,FTAI,15.025,15.025,15.025,15.025,0.0
2017-04-21 17:05:00,FTAI,15.025,15.025,15.025,15.025,0.0
2017-04-21 17:10:00,FTAI,15.025,15.025,15.025,15.025,0.0
2017-04-21 17:15:00,FTAI,15.025,15.025,15.025,15.025,0.0
2017-04-21 17:20:00,FTAI,15.025,15.025,15.025,15.025,0.0
2017-04-21 17:25:00,FTAI,15.025,15.025,15.025,15.025,0.0
2017-04-21 17:30:00,FTAI,15.025,15.025,15.025,15.025,0.0
2017-04-21 17:35:00,FTAI,15.025,15.025,15.025,15.025,0.0
2017-04-21 17:40:00,FTAI,15.025,15.025,15.025,15.025,0.0
2017-04-21 17:45:00,FTAI,15.025,15.025,15.025,15.025,0.0
2017-04-21 17:50:00,FTAI,15.025,15.025,15.025,15.025,0.0
2017-04-21 17:55:00,FTAI,15.025,15.025,15.025,15.025,0.0
2017-04-21 18:00:00,FTAI,15.025,15.025,15.025,15.025,0.0
2017-04-21 18:05:00,FTAI,15.025,15.025,15.025,15.025,0.0
2017-04-21 18:10:00,FTAI,15.025,15.025,15.025,15.025,0.0
2017-04-21 18:15:00,FTAI,15.025,15.025,15.025,15.025,0.0
2017-04-21 18:20:00,FTAI,15.025,15.025,15.025,15.025,0.0
2017-04-21 18:25:00,FTAI,15.025,15.025,15.025,15.025,0.0
2017-04-21 18:30:00,FTAI,15.025,15.025,15.025,15.025,0.0
2017-04-21 18:35:00,FTAI,15.025,15.025,15.025,15.025,0.0
2017-04-21 18:40:00,FTAI,15.025,15.025,15.025,15.025,0.0
2017-04-21 18:45:00,FTAI,15.025,15.025,15.025,15.025,0.0
2017-04-21 18:50:00,FTAI,15.025,15.025,15.025,15.025,0.0
2017-04-21 18:55:00,FTAI,15.025,15.025,15.025,15.025,0.0
2017-04-21 19:00:00,FTAI,15.025,15.025,15.025,15.025,0.0
2017-04-21 19:05:00,FTAI,15.025,15.025,15.025,15.025,0.0
2017-04-21 19:10:00,FTAI,15.025,15.025,15.025,15.025,0.0
2017-04-21 19:15:00,FTAI,15.025,15.025,15.025,15.025,0.0
2017-04-21 19:20:00,FTAI,15.025,15.025,15.025,15.025,0.0
2017-04-21 19:25:00,FTAI,15.025,15.025,15.025,15.025,0.0
2017-04-21 19:30:00,FTAI,15.025,15.025,15.025,15.025,0.0
2017-04-21 19:35:00,FTAI,15.025,15.025,15.025,15.025,0.0
2017-04-21 19:40:00,FTAI,15.025,15.025,15.025,15.025,0.0
2017-04-21 19:45:00,FTAI,15.025,15.025,15.025,15.025,0.0
2017-04-21 19:50:00,FTAI,15.025,15.025,15.025,15.025,0.0
2017-04-21 19:55:00,FTAI,15.025,15.025,15.025,15.025,0.0
2017-04-21 20:00:00,FTAI,15.025,15.025,15.025,15.025,0.0
2017-04-21 20:05:00,FTAI,15.025,15.025,15.025,15.025,0.0
2017-04-21 20:10:00,FTAI,15.025,15.025,15.025,15.025,0.0
2017-04-21 20:15:00,FTAI,15.025,15.025,15.025,15.025,0.0
2017-04-21 20:20:00,FTAI,15.025,15.025,15.025,15.025,0.0
2017-04-21 20:25:00,FTAI,15.025,15.025,15.025,15.025,0.0
2017-04-21 20:30:00,FTAI,15.025,15.025,15.025,15.025,0.0
2017-04-21 20:35:00,FTAI,15.025,15.025,15.025,15.025,0.0
2017-04-21 20:40:00,FTAI,15.025,15.025,15.025,15.025,0.0
2017-04-21 20:45:00,FTAI,15.025,15.025,15.025,15.025,0.0
2017-04-21 20:50:00,FTAI,15.025,15.025,15.025,15.025,0.0
2017-04-21 20:55:00,FTAI,15.025,15.025,15.025,15.025,0.0
2017-04-22 08:00:00,FTAI,15.025,15.025,15.025,15.025,0.0
2017-04-22 08:05:00,FTAI,15.025,15.025,15.025,15.025,0.0
2017-04-22 08:10:00,FTAI,15.025,15.025,15.025,15.025,0.0
2017-04-22 08:15:00,FTAI,15.025,15.025,15.025,15.025,0.0
2017-04-22 08:20:00,FTAI,15.025,15.025,15.025,15.025,0.0
2017-04-22 08:25:00,FTAI,15.025,15.025,15.025,15.025,0.0
2017-04-22 08:30:00,FTAI,15.025,15.025,15.025,15.025,0.0
2017-04-22 08:35:00,FTAI,15.025,15.025,15.025,15.025,0.0
2017-04-22 08:40:00,FTAI,15.025,15.025,15.025,15.025,0.0
2017-04-22 08:45:00,FTAI,15.025,15.025,15.025,15.025,0.0
2017-04-22 08:50:00,FTAI,15.025,15.025,15.025,15.025,0.0
2017-04-22 08:55:00,FTAI,15.025,15.025,15.025,15.025,0.0
2017-04-22 09:00:00,FTAI,15.025,15.025,15.025,15.025,0.0
2017-04-22 09:05:00,FTAI,15.025,15.025,15.025,15.025,0.0
2017-04-22 09:10:00,FTAI,15.025,15.025,15.025,15.025,0.0
2017-04-22 09:15:00,FTAI,15.025,15.025,15.025,15.025,0.0
2017-04-22 09:20:00,FTAI,15.025,15.025,15.025,15.025,0.0
2017-04-22 09:25:00,FTAI,15.025,15.025,15.025,15.025,0.0
2017-04-22 09:30:00,FTAI,15.025,15.025,15.025,15.025,0.0
2017-04-22 09:35:00,FTAI,15.025,15.025,15.025,15.025,0.0
2017-04-22 09:40:00,FTAI,15.025,15.025,15.025,15.025,0.0
2017-04-22 09:45:00,FTAI,15.025,15.025,15.025,15.025,0.0
2017-04-22 09:50:00,FTAI,15.025,15.025,15.025,15.025,0.0
2017-04-22 09:55:00,FTAI,15.025,15.025,15.025,15.025,0.0
2017-04-22 10:00:00,FTAI,15.025,15.025,15.025,15.025,0.0
2017-04-22 10:05:00,FTAI,15.025,15.025,15.025,15.025,0.0
2017-04-22 10:10:00,FTAI,15.025,15.025,15.025,15.025,0.0
2017-04-22 10:15:00,FTAI,15.025,15.025,15.025,15.025,0.0
2017-04-22 10:20:00,FTAI,15.025,15.025,15.025,15.025,0.0
2017-04-22 10:25:00,FTAI,15.025,15.025,15.025,15.025,0.0
2017-04-22 10:30:00,FTAI,15.025,15.025,15.025,15.025,0.0
2017-04-22 10:35:00,FTAI,15.025,15.025,15.025,15.025,0.0
2017-04-22 10:40:00,FTAI,15.025,15.025,15.025,15.025,0.0
2017-04-22 10:45:00,FTAI,15.025,15.025,15.025,15.025,0.0
2017-04-22 10:50:00,FTAI,15.025,15.025,15.025,15.025,0.0
2017-04-22 10:55:00,FTAI,15.025,15.025,15.025,15.025,0.0
2017-04-22 11:00:00,FTAI,15.025,15.025,15.025,15.025,0.0
2017-04-22 11:05:00,FTAI,15.025,15.025,15.025,15.025,0.0
2017-04-22 11:10:00,FTAI,15.025,15.025,15.025,15.025,0.0
2017-04-22 11:15:00,FTAI,15.025,15.025,15.025,15.025,0.0
2017-04-22 11:20:00,FTAI,15.025,15.025,15.025,15.025,0.0
2017-04-22 11:25:00,FTAI,15.025,15.025,15.025,15.025,0.0
2017-04-22 11:30:00,FTAI,15.025,15.025,15.025,15.025,0.0
2017-04-22 11:35:00,FTAI,15.025,15.025,15.025,15.025,0.0
2017-04-22 11:40:00,FTAI,15.025,15.025,15.025,15.025,0.0
2017-04-22 11:45:00,FTAI,15.025,15.025,15.025,15.025,0.0
2017-04-22 11:50:00,FTAI,15.025,15.025,15.025,15.025,0.0
2017-04-22 11:55:00,FTAI,15.025,15.025,15.025,15.025,0.0
2017-04-22 12:00:00,FTAI,15.025,15.025,15.025,15.025,0.0
2017-04-22 12:05:00,FTAI,15.025,15.025,15.025,15.025,0.0
2017-04-22 12:10:00,FTAI,15.025,15.025,15.025,15.025,0.0
2017-04-22 12:15:00,FTAI,15.025,15.025,15.025,15.025,0.0
2017-04-22 12:20:00,FTAI,15.025,15.025,15.025,15.025,0.0
2017-04-22 12:25:00,FTAI,15.025,15.025,15.025,15.025,0.0
2017-04-22 12:30:00,FTAI,15.025,15.025,15.025,15.025,0.0
2017-04-22 12:35:00,FTAI,15.025,15.025,15.025,15.025,0.0
2017-04-22 12:40:00,FTAI,15.025,15.025,15.025,15.025,0.0
2017-04-22 12:45:00,FTAI,15.025,15.025,15.025,15.025,0.0
2017-04-22 12:50:00,FTAI,15.025,15.025,15.025,15.025,0.0
2017-04-22 12:55:00,FTAI,15.025,15.025,15.025,15.025,0.0
2017-04-22 13:00:00,FTAI,15.025,15.025,15.025,15.025,0.0
2017-04-22 13:05:00,FTAI,15.025,15.025,15.025,15.025,0.0
2017-04-22 13:10:00,FTAI,15.025,15.025,15.025,15.025,0.0
2017-04-22 13:15:00,FTAI,15.025,15.025,15.025,15.025,0.0
2017-04-22 13:20:00,FTAI,15.025,15.025,15.025,15.025,0.0
2017-04-22 13:25:00,FTAI,15.025,15.025,15.025,15.025,0.0
2017-04-22 13:30:00,FTAI,15.025,15.025,15.025,15.025,0.0
2017-04-22 13:35:00,FTAI,15.025,15.025,15.025,15.025,0.0
2017-04-22 13:40:00,FTAI,15.025,15.025,15.025,15.025,0.0
2017-04-22 13:45:00,FTAI,15.025,15.025,15.025,15.025,0.0
2017-04-22 13:50:00,FTAI,15.025,15.025,15.025,15.025,0.0
2017-04-22 13:55:00,FTAI,15.025,15.025,15.025,15.025,0.0
2017-04-22 14:00:00,FTAI,15.025,15.025,15.025,15.025,0.0
2017-04-22 14:05:00,FTAI,15.025,15.025,15.025,15.025,0.0
2017-04-22 14:10:00,FTAI,15.025,15.025,15.025,15.025,0.0
2017-04-22 14:15:00,FTAI,15.025,15.025,15.025,15.025,0.0
2017-04-22 14:20:00,FTAI,15.025,15.025,15.025,15.025,0.0
2017-04-22 14:25:00,FTAI,15.025,15.025,15.025,15.025,0.0
2017-04-22 14:30:00,FTAI,15.025,15.025,15.025,15.025,0.0
2017-04-22 14:35:00,FTAI,15.025,15.025,15.025,15.025,0.0
2017-04-22 14:40:00,FTAI,15.025,15.025,15.025,15.025,0.0
2017-04-22 14:45:00,FTAI,15.025,15.025,15.025,15.025,0.0
2017-04-22 14:50:00,FTAI,15.025,15.025,15.025,15.025,0.0
2017-04-22 14:55:00,FTAI,15.025,15.025,15.025,15.025,0.0
2017-04-22 15:00:00,FTAI,15.025,15.025,15.025,15.025,0.0
2017-04-22 15:05:00,FTAI,15.025,15.025,15.025,15.025,0.0
2017-04-22 15:10:00,FTAI,15.025,15.025,15.025,15.025,0.0
2017-04-22 15:15:00,FTAI,15.025,15.025,15.025,15.025,0.0
2017-04-22 15:20:00,FTAI,15.025,15.025,15.025,15.025,0.0
2017-04-22 15:25:00,FTAI,15.025,15.025,15.025,15.025,0.0
2017-04-22 15:30:00,FTAI,15.025,15.025,15.025,15.025,0.0
2017-04-22 15:35:00,FTAI,15.025,15.025,15.025,15.025,0.0
2017-04-22 15:40:00,FTAI,15.025,15.025,15.025,15.025,0.0
2017-04-22 15:45:00,FTAI,15.025,15.025,15.025,15.025,0.0
2017-04-22 15:50:00,FTAI,15.025,15.025,15.025,15.025,0.0
2017-04-22 15:55:00,FTAI,15.025,15.025,15.025,15.025,0.0
2017-04-22 16:00:00,FTAI,15.025,15.025,15.025,15.025,0.0
2017-04-22 16:05:00,FTAI,15.025,15.025,15.025,15.025,0.0
2017-04-22 16:10:00,FTAI,15.025,15.025,15.025,15.025,0.0
2017-04-22 16:15:00,FTAI,15.025,15.025,15.025,15.025,0.0
2017-04-22 16:20:00,FTAI,15.025,15.025,15.025,15.025,0.0
2017-04-22 16:25:00,FTAI,15.025,15.025,15.025,15.025,0.0
2017-04-22 16:30:00,FTAI,15.025,15.025,15.025,15.025,0.0
2017-04-22 16:35:00,FTAI,15.025,15.025,15.025,15.025,0.0
2017-04-22 16:40:00,FTAI,15.025,15.025,15.025,15.025,0.0
2017-04-22 16:45:00,FTAI,15.025,15.025,15.025,15.025,0.0
2017-04-22 16:50:00,FTAI,15.025,15.025,15.025,15.025,0.0
2017-04-22 16:55:00,FTAI,15.025,15.025,15.025,15.025,0.0
2017-04-22 17:00:00,FTAI,15.025,15.025,15.025,15.025,0.0
2017-04-22 17:05:00,FTAI,15.025,15.025,15.025,15.025,0.0
2017-04-22 17:10:00,FTAI,15.025,15.025,15.025,15.025,0.0
2017-04-22 17:15:00,FTAI,15.025,15.025,15.025,15.025,0.0
2017-04-22 17:20:00,FTAI,15.025,15.025,15.025,15.025,0.0
2017-04-22 17:25:00,FTAI,15.025,15.025,15.025,15.025,0.0
2017-04-22 17:30:00,FTAI,15.025,15.025,15.025,15.025,0.0
2017-04-22 17:35:00,FTAI,15.025,15.025,15.025,15.025,0.0
2017-04-22 17:40:00,FTAI,15.025,15.025,15.025,15.025,0.0
2017-04-22 17:45:00,FTAI,15.025,15.025,15.025,15.025,0.0
2017-04-22 17:50:00,FTAI,15.025,15.025,15.025,15.025,0.0
2017-04-22 17:55:00,FTAI,15.025,15.025,15.025,15.025,0.0
2017-04-22 18:00:00,FTAI,15.025,15.025,15.025,15.025,0.0
2017-04-22 18:05:00,FTAI,15.025,15.025,15.025,15.025,0.0
2017-04-22 18:10:00,FTAI,15.025,15.025,15.025,15.025,0.0
2017-04-22 18:15:00,FTAI,15.025,15.025,15.025,15.025,0.0
2017-04-22 18:20:00,FTAI,15.025,15.025,15.025,15.025,0.0
2017-04-22 18:25:00,FTAI,15.025,15.025,15.025,15.025,0.0
2017-04-22 18:30:00,FTAI,15.025,15.025,15.025,15.025,0.0
2017-04-22 18:35:00,FTAI,15.025,15.025,15.025,15.025,0.0
2017-04-22 18:40:00,FTAI,15.025,15.025,15.025,15.025,0.0
2017-04-22 18:45:00,FTAI,15.025,15.025,15.025,15.025,0.0
2017-04-22 18:50:00,FTAI,15.025,15.025,15.025,15.025,0.0
2017-04-22 18:55:00,FTAI,15.025,15.025,15.025,15.025,0.0
2017-04-22 19:00:00,FTAI,15.025,15.025,15.025,15.025,0.0
2017-04-22 19:05:00,FTAI,15.025,15.025,15.025,15.025,0.0
2017-04-22 19:10:00,FTAI,15.025,15.025,15.025,15.025,0.0
2017-04-22 19:15:00,FTAI,15.025,15.025,15.025,15.025,0.0
2017-04-22 19:20:00,FTAI,15.025,15.025,15.025,15.025,0.0
2017-04-22 19:25:00,FTAI,15.025,15.025,15.025,15.025,0.0
2017-04-22 19:30:00,FTAI,15.025,15.025,15.025,15.025,0.0
2017-04-22 19:35:00,FTAI,15.025,15.025,15.025,15.025,0.0
2017-04-22 19:40:00,FTAI,15.025,15.025,15.025,15.025,0.0
2017-04-22 19:45:00,FTAI,15.025,15.025,15.025,15.025,0.0
2017-04-22 19:50:00,FTAI,15.025,15.025,15.025,15.025,0.0
2017-04-22 19:55:00,FTAI,15.025,15.025,15.025,15.025,0.0
2017-04-22 20:00:00,FTAI,15.025,15.025,15.025,15.025,0.0
2017-04-22 20:05:00,FTAI,15.025,15.025,15.025,15.025,0.0
2017-04-22 20:10:00,FTAI,15.025,15.025,15.025,15.025,0.0
2017-04-22 20:15:00,FTAI,15.025,15.025,15.025,15.025,0.0
2017-04-22 20:20:00,FTAI,15.025,15.025,15.025,15.025,0.0
2017-04-22 20:25:00,FTAI,15.025,15.025,15.025,15.025,0.0
2017-04-22 20:30:00,FTAI,15.025,15.025,15.025,15.025,0.0
2017-04-22 20:35:00,FTAI,15.025,15.025,15.025,15.025,0.0
2017-04-22 20:40:00,FTAI,15.025,15.025,15.025,15.025,0.0
2017-04-22 20:45:00,FTAI,15.025,15.025,15.025,15.025,0.0
2017-04-22 20:50:00,FTAI,15.025,15.025,15.025,15.025,0.0
2017-04-22 20:55:00,FTAI,15.025,15.025,15.025,15.025,0.0
2017-04-23 08:00:00,FTAI,15.025,15.025,15.025,15.025,0.0
2017-04-23 08:05:00,FTAI,15.025,15.025,15.025,15.025,0.0
2017-04-23 08:10:00,FTAI,15.025,15.025,15.025,15.025,0.0
2017-04-23 08:15:00,FTAI,15.025,15.025,15.025,15.025,0.0
2017-04-23 08:20:00,FTAI,15.025,15.025,15.025,15.025,0.0
2017-04-23 08:25:00,FTAI,15.025,15.025,15.025,15.025,0.0
2017-04-23 08:30:00,FTAI,15.025,15.025,15.025,15.025,0.0
2017-04-23 08:35:00,FTAI,15.025,15.025,15.025,15.025,0.0
2017-04-23 08:40:00,FTAI,15.025,15.025,15.025,15.025,0.0
2017-04-23 08:45:00,FTAI,15.025,15.025,15.025,15.025,0.0
2017-04-23 08:50:00,FTAI,15.025,15.025,15.025,15.025,0.0
2017-04-23 08:55:00,FTAI,15.025,15.025,15.025,15.025,0.0
2017-04-23 09:00:00,FTAI,15.025,15.025,15.025,15.025,0.0
2017-04-23 09:05:00,FTAI,15.025,15.025,15.025,15.025,0.0
2017-04-23 09:10:00,FTAI,15.025,15.025,15.025,15.025,0.0
2017-04-23 09:15:00,FTAI,15.025,15.025,15.025,15.025,0.0
2017-04-23 09:20:00,FTAI,15.025,15.025,15.025,15.025,0.0
2017-04-23 09:25:00,FTAI,15.025,15.025,15.025,15.025,0.0
2017-04-23 09:30:00,FTAI,15.025,15.025,15.025,15.025,0.0
2017-04-23 09:35:00,FTAI,15.025,15.025,15.025,15.025,0.0
2017-04-23 09:40:00,FTAI,15.025,15.025,15.025,15.025,0.0
2017-04-23 09:45:00,FTAI,15.025,15.025,15.025,15.025,0.0
2017-04-23 09:50:00,FTAI,15.025,15.025,15.025,15.025,0.0
2017-04-23 09:55:00,FTAI,15.025,15.025,15.025,15.025,0.0
2017-04-23 10:00:00,FTAI,15.025,15.025,15.025,15.025,0.0
2017-04-23 10:05:00,FTAI,15.025,15.025,15.025,15.025,0.0
2017-04-23 10:10:00,FTAI,15.025,15.025,15.025,15.025,0.0
2017-04-23 10:15:00,FTAI,15.025,15.025,15.025,15.025,0.0
2017-04-23 10:20:00,FTAI,15.025,15.025,15.025,15.025,0.0
2017-04-23 10:25:00,FTAI,15.025,15.025,15.025,15.025,0.0
2017-04-23 10:30:00,FTAI,15.025,15.025,15.025,15.025,0.0
2017-04-23 10:35:00,FTAI,15.025,15.025,15.025,15.025,0.0
2017-04-23 10:40:00,FTAI,15.025,15.025,15.025,15.025,0.0
2017-04-23 10:45:00,FTAI,15.025,15.025,15.025,15.025,0.0
2017-04-23 10:50:00,FTAI,15.025,15.025,15.025,15.025,0.0
2017-04-23 10:55:00,FTAI,15.025,15.025,15.025,15.025,0.0
2017-04-23 11:00:00,FTAI,15.025,15.025,15.025,15.025,0.0
2017-04-23 11:05:00,FTAI,15.025,15.025,15.025,15.025,0.0
2017-04-23 11:10:00,FTAI,15.025,15.025,15.025,15.025,0.0
2017-04-23 11:15:00,FTAI,15.025,15.025,15.025,15.025,0.0
2017-04-23 11:20:00,FTAI,15.025,15.025,15.025,15.025,0.0
2017-04-23 11:25:00,FTAI,15.025,15.025,15.025,15.025,0.0
2017-04-23 11:30:00,FTAI,15.025,15.025,15.025,15.025,0.0
2017-04-23 11:35:00,FTAI,15.025,15.025,15.025,15.025,0.0
2017-04-23 11:40:00,FTAI,15.025,15.025,15.025,15.025,0.0
2017-04-23 11:45:00,FTAI,15.025,15.025,15.025,15.025,0.0
2017-04-23 11:50:00,FTAI,15.025,15.025,15.025,15.025,0.0
2017-04-23 11:55:00,FTAI,15.025,15.025,15.025,15.025,0.0
2017-04-23 12:00:00,FTAI,15.025,15.025,15.025,15.025,0.0
2017-04-23 12:05:00,FTAI,15.025,15.025,15.025,15.025,0.0
2017-04-23 12:10:00,FTAI,15.025,15.025,15.025,15.025,0.0
2017-04-23 12:15:00,FTAI,15.025,15.025,15.025,15.025,0.0
2017-04-23 12:20:00,FTAI,15.025,15.025,15.025,15.025,0.0
2017-04-23 12:25:00,FTAI,15.025,15.025,15.025,15.025,0.0
2017-04-23 12:30:00,FTAI,15.025,15.025,15.025,15.025,0.0
2017-04-23 12:35:00,FTAI,15.025,15.025,15.025,15.025,0.0
2017-04-23 12:40:00,FTAI,15.025,15.025,15.025,15.025,0.0
2017-04-23 12:45:00,FTAI,15.025,15.025,15.025,15.025,0.0
2017-04-23 12:50:00,FTAI,15.025,15.025,15.025,15.025,0.0
2017-04-23 12:55:00,FTAI,15.025,15.025,15.025,15.025,0.0
2017-04-23 13:00:00,FTAI,15.025,15.025,15.025,15.025,0.0
2017-04-23 13:05:00,FTAI,15.025,15.025,15.025,15.025,0.0
2017-04-23 13:10:00,FTAI,15.025,15.025,15.025,15.025,0.0
2017-04-23 13:15:00,FTAI,15.025,15.025,15.025,15.025,0.0
2017-04-23 13:20:00,FTAI,15.025,15.025,15.025,15.025,0.0
2017-04-23 13:25:00,FTAI,15.025,15.025,15.025,15.025,0.0
2017-04-23 13:30:00,FTAI,15.025,15.025,15.025,15.025,0.0
2017-04-23 13:35:00,FTAI,15.025,15.025,15.025,15.025,0.0
2017-04-23 13:40:00,FTAI,15.025,15.025,15.025,15.025,0.0
2017-04-23 13:45:00,FTAI,15.025,15.025,15.025,15.025,0.0
2017-04-23 13:50:00,FTAI,15.025,15.025,15.025,15.025,0.0
2017-04-23 13:55:00,FTAI,15.025,15.025,15.025,15.025,0.0
2017-04-23 14:00:00,FTAI,15.025,15.025,15.025,15.025,0.0
2017-04-23 14:05:00,FTAI,15.025,15.025,15.025,15.025,0.0
2017-04-23 14:10:00,FTAI,15.025,15.025,15.025,15.025,0.0
2017-04-23 14:15:00,FTAI,15.025,15.025,15.025,15.025,0.0
2017-04-23 14:20:00,FTAI,15.025,15.025,15.025,15.025,0.0
2017-04-23 14:25:00,FTAI,15.025,15.025,15.025,15.025,0.0
2017-04-23 14:30:00,FTAI,15.025,15.025,15.025,15.025,0.0
2017-04-23 14:35:00,FTAI,15.025,15.025,15.025,15.025,0.0
2017-04-23 14:40:00,FTAI,15.025,15.025,15.025,15.025,0.0
2017-04-23 14:45:00,FTAI,15.025,15.025,15.025,15.025,0.0
2017-04-23 14:50:00,FTAI,15.025,15.025,15.025,15.025,0.0
2017-04-23 14:55:00,FTAI,15.025,15.025,15.025,15.025,0.0
2017-04-23 15:00:00,FTAI,15.025,15.025,15.025,15.025,0.0
2017-04-23 15:05:00,FTAI,15.025,15.025,15.025,15.025,0.0
2017-04-23 15:10:00,FTAI,15.025,15.025,15.025,15.025,0.0
2017-04-23 15:15:00,FTAI,15.025,15.025,15.025,15.025,0.0
2017-04-23 15:20:00,FTAI,15.025,15.025,15.025,15.025,0.0
2017-04-23 15:25:00,FTAI,15.025,15.025,15.025,15.025,0.0
2017-04-23 15:30:00,FTAI,15.025,15.025,15.025,15.025,0.0
2017-04-23 15:35:00,FTAI,15.025,15.025,15.025,15.025,0.0
2017-04-23 15:40:00,FTAI,15.025,15.025,15.025,15.025,0.0
2017-04-23 15:45:00,FTAI,15.025,15.025,15.025,15.025,0.0
2017-04-23 15:50:00,FTAI,15.025,15.025,15.025,15.025,0.0
2017-04-23 15:55:00,FTAI,15.025,15.025,15.025,15.025,0.0
2017-04-23 16:00:00,FTAI,15.025,15.025,15.025,15.025,0.0
2017-04-23 16:05:00,FTAI,15.025,15.025,15.025,15.025,0.0
2017-04-23 16:10:00,FTAI,15.025,15.025,15.025,15.025,0.0
2017-04-23 16:15:00,FTAI,15.025,15.025,15.025,15.025,0.0
2017-04-23 16:20:00,FTAI,15.025,15.025,15.025,15.025,0.0
2017-04-23 16:25:00,FTAI,15.025,15.025,15.025,15.025,0.0
2017-04-23 16:30:00,FTAI,15.025,15.025,15.025,15.025,0.0
2017-04-23 16:35:00,FTAI,15.025,15.025,15.025,15.025,0.0
2017-04-23 16:40:00,FTAI,15.025,15.025,15.025,15.025,0.0
2017-04-23 16:45:00,FTAI,15.025,15.025,15.025,15.025,0.0
2017-04-23 16:50:00,FTAI,15.025,15.025,15.025,15.025,0.0
2017-04-23 16:55:00,FTAI,15.025,15.025,15.025,15.025,0.0
2017-04-23 17:00:00,FTAI,15.025,15.025,15.025,15.025,0.0
2017-04-23 17:05:00,FTAI,15.025,15.025,15.025,15.025,0.0
2017-04-23 17:10:00,FTAI,15.025,15.025,15.025,15.025,0.0
2017-04-23 17:15:00,FTAI,15.025,15.025,15.025,15.025,0.0
2017-04-23 17:20:00,FTAI,15.025,15.025,15.025,15.025,0.0
2017-04-23 17:25:00,FTAI,15.025,15.025,15.025,15.025,0.0
2017-04-23 17:30:00,FTAI,15.025,15.025,15.025,15.025,0.0
2017-04-23 17:35:00,FTAI,15.025,15.025,15.025,15.025,0.0
2017-04-23 17:40:00,FTAI,15.025,15.025,15.025,15.025,0.0
2017-04-23 17:45:00,FTAI,15.025,15.025,15.025,15.025,0.0
2017-04-23 17:50:00,FTAI,15.025,15.025,15.025,15.025,0.0
2017-04-23 17:55:00,FTAI,15.025,15.025,15.025,15.025,0.0
2017-04-23 18:00:00,FTAI,15.025,15.025,15.025,15.025,0.0
2017-04-23 18:05:00,FTAI,15.025,15.025,15.025,15.025,0.0
2017-04-23 18:10:00,FTAI,15.025,15.025,15.025,15.025,0.0
2017-04-23 18:15:00,FTAI,15.025,15.025,15.025,15.025,0.0
2017-04-23 18:20:00,FTAI,15.025,15.025,15.025,15.025,0.0
2017-04-23 18:25:00,FTAI,15.025,15.025,15.025,15.025,0.0
2017-04-23 18:30:00,FTAI,15.025,15.025,15.025,15.025,0.0
2017-04-23 18:35:00,FTAI,15.025,15.025,15.025,15.025,0.0
2017-04-23 18:40:00,FTAI,15.025,15.025,15.025,15.025,0.0
2017-04-23 18:45:00,FTAI,15.025,15.025,15.025,15.025,0.0
2017-04-23 18:50:00,FTAI,15.025,15.025,15.025,15.025,0.0
2017-04-23 18:55:00,FTAI,15.025,15.025,15.025,15.025,0.0
2017-04-23 19:00:00,FTAI,15.025,15.025,15.025,15.025,0.0
2017-04-23 19:05:00,FTAI,15.025,15.025,15.025,15.025,0.0
2017-04-23 19:10:00,FTAI,15.025,15.025,15.025,15.025,0.0
2017-04-23 19:15:00,FTAI,15.025,15.025,15.025,15.025,0.0
2017-04-23 19:20:00,FTAI,15.025,15.025,15.025,15.025,0.0
2017-04-23 19:25:00,FTAI,15.025,15.025,15.025,15.025,0.0
2017-04-23 19:30:00,FTAI,15.025,15.025,15.025,15.025,0.0
2017-04-23 19:35:00,FTAI,15.025,15.025,15.025,15.025,0.0
2017-04-23 19:40:00,FTAI,15.025,15.025,15.025,15.025,0.0
2017-04-23 19:45:00,FTAI,15.025,15.025,15.025,15.025,0.0
2017-04-23 19:50:00,FTAI,15.025,15.025,15.025,15.025,0.0
2017-04-23 19:55:00,FTAI,15.025,15.025,15.025,15.025,0.0
2017-04-23 20:00:00,FTAI,15.025,15.025,15.025,15.025,0.0
2017-04-23 20:05:00,FTAI,15.025,15.025,15.025,15.025,0.0
2017-04-23 20:10:00,FTAI,15.025,15.025,15.025,15.025,0.0
2017-04-23 20:15:00,FTAI,15.025,15.025,15.025,15.025,0.0
2017-04-23 20:20:00,FTAI,15.025,15.025,15.025,15.025,0.0
2017-04-23 20:25:00,FTAI,15.025,15.025,15.025,15.025,0.0
2017-04-23 20:30:00,FTAI,15.025,15.025,15.025,15.025,0.0
2017-04-23 20:35:00,FTAI,15.025,15.025,15.025,15.025,0.0
2017-04-23 20:40:00,FTAI,15.025,15.025,15.025,15.025,0.0
2017-04-23 20:45:00,FTAI,15.025,15.025,15.025,15.025,0.0
2017-04-23 20:50:00,FTAI,15.025,15.025,15.025,15.025,0.0
2017-04-23 20:55:00,FTAI,15.025,15.025,15.025,15.025,0.0
