2017-04-21 16:05:00,GBNK,25.65,25.65,25.6,25.6,9291.0
2017-04-21 16:00:00,GBNK,25.65,25.7,25.575,25.625,16927.0
2017-04-21 15:55:00,GBNK,25.55,25.65,25.55,25.65,3500.0
2017-04-21 16:05:00,GBNK,25.65,25.65,25.6,25.6,9291.0
2017-04-21 15:50:00,GBNK,25.5,25.55,25.5,25.525,1600.0
2017-04-21 15:45:00,GBNK,25.575,25.6,25.5,25.5,8265.0
2017-04-21 15:40:00,GBNK,25.6,25.625,25.55,25.55,3121.0
2017-04-21 15:35:00,GBNK,25.625,25.65,25.6,25.625,1700.0
2017-04-21 15:30:00,GBNK,25.575,25.65,25.525,25.65,6757.0
2017-04-21 15:25:00,GBNK,25.575,25.575,25.575,25.575,100.0
2017-04-21 15:20:00,GBNK,25.55,25.55,25.55,25.55,1500.0
2017-04-21 15:15:00,GBNK,25.55,25.575,25.5,25.55,12123.0
2017-04-21 15:10:00,GBNK,25.6,25.6,25.575,25.6,5100.0
2017-04-21 15:05:00,GBNK,25.7,25.7,25.6,25.6,6580.0
2017-04-21 15:00:00,GBNK,25.55,25.75,25.55,25.75,5101.0
2017-04-21 14:55:00,GBNK,25.575,25.575,25.55,25.55,1699.0
2017-04-21 14:50:00,GBNK,25.6,25.6,25.55,25.6,2201.0
2017-04-21 14:45:00,GBNK,25.6,25.6,25.5,25.575,5265.0
2017-04-21 14:40:00,GBNK,25.65,25.65,25.6,25.6,2732.0
2017-04-21 14:35:00,GBNK,25.7,25.7,25.65,25.65,3453.0
2017-04-21 14:25:00,GBNK,25.65,25.7,25.65,25.7,4565.0
2017-04-21 14:20:00,GBNK,25.7,25.7,25.7,25.7,2400.0
2017-04-21 14:15:00,GBNK,25.75,25.75,25.725,25.75,7675.0
2017-04-21 14:10:00,GBNK,25.75,25.85,25.75,25.8,500.0
2017-04-21 14:05:00,GBNK,25.8,25.8,25.8,25.8,100.0
2017-04-21 14:00:00,GBNK,25.8,25.8,25.75,25.8,2100.0
2017-04-21 13:55:00,GBNK,25.85,25.85,25.8,25.8,2500.0
2017-04-21 13:50:00,GBNK,25.975,25.975,25.8,25.85,6199.0
2017-04-21 13:45:00,GBNK,25.95,25.975,25.95,25.975,400.0
2017-04-21 13:35:00,GBNK,25.975,25.975,25.975,25.975,100.0
2017-04-21 13:30:00,GBNK,25.975,25.975,25.975,25.975,600.0
2017-04-21 13:25:00,GBNK,26.0,26.05,25.975,25.975,5100.0
2017-04-21 13:20:00,GBNK,26.0,26.0,25.95,25.95,300.0
2017-04-21 13:15:00,GBNK,26.0,26.0,25.975,25.975,300.0
2017-04-21 13:10:00,GBNK,25.975,25.975,25.975,25.975,100.0
2017-04-21 13:05:00,GBNK,25.95,25.975,25.925,25.975,1700.0
2017-04-21 13:00:00,GBNK,25.85,25.9,25.825,25.875,3400.0
2017-04-21 12:50:00,GBNK,25.85,25.875,25.8,25.8,3700.0
2017-04-21 12:45:00,GBNK,25.875,25.875,25.85,25.85,200.0
2017-04-21 12:40:00,GBNK,25.875,25.875,25.85,25.85,200.0
2017-04-21 12:35:00,GBNK,25.9,25.9,25.85,25.85,400.0
2017-04-21 12:30:00,GBNK,25.85,25.9,25.85,25.9,200.0
2017-04-21 12:25:00,GBNK,25.85,25.9,25.85,25.9,200.0
2017-04-21 12:20:00,GBNK,25.85,25.9,25.85,25.9,200.0
2017-04-21 12:15:00,GBNK,25.95,25.95,25.95,25.95,100.0
2017-04-21 12:05:00,GBNK,26.05,26.05,25.9,25.95,3111.0
2017-04-21 12:00:00,GBNK,26.05,26.05,26.025,26.05,1887.0
2017-04-21 11:55:00,GBNK,26.0,26.0,26.0,26.0,100.0
2017-04-21 11:50:00,GBNK,26.05,26.05,26.05,26.05,300.0
2017-04-21 11:45:00,GBNK,26.1,26.1,26.05,26.05,3740.0
2017-04-21 11:40:00,GBNK,26.0,26.1,26.0,26.05,1700.0
2017-04-21 11:35:00,GBNK,25.95,25.975,25.95,25.975,600.0
2017-04-21 11:30:00,GBNK,26.0,26.0,25.95,25.95,1936.0
2017-04-21 11:25:00,GBNK,26.15,26.175,25.95,26.05,66296.0
2017-04-21 11:20:00,GBNK,26.2,26.2,26.15,26.175,2200.0
2017-04-21 11:15:00,GBNK,26.2,26.2,26.2,26.2,200.0
2017-04-21 11:10:00,GBNK,26.275,26.275,26.175,26.2,3500.0
2017-04-21 11:05:00,GBNK,26.3,26.3,26.3,26.3,200.0
2017-04-21 11:00:00,GBNK,26.3,26.3,26.25,26.3,4104.0
2017-04-21 10:55:00,GBNK,26.325,26.325,26.3,26.325,500.0
2017-04-21 10:50:00,GBNK,26.35,26.35,26.35,26.35,100.0
2017-04-21 10:45:00,GBNK,26.35,26.35,26.3,26.35,500.0
2017-04-21 10:40:00,GBNK,26.35,26.35,26.349,26.349,850.0
2017-04-21 10:35:00,GBNK,26.35,26.4,26.35,26.4,400.0
2017-04-21 10:30:00,GBNK,26.525,26.525,26.35,26.35,3800.0
2017-04-21 10:25:00,GBNK,26.5662,26.5662,26.5,26.5,1100.0
2017-04-21 10:20:00,GBNK,26.6,26.6,26.5,26.5,2300.0
2017-04-21 10:15:00,GBNK,26.55,26.6,26.55,26.6,800.0
2017-04-21 10:10:00,GBNK,26.5,26.6,26.5,26.5,1000.0
2017-04-21 10:05:00,GBNK,26.55,26.65,26.5,26.5,2269.0
2017-04-21 10:00:00,GBNK,26.4,26.55,26.4,26.55,4375.0
2017-04-21 09:55:00,GBNK,26.3,26.4,26.3,26.4,600.0
2017-04-21 09:50:00,GBNK,26.3,26.425,26.3,26.35,3837.0
2017-04-21 09:45:00,GBNK,26.05,26.3026,26.0001,26.3026,3339.0
2017-04-21 09:40:00,GBNK,26.05,26.15,25.95,26.0,2936.0
2017-04-21 09:35:00,GBNK,25.95,25.95,25.95,25.95,6721.0
2017-04-21 09:30:00,GBNK,25.95,25.95,25.95,25.95,100.0
2017-04-20 16:05:00,GBNK,26.05,26.05,26.05,26.05,13598.0
2017-04-20 16:00:00,GBNK,25.925,26.1,25.925,26.1,9552.0
2017-04-20 15:55:00,GBNK,25.85,26.025,25.75,25.925,24588.0
2017-04-20 15:50:00,GBNK,25.8,25.8,25.775,25.8,6112.0
2017-04-20 15:45:00,GBNK,25.825,25.875,25.725,25.8,11833.0
2017-04-20 15:40:00,GBNK,25.75,25.8,25.75,25.8,4100.0
2017-04-20 15:35:00,GBNK,25.75,25.775,25.7,25.75,6984.0
2017-04-20 15:30:00,GBNK,25.7,25.75,25.7,25.75,4800.0
2017-04-20 15:25:00,GBNK,25.725,25.75,25.65,25.7,14034.0
2017-04-20 15:20:00,GBNK,25.75,25.75,25.7,25.725,8477.0
2017-04-20 15:15:00,GBNK,25.75,25.8,25.75,25.75,7958.0
2017-04-20 15:10:00,GBNK,25.775,25.825,25.75,25.75,10950.0
2017-04-20 15:05:00,GBNK,25.775,25.8,25.775,25.775,2400.0
2017-04-20 15:00:00,GBNK,25.75,25.8,25.75,25.75,4300.0
2017-04-20 14:55:00,GBNK,25.75,25.75,25.725,25.725,3678.0
2017-04-20 14:50:00,GBNK,25.7,25.75,25.7,25.75,6092.0
2017-04-20 14:45:00,GBNK,25.725,25.725,25.7,25.7,3717.0
2017-04-20 14:40:00,GBNK,25.75,25.75,25.7,25.7,5600.0
2017-04-20 14:35:00,GBNK,25.75,25.75,25.75,25.75,2722.0
2017-04-20 14:30:00,GBNK,25.75,25.75,25.705,25.75,1700.0
2017-04-20 14:25:00,GBNK,25.75,25.75,25.75,25.75,5400.0
2017-04-20 14:15:00,GBNK,25.75,25.75,25.75,25.75,400.0
2017-04-20 14:10:00,GBNK,25.75,25.75,25.75,25.75,2200.0
2017-04-20 14:05:00,GBNK,25.7,25.75,25.65,25.75,28342.0
2017-04-20 14:00:00,GBNK,25.65,25.7,25.65,25.7,1500.0
2017-04-20 13:55:00,GBNK,25.65,25.7,25.6,25.6,800.0
2017-04-20 13:50:00,GBNK,25.65,25.675,25.6,25.6,1800.0
2017-04-20 13:45:00,GBNK,25.6,25.6,25.6,25.6,1226.0
2017-04-20 13:40:00,GBNK,25.7,25.7,25.6,25.6,3900.0
2017-04-20 13:35:00,GBNK,25.675,25.7,25.65,25.675,3300.0
2017-04-20 13:30:00,GBNK,25.7,25.7,25.675,25.675,1700.0
2017-04-20 13:25:00,GBNK,25.7,25.7,25.675,25.675,900.0
2017-04-20 13:20:00,GBNK,25.775,25.8,25.7,25.725,10093.0
2017-04-20 13:15:00,GBNK,25.75,25.775,25.75,25.775,7474.0
2017-04-20 13:10:00,GBNK,25.8,25.85,25.75,25.75,1900.0
2017-04-20 13:05:00,GBNK,25.825,25.85,25.8,25.8,11700.0
2017-04-20 13:00:00,GBNK,25.9,25.9,25.8,25.8,9800.0
2017-04-20 12:55:00,GBNK,25.85,25.85,25.85,25.85,3200.0
2017-04-20 12:50:00,GBNK,25.85,25.85,25.85,25.85,100.0
2017-04-20 12:45:00,GBNK,25.85,25.85,25.85,25.85,500.0
2017-04-20 12:40:00,GBNK,25.8458,25.8645,25.8458,25.8645,780.0
2017-04-20 12:35:00,GBNK,25.9,25.9,25.85,25.85,10800.0
2017-04-20 12:30:00,GBNK,25.9,25.95,25.875,25.875,600.0
2017-04-20 12:25:00,GBNK,25.9,25.9,25.9,25.9,100.0
2017-04-20 12:20:00,GBNK,25.95,25.95,25.875,25.9,3600.0
2017-04-20 12:15:00,GBNK,25.9,25.9,25.8998,25.9,1000.0
2017-04-20 12:10:00,GBNK,25.9,25.9,25.85,25.9,4515.0
2017-04-20 12:05:00,GBNK,25.955,25.955,25.9,25.9,7040.0
2017-04-20 12:00:00,GBNK,25.975,26.0,25.95,25.975,1700.0
2017-04-20 11:55:00,GBNK,26.0,26.0,25.9654,25.975,3500.0
2017-04-20 11:50:00,GBNK,25.975,26.0,25.975,25.975,14110.0
2017-04-20 11:45:00,GBNK,26.0,26.0,25.975,25.975,10189.0
2017-04-20 11:40:00,GBNK,26.1,26.15,26.0,26.0,19700.0
2017-04-20 11:35:00,GBNK,26.15,26.15,26.125,26.125,1400.0
2017-04-20 11:30:00,GBNK,26.2,26.2,26.1,26.1,3400.0
2017-04-20 11:25:00,GBNK,26.0749,26.2,26.0749,26.2,4100.0
2017-04-20 11:20:00,GBNK,26.171,26.175,26.05,26.075,6387.0
2017-04-20 11:15:00,GBNK,26.125,26.2,26.1,26.2,4300.0
2017-04-20 11:10:00,GBNK,26.0,26.15,26.0,26.12,8400.0
2017-04-20 11:05:00,GBNK,26.0614,26.1,26.0,26.0,6700.0
2017-04-20 11:00:00,GBNK,26.0,26.075,25.975,26.0639,2800.0
2017-04-20 10:55:00,GBNK,25.9,26.0,25.9,26.0,7600.0
2017-04-20 10:50:00,GBNK,25.9,25.95,25.9,25.9,5928.0
2017-04-20 10:45:00,GBNK,25.9,25.9,25.85,25.9,6200.0
2017-04-20 10:40:00,GBNK,25.9,25.925,25.9,25.9,4475.0
2017-04-20 10:35:00,GBNK,25.9,25.95,25.85,25.9,12650.0
2017-04-20 10:30:00,GBNK,25.825,25.85,25.8,25.85,10175.0
2017-04-20 10:25:00,GBNK,25.842,25.8628,25.8,25.8628,2193.0
2017-04-20 10:20:00,GBNK,25.975,25.975,25.825,25.85,2800.0
2017-04-20 10:15:00,GBNK,26.0,26.05,25.95,25.975,4415.0
2017-04-20 10:10:00,GBNK,25.95,26.05,25.95,26.0,3900.0
2017-04-20 10:05:00,GBNK,26.05,26.1,25.95,26.0,3406.0
2017-04-20 10:00:00,GBNK,26.15,26.15,26.0,26.0,3400.0
2017-04-20 09:55:00,GBNK,26.2,26.3,26.025,26.05,8932.0
2017-04-20 09:50:00,GBNK,26.55,26.6,25.95,26.25,11403.0
2017-04-20 09:45:00,GBNK,26.5,26.75,26.45,26.5,9399.0
2017-04-20 09:40:00,GBNK,26.9,26.9,26.2,26.5,3913.0
2017-04-20 09:35:00,GBNK,25.45,27.3,25.35,27.0,10035.0
2017-04-19 16:05:00,GBNK,24.75,24.75,24.75,24.75,3403.0
2017-04-19 16:00:00,GBNK,24.85,24.85,24.7,24.75,15912.0
2017-04-19 15:55:00,GBNK,24.8,24.85,24.8,24.825,3200.0
2017-04-19 15:50:00,GBNK,24.75,24.85,24.75,24.85,2722.0
2017-04-19 15:45:00,GBNK,24.725,24.75,24.725,24.75,1300.0
2017-04-19 15:40:00,GBNK,24.725,24.75,24.725,24.725,1000.0
2017-04-19 15:35:00,GBNK,24.725,24.725,24.725,24.725,1000.0
2017-04-19 15:30:00,GBNK,24.75,24.75,24.7,24.725,2300.0
2017-04-19 15:25:00,GBNK,24.725,24.75,24.725,24.75,300.0
2017-04-19 15:20:00,GBNK,24.725,24.725,24.725,24.725,400.0
2017-04-19 15:15:00,GBNK,24.8,24.8,24.725,24.725,1000.0
2017-04-19 15:10:00,GBNK,24.75,24.8,24.75,24.75,1000.0
2017-04-19 15:05:00,GBNK,24.8,24.8,24.75,24.75,200.0
2017-04-19 15:00:00,GBNK,24.75,24.75,24.75,24.75,300.0
2017-04-19 14:55:00,GBNK,24.8,24.8,24.7,24.75,2200.0
2017-04-19 14:50:00,GBNK,24.85,24.85,24.85,24.85,100.0
2017-04-19 14:45:00,GBNK,24.75,24.85,24.75,24.85,800.0
2017-04-19 14:40:00,GBNK,24.725,24.75,24.725,24.725,800.0
2017-04-19 14:35:00,GBNK,24.725,24.725,24.725,24.725,300.0
2017-04-19 14:30:00,GBNK,24.77,24.77,24.7,24.725,4204.0
2017-04-19 14:20:00,GBNK,24.8,24.8,24.75,24.75,500.0
2017-04-19 14:15:00,GBNK,24.8,24.85,24.8,24.8,400.0
2017-04-19 14:10:00,GBNK,24.75,24.8,24.7,24.8,2079.0
2017-04-19 14:05:00,GBNK,24.7,24.7,24.675,24.7,1400.0
2017-04-19 14:00:00,GBNK,24.7,24.75,24.65,24.7,2500.0
2017-04-19 13:55:00,GBNK,24.7,24.725,24.7,24.7,1402.0
2017-04-19 13:50:00,GBNK,24.7,24.7,24.7,24.7,400.0
2017-04-19 13:45:00,GBNK,24.7,24.7,24.7,24.7,100.0
2017-04-19 13:35:00,GBNK,24.7,24.7,24.7,24.7,100.0
2017-04-19 13:30:00,GBNK,24.675,24.7,24.675,24.7,200.0
2017-04-19 13:25:00,GBNK,24.675,24.7,24.675,24.675,300.0
2017-04-19 13:15:00,GBNK,24.675,24.675,24.675,24.675,100.0
2017-04-19 13:10:00,GBNK,24.725,24.725,24.675,24.7,2100.0
2017-04-19 13:05:00,GBNK,24.725,24.75,24.725,24.725,500.0
2017-04-19 13:00:00,GBNK,24.725,24.725,24.725,24.725,100.0
2017-04-19 12:55:00,GBNK,24.725,24.75,24.725,24.75,400.0
2017-04-19 12:50:00,GBNK,24.75,24.75,24.7,24.75,2300.0
2017-04-19 12:45:00,GBNK,24.8,24.8,24.75,24.75,300.0
2017-04-19 12:40:00,GBNK,24.75,24.8,24.75,24.775,500.0
2017-04-19 12:35:00,GBNK,24.8,24.8,24.8,24.8,100.0
2017-04-19 12:20:00,GBNK,24.75,24.75,24.75,24.75,500.0
2017-04-19 12:15:00,GBNK,24.75,24.8,24.7,24.8,1500.0
2017-04-19 12:10:00,GBNK,24.75,24.8,24.75,24.775,900.0
2017-04-19 12:05:00,GBNK,24.775,24.775,24.775,24.775,100.0
2017-04-19 12:00:00,GBNK,24.775,24.8,24.775,24.8,700.0
2017-04-19 11:50:00,GBNK,24.8,24.8,24.8,24.8,100.0
2017-04-19 11:45:00,GBNK,24.775,24.8,24.75,24.8,1600.0
2017-04-19 11:40:00,GBNK,24.75,24.85,24.725,24.75,4437.0
2017-04-19 11:35:00,GBNK,24.75,24.75,24.75,24.75,100.0
2017-04-19 11:30:00,GBNK,24.725,24.8,24.725,24.75,3395.0
2017-04-19 11:25:00,GBNK,24.725,24.75,24.705,24.705,600.0
2017-04-19 11:20:00,GBNK,24.725,24.75,24.725,24.725,1895.0
2017-04-19 11:15:00,GBNK,24.725,24.75,24.725,24.725,500.0
2017-04-19 11:10:00,GBNK,24.725,24.75,24.7,24.75,1600.0
2017-04-19 11:05:00,GBNK,24.75,24.75,24.725,24.725,800.0
2017-04-19 11:00:00,GBNK,24.725,24.75,24.725,24.725,900.0
2017-04-19 10:55:00,GBNK,24.725,24.725,24.725,24.725,500.0
2017-04-19 10:50:00,GBNK,24.725,24.725,24.725,24.725,400.0
2017-04-19 10:45:00,GBNK,24.725,24.75,24.7,24.725,1815.0
2017-04-19 10:40:00,GBNK,24.75,24.75,24.75,24.75,400.0
2017-04-19 10:35:00,GBNK,24.75,24.8,24.75,24.75,2348.0
2017-04-19 10:30:00,GBNK,24.75,24.75,24.75,24.75,3900.0
2017-04-19 10:25:00,GBNK,24.75,24.75,24.75,24.75,400.0
2017-04-19 10:20:00,GBNK,24.725,24.75,24.725,24.75,700.0
2017-04-19 10:15:00,GBNK,24.725,24.725,24.725,24.725,500.0
2017-04-19 10:10:00,GBNK,24.725,24.8,24.725,24.8,3900.0
2017-04-19 10:05:00,GBNK,24.7,24.75,24.7,24.7,1300.0
2017-04-19 10:00:00,GBNK,24.65,24.7,24.65,24.65,700.0
2017-04-19 09:55:00,GBNK,24.7,24.7,24.65,24.65,1671.0
2017-04-19 09:50:00,GBNK,24.7,24.775,24.7,24.7,500.0
2017-04-19 09:45:00,GBNK,24.85,24.8529,24.7,24.775,700.0
2017-04-19 09:40:00,GBNK,24.75,24.825,24.75,24.775,500.0
2017-04-19 09:35:00,GBNK,24.7,24.9,24.7,24.85,1098.0
2017-04-18 16:05:00,GBNK,24.7,24.7,24.7,24.7,7371.0
2017-04-18 16:00:00,GBNK,24.7,24.7,24.65,24.7,6285.0
2017-04-18 15:55:00,GBNK,24.7,24.725,24.65,24.7,3688.0
2017-04-18 15:50:00,GBNK,24.7,24.7,24.7,24.7,400.0
2017-04-18 15:45:00,GBNK,24.7,24.7,24.675,24.675,500.0
2017-04-18 15:40:00,GBNK,24.7,24.75,24.65,24.7,3636.0
2017-04-18 15:35:00,GBNK,24.65,24.675,24.65,24.65,1000.0
2017-04-18 15:30:00,GBNK,24.65,24.7,24.65,24.7,931.0
2017-04-18 15:25:00,GBNK,24.625,24.65,24.625,24.65,500.0
2017-04-18 15:15:00,GBNK,24.6,24.6,24.6,24.6,400.0
2017-04-18 15:05:00,GBNK,24.55,24.6,24.55,24.6,500.0
2017-04-18 15:00:00,GBNK,24.525,24.525,24.525,24.525,100.0
2017-04-18 14:55:00,GBNK,24.55,24.55,24.5,24.5,2000.0
2017-04-18 14:50:00,GBNK,24.5,24.5,24.5,24.5,500.0
2017-04-18 14:40:00,GBNK,24.55,24.55,24.55,24.55,100.0
2017-04-18 14:30:00,GBNK,24.6,24.6,24.5,24.5,1000.0
2017-04-18 14:15:00,GBNK,24.65,24.675,24.5,24.6,5719.0
2017-04-18 14:05:00,GBNK,24.7,24.7,24.675,24.7,2141.0
2017-04-18 13:55:00,GBNK,24.7,24.7,24.7,24.7,100.0
2017-04-18 13:50:00,GBNK,24.65,24.65,24.65,24.65,100.0
2017-04-18 13:45:00,GBNK,24.6,24.6,24.6,24.6,200.0
2017-04-18 13:35:00,GBNK,24.5,24.6,24.5,24.6,700.0
2017-04-18 13:30:00,GBNK,24.5,24.55,24.5,24.55,600.0
2017-04-18 13:25:00,GBNK,24.55,24.55,24.55,24.55,100.0
2017-04-18 13:20:00,GBNK,24.53,24.53,24.53,24.53,500.0
2017-04-18 13:15:00,GBNK,24.5,24.5,24.5,24.5,200.0
2017-04-18 13:05:00,GBNK,24.5,24.5,24.5,24.5,228.0
2017-04-18 13:00:00,GBNK,24.475,24.475,24.475,24.475,100.0
2017-04-18 12:55:00,GBNK,24.45,24.5,24.45,24.5,877.0
2017-04-18 12:45:00,GBNK,24.45,24.45,24.45,24.45,100.0
2017-04-18 12:40:00,GBNK,24.425,24.425,24.41,24.425,442.0
2017-04-18 12:35:00,GBNK,24.425,24.425,24.4,24.4,200.0
2017-04-18 12:30:00,GBNK,24.425,24.45,24.425,24.45,400.0
2017-04-18 12:25:00,GBNK,24.45,24.45,24.425,24.425,300.0
2017-04-18 12:15:00,GBNK,24.4,24.4,24.4,24.4,300.0
2017-04-18 12:10:00,GBNK,24.45,24.45,24.45,24.45,100.0
2017-04-18 12:00:00,GBNK,24.425,24.45,24.4,24.425,1100.0
2017-04-18 11:55:00,GBNK,24.45,24.45,24.425,24.425,200.0
2017-04-18 11:50:00,GBNK,24.45,24.45,24.4,24.4,500.0
2017-04-18 11:45:00,GBNK,24.4,24.4,24.4,24.4,300.0
2017-04-18 11:35:00,GBNK,24.4,24.4,24.4,24.4,100.0
2017-04-18 11:30:00,GBNK,24.4,24.4,24.35,24.35,500.0
2017-04-18 11:05:00,GBNK,24.45,24.45,24.4,24.4,800.0
2017-04-18 11:00:00,GBNK,24.45,24.5,24.4,24.475,800.0
2017-04-18 10:55:00,GBNK,24.45,24.5,24.45,24.5,200.0
2017-04-18 10:50:00,GBNK,24.5,24.5,24.5,24.5,500.0
2017-04-18 10:45:00,GBNK,24.4,24.5,24.4,24.5,200.0
2017-04-18 10:40:00,GBNK,24.4,24.4,24.4,24.4,100.0
2017-04-18 10:35:00,GBNK,24.45,24.5,24.35,24.5,7705.0
2017-04-18 10:30:00,GBNK,24.45,24.55,24.45,24.5,1917.0
2017-04-18 10:25:00,GBNK,24.45,24.5,24.45,24.5,400.0
2017-04-18 10:05:00,GBNK,24.5,24.5,24.5,24.5,300.0
2017-04-18 10:00:00,GBNK,24.55,24.6,24.5,24.6,700.0
2017-04-18 09:55:00,GBNK,24.55,24.55,24.55,24.55,900.0
2017-04-18 09:45:00,GBNK,24.7,24.7,24.7,24.7,200.0
2017-04-18 09:40:00,GBNK,24.55,24.7,24.55,24.7,2200.0
2017-04-18 09:35:00,GBNK,24.7,24.7,24.45,24.45,1100.0
2017-04-17 16:05:00,GBNK,24.75,24.75,24.75,24.75,4121.0
2017-04-17 16:00:00,GBNK,24.8,24.8,24.7,24.7,3184.0
2017-04-17 15:55:00,GBNK,24.725,24.8,24.725,24.8,5144.0
2017-04-17 15:50:00,GBNK,24.65,24.75,24.65,24.75,800.0
2017-04-17 15:45:00,GBNK,24.7,24.7,24.7,24.7,300.0
2017-04-17 15:40:00,GBNK,24.7,24.75,24.65,24.65,1200.0
2017-04-17 15:35:00,GBNK,24.7,24.75,24.7,24.75,2336.0
2017-04-17 15:30:00,GBNK,24.65,24.7,24.6,24.675,48600.0
2017-04-17 15:25:00,GBNK,24.65,24.65,24.65,24.65,1100.0
2017-04-17 15:20:00,GBNK,24.6,24.65,24.6,24.65,1213.0
2017-04-17 15:15:00,GBNK,24.55,24.6,24.5,24.6,900.0
2017-04-17 15:10:00,GBNK,24.55,24.55,24.45,24.5,8009.0
2017-04-17 15:05:00,GBNK,24.5,24.5,24.475,24.5,400.0
2017-04-17 14:55:00,GBNK,24.5,24.55,24.5,24.55,200.0
2017-04-17 14:40:00,GBNK,24.525,24.525,24.5,24.5,2800.0
2017-04-17 14:35:00,GBNK,24.5,24.525,24.5,24.525,400.0
2017-04-17 14:30:00,GBNK,24.5,24.5,24.5,24.5,500.0
2017-04-17 14:25:00,GBNK,24.5,24.5,24.5,24.5,300.0
2017-04-17 14:20:00,GBNK,24.55,24.55,24.5,24.5,704.0
2017-04-17 14:15:00,GBNK,24.55,24.55,24.5,24.5,2200.0
2017-04-17 14:10:00,GBNK,24.55,24.55,24.55,24.55,200.0
2017-04-17 14:05:00,GBNK,24.55,24.55,24.55,24.55,200.0
2017-04-17 14:00:00,GBNK,24.525,24.525,24.525,24.525,300.0
2017-04-17 13:45:00,GBNK,24.6,24.6,24.5,24.55,600.0
2017-04-17 13:25:00,GBNK,24.5,24.6,24.5,24.6,200.0
2017-04-17 13:15:00,GBNK,24.575,24.575,24.55,24.55,600.0
2017-04-17 13:10:00,GBNK,24.55,24.55,24.55,24.55,100.0
2017-04-17 13:05:00,GBNK,24.65,24.65,24.55,24.55,700.0
2017-04-17 12:50:00,GBNK,24.6,24.65,24.55,24.6,1000.0
2017-04-17 12:45:00,GBNK,24.6,24.65,24.6,24.6,300.0
2017-04-17 12:30:00,GBNK,24.65,24.65,24.55,24.55,200.0
2017-04-17 12:25:00,GBNK,24.65,24.65,24.65,24.65,100.0
2017-04-17 12:15:00,GBNK,24.6,24.65,24.6,24.6,800.0
2017-04-17 12:10:00,GBNK,24.6,24.6,24.6,24.6,300.0
2017-04-17 12:05:00,GBNK,24.6,24.6,24.6,24.6,200.0
2017-04-17 12:00:00,GBNK,24.6,24.6,24.6,24.6,100.0
2017-04-17 11:55:00,GBNK,24.55,24.55,24.55,24.55,100.0
2017-04-17 11:50:00,GBNK,24.45,24.55,24.45,24.55,1700.0
2017-04-17 11:45:00,GBNK,24.5,24.5,24.5,24.5,100.0
2017-04-17 11:35:00,GBNK,24.45,24.45,24.45,24.45,100.0
2017-04-17 11:30:00,GBNK,24.4,24.45,24.395,24.45,2201.0
2017-04-17 11:25:00,GBNK,24.4,24.45,24.4,24.4,9000.0
2017-04-17 11:20:00,GBNK,24.45,24.45,24.4,24.4,600.0
2017-04-17 11:15:00,GBNK,24.5,24.5,24.45,24.45,400.0
2017-04-17 11:10:00,GBNK,24.5,24.5,24.45,24.45,1319.0
2017-04-17 11:05:00,GBNK,24.425,24.45,24.425,24.45,400.0
2017-04-17 11:00:00,GBNK,24.4,24.45,24.35,24.45,500.0
2017-04-17 10:55:00,GBNK,24.4,24.45,24.4,24.45,610.0
2017-04-17 10:50:00,GBNK,24.45,24.45,24.45,24.45,500.0
2017-04-17 10:45:00,GBNK,24.4,24.4,24.4,24.4,200.0
2017-04-17 10:40:00,GBNK,24.45,24.45,24.4,24.4,14597.0
2017-04-17 10:35:00,GBNK,24.5,24.5,24.45,24.45,500.0
2017-04-17 10:30:00,GBNK,24.425,24.45,24.425,24.45,300.0
2017-04-17 10:25:00,GBNK,24.45,24.475,24.45,24.45,751.0
2017-04-17 10:20:00,GBNK,24.45,24.45,24.45,24.45,2600.0
2017-04-17 10:10:00,GBNK,24.5,24.5,24.45,24.45,900.0
2017-04-17 10:05:00,GBNK,24.45,24.5,24.45,24.5,200.0
2017-04-17 09:50:00,GBNK,24.4656,24.4656,24.4656,24.4656,500.0
2017-04-17 09:40:00,GBNK,24.5,24.5,24.45,24.5,1400.0
2017-04-17 09:35:00,GBNK,24.55,24.55,24.55,24.55,230.0
2017-04-13 16:05:00,GBNK,24.4,24.4,24.4,24.4,13893.0
2017-04-13 16:00:00,GBNK,24.4,24.45,24.4,24.45,5216.0
2017-04-13 15:55:00,GBNK,24.4,24.4,24.35,24.4,11239.0
2017-04-13 15:50:00,GBNK,24.475,24.475,24.425,24.425,3900.0
2017-04-13 15:45:00,GBNK,24.45,24.475,24.45,24.475,2400.0
2017-04-13 15:40:00,GBNK,24.45,24.5,24.425,24.45,1600.0
2017-04-13 15:35:00,GBNK,24.45,24.5,24.425,24.5,1900.0
2017-04-13 15:30:00,GBNK,24.45,24.475,24.4,24.425,2717.0
2017-04-13 15:25:00,GBNK,24.45,24.45,24.425,24.425,1377.0
2017-04-13 15:20:00,GBNK,24.45,24.45,24.425,24.45,1100.0
2017-04-13 15:15:00,GBNK,24.425,24.45,24.425,24.425,1500.0
2017-04-13 15:10:00,GBNK,24.425,24.425,24.425,24.425,100.0
2017-04-13 15:05:00,GBNK,24.45,24.45,24.425,24.45,1622.0
2017-04-13 15:00:00,GBNK,24.45,24.45,24.425,24.45,1000.0
2017-04-13 14:55:00,GBNK,24.45,24.5,24.45,24.45,1600.0
2017-04-13 14:50:00,GBNK,24.475,24.5,24.425,24.45,5600.0
2017-04-13 14:45:00,GBNK,24.475,24.475,24.475,24.475,500.0
2017-04-13 14:40:00,GBNK,24.45,24.5,24.45,24.475,1300.0
2017-04-13 14:35:00,GBNK,24.4,24.45,24.4,24.45,1500.0
2017-04-13 14:30:00,GBNK,24.4,24.45,24.35,24.35,400.0
2017-04-13 14:25:00,GBNK,24.325,24.45,24.325,24.35,6865.0
2017-04-13 14:20:00,GBNK,24.325,24.35,24.325,24.325,400.0
2017-04-13 14:15:00,GBNK,24.325,24.35,24.325,24.35,1350.0
2017-04-13 14:10:00,GBNK,24.325,24.35,24.325,24.325,1300.0
2017-04-13 14:05:00,GBNK,24.35,24.35,24.325,24.35,1800.0
2017-04-13 14:00:00,GBNK,24.35,24.4,24.35,24.375,1300.0
2017-04-13 13:55:00,GBNK,24.325,24.35,24.325,24.325,800.0
2017-04-13 13:50:00,GBNK,24.35,24.375,24.3,24.3,9000.0
2017-04-13 13:45:00,GBNK,24.4,24.4,24.35,24.35,3800.0
2017-04-13 13:40:00,GBNK,24.375,24.4,24.3,24.375,3700.0
2017-04-13 13:35:00,GBNK,24.325,24.4,24.325,24.375,1666.0
2017-04-13 13:30:00,GBNK,24.325,24.35,24.325,24.325,800.0
2017-04-13 13:25:00,GBNK,24.325,24.325,24.325,24.325,500.0
2017-04-13 13:20:00,GBNK,24.35,24.35,24.325,24.35,1600.0
2017-04-13 13:15:00,GBNK,24.35,24.35,24.35,24.35,466.0
2017-04-13 13:10:00,GBNK,24.35,24.35,24.35,24.35,100.0
2017-04-13 13:05:00,GBNK,24.35,24.375,24.35,24.35,1287.0
2017-04-13 12:55:00,GBNK,24.375,24.4,24.375,24.4,400.0
2017-04-13 12:20:00,GBNK,24.35,24.4,24.305,24.4,1500.0
2017-04-13 12:15:00,GBNK,24.3,24.4,24.3,24.4,1200.0
2017-04-13 12:10:00,GBNK,24.35,24.35,24.25,24.3,1800.0
2017-04-13 12:00:00,GBNK,24.4,24.45,24.4,24.45,400.0
2017-04-13 11:55:00,GBNK,24.4,24.45,24.35,24.45,800.0
2017-04-13 11:50:00,GBNK,24.4,24.4,24.4,24.4,100.0
2017-04-13 11:45:00,GBNK,24.35,24.35,24.35,24.35,100.0
2017-04-13 11:40:00,GBNK,24.35,24.35,24.35,24.35,400.0
2017-04-13 11:30:00,GBNK,24.425,24.425,24.4,24.4,500.0
2017-04-13 11:25:00,GBNK,24.4,24.425,24.4,24.425,300.0
2017-04-13 11:20:00,GBNK,24.5,24.5,24.45,24.5,2100.0
2017-04-13 11:15:00,GBNK,24.465,24.55,24.465,24.55,1017.0
2017-04-13 11:05:00,GBNK,24.5,24.5,24.4,24.5,3200.0
2017-04-13 11:00:00,GBNK,24.45,24.475,24.425,24.45,1400.0
2017-04-13 10:55:00,GBNK,24.45,24.5,24.425,24.45,2700.0
2017-04-13 10:50:00,GBNK,24.45,24.45,24.45,24.45,400.0
2017-04-13 10:45:00,GBNK,24.45,24.5,24.45,24.45,400.0
2017-04-13 10:40:00,GBNK,24.4,24.5,24.4,24.45,9107.0
2017-04-13 10:35:00,GBNK,24.35,24.4,24.35,24.4,1300.0
2017-04-13 10:25:00,GBNK,24.325,24.4,24.325,24.4,2200.0
2017-04-13 10:20:00,GBNK,24.35,24.35,24.35,24.35,1500.0
2017-04-13 10:15:00,GBNK,24.5,24.5,24.35,24.35,700.0
2017-04-13 10:10:00,GBNK,24.5,24.6,24.35,24.55,7700.0
2017-04-13 10:05:00,GBNK,24.525,24.525,24.5,24.5,800.0
2017-04-13 10:00:00,GBNK,24.6,24.6,24.55,24.555,600.0
2017-04-13 09:55:00,GBNK,24.4,24.75,24.4,24.65,10413.0
2017-04-13 09:50:00,GBNK,24.35,24.4,24.3,24.35,800.0
2017-04-13 09:45:00,GBNK,24.2,24.45,24.2,24.375,3500.0
2017-04-13 09:40:00,GBNK,24.15,24.2,24.15,24.2,900.0
2017-04-13 09:35:00,GBNK,24.2,24.3,24.2,24.2,4900.0
2017-04-12 16:05:00,GBNK,24.175,24.175,24.15,24.15,4469.0
2017-04-12 16:00:00,GBNK,24.15,24.3,24.15,24.2,16696.0
2017-04-12 15:55:00,GBNK,24.15,24.2,24.15,24.2,800.0
2017-04-12 15:50:00,GBNK,24.125,24.2,24.125,24.15,4600.0
2017-04-12 15:45:00,GBNK,24.1,24.15,24.1,24.1,1800.0
2017-04-12 15:35:00,GBNK,24.1,24.15,24.1,24.1,500.0
2017-04-12 15:30:00,GBNK,24.05,24.1,24.05,24.1,2932.0
2017-04-12 15:25:00,GBNK,24.05,24.1,24.0,24.1,12111.0
2017-04-12 15:20:00,GBNK,24.15,24.15,24.1,24.1,855.0
2017-04-12 15:15:00,GBNK,24.1,24.2,24.1,24.175,2200.0
2017-04-12 15:10:00,GBNK,24.15,24.15,24.15,24.15,100.0
2017-04-12 14:55:00,GBNK,24.1,24.1,24.1,24.1,300.0
2017-04-12 14:50:00,GBNK,24.15,24.15,24.05,24.15,600.0
2017-04-12 14:45:00,GBNK,24.15,24.15,24.05,24.05,700.0
2017-04-12 14:25:00,GBNK,24.15,24.15,24.15,24.15,200.0
2017-04-12 14:20:00,GBNK,24.125,24.15,24.125,24.15,200.0
2017-04-12 14:15:00,GBNK,24.1,24.1,24.1,24.1,700.0
2017-04-12 14:10:00,GBNK,24.15,24.2,24.1,24.15,1000.0
2017-04-12 14:05:00,GBNK,24.1,24.175,24.1,24.175,300.0
2017-04-12 14:00:00,GBNK,24.15,24.15,24.15,24.15,200.0
2017-04-12 13:50:00,GBNK,24.05,24.15,24.05,24.15,697.0
2017-04-12 13:45:00,GBNK,24.05,24.05,24.05,24.05,100.0
2017-04-12 13:40:00,GBNK,24.025,24.025,24.025,24.025,298.0
2017-04-12 13:25:00,GBNK,24.0,24.0,24.0,24.0,200.0
2017-04-12 13:15:00,GBNK,24.05,24.05,24.0,24.05,557.0
2017-04-12 13:10:00,GBNK,24.05,24.05,24.05,24.05,300.0
2017-04-12 13:05:00,GBNK,24.0,24.0,23.95,24.0,3424.0
2017-04-12 12:55:00,GBNK,24.0,24.0,24.0,24.0,700.0
2017-04-12 12:50:00,GBNK,23.975,24.0,23.95,24.0,856.0
2017-04-12 12:45:00,GBNK,24.025,24.025,23.95,23.975,2500.0
2017-04-12 12:40:00,GBNK,24.025,24.025,24.025,24.025,100.0
2017-04-12 12:25:00,GBNK,24.05,24.05,24.05,24.05,200.0
2017-04-12 12:15:00,GBNK,24.05,24.05,24.05,24.05,300.0
2017-04-12 12:05:00,GBNK,24.0,24.025,24.0,24.025,200.0
2017-04-12 11:55:00,GBNK,24.0,24.0,24.0,24.0,1300.0
2017-04-12 11:50:00,GBNK,24.0,24.025,24.0,24.025,400.0
2017-04-12 11:45:00,GBNK,24.05,24.05,24.05,24.05,100.0
2017-04-12 11:40:00,GBNK,24.05,24.05,24.05,24.05,100.0
2017-04-12 11:30:00,GBNK,24.0,24.1,24.0,24.1,1000.0
2017-04-12 11:25:00,GBNK,24.0,24.0,24.0,24.0,200.0
2017-04-12 11:20:00,GBNK,23.95,23.95,23.95,23.95,200.0
2017-04-12 11:10:00,GBNK,23.9,23.95,23.9,23.95,200.0
2017-04-12 11:05:00,GBNK,23.916,23.916,23.916,23.916,500.0
2017-04-12 11:00:00,GBNK,23.9,23.95,23.9,23.95,200.0
2017-04-12 10:55:00,GBNK,23.9,23.925,23.9,23.925,1300.0
2017-04-12 10:50:00,GBNK,23.95,24.0,23.95,23.95,3900.0
2017-04-12 10:45:00,GBNK,23.95,24.0,23.95,24.0,1200.0
2017-04-12 10:40:00,GBNK,23.9,24.0,23.9,24.0,2187.0
2017-04-12 10:35:00,GBNK,23.9,23.9,23.85,23.9,800.0
2017-04-12 10:30:00,GBNK,23.85,23.85,23.85,23.85,100.0
2017-04-12 10:25:00,GBNK,23.75,23.9,23.75,23.9,400.0
2017-04-12 10:20:00,GBNK,23.9,23.9,23.825,23.825,200.0
2017-04-12 10:15:00,GBNK,23.9,23.925,23.85,23.85,500.0
2017-04-12 10:05:00,GBNK,23.95,24.0,23.9,23.9,1516.0
2017-04-12 10:00:00,GBNK,24.0,24.0,23.95,24.0,500.0
2017-04-12 09:55:00,GBNK,24.05,24.05,23.9,24.0,11330.0
2017-04-12 09:50:00,GBNK,24.0,24.0,23.9,23.9,300.0
2017-04-12 09:45:00,GBNK,24.0,24.0,23.95,23.95,1200.0
2017-04-12 09:40:00,GBNK,24.2,24.2,24.0,24.0,800.0
2017-04-12 09:35:00,GBNK,24.15,24.15,24.15,24.15,100.0
2017-04-11 16:05:00,GBNK,24.2,24.2,24.2,24.2,5980.0
2017-04-11 16:00:00,GBNK,24.1,24.25,24.0,24.25,16712.0
2017-04-11 15:55:00,GBNK,24.15,24.175,24.125,24.125,3408.0
2017-04-11 15:50:00,GBNK,24.15,24.2,24.15,24.15,1400.0
2017-04-11 15:45:00,GBNK,24.2,24.225,24.15,24.15,4451.0
2017-04-11 15:40:00,GBNK,24.2,24.2,24.2,24.2,300.0
2017-04-11 15:35:00,GBNK,24.3,24.3,24.175,24.2,1799.0
2017-04-11 15:30:00,GBNK,24.25,24.25,24.25,24.25,2500.0
2017-04-11 15:25:00,GBNK,24.35,24.35,24.3,24.3,1701.0
2017-04-11 15:20:00,GBNK,24.25,24.35,24.25,24.35,1300.0
2017-04-11 15:15:00,GBNK,24.2,24.3,24.2,24.25,1100.0
2017-04-11 15:10:00,GBNK,24.25,24.25,24.2,24.2,700.0
2017-04-11 15:05:00,GBNK,24.15,24.2,24.15,24.2,600.0
2017-04-11 15:00:00,GBNK,24.1,24.2,24.1,24.15,1796.0
2017-04-11 14:55:00,GBNK,24.05,24.05,24.05,24.05,100.0
2017-04-11 14:45:00,GBNK,24.025,24.075,24.025,24.075,700.0
2017-04-11 14:40:00,GBNK,24.0,24.05,23.95,24.025,7300.0
2017-04-11 14:35:00,GBNK,24.05,24.05,24.025,24.05,1500.0
2017-04-11 14:30:00,GBNK,24.025,24.025,24.025,24.025,200.0
2017-04-11 14:25:00,GBNK,24.0,24.05,24.0,24.025,500.0
2017-04-11 14:20:00,GBNK,24.0,24.0,24.0,24.0,200.0
2017-04-11 14:15:00,GBNK,24.0,24.1,24.0,24.05,300.0
2017-04-11 14:10:00,GBNK,24.0,24.0,24.0,24.0,300.0
2017-04-11 14:05:00,GBNK,24.0,24.0,24.0,24.0,200.0
2017-04-11 14:00:00,GBNK,24.05,24.05,24.0,24.0,200.0
2017-04-11 13:55:00,GBNK,24.0,24.05,24.0,24.05,700.0
2017-04-11 13:50:00,GBNK,24.0,24.0,24.0,24.0,1882.0
2017-04-11 13:40:00,GBNK,24.025,24.05,24.0,24.0,2993.0
2017-04-11 13:35:00,GBNK,24.05,24.05,24.05,24.05,100.0
2017-04-11 13:30:00,GBNK,23.955,23.955,23.95,23.955,1000.0
2017-04-11 13:25:00,GBNK,24.0,24.0,24.0,24.0,200.0
2017-04-11 13:20:00,GBNK,24.0,24.0,24.0,24.0,100.0
2017-04-11 13:10:00,GBNK,24.0,24.0,24.0,24.0,100.0
2017-04-11 13:05:00,GBNK,24.0,24.0,24.0,24.0,200.0
2017-04-11 13:00:00,GBNK,24.0,24.0,24.0,24.0,100.0
2017-04-11 12:45:00,GBNK,24.0,24.0,24.0,24.0,100.0
2017-04-11 12:40:00,GBNK,24.0,24.0,24.0,24.0,200.0
2017-04-11 12:35:00,GBNK,24.0,24.0,24.0,24.0,100.0
2017-04-11 12:20:00,GBNK,24.0,24.0,24.0,24.0,100.0
2017-04-11 12:15:00,GBNK,24.0,24.0,24.0,24.0,100.0
2017-04-11 12:10:00,GBNK,24.05,24.05,24.0,24.0,1300.0
2017-04-11 12:00:00,GBNK,24.05,24.05,24.05,24.05,200.0
2017-04-11 11:55:00,GBNK,23.9,24.0,23.9,24.0,700.0
2017-04-11 11:50:00,GBNK,23.9,23.9,23.9,23.9,100.0
2017-04-11 11:45:00,GBNK,23.95,23.95,23.9,23.9,300.0
2017-04-11 11:40:00,GBNK,23.9,23.95,23.85,23.9,3400.0
2017-04-11 11:35:00,GBNK,23.9,23.9,23.9,23.9,800.0
2017-04-11 11:15:00,GBNK,23.9,23.95,23.9,23.9,1665.0
2017-04-11 11:10:00,GBNK,23.9,23.9,23.9,23.9,200.0
2017-04-11 11:05:00,GBNK,23.9,23.9,23.9,23.9,400.0
2017-04-11 11:00:00,GBNK,23.9,23.9,23.9,23.9,100.0
2017-04-11 10:50:00,GBNK,23.9,23.9,23.9,23.9,100.0
2017-04-11 10:45:00,GBNK,23.85,23.85,23.75,23.85,1300.0
2017-04-11 10:40:00,GBNK,23.9,23.9,23.9,23.9,100.0
2017-04-11 10:30:00,GBNK,23.9,23.9,23.9,23.9,400.0
2017-04-11 10:25:00,GBNK,23.9,23.9,23.9,23.9,500.0
2017-04-11 10:15:00,GBNK,23.9,23.9,23.9,23.9,200.0
2017-04-11 10:10:00,GBNK,23.9,23.9,23.8,23.8,613.0
2017-04-11 10:05:00,GBNK,23.8,23.85,23.75,23.75,1400.0
2017-04-11 09:55:00,GBNK,23.8,23.8,23.8,23.8,900.0
2017-04-11 09:50:00,GBNK,23.85,23.85,23.8,23.8,2300.0
2017-04-11 09:45:00,GBNK,23.85,23.85,23.85,23.85,200.0
2017-04-11 09:40:00,GBNK,23.85,23.9,23.8,23.8,1406.0
2017-04-11 09:35:00,GBNK,23.65,23.65,23.65,23.65,7292.0
2017-04-11 09:30:00,GBNK,23.75,23.75,23.75,23.75,100.0
2017-04-10 16:05:00,GBNK,23.95,23.95,23.95,23.95,3649.0
2017-04-10 16:00:00,GBNK,23.95,23.95,23.9,23.95,12396.0
2017-04-10 15:55:00,GBNK,23.95,23.95,23.925,23.95,2000.0
2017-04-10 15:50:00,GBNK,23.95,23.95,23.925,23.95,1400.0
2017-04-10 15:45:00,GBNK,23.9,23.925,23.9,23.925,500.0
2017-04-10 15:40:00,GBNK,23.95,23.95,23.9,23.9,300.0
2017-04-10 15:35:00,GBNK,23.95,23.95,23.9,23.925,6608.0
2017-04-10 15:30:00,GBNK,23.925,23.925,23.925,23.925,500.0
2017-04-10 15:25:00,GBNK,23.9,23.95,23.9,23.925,521.0
2017-04-10 15:20:00,GBNK,23.95,23.95,23.95,23.95,179.0
2017-04-10 15:15:00,GBNK,23.925,23.95,23.925,23.95,4148.0
2017-04-10 15:10:00,GBNK,23.95,23.95,23.925,23.95,1200.0
2017-04-10 15:05:00,GBNK,23.925,23.925,23.925,23.925,100.0
2017-04-10 15:00:00,GBNK,23.95,23.95,23.9,23.925,700.0
2017-04-10 14:55:00,GBNK,23.925,23.925,23.925,23.925,100.0
2017-04-10 14:50:00,GBNK,23.95,24.0,23.95,23.95,3600.0
2017-04-10 14:45:00,GBNK,23.9,23.95,23.9,23.95,200.0
2017-04-10 14:40:00,GBNK,23.95,23.95,23.75,23.875,14531.0
2017-04-10 14:35:00,GBNK,23.95,23.95,23.95,23.95,500.0
2017-04-10 14:30:00,GBNK,23.975,23.975,23.95,23.95,2500.0
2017-04-10 14:25:00,GBNK,23.975,24.0,23.95,24.0,300.0
2017-04-10 14:20:00,GBNK,23.95,24.0,23.95,23.975,2186.0
2017-04-10 14:15:00,GBNK,23.85,23.9,23.85,23.9,400.0
2017-04-10 14:10:00,GBNK,23.95,23.95,23.8,23.9,2100.0
2017-04-10 14:05:00,GBNK,24.0,24.05,23.95,23.95,3000.0
2017-04-10 14:00:00,GBNK,24.025,24.025,24.0,24.0,300.0
2017-04-10 13:55:00,GBNK,24.0,24.025,24.0,24.025,200.0
2017-04-10 13:50:00,GBNK,24.05,24.05,24.025,24.025,200.0
2017-04-10 13:45:00,GBNK,24.0,24.0,24.0,24.0,100.0
2017-04-10 13:40:00,GBNK,24.0,24.025,24.0,24.0,2300.0
2017-04-10 13:35:00,GBNK,24.025,24.025,23.95,24.0,3343.0
2017-04-10 13:30:00,GBNK,24.025,24.05,24.0,24.025,800.0
2017-04-10 13:25:00,GBNK,24.0,24.025,24.0,24.025,400.0
2017-04-10 13:20:00,GBNK,24.0,24.05,24.0,24.05,500.0
2017-04-10 13:15:00,GBNK,24.0,24.05,24.0,24.05,900.0
2017-04-10 13:10:00,GBNK,24.025,24.05,24.0,24.0,500.0
2017-04-10 13:05:00,GBNK,24.05,24.05,24.0,24.0,300.0
2017-04-10 13:00:00,GBNK,24.0,24.1,24.0,24.1,200.0
2017-04-10 12:55:00,GBNK,24.025,24.05,24.025,24.05,2169.0
2017-04-10 12:50:00,GBNK,24.05,24.05,24.0,24.025,300.0
2017-04-10 12:45:00,GBNK,24.05,24.05,24.0,24.025,2700.0
2017-04-10 12:40:00,GBNK,24.05,24.05,24.05,24.05,100.0
2017-04-10 12:35:00,GBNK,24.0,24.05,24.0,24.0,1800.0
2017-04-10 12:30:00,GBNK,23.95,24.0,23.95,24.0,400.0
2017-04-10 12:25:00,GBNK,23.9,23.95,23.875,23.95,2130.0
2017-04-10 12:20:00,GBNK,23.85,23.875,23.85,23.85,500.0
2017-04-10 12:15:00,GBNK,23.9,23.95,23.85,23.875,4600.0
2017-04-10 12:10:00,GBNK,23.9,23.9,23.875,23.9,300.0
2017-04-10 12:05:00,GBNK,23.85,23.85,23.85,23.85,300.0
2017-04-10 12:00:00,GBNK,23.85,23.85,23.85,23.85,100.0
2017-04-10 11:55:00,GBNK,23.8,23.85,23.8,23.85,300.0
2017-04-10 11:50:00,GBNK,23.8,23.85,23.8,23.85,800.0
2017-04-10 11:45:00,GBNK,23.85,23.875,23.8,23.8,1700.0
2017-04-10 11:40:00,GBNK,23.875,23.875,23.85,23.85,700.0
2017-04-10 11:35:00,GBNK,23.9,23.925,23.8,23.9,900.0
2017-04-10 11:30:00,GBNK,23.95,23.95,23.925,23.95,600.0
2017-04-10 11:25:00,GBNK,24.0,24.0,23.95,23.95,2576.0
2017-04-10 11:20:00,GBNK,24.0,24.0,24.0,24.0,300.0
2017-04-10 11:15:00,GBNK,23.85,23.975,23.85,23.975,400.0
2017-04-10 11:10:00,GBNK,23.95,23.95,23.85,23.85,1300.0
2017-04-10 11:05:00,GBNK,23.95,24.0,23.95,24.0,400.0
2017-04-10 11:00:00,GBNK,23.95,24.0,23.95,23.95,400.0
2017-04-10 10:55:00,GBNK,23.95,23.975,23.95,23.95,3187.0
2017-04-10 10:50:00,GBNK,23.975,23.975,23.975,23.975,100.0
2017-04-10 10:45:00,GBNK,23.95,24.0,23.95,23.975,1254.0
2017-04-10 10:40:00,GBNK,24.0,24.0,23.95,23.95,400.0
2017-04-10 10:35:00,GBNK,24.0,24.0,24.0,24.0,400.0
2017-04-10 10:30:00,GBNK,24.0,24.0,23.95,24.0,1000.0
2017-04-10 10:25:00,GBNK,24.0,24.025,24.0,24.0,800.0
2017-04-10 10:20:00,GBNK,24.05,24.05,24.0,24.0,300.0
2017-04-10 10:15:00,GBNK,24.0,24.05,24.0,24.05,1750.0
2017-04-10 10:10:00,GBNK,24.05,24.05,24.0,24.0,400.0
2017-04-10 10:05:00,GBNK,24.0,24.05,24.0,24.0,2100.0
2017-04-10 10:00:00,GBNK,24.0,24.05,24.0,24.0,400.0
2017-04-10 09:55:00,GBNK,24.0,24.05,24.0,24.0,3001.0
2017-04-10 09:45:00,GBNK,24.0,24.05,24.0,24.0,500.0
2017-04-10 09:40:00,GBNK,24.25,24.25,24.1,24.1,400.0
2017-04-10 09:35:00,GBNK,24.15,24.15,24.0,24.0,1750.0
2017-04-07 16:05:00,GBNK,24.05,24.05,24.05,24.05,3140.0
2017-04-07 16:00:00,GBNK,24.025,24.15,24.025,24.05,5922.0
2017-04-07 15:55:00,GBNK,24.025,24.05,24.025,24.05,300.0
2017-04-07 15:50:00,GBNK,24.05,24.05,24.025,24.05,500.0
2017-04-07 15:45:00,GBNK,24.025,24.025,24.025,24.025,300.0
2017-04-07 15:40:00,GBNK,24.025,24.05,24.025,24.05,200.0
2017-04-07 15:35:00,GBNK,24.1,24.1,24.05,24.05,390.0
2017-04-07 15:25:00,GBNK,24.0,24.05,24.0,24.05,200.0
2017-04-07 15:20:00,GBNK,24.1,24.1,24.05,24.05,200.0
2017-04-07 15:15:00,GBNK,24.0,24.1,24.0,24.0,300.0
2017-04-07 15:10:00,GBNK,24.05,24.05,24.05,24.05,100.0
2017-04-07 15:05:00,GBNK,24.0,24.1,24.0,24.0,1900.0
2017-04-07 15:00:00,GBNK,24.05,24.05,24.0,24.0,900.0
2017-04-07 14:55:00,GBNK,23.95,24.0,23.95,24.0,1410.0
2017-04-07 14:50:00,GBNK,24.0,24.0,23.95,24.0,2480.0
2017-04-07 14:45:00,GBNK,23.95,24.0,23.95,23.95,300.0
2017-04-07 14:35:00,GBNK,23.95,24.05,23.95,24.05,300.0
2017-04-07 14:30:00,GBNK,23.95,24.0,23.95,24.0,200.0
2017-04-07 14:25:00,GBNK,23.95,23.95,23.95,23.95,100.0
2017-04-07 14:20:00,GBNK,24.0,24.05,24.0,24.05,400.0
2017-04-07 14:15:00,GBNK,23.95,23.95,23.945,23.945,628.0
2017-04-07 14:10:00,GBNK,23.9,23.95,23.9,23.95,200.0
2017-04-07 14:05:00,GBNK,23.9,23.95,23.9,23.9,3900.0
2017-04-07 14:00:00,GBNK,23.875,23.9,23.85,23.9,410.0
2017-04-07 13:55:00,GBNK,23.875,23.875,23.875,23.875,100.0
2017-04-07 13:50:00,GBNK,23.875,23.875,23.875,23.875,200.0
2017-04-07 13:45:00,GBNK,23.85,23.9,23.85,23.875,1400.0
2017-04-07 13:40:00,GBNK,23.85,23.9,23.8,23.85,1709.0
2017-04-07 13:35:00,GBNK,23.875,23.9,23.875,23.9,700.0
2017-04-07 13:30:00,GBNK,23.85,23.85,23.85,23.85,100.0
2017-04-07 13:25:00,GBNK,23.85,23.85,23.85,23.85,100.0
2017-04-07 13:20:00,GBNK,23.875,23.875,23.875,23.875,100.0
2017-04-07 13:15:00,GBNK,23.85,23.875,23.85,23.85,300.0
2017-04-07 13:10:00,GBNK,23.875,23.9,23.85,23.85,1295.0
2017-04-07 13:05:00,GBNK,23.85,23.875,23.85,23.875,200.0
2017-04-07 13:00:00,GBNK,23.9,23.9,23.85,23.9,600.0
2017-04-07 12:55:00,GBNK,23.85,23.85,23.825,23.85,500.0
2017-04-07 12:50:00,GBNK,23.8,23.85,23.8,23.85,200.0
2017-04-07 12:40:00,GBNK,23.85,23.85,23.85,23.85,200.0
2017-04-07 12:25:00,GBNK,23.85,23.85,23.85,23.85,100.0
2017-04-07 12:20:00,GBNK,23.85,23.85,23.85,23.85,400.0
2017-04-07 12:10:00,GBNK,23.85,23.85,23.85,23.85,100.0
2017-04-07 12:05:00,GBNK,23.85,23.85,23.85,23.85,100.0
2017-04-07 12:00:00,GBNK,23.85,23.85,23.85,23.85,100.0
2017-04-07 11:35:00,GBNK,23.85,23.875,23.85,23.85,1214.0
2017-04-07 11:30:00,GBNK,23.9,23.95,23.85,23.875,1400.0
2017-04-07 11:25:00,GBNK,23.9,23.9,23.9,23.9,1200.0
2017-04-07 11:05:00,GBNK,23.85,23.9,23.85,23.9,600.0
2017-04-07 10:55:00,GBNK,23.85,23.85,23.825,23.825,400.0
2017-04-07 10:50:00,GBNK,23.8,23.8,23.8,23.8,100.0
2017-04-07 10:45:00,GBNK,23.85,23.85,23.85,23.85,100.0
2017-04-07 10:20:00,GBNK,23.8,23.8,23.8,23.8,100.0
2017-04-07 10:10:00,GBNK,23.8,23.8,23.8,23.8,350.0
2017-04-07 10:05:00,GBNK,23.8,23.8,23.8,23.8,200.0
2017-04-07 09:55:00,GBNK,23.85,23.85,23.8,23.8,800.0
2017-04-07 09:50:00,GBNK,23.85,23.85,23.85,23.85,300.0
2017-04-07 09:35:00,GBNK,23.85,23.85,23.85,23.85,124.0
2017-04-06 17:00:00,GBNK,23.95,23.95,23.95,23.95,1860.0
2017-04-06 16:05:00,GBNK,23.975,23.975,23.975,23.975,6645.0
2017-04-06 16:00:00,GBNK,23.925,24.0,23.925,24.0,8400.0
2017-04-06 15:55:00,GBNK,23.925,23.95,23.925,23.95,500.0
2017-04-06 15:50:00,GBNK,23.925,23.925,23.9,23.9,600.0
2017-04-06 15:45:00,GBNK,23.925,23.925,23.925,23.925,200.0
2017-04-06 15:40:00,GBNK,23.9,23.95,23.9,23.95,723.0
2017-04-06 15:35:00,GBNK,23.95,23.95,23.95,23.95,100.0
2017-04-06 15:30:00,GBNK,23.875,23.9,23.875,23.9,400.0
2017-04-06 15:20:00,GBNK,23.85,23.85,23.85,23.85,300.0
2017-04-06 15:15:00,GBNK,23.85,23.9,23.85,23.9,1276.0
2017-04-06 15:10:00,GBNK,23.825,23.825,23.825,23.825,100.0
2017-04-06 15:05:00,GBNK,23.825,23.825,23.825,23.825,200.0
2017-04-06 15:00:00,GBNK,23.85,23.85,23.85,23.85,200.0
2017-04-06 14:55:00,GBNK,23.95,23.95,23.9,23.9,1200.0
2017-04-06 14:50:00,GBNK,24.0,24.05,23.9706,24.0,1300.0
2017-04-06 14:45:00,GBNK,24.0,24.0,23.95,23.95,500.0
2017-04-06 14:35:00,GBNK,23.925,23.925,23.925,23.925,100.0
2017-04-06 14:30:00,GBNK,23.95,23.975,23.95,23.975,1000.0
2017-04-06 14:25:00,GBNK,24.0,24.0,24.0,24.0,300.0
2017-04-06 14:20:00,GBNK,24.0,24.0,23.975,23.975,200.0
2017-04-06 14:10:00,GBNK,23.95,24.0,23.95,24.0,300.0
2017-04-06 14:05:00,GBNK,23.95,23.95,23.95,23.95,100.0
2017-04-06 13:55:00,GBNK,24.0,24.05,24.0,24.0,1600.0
2017-04-06 13:50:00,GBNK,24.0,24.05,23.95,24.0,1290.0
2017-04-06 13:45:00,GBNK,24.05,24.05,24.0,24.0,200.0
2017-04-06 13:40:00,GBNK,24.05,24.05,24.0,24.0,200.0
2017-04-06 13:35:00,GBNK,23.95,23.95,23.95,23.95,100.0
2017-04-06 13:30:00,GBNK,24.0,24.05,24.0,24.0,500.0
2017-04-06 13:20:00,GBNK,23.85,24.0,23.85,23.95,6611.0
2017-04-06 13:15:00,GBNK,23.85,23.9,23.85,23.85,1000.0
2017-04-06 13:10:00,GBNK,23.85,23.85,23.85,23.85,300.0
2017-04-06 13:00:00,GBNK,23.9,23.9,23.85,23.85,800.0
2017-04-06 12:55:00,GBNK,23.825,23.825,23.825,23.825,100.0
2017-04-06 12:50:00,GBNK,23.85,23.85,23.85,23.85,100.0
2017-04-06 12:45:00,GBNK,23.85,23.85,23.85,23.85,200.0
2017-04-06 12:30:00,GBNK,23.825,23.825,23.825,23.825,100.0
2017-04-06 12:25:00,GBNK,23.9,23.9,23.8,23.8,300.0
2017-04-06 12:20:00,GBNK,23.85,23.85,23.85,23.85,100.0
2017-04-06 12:10:00,GBNK,23.85,23.85,23.85,23.85,100.0
2017-04-06 12:05:00,GBNK,23.85,23.85,23.85,23.85,100.0
2017-04-06 11:55:00,GBNK,23.8,23.85,23.8,23.85,200.0
2017-04-06 11:45:00,GBNK,23.85,23.85,23.8,23.85,1200.0
2017-04-06 11:40:00,GBNK,23.9,23.9,23.85,23.85,700.0
2017-04-06 11:35:00,GBNK,23.875,23.875,23.875,23.875,100.0
2017-04-06 11:30:00,GBNK,23.9,23.9,23.85,23.875,1183.0
2017-04-06 11:25:00,GBNK,23.85,23.9,23.8,23.85,2997.0
2017-04-06 11:05:00,GBNK,23.85,23.85,23.8,23.8,300.0
2017-04-06 11:00:00,GBNK,23.75,23.75,23.75,23.75,100.0
2017-04-06 10:45:00,GBNK,23.8,23.8,23.75,23.8,500.0
2017-04-06 10:35:00,GBNK,23.8,23.8,23.8,23.8,200.0
2017-04-06 10:30:00,GBNK,23.7998,23.7998,23.7998,23.7998,100.0
2017-04-06 10:25:00,GBNK,23.8,23.8,23.8,23.8,100.0
2017-04-06 10:20:00,GBNK,23.8,23.85,23.8,23.85,200.0
2017-04-06 10:00:00,GBNK,23.75,23.75,23.75,23.75,400.0
2017-04-06 09:55:00,GBNK,23.7,23.75,23.7,23.75,400.0
2017-04-06 09:50:00,GBNK,23.6,23.65,23.6,23.6,500.0
2017-04-06 09:45:00,GBNK,23.75,23.8,23.6,23.6,1000.0
2017-04-06 09:35:00,GBNK,23.8,23.8,23.5,23.6778,1103.0
2017-04-05 16:05:00,GBNK,23.8,23.8,23.8,23.8,11490.0
2017-04-05 16:00:00,GBNK,23.7,24.05,23.7,23.85,30383.0
2017-04-05 15:55:00,GBNK,23.7,23.7,23.7,23.7,600.0
2017-04-05 15:50:00,GBNK,23.825,23.825,23.65,23.65,2343.0
2017-04-05 15:45:00,GBNK,23.85,23.85,23.85,23.85,300.0
2017-04-05 15:40:00,GBNK,23.75,23.8,23.75,23.8,700.0
2017-04-05 15:35:00,GBNK,23.75,23.75,23.75,23.75,200.0
2017-04-05 15:30:00,GBNK,23.8,23.8,23.8,23.8,100.0
2017-04-05 15:25:00,GBNK,23.7,23.8,23.7,23.8,400.0
2017-04-05 15:20:00,GBNK,23.65,23.65,23.65,23.65,243.0
2017-04-05 15:15:00,GBNK,23.7,23.75,23.65,23.65,1000.0
2017-04-05 15:10:00,GBNK,23.75,23.8,23.75,23.8,300.0
2017-04-05 15:05:00,GBNK,23.75,23.75,23.75,23.75,100.0
2017-04-05 15:00:00,GBNK,23.65,23.65,23.65,23.65,100.0
2017-04-05 14:55:00,GBNK,23.8,23.8,23.75,23.75,800.0
2017-04-05 14:40:00,GBNK,23.85,23.85,23.85,23.85,500.0
2017-04-05 14:35:00,GBNK,24.0,24.0,23.9,23.9,600.0
2017-04-05 14:30:00,GBNK,23.9,23.95,23.9,23.95,200.0
2017-04-05 14:25:00,GBNK,24.0,24.0,23.95,23.95,900.0
2017-04-05 14:15:00,GBNK,24.05,24.05,24.0,24.0,600.0
2017-04-05 14:10:00,GBNK,24.05,24.05,24.0,24.05,1190.0
2017-04-05 14:05:00,GBNK,23.95,24.05,23.95,24.0,2472.0
2017-04-05 13:55:00,GBNK,23.95,23.95,23.95,23.95,100.0
2017-04-05 13:50:00,GBNK,23.95,23.95,23.95,23.95,100.0
2017-04-05 13:45:00,GBNK,23.95,23.95,23.9,23.9,1300.0
2017-04-05 13:35:00,GBNK,24.05,24.05,24.0,24.0,300.0
2017-04-05 13:20:00,GBNK,23.98,23.98,23.98,23.98,115.0
2017-04-05 13:10:00,GBNK,24.0,24.05,24.0,24.05,500.0
2017-04-05 12:55:00,GBNK,24.0,24.0,24.0,24.0,400.0
2017-04-05 12:50:00,GBNK,23.99,23.99,23.99,23.99,375.0
2017-04-05 12:15:00,GBNK,23.95,23.95,23.9,23.95,300.0
2017-04-05 12:10:00,GBNK,23.95,24.025,23.9,24.0,2200.0
2017-04-05 12:05:00,GBNK,23.95,23.95,23.9,23.95,300.0
2017-04-05 12:00:00,GBNK,23.95,23.95,23.95,23.95,100.0
2017-04-05 11:55:00,GBNK,24.05,24.05,24.0,24.0,1900.0
2017-04-05 11:50:00,GBNK,24.05,24.05,24.05,24.05,200.0
2017-04-05 11:45:00,GBNK,24.05,24.05,24.05,24.05,600.0
2017-04-05 11:40:00,GBNK,24.1,24.15,24.05,24.05,2120.0
2017-04-05 11:30:00,GBNK,24.0,24.0,24.0,24.0,500.0
2017-04-05 11:25:00,GBNK,24.1,24.1,24.05,24.05,400.0
2017-04-05 11:20:00,GBNK,24.15,24.15,24.125,24.125,400.0
2017-04-05 11:10:00,GBNK,24.2,24.2,24.2,24.2,500.0
2017-04-05 11:05:00,GBNK,24.2037,24.3,24.2037,24.25,823.0
2017-04-05 10:50:00,GBNK,24.2,24.2,24.2,24.2,100.0
2017-04-05 10:40:00,GBNK,24.3,24.3,24.25,24.25,700.0
2017-04-05 10:35:00,GBNK,24.35,24.375,24.35,24.35,1000.0
2017-04-05 10:25:00,GBNK,24.35,24.4,24.35,24.35,1350.0
2017-04-05 10:20:00,GBNK,24.35,24.35,24.35,24.35,100.0
2017-04-05 10:10:00,GBNK,24.4,24.425,24.3,24.35,1300.0
2017-04-05 10:05:00,GBNK,24.5,24.5,24.35,24.35,400.0
2017-04-05 10:00:00,GBNK,24.5,24.5,24.5,24.5,100.0
2017-04-05 09:55:00,GBNK,24.35,24.35,24.35,24.35,1700.0
2017-04-05 09:50:00,GBNK,24.35,24.45,24.35,24.4,1100.0
2017-04-05 09:45:00,GBNK,24.3,24.3,24.25,24.25,300.0
2017-04-05 09:40:00,GBNK,24.4,24.4,24.3,24.3325,906.0
2017-04-05 09:35:00,GBNK,24.4,24.425,24.35,24.425,818.0
2017-04-04 16:05:00,GBNK,24.2,24.2,24.2,24.2,6269.0
2017-04-04 16:00:00,GBNK,24.25,24.25,24.15,24.2,6785.0
2017-04-04 15:55:00,GBNK,24.25,24.3,24.15,24.2,5060.0
2017-04-04 15:50:00,GBNK,24.25,24.25,24.25,24.25,600.0
2017-04-04 15:45:00,GBNK,24.175,24.25,24.175,24.25,600.0
2017-04-04 15:40:00,GBNK,24.3,24.3,24.2,24.2,2602.0
2017-04-04 15:35:00,GBNK,24.2,24.3,24.2,24.25,300.0
2017-04-04 15:25:00,GBNK,24.2,24.25,24.2,24.2,1100.0
2017-04-04 15:15:00,GBNK,24.3,24.3,24.3,24.3,200.0
2017-04-04 15:05:00,GBNK,24.25,24.25,24.25,24.25,200.0
2017-04-04 15:00:00,GBNK,24.35,24.35,24.25,24.25,400.0
2017-04-04 14:50:00,GBNK,24.3,24.3,24.3,24.3,100.0
2017-04-04 14:45:00,GBNK,24.3,24.3,24.3,24.3,100.0
2017-04-04 14:40:00,GBNK,24.35,24.35,24.3,24.3,200.0
2017-04-04 14:35:00,GBNK,24.3,24.3,24.3,24.3,100.0
2017-04-04 14:30:00,GBNK,24.35,24.35,24.35,24.35,100.0
2017-04-04 14:25:00,GBNK,24.3,24.3,24.25,24.25,719.0
2017-04-04 14:20:00,GBNK,24.3,24.3,24.3,24.3,1100.0
2017-04-04 14:15:00,GBNK,24.35,24.35,24.3,24.3,3119.0
2017-04-04 14:10:00,GBNK,24.35,24.35,24.35,24.35,100.0
2017-04-04 14:05:00,GBNK,24.35,24.35,24.3,24.3,600.0
2017-04-04 14:00:00,GBNK,24.35,24.35,24.35,24.35,200.0
2017-04-04 13:50:00,GBNK,24.35,24.35,24.35,24.35,100.0
2017-04-04 13:45:00,GBNK,24.3,24.3,24.25,24.25,300.0
2017-04-04 13:40:00,GBNK,24.3,24.3,24.3,24.3,100.0
2017-04-04 13:35:00,GBNK,24.35,24.35,24.3,24.3,400.0
2017-04-04 13:30:00,GBNK,24.4,24.4,24.4,24.4,100.0
2017-04-04 13:20:00,GBNK,24.35,24.35,24.35,24.35,400.0
2017-04-04 13:15:00,GBNK,24.3,24.4,24.3,24.4,300.0
2017-04-04 13:05:00,GBNK,24.4,24.5,24.3,24.35,1964.0
2017-04-04 12:55:00,GBNK,24.45,24.45,24.45,24.45,500.0
2017-04-04 12:45:00,GBNK,24.5,24.55,24.5,24.55,200.0
2017-04-04 12:35:00,GBNK,24.55,24.55,24.55,24.55,100.0
2017-04-04 12:30:00,GBNK,24.55,24.55,24.45,24.5,300.0
2017-04-04 12:15:00,GBNK,24.51,24.51,24.51,24.51,100.0
2017-04-04 12:10:00,GBNK,24.5,24.5,24.5,24.5,100.0
2017-04-04 12:05:00,GBNK,24.5,24.525,24.5,24.525,400.0
2017-04-04 12:00:00,GBNK,24.55,24.55,24.55,24.55,100.0
2017-04-04 11:55:00,GBNK,24.6,24.6,24.55,24.55,200.0
2017-04-04 11:50:00,GBNK,24.5,24.6,24.5,24.6,600.0
2017-04-04 11:45:00,GBNK,24.5,24.5,24.5,24.5,100.0
2017-04-04 11:40:00,GBNK,24.55,24.55,24.5,24.5,400.0
2017-04-04 11:30:00,GBNK,24.5,24.5,24.5,24.5,100.0
2017-04-04 11:15:00,GBNK,24.55,24.55,24.5,24.5,1800.0
2017-04-04 11:10:00,GBNK,24.525,24.525,24.525,24.525,200.0
2017-04-04 11:05:00,GBNK,24.5,24.55,24.45,24.525,2399.0
2017-04-04 10:55:00,GBNK,24.6,24.6,24.55,24.55,900.0
2017-04-04 10:45:00,GBNK,24.65,24.65,24.65,24.65,200.0
2017-04-04 10:35:00,GBNK,24.525,24.6,24.525,24.6,1500.0
2017-04-04 10:30:00,GBNK,24.55,24.55,24.5,24.525,1100.0
2017-04-04 10:25:00,GBNK,24.6,24.6,24.6,24.6,300.0
2017-04-04 10:15:00,GBNK,24.6,24.6,24.6,24.6,300.0
2017-04-04 10:10:00,GBNK,24.6,24.6,24.6,24.6,200.0
2017-04-04 10:05:00,GBNK,24.65,24.65,24.65,24.65,400.0
2017-04-04 10:00:00,GBNK,24.75,24.75,24.75,24.75,100.0
2017-04-04 09:55:00,GBNK,24.75,24.75,24.7,24.725,400.0
2017-04-04 09:50:00,GBNK,24.8,24.8,24.75,24.75,400.0
2017-04-04 09:45:00,GBNK,24.85,24.85,24.85,24.85,100.0
2017-04-04 09:40:00,GBNK,24.8,24.8,24.8,24.8,600.0
2017-04-04 09:35:00,GBNK,24.7,24.7,24.7,24.7,231.0
2017-04-03 16:05:00,GBNK,24.75,24.75,24.75,24.75,5671.0
2017-04-03 16:00:00,GBNK,24.85,24.9,24.65,24.7,11198.0
2017-04-03 15:55:00,GBNK,24.8,24.85,24.75,24.85,3477.0
2017-04-03 15:50:00,GBNK,24.85,24.9,24.7,24.75,6395.0
2017-04-03 15:45:00,GBNK,24.725,24.85,24.725,24.85,23846.0
2017-04-03 15:40:00,GBNK,24.75,24.75,24.725,24.75,1100.0
2017-04-03 15:35:00,GBNK,24.75,24.8,24.725,24.75,1500.0
2017-04-03 15:30:00,GBNK,24.75,24.8,24.75,24.8,1700.0
2017-04-03 15:25:00,GBNK,24.65,24.75,24.6,24.75,7200.0
2017-04-03 15:20:00,GBNK,24.7,24.75,24.65,24.7,1600.0
2017-04-03 15:15:00,GBNK,24.75,24.825,24.7,24.7,20899.0
2017-04-03 15:10:00,GBNK,24.75,24.75,24.7,24.75,1000.0
2017-04-03 15:05:00,GBNK,24.75,24.75,24.65,24.725,900.0
2017-04-03 15:00:00,GBNK,24.75,24.75,24.65,24.7,1200.0
2017-04-03 14:55:00,GBNK,24.75,24.8,24.75,24.75,900.0
2017-04-03 14:50:00,GBNK,24.75,24.75,24.7,24.75,1000.0
2017-04-03 14:45:00,GBNK,24.85,24.9,24.75,24.75,3400.0
2017-04-03 14:40:00,GBNK,24.8,24.85,24.8,24.85,700.0
2017-04-03 14:35:00,GBNK,24.8,24.85,24.755,24.85,2100.0
2017-04-03 14:30:00,GBNK,24.75,24.8,24.75,24.8,900.0
2017-04-03 14:25:00,GBNK,24.65,24.7,24.65,24.7,300.0
2017-04-03 14:20:00,GBNK,24.65,24.7,24.65,24.7,800.0
2017-04-03 14:15:00,GBNK,24.65,24.65,24.65,24.65,900.0
2017-04-03 14:10:00,GBNK,24.6,24.65,24.6,24.65,600.0
2017-04-03 14:05:00,GBNK,24.605,24.605,24.55,24.55,2800.0
2017-04-03 13:55:00,GBNK,24.6,24.65,24.6,24.65,600.0
2017-04-03 13:50:00,GBNK,24.6,24.6,24.525,24.55,1200.0
2017-04-03 13:45:00,GBNK,24.6,24.6,24.6,24.6,100.0
2017-04-03 13:40:00,GBNK,24.8,24.8,24.7,24.75,800.0
2017-04-03 13:35:00,GBNK,24.8,24.8,24.7,24.8,400.0
2017-04-03 13:25:00,GBNK,24.7334,24.7334,24.7334,24.7334,403.0
2017-04-03 13:20:00,GBNK,24.85,24.85,24.75,24.75,1100.0
2017-04-03 13:15:00,GBNK,24.85,24.85,24.8,24.85,500.0
2017-04-03 13:10:00,GBNK,24.9,24.9,24.75,24.85,2800.0
2017-04-03 13:05:00,GBNK,24.85,25.0,24.85,24.95,12000.0
2017-04-03 13:00:00,GBNK,24.879,24.879,24.879,24.879,275.0
2017-04-03 12:50:00,GBNK,24.85,24.9,24.85,24.9,200.0
2017-04-03 12:45:00,GBNK,24.9,24.9,24.9,24.9,200.0
2017-04-03 12:40:00,GBNK,24.85,24.9,24.85,24.9,600.0
2017-04-03 12:35:00,GBNK,24.8152,24.85,24.75,24.75,1039.0
2017-04-03 12:30:00,GBNK,24.75,24.85,24.75,24.85,500.0
2017-04-03 12:25:00,GBNK,24.6,24.75,24.6,24.75,2900.0
2017-04-03 12:20:00,GBNK,24.625,24.625,24.625,24.625,200.0
2017-04-03 12:15:00,GBNK,24.65,24.7,24.6,24.7,798.0
2017-04-03 12:10:00,GBNK,24.45,24.6,24.45,24.6,67100.0
2017-04-03 12:05:00,GBNK,24.45,24.45,24.35,24.45,1795.0
2017-04-03 12:00:00,GBNK,24.4,24.45,24.4,24.45,400.0
2017-04-03 11:55:00,GBNK,24.4,24.45,24.35,24.35,1100.0
2017-04-03 11:50:00,GBNK,24.45,24.5,24.45,24.5,700.0
2017-04-03 11:45:00,GBNK,24.45,24.45,24.45,24.45,400.0
2017-04-03 11:40:00,GBNK,24.45,24.45,24.35,24.45,1050.0
2017-04-03 11:35:00,GBNK,24.35,24.45,24.3,24.45,1000.0
2017-04-03 11:30:00,GBNK,24.4,24.5,24.35,24.35,2330.0
2017-04-03 11:25:00,GBNK,24.5,24.5,24.5,24.5,300.0
2017-04-03 11:20:00,GBNK,24.4,24.5,24.4,24.5,2100.0
2017-04-03 11:15:00,GBNK,24.35,24.4,24.35,24.4,1600.0
2017-04-03 11:10:00,GBNK,24.35,24.35,24.3157,24.35,895.0
2017-04-03 11:05:00,GBNK,24.35,24.35,24.35,24.35,300.0
2017-04-03 10:55:00,GBNK,24.35,24.4,24.25,24.3,800.0
2017-04-03 10:50:00,GBNK,24.45,24.45,24.4,24.4,500.0
2017-04-03 10:45:00,GBNK,24.4,24.45,24.4,24.45,600.0
2017-04-03 10:40:00,GBNK,24.35,24.4,24.35,24.4,1180.0
2017-04-03 10:35:00,GBNK,24.35,24.425,24.35,24.425,9100.0
2017-04-03 10:30:00,GBNK,24.25,24.4,24.25,24.35,400.0
2017-04-03 10:20:00,GBNK,24.15,24.2,24.15,24.2,500.0
2017-04-03 10:15:00,GBNK,24.1537,24.2,24.1,24.1,544.0
2017-04-03 10:10:00,GBNK,24.25,24.275,24.25,24.25,500.0
2017-04-03 10:05:00,GBNK,24.4034,24.4034,24.25,24.4,2910.0
2017-04-03 10:00:00,GBNK,24.401,24.401,24.401,24.401,158.0
2017-04-03 09:55:00,GBNK,24.5,24.5,24.4247,24.4247,215.0
2017-04-03 09:50:00,GBNK,24.4,24.5,24.4,24.5,500.0
2017-04-03 09:45:00,GBNK,24.4765,24.4765,24.45,24.451,800.0
2017-04-03 09:40:00,GBNK,24.6,24.6,24.45,24.45,1052.0
2017-04-03 09:35:00,GBNK,24.5,25.19,24.5,24.55,2206.0
2017-03-31 16:05:00,GBNK,24.35,24.35,24.35,24.35,17106.0
2017-03-31 16:00:00,GBNK,24.5,24.5,24.3,24.35,12309.0
2017-03-31 15:55:00,GBNK,24.5,24.5,24.4,24.4,3900.0
2017-03-31 15:50:00,GBNK,24.5,24.5,24.45,24.5,1900.0
2017-03-31 15:45:00,GBNK,24.45,24.5,24.45,24.5,1100.0
2017-03-31 15:40:00,GBNK,24.5,24.525,24.4,24.4,3963.0
2017-03-31 15:35:00,GBNK,24.5,24.5,24.45,24.5,600.0
2017-03-31 15:30:00,GBNK,24.45,24.45,24.4,24.4,1100.0
2017-03-31 15:25:00,GBNK,24.45,24.45,24.45,24.45,200.0
2017-03-31 15:20:00,GBNK,24.45,24.45,24.425,24.45,600.0
2017-03-31 15:05:00,GBNK,24.375,24.4,24.375,24.4,200.0
2017-03-31 14:55:00,GBNK,24.4,24.45,24.4,24.4,800.0
2017-03-31 14:40:00,GBNK,24.4,24.4,24.4,24.4,200.0
2017-03-31 14:35:00,GBNK,24.375,24.375,24.35,24.35,300.0
2017-03-31 14:30:00,GBNK,24.35,24.375,24.35,24.375,200.0
2017-03-31 14:20:00,GBNK,24.375,24.375,24.375,24.375,100.0
2017-03-31 14:15:00,GBNK,24.4034,24.433,24.35,24.35,990.0
2017-03-31 14:10:00,GBNK,24.4,24.4,24.375,24.4,600.0
2017-03-31 14:00:00,GBNK,24.45,24.45,24.4,24.4034,1100.0
2017-03-31 13:55:00,GBNK,24.5,24.5,24.4709,24.4709,400.0
2017-03-31 13:45:00,GBNK,24.475,24.475,24.475,24.475,100.0
2017-03-31 13:15:00,GBNK,24.45,24.45,24.45,24.45,100.0
2017-03-31 13:10:00,GBNK,24.45,24.45,24.45,24.45,100.0
2017-03-31 13:05:00,GBNK,24.475,24.475,24.475,24.475,100.0
2017-03-31 13:00:00,GBNK,24.475,24.475,24.45,24.45,400.0
2017-03-31 12:55:00,GBNK,24.45,24.45,24.45,24.45,200.0
2017-03-31 12:50:00,GBNK,24.45,24.45,24.45,24.45,707.0
2017-03-31 12:45:00,GBNK,24.5,24.5,24.5,24.5,100.0
2017-03-31 12:40:00,GBNK,24.475,24.475,24.475,24.475,100.0
2017-03-31 12:35:00,GBNK,24.5,24.5,24.45,24.45,200.0
2017-03-31 12:25:00,GBNK,24.5,24.5,24.5,24.5,100.0
2017-03-31 12:15:00,GBNK,24.45,24.45,24.45,24.45,100.0
2017-03-31 12:10:00,GBNK,24.475,24.475,24.3,24.45,19455.0
2017-03-31 12:00:00,GBNK,24.475,24.475,24.475,24.475,100.0
2017-03-31 11:40:00,GBNK,24.5,24.5,24.5,24.5,100.0
2017-03-31 11:35:00,GBNK,24.4,24.4,24.4,24.4,600.0
2017-03-31 11:25:00,GBNK,24.35,24.35,24.35,24.35,100.0
2017-03-31 11:15:00,GBNK,24.4,24.4,24.4,24.4,100.0
2017-03-31 11:10:00,GBNK,24.45,24.45,24.425,24.425,600.0
2017-03-31 11:05:00,GBNK,24.45,24.45,24.45,24.45,200.0
2017-03-31 11:00:00,GBNK,24.45,24.45,24.45,24.45,1408.0
2017-03-31 10:45:00,GBNK,24.45,24.45,24.4,24.4,200.0
2017-03-31 10:40:00,GBNK,24.35,24.35,24.35,24.35,300.0
2017-03-31 10:30:00,GBNK,24.35,24.35,24.35,24.35,100.0
2017-03-31 10:25:00,GBNK,24.3,24.3,24.25,24.3,1212.0
2017-03-31 10:20:00,GBNK,24.325,24.325,24.325,24.325,100.0
2017-03-31 10:10:00,GBNK,24.25,24.4,24.25,24.35,800.0
2017-03-31 10:05:00,GBNK,24.25,24.25,24.2,24.2,200.0
2017-03-31 10:00:00,GBNK,24.25,24.275,24.2,24.2,2609.0
2017-03-31 09:55:00,GBNK,24.25,24.25,24.25,24.25,200.0
2017-03-31 09:45:00,GBNK,24.3,24.4,24.3,24.3,800.0
2017-03-31 09:40:00,GBNK,24.25,24.4,24.25,24.4,500.0
2017-03-31 09:35:00,GBNK,24.4,24.4,24.05,24.25,321.0
2017-03-30 16:05:00,GBNK,24.35,24.35,24.35,24.35,5259.0
2017-03-30 16:00:00,GBNK,24.375,24.4,24.35,24.4,3288.0
2017-03-30 15:55:00,GBNK,24.375,24.4,24.375,24.4,700.0
2017-03-30 15:50:00,GBNK,24.4,24.4,24.4,24.4,100.0
2017-03-30 15:45:00,GBNK,24.4,24.4,24.375,24.4,900.0
2017-03-30 15:40:00,GBNK,24.4,24.4,24.375,24.4,400.0
2017-03-30 15:35:00,GBNK,24.4,24.4,24.4,24.4,400.0
2017-03-30 15:30:00,GBNK,24.35,24.375,24.35,24.375,300.0
2017-03-30 15:25:00,GBNK,24.35,24.35,24.35,24.35,100.0
2017-03-30 15:20:00,GBNK,24.45,24.45,24.35,24.35,2400.0
2017-03-30 15:15:00,GBNK,24.475,24.475,24.475,24.475,100.0
2017-03-30 15:10:00,GBNK,24.45,24.45,24.45,24.45,200.0
2017-03-30 15:05:00,GBNK,24.4,24.45,24.4,24.45,300.0
2017-03-30 15:00:00,GBNK,24.4,24.4,24.4,24.4,100.0
2017-03-30 14:50:00,GBNK,24.325,24.35,24.325,24.35,200.0
2017-03-30 14:45:00,GBNK,24.3,24.35,24.3,24.325,1044.0
2017-03-30 14:20:00,GBNK,24.25,24.25,24.25,24.25,509.0
2017-03-30 14:05:00,GBNK,24.2,24.2,24.2,24.2,100.0
2017-03-30 14:00:00,GBNK,24.15,24.2,24.15,24.2,500.0
2017-03-30 13:45:00,GBNK,24.15,24.15,24.15,24.15,200.0
2017-03-30 13:35:00,GBNK,24.125,24.15,24.125,24.15,300.0
2017-03-30 13:30:00,GBNK,24.2,24.2,24.15,24.15,1800.0
2017-03-30 13:25:00,GBNK,24.15,24.2,24.15,24.2,200.0
2017-03-30 13:20:00,GBNK,24.15,24.15,24.15,24.15,200.0
2017-03-30 12:35:00,GBNK,24.025,24.05,24.025,24.05,700.0
2017-03-30 12:30:00,GBNK,24.025,24.025,24.025,24.025,900.0
2017-04-24 09:35:00,GBNK,26.2,26.3,26.0861,26.0861,2975.0
2017-04-24 09:40:00,GBNK,26.163,26.163,26.163,26.163,250.0
2017-04-24 09:45:00,GBNK,26.25,26.25,26.1,26.1,1500.0
2017-04-24 09:50:00,GBNK,26.2,26.2,26.05,26.05,2000.0
2017-04-24 09:55:00,GBNK,26.075,26.075,25.95,26.05,4700.0
2017-04-24 10:00:00,GBNK,26.05,26.1,26.05,26.1,400.0
2017-04-24 10:05:00,GBNK,26.14,26.15,26.0,26.05,5600.0
2017-04-24 10:10:00,GBNK,26.075,26.075,26.0,26.0,20108.0
2017-04-24 10:15:00,GBNK,26.0,26.0,25.95,25.95,600.0
2017-04-24 10:20:00,GBNK,25.95,26.0,25.9,25.95,28000.0
2017-04-24 10:25:00,GBNK,25.9,25.9,25.9,25.9,100.0
2017-04-24 10:30:00,GBNK,25.9,26.0,25.85,25.85,2600.0
2017-04-24 10:35:00,GBNK,25.85,25.85,25.85,25.85,600.0
2017-04-24 10:40:00,GBNK,25.85,25.9,25.85,25.85,1190.0
2017-04-24 10:45:00,GBNK,25.9,25.9,25.85,25.85,5900.0
2017-04-24 10:50:00,GBNK,25.9,25.9,25.9,25.9,300.0
2017-04-24 10:55:00,GBNK,25.9,25.9,25.85,25.88,615.0
2017-04-24 11:00:00,GBNK,25.9,25.925,25.9,25.925,1001.0
2017-04-24 11:05:00,GBNK,25.95,25.95,25.95,25.95,1400.0
2017-04-24 11:10:00,GBNK,25.95,25.95,25.9,25.9,2800.0
2017-04-24 11:15:00,GBNK,25.9,25.9,25.9,25.9,492.0
2017-04-24 11:20:00,GBNK,25.925,25.95,25.9,25.9,2200.0
2017-04-24 11:25:00,GBNK,25.9,25.9,25.9,25.9,200.0
2017-04-24 11:30:00,GBNK,25.9,25.9,25.9,25.9,1400.0
2017-04-24 11:35:00,GBNK,25.9,25.9,25.85,25.85,9724.0
2017-04-24 11:40:00,GBNK,25.85,25.85,25.85,25.85,500.0
2017-04-24 11:55:00,GBNK,25.9,25.9,25.85,25.85,4300.0
2017-04-24 12:00:00,GBNK,25.85,25.85,25.8,25.85,3800.0
2017-04-24 12:05:00,GBNK,25.85,25.85,25.8,25.85,2000.0
2017-04-24 12:10:00,GBNK,25.85,25.85,25.85,25.85,200.0
2017-04-24 12:15:00,GBNK,25.9,25.9,25.85,25.85,600.0
2017-04-24 12:20:00,GBNK,25.8,25.8,25.75,25.8,16452.0
2017-04-24 12:25:00,GBNK,25.8,25.8,25.75,25.75,3200.0
2017-04-24 12:30:00,GBNK,25.8,25.8,25.65,25.65,3000.0
2017-04-24 12:35:00,GBNK,25.65,25.7,25.65,25.7,1900.0
2017-04-24 12:40:00,GBNK,25.7,25.7143,25.65,25.65,700.0
2017-04-24 12:45:00,GBNK,25.75,25.8,25.75,25.775,2004.0
2017-04-24 12:50:00,GBNK,25.775,25.775,25.775,25.775,600.0
2017-04-24 12:55:00,GBNK,25.775,25.8,25.775,25.8,500.0
2017-04-24 13:00:00,GBNK,25.85,25.85,25.8,25.8,700.0
2017-04-24 13:05:00,GBNK,25.85,25.85,25.8,25.85,1900.0
2017-04-24 13:10:00,GBNK,25.85,25.85,25.85,25.85,100.0
2017-04-24 13:15:00,GBNK,25.825,25.85,25.825,25.85,799.0
2017-04-24 13:20:00,GBNK,25.8,25.8,25.75,25.8,3800.0
2017-04-24 13:25:00,GBNK,25.75,25.8,25.7,25.75,2100.0
2017-04-24 13:30:00,GBNK,25.75,25.75,25.75,25.75,200.0
2017-04-24 13:35:00,GBNK,25.8,25.8,25.8,25.8,200.0
2017-04-24 13:40:00,GBNK,25.8,25.8,25.8,25.8,100.0
2017-04-24 13:45:00,GBNK,25.8,25.8,25.8,25.8,200.0
2017-04-24 13:50:00,GBNK,25.8,25.8,25.7,25.75,14800.0
2017-04-24 13:55:00,GBNK,25.75,25.75,25.75,25.75,200.0
2017-04-24 14:00:00,GBNK,25.75,25.75,25.75,25.75,500.0
2017-04-24 14:05:00,GBNK,25.75,25.75,25.725,25.75,1500.0
2017-04-24 14:10:00,GBNK,25.725,25.75,25.725,25.75,6700.0
2017-04-24 14:20:00,GBNK,25.75,25.775,25.75,25.775,200.0
2017-04-24 14:25:00,GBNK,25.775,25.8,25.775,25.8,300.0
2017-04-24 14:30:00,GBNK,25.75,25.8,25.75,25.8,300.0
2017-04-24 14:35:00,GBNK,25.8,25.8,25.8,25.8,200.0
2017-04-24 14:40:00,GBNK,25.775,25.775,25.75,25.75,4655.0
2017-04-24 14:45:00,GBNK,25.75,25.75,25.75,25.75,200.0
2017-04-24 14:50:00,GBNK,25.75,25.775,25.725,25.775,1400.0
2017-04-24 14:55:00,GBNK,25.775,25.8,25.75,25.75,700.0
2017-04-24 15:00:00,GBNK,25.75,25.75,25.65,25.7,3736.0
2017-04-24 15:05:00,GBNK,25.75,25.75,25.75,25.75,1293.0
2017-04-24 15:10:00,GBNK,25.75,25.85,25.75,25.8,888.0
2017-04-24 15:15:00,GBNK,25.8,25.8,25.75,25.779,2195.0
2017-04-24 15:20:00,GBNK,25.775,25.8,25.775,25.8,4100.0
2017-04-24 15:25:00,GBNK,25.8,25.85,25.8,25.85,2100.0
2017-04-24 15:30:00,GBNK,25.85,25.85,25.7,25.7,39404.0
2017-04-24 15:35:00,GBNK,25.75,25.75,25.7,25.7,300.0
2017-04-24 15:40:00,GBNK,25.75,25.75,25.75,25.75,3900.0
2017-04-24 15:45:00,GBNK,25.8,25.8,25.75,25.75,500.0
2017-04-24 15:50:00,GBNK,25.75,25.75,25.75,25.75,100.0
2017-04-24 15:55:00,GBNK,25.75,25.85,25.75,25.85,2100.0
2017-04-24 16:00:00,GBNK,25.85,25.85,25.75,25.775,6195.0
2017-04-24 16:05:00,GBNK,25.8,25.8,25.8,25.8,3994.0
2017-04-24 16:05:00,GBNK,25.8,25.8,25.8,25.8,3994.0
2017-04-24 16:00:00,GBNK,25.85,25.85,25.75,25.775,6195.0
2017-04-24 15:55:00,GBNK,25.75,25.85,25.75,25.85,2100.0
2017-04-03 15:00:00,GBNK,24.75,24.75,24.65,24.7,1200.0
2017-04-03 14:55:00,GBNK,24.75,24.8,24.75,24.75,900.0
2017-04-03 14:50:00,GBNK,24.75,24.75,24.7,24.75,1000.0
2017-04-03 14:45:00,GBNK,24.85,24.9,24.75,24.75,3400.0
2017-04-03 14:40:00,GBNK,24.8,24.85,24.8,24.85,700.0
2017-04-03 14:35:00,GBNK,24.8,24.85,24.755,24.85,2100.0
2017-04-03 14:30:00,GBNK,24.75,24.8,24.75,24.8,900.0
2017-04-03 14:25:00,GBNK,24.65,24.7,24.65,24.7,300.0
2017-04-03 14:20:00,GBNK,24.65,24.7,24.65,24.7,800.0
2017-04-03 14:15:00,GBNK,24.65,24.65,24.65,24.65,900.0
2017-04-03 14:10:00,GBNK,24.6,24.65,24.6,24.65,600.0
2017-04-03 14:05:00,GBNK,24.605,24.605,24.55,24.55,2800.0
2017-04-03 13:55:00,GBNK,24.6,24.65,24.6,24.65,600.0
2017-04-03 13:50:00,GBNK,24.6,24.6,24.525,24.55,1200.0
2017-04-03 13:45:00,GBNK,24.6,24.6,24.6,24.6,100.0
2017-04-03 13:40:00,GBNK,24.8,24.8,24.7,24.75,800.0
2017-04-03 13:35:00,GBNK,24.8,24.8,24.7,24.8,400.0
2017-04-03 13:25:00,GBNK,24.7334,24.7334,24.7334,24.7334,403.0
2017-04-03 13:20:00,GBNK,24.85,24.85,24.75,24.75,1100.0
2017-04-03 13:15:00,GBNK,24.85,24.85,24.8,24.85,500.0
2017-04-03 13:10:00,GBNK,24.9,24.9,24.75,24.85,2800.0
2017-04-03 13:05:00,GBNK,24.85,25.0,24.85,24.95,12000.0
2017-04-03 13:00:00,GBNK,24.879,24.879,24.879,24.879,275.0
2017-04-03 12:50:00,GBNK,24.85,24.9,24.85,24.9,200.0
2017-04-03 12:45:00,GBNK,24.9,24.9,24.9,24.9,200.0
2017-04-03 12:40:00,GBNK,24.85,24.9,24.85,24.9,600.0
2017-04-03 12:35:00,GBNK,24.8152,24.85,24.75,24.75,1039.0
2017-04-03 12:30:00,GBNK,24.75,24.85,24.75,24.85,500.0
2017-04-03 12:25:00,GBNK,24.6,24.75,24.6,24.75,2900.0
2017-04-03 12:20:00,GBNK,24.625,24.625,24.625,24.625,200.0
2017-04-03 12:15:00,GBNK,24.65,24.7,24.6,24.7,798.0
2017-04-03 12:10:00,GBNK,24.45,24.6,24.45,24.6,67100.0
2017-04-03 12:05:00,GBNK,24.45,24.45,24.35,24.45,1795.0
2017-04-03 12:00:00,GBNK,24.4,24.45,24.4,24.45,400.0
2017-04-03 11:55:00,GBNK,24.4,24.45,24.35,24.35,1100.0
2017-04-03 11:50:00,GBNK,24.45,24.5,24.45,24.5,700.0
2017-04-03 11:45:00,GBNK,24.45,24.45,24.45,24.45,400.0
2017-04-03 11:40:00,GBNK,24.45,24.45,24.35,24.45,1050.0
2017-04-03 11:35:00,GBNK,24.35,24.45,24.3,24.45,1000.0
2017-04-03 11:30:00,GBNK,24.4,24.5,24.35,24.35,2330.0
2017-04-03 11:25:00,GBNK,24.5,24.5,24.5,24.5,300.0
2017-04-03 11:20:00,GBNK,24.4,24.5,24.4,24.5,2100.0
2017-04-03 11:15:00,GBNK,24.35,24.4,24.35,24.4,1600.0
2017-04-03 11:10:00,GBNK,24.35,24.35,24.3157,24.35,895.0
2017-04-03 11:05:00,GBNK,24.35,24.35,24.35,24.35,300.0
2017-04-03 10:55:00,GBNK,24.35,24.4,24.25,24.3,800.0
2017-04-03 10:50:00,GBNK,24.45,24.45,24.4,24.4,500.0
2017-04-03 10:45:00,GBNK,24.4,24.45,24.4,24.45,600.0
2017-04-03 10:40:00,GBNK,24.35,24.4,24.35,24.4,1180.0
2017-04-03 10:35:00,GBNK,24.35,24.425,24.35,24.425,9100.0
2017-04-03 10:30:00,GBNK,24.25,24.4,24.25,24.35,400.0
2017-04-03 10:20:00,GBNK,24.15,24.2,24.15,24.2,500.0
2017-04-03 10:15:00,GBNK,24.1537,24.2,24.1,24.1,544.0
2017-04-03 10:10:00,GBNK,24.25,24.275,24.25,24.25,500.0
2017-04-03 10:05:00,GBNK,24.4034,24.4034,24.25,24.4,2910.0
2017-04-03 10:00:00,GBNK,24.401,24.401,24.401,24.401,158.0
2017-04-03 09:55:00,GBNK,24.5,24.5,24.4247,24.4247,215.0
2017-04-03 09:50:00,GBNK,24.4,24.5,24.4,24.5,500.0
2017-04-03 09:45:00,GBNK,24.4765,24.4765,24.45,24.451,800.0
2017-04-03 09:40:00,GBNK,24.6,24.6,24.45,24.45,1052.0
2017-04-03 09:35:00,GBNK,24.5,25.19,24.5,24.55,2206.0
2017-03-31 16:05:00,GBNK,24.35,24.35,24.35,24.35,17106.0
2017-03-31 16:00:00,GBNK,24.5,24.5,24.3,24.35,12309.0
2017-03-31 15:55:00,GBNK,24.5,24.5,24.4,24.4,3900.0
2017-04-25 09:35:00,GBNK,25.8,25.875,25.8,25.85,6758.0
2017-04-25 09:40:00,GBNK,25.9,25.925,25.9,25.9,1600.0
2017-04-25 09:45:00,GBNK,25.85,25.875,25.85,25.875,800.0
2017-04-25 09:50:00,GBNK,25.9,25.9,25.8,25.85,3600.0
2017-04-25 09:55:00,GBNK,25.85,25.85,25.85,25.85,482.0
2017-04-25 10:00:00,GBNK,25.8,25.8,25.8,25.8,100.0
2017-04-25 10:05:00,GBNK,25.8,25.9,25.8,25.9,200.0
2017-04-25 10:10:00,GBNK,25.9,25.9,25.8,25.9,1500.0
2017-04-25 10:15:00,GBNK,25.85,25.9,25.85,25.8502,1900.0
2017-04-25 10:20:00,GBNK,25.81,25.9,25.81,25.85,800.0
2017-04-25 10:25:00,GBNK,25.9,25.9,25.85,25.85,700.0
2017-04-25 10:30:00,GBNK,25.85,25.85,25.85,25.85,600.0
2017-04-25 10:35:00,GBNK,25.85,25.85,25.85,25.85,1400.0
2017-04-25 10:40:00,GBNK,25.85,25.85,25.85,25.85,1900.0
2017-04-25 10:50:00,GBNK,25.85,25.85,25.85,25.85,200.0
2017-04-25 10:55:00,GBNK,25.85,25.85,25.85,25.85,1158.0
2017-04-25 11:05:00,GBNK,25.85,25.85,25.8,25.8,2700.0
2017-04-25 11:10:00,GBNK,25.8,25.8,25.8,25.8,100.0
2017-04-25 11:15:00,GBNK,25.85,25.85,25.825,25.825,900.0
2017-04-25 11:20:00,GBNK,25.85,25.85,25.8,25.8,3000.0
2017-04-25 11:25:00,GBNK,25.8,25.8,25.75,25.75,300.0
2017-04-25 11:30:00,GBNK,25.8,25.8,25.8,25.8,900.0
2017-04-25 11:35:00,GBNK,25.8,25.85,25.8,25.8,753.0
2017-04-25 11:40:00,GBNK,25.85,25.85,25.85,25.85,200.0
2017-04-25 11:45:00,GBNK,25.85,25.85,25.8,25.8,622.0
2017-04-25 11:50:00,GBNK,25.8,25.85,25.8,25.8,700.0
2017-04-25 12:00:00,GBNK,25.8,25.8,25.8,25.8,849.0
2017-04-25 12:05:00,GBNK,25.8,25.8,25.725,25.75,20700.0
2017-04-25 12:10:00,GBNK,25.75,25.75,25.75,25.75,1900.0
2017-04-25 12:20:00,GBNK,25.75,25.75,25.75,25.75,200.0
2017-04-25 12:25:00,GBNK,25.75,25.75,25.7,25.75,5931.0
2017-04-25 12:30:00,GBNK,25.75,25.75,25.7,25.7,1955.0
2017-04-25 12:35:00,GBNK,25.7,25.7257,25.7,25.7257,600.0
2017-04-25 12:45:00,GBNK,25.75,25.75,25.75,25.75,200.0
