2017-04-18 15:00:00,IPI,1.815,1.825,1.815,1.825,3290.0
2017-04-18 15:05:00,IPI,1.825,1.825,1.815,1.815,33737.0
2017-04-18 15:10:00,IPI,1.815,1.815,1.815,1.815,2409.0
2017-04-18 15:15:00,IPI,1.815,1.815,1.815,1.815,2026.0
2017-04-18 15:20:00,IPI,1.815,1.815,1.815,1.815,4638.0
2017-04-18 15:25:00,IPI,1.815,1.815,1.815,1.815,4914.0
2017-04-18 15:30:00,IPI,1.815,1.815,1.815,1.815,3665.0
2017-04-18 15:35:00,IPI,1.815,1.815,1.815,1.815,3186.0
2017-04-18 15:40:00,IPI,1.815,1.815,1.815,1.815,6403.0
2017-04-18 15:45:00,IPI,1.815,1.815,1.815,1.815,8857.0
2017-04-18 15:50:00,IPI,1.815,1.815,1.815,1.815,16459.0
2017-04-18 15:55:00,IPI,1.815,1.815,1.815,1.815,22400.0
2017-04-18 16:00:00,IPI,1.815,1.815,1.815,1.815,33975.0
2017-04-18 16:05:00,IPI,1.815,1.815,1.815,1.815,62570.0
2017-04-18 16:10:00,IPI,1.815,1.815,1.815,1.815,0.0
2017-04-18 16:15:00,IPI,1.815,1.815,1.815,1.815,0.0
2017-04-18 16:20:00,IPI,1.815,1.815,1.815,1.815,0.0
2017-04-18 16:25:00,IPI,1.815,1.815,1.815,1.815,0.0
2017-04-18 16:30:00,IPI,1.815,1.815,1.815,1.815,0.0
2017-04-18 16:35:00,IPI,1.815,1.815,1.815,1.815,0.0
2017-04-18 16:40:00,IPI,1.815,1.815,1.815,1.815,0.0
2017-04-18 16:45:00,IPI,1.815,1.815,1.815,1.815,0.0
2017-04-18 16:50:00,IPI,1.815,1.815,1.815,1.815,0.0
2017-04-18 16:55:00,IPI,1.815,1.815,1.815,1.815,0.0
2017-04-18 17:00:00,IPI,1.815,1.815,1.815,1.815,0.0
2017-04-18 17:05:00,IPI,1.815,1.815,1.815,1.815,0.0
2017-04-18 17:10:00,IPI,1.815,1.815,1.815,1.815,0.0
2017-04-18 17:15:00,IPI,1.815,1.815,1.815,1.815,0.0
2017-04-18 17:20:00,IPI,1.815,1.815,1.815,1.815,0.0
2017-04-18 17:25:00,IPI,1.815,1.815,1.815,1.815,0.0
2017-04-18 17:30:00,IPI,1.815,1.85,1.8,1.85,0.0
2017-04-18 17:35:00,IPI,1.85,1.85,1.85,1.85,0.0
2017-04-18 17:40:00,IPI,1.85,1.85,1.85,1.85,0.0
2017-04-18 17:45:00,IPI,1.85,1.85,1.85,1.85,0.0
2017-04-18 17:50:00,IPI,1.85,1.85,1.85,1.85,0.0
2017-04-18 17:55:00,IPI,1.85,1.85,1.85,1.85,0.0
2017-04-18 18:00:00,IPI,1.85,1.85,1.85,1.85,0.0
2017-04-18 18:05:00,IPI,1.85,1.85,1.825,1.83,0.0
2017-04-18 18:10:00,IPI,1.83,1.83,1.83,1.83,0.0
2017-04-18 18:15:00,IPI,1.83,1.83,1.83,1.83,0.0
2017-04-18 18:20:00,IPI,1.83,1.83,1.83,1.83,0.0
2017-04-18 18:25:00,IPI,1.83,1.83,1.83,1.83,0.0
2017-04-18 18:30:00,IPI,1.83,1.83,1.83,1.83,0.0
2017-04-18 18:35:00,IPI,1.83,1.83,1.83,1.83,0.0
2017-04-18 18:40:00,IPI,1.83,1.83,1.83,1.83,0.0
2017-04-18 18:45:00,IPI,1.83,1.83,1.83,1.83,0.0
2017-04-18 18:50:00,IPI,1.83,1.83,1.83,1.83,0.0
2017-04-18 18:55:00,IPI,1.83,1.83,1.83,1.83,0.0
2017-04-18 19:00:00,IPI,1.83,1.83,1.83,1.83,0.0
2017-04-18 19:05:00,IPI,1.83,1.83,1.83,1.83,0.0
2017-04-18 19:10:00,IPI,1.83,1.83,1.83,1.83,0.0
2017-04-18 19:15:00,IPI,1.83,1.83,1.83,1.83,0.0
2017-04-18 19:20:00,IPI,1.83,1.83,1.83,1.83,0.0
2017-04-18 19:25:00,IPI,1.83,1.83,1.83,1.83,0.0
2017-04-18 19:30:00,IPI,1.83,1.83,1.83,1.83,0.0
2017-04-18 19:35:00,IPI,1.83,1.83,1.83,1.83,0.0
2017-04-18 19:40:00,IPI,1.83,1.83,1.83,1.83,0.0
2017-04-18 19:45:00,IPI,1.83,1.83,1.83,1.83,0.0
2017-04-18 19:50:00,IPI,1.83,1.83,1.83,1.83,0.0
2017-04-18 19:55:00,IPI,1.83,1.83,1.83,1.83,0.0
2017-04-18 20:00:00,IPI,1.83,1.83,1.83,1.83,0.0
2017-04-18 20:05:00,IPI,1.83,2.175,1.83,2.175,0.0
2017-04-18 20:10:00,IPI,2.175,2.175,2.175,2.175,0.0
2017-04-18 20:15:00,IPI,2.175,2.175,2.175,2.175,0.0
2017-04-18 20:20:00,IPI,2.175,2.175,2.175,2.175,0.0
2017-04-18 20:25:00,IPI,2.175,2.175,2.175,2.175,0.0
2017-04-18 20:30:00,IPI,2.175,2.175,2.175,2.175,0.0
2017-04-18 20:35:00,IPI,2.175,2.175,2.175,2.175,0.0
2017-04-18 20:40:00,IPI,2.175,2.175,2.175,2.175,0.0
2017-04-18 20:45:00,IPI,2.175,2.175,2.175,2.175,0.0
2017-04-18 20:50:00,IPI,2.175,2.175,2.175,2.175,0.0
2017-04-18 20:55:00,IPI,2.175,2.175,2.175,2.175,0.0
2017-04-19 08:00:00,IPI,1.925,1.925,1.925,1.925,0.0
2017-04-19 08:05:00,IPI,1.925,1.925,1.875,1.875,0.0
2017-04-19 08:10:00,IPI,1.875,1.875,1.875,1.875,0.0
2017-04-19 08:15:00,IPI,1.875,1.875,1.875,1.875,0.0
2017-04-19 08:20:00,IPI,1.875,1.875,1.875,1.875,0.0
2017-04-19 08:25:00,IPI,1.875,1.875,1.875,1.875,0.0
2017-04-19 08:30:00,IPI,1.875,1.875,1.875,1.875,0.0
2017-04-19 08:35:00,IPI,1.875,1.875,1.81,1.81,0.0
2017-04-19 08:40:00,IPI,1.81,1.81,1.81,1.81,0.0
2017-04-19 08:45:00,IPI,1.81,1.81,1.81,1.81,0.0
2017-04-19 08:50:00,IPI,1.81,1.81,1.81,1.81,0.0
2017-04-19 08:55:00,IPI,1.81,1.82,1.81,1.815,0.0
2017-04-19 09:00:00,IPI,1.815,1.835,1.815,1.835,0.0
2017-04-19 09:05:00,IPI,1.835,1.835,1.835,1.835,0.0
2017-04-19 09:10:00,IPI,1.835,1.835,1.835,1.835,0.0
2017-04-19 09:15:00,IPI,1.835,1.835,1.835,1.835,0.0
2017-04-19 09:20:00,IPI,1.835,1.835,1.835,1.835,0.0
2017-04-19 09:25:00,IPI,1.835,1.845,1.835,1.835,0.0
2017-04-19 09:30:00,IPI,1.835,1.835,1.835,1.835,0.0
2017-04-19 09:35:00,IPI,1.835,1.84,1.805,1.815,38300.0
2017-04-19 09:40:00,IPI,1.815,1.815,1.795,1.795,17679.0
2017-04-19 09:45:00,IPI,1.795,1.815,1.795,1.805,9847.0
2017-04-19 09:50:00,IPI,1.805,1.825,1.805,1.825,24100.0
2017-04-19 09:55:00,IPI,1.825,1.825,1.825,1.825,7440.0
2017-04-19 10:00:00,IPI,1.825,1.825,1.825,1.825,4935.0
2017-04-19 10:05:00,IPI,1.825,1.825,1.825,1.825,700.0
2017-04-19 10:10:00,IPI,1.825,1.825,1.825,1.825,3450.0
2017-04-19 10:15:00,IPI,1.825,1.825,1.815,1.815,14120.0
2017-04-19 10:20:00,IPI,1.815,1.815,1.815,1.815,400.0
2017-04-19 10:25:00,IPI,1.815,1.815,1.815,1.815,5500.0
2017-04-19 10:30:00,IPI,1.815,1.815,1.815,1.815,1310.0
2017-04-19 10:35:00,IPI,1.815,1.825,1.815,1.825,20880.0
2017-04-19 10:40:00,IPI,1.825,1.835,1.825,1.835,18293.0
2017-04-19 10:45:00,IPI,1.835,1.835,1.835,1.835,3200.0
2017-04-19 10:50:00,IPI,1.835,1.835,1.835,1.835,5225.0
2017-04-19 10:55:00,IPI,1.835,1.835,1.835,1.835,900.0
2017-04-19 11:00:00,IPI,1.835,1.835,1.835,1.835,12000.0
2017-04-19 11:05:00,IPI,1.835,1.835,1.835,1.835,600.0
2017-04-19 11:10:00,IPI,1.835,1.835,1.82,1.825,22531.0
2017-04-19 11:15:00,IPI,1.825,1.825,1.825,1.825,4850.0
2017-04-19 11:20:00,IPI,1.825,1.825,1.825,1.825,1425.0
2017-04-19 11:25:00,IPI,1.825,1.825,1.825,1.825,3375.0
2017-04-19 11:30:00,IPI,1.825,1.825,1.825,1.825,1000.0
2017-04-19 11:35:00,IPI,1.825,1.825,1.825,1.825,3750.0
2017-04-19 11:40:00,IPI,1.825,1.825,1.825,1.825,1605.0
2017-04-19 11:45:00,IPI,1.825,1.825,1.825,1.825,6550.0
2017-04-19 11:50:00,IPI,1.825,1.825,1.815,1.815,10567.0
2017-04-19 11:55:00,IPI,1.815,1.815,1.815,1.815,6144.0
2017-04-19 12:10:00,IPI,1.815,1.815,1.805,1.805,21534.0
2017-04-19 12:15:00,IPI,1.805,1.805,1.805,1.805,1532.0
2017-04-19 12:20:00,IPI,1.805,1.805,1.805,1.805,1850.0
2017-04-19 12:25:00,IPI,1.805,1.805,1.805,1.805,1110.0
2017-04-19 12:30:00,IPI,1.805,1.805,1.805,1.805,1400.0
2017-04-19 12:35:00,IPI,1.805,1.805,1.805,1.805,1400.0
2017-04-19 12:40:00,IPI,1.805,1.805,1.805,1.805,3200.0
2017-04-19 12:45:00,IPI,1.805,1.805,1.805,1.805,1500.0
2017-04-19 12:50:00,IPI,1.805,1.805,1.805,1.805,1000.0
2017-04-19 12:55:00,IPI,1.805,1.805,1.805,1.805,1450.0
2017-04-19 13:00:00,IPI,1.805,1.805,1.805,1.805,2600.0
2017-04-19 13:05:00,IPI,1.805,1.805,1.805,1.805,4000.0
2017-04-19 13:10:00,IPI,1.805,1.805,1.805,1.805,15601.0
2017-04-19 13:15:00,IPI,1.805,1.805,1.805,1.805,2200.0
2017-04-19 13:20:00,IPI,1.805,1.805,1.805,1.805,2200.0
2017-04-19 13:25:00,IPI,1.805,1.805,1.805,1.805,2600.0
2017-04-19 13:30:00,IPI,1.805,1.805,1.805,1.805,1850.0
2017-04-19 13:35:00,IPI,1.805,1.805,1.805,1.805,2100.0
2017-04-19 13:40:00,IPI,1.805,1.805,1.805,1.805,22248.0
2017-04-19 13:45:00,IPI,1.805,1.805,1.805,1.805,800.0
2017-04-19 13:50:00,IPI,1.805,1.805,1.805,1.805,23850.0
2017-04-19 13:55:00,IPI,1.805,1.805,1.805,1.805,15325.0
2017-04-19 14:00:00,IPI,1.805,1.805,1.795,1.795,48045.0
2017-04-19 14:05:00,IPI,1.795,1.795,1.795,1.795,2917.0
2017-04-19 14:10:00,IPI,1.795,1.795,1.785,1.785,40291.0
2017-04-19 14:15:00,IPI,1.785,1.785,1.785,1.785,15821.0
2017-04-19 14:20:00,IPI,1.785,1.785,1.785,1.785,36761.0
2017-04-19 14:25:00,IPI,1.785,1.785,1.775,1.775,3267.0
2017-04-19 14:30:00,IPI,1.775,1.775,1.775,1.775,2700.0
2017-04-19 14:35:00,IPI,1.775,1.775,1.775,1.775,2000.0
2017-04-19 14:40:00,IPI,1.775,1.775,1.775,1.775,1700.0
2017-04-19 14:45:00,IPI,1.775,1.775,1.775,1.775,5300.0
2017-04-19 14:50:00,IPI,1.775,1.775,1.775,1.775,4088.0
2017-04-19 14:55:00,IPI,1.775,1.775,1.775,1.775,21154.0
2017-04-19 15:00:00,IPI,1.775,1.775,1.765,1.765,12473.0
2017-04-19 15:05:00,IPI,1.765,1.765,1.765,1.765,3904.0
2017-04-19 15:10:00,IPI,1.765,1.765,1.765,1.765,8260.0
2017-04-19 15:15:00,IPI,1.765,1.765,1.725,1.745,64211.0
2017-04-19 15:20:00,IPI,1.745,1.745,1.745,1.745,3009.0
2017-04-19 15:25:00,IPI,1.745,1.745,1.745,1.745,10950.0
2017-04-19 15:30:00,IPI,1.745,1.745,1.745,1.745,2675.0
2017-04-19 15:35:00,IPI,1.745,1.745,1.745,1.745,35533.0
2017-04-19 15:40:00,IPI,1.745,1.745,1.745,1.745,25119.0
2017-04-19 15:45:00,IPI,1.745,1.745,1.745,1.745,3600.0
2017-04-19 15:50:00,IPI,1.745,1.755,1.745,1.755,67606.0
2017-04-19 15:55:00,IPI,1.755,1.755,1.755,1.755,15224.0
2017-04-19 16:00:00,IPI,1.755,1.765,1.755,1.765,86680.0
2017-04-19 16:05:00,IPI,1.765,1.765,1.765,1.765,44344.0
2017-04-19 16:10:00,IPI,1.765,1.815,1.765,1.81,0.0
2017-04-19 16:15:00,IPI,1.81,1.815,1.81,1.81,0.0
2017-04-19 16:20:00,IPI,1.81,1.815,1.81,1.81,427.0
2017-04-19 16:25:00,IPI,1.81,1.815,1.81,1.815,0.0
2017-04-19 16:30:00,IPI,1.815,1.815,1.81,1.81,0.0
2017-04-19 16:35:00,IPI,1.81,1.815,1.81,1.81,0.0
2017-04-19 16:40:00,IPI,1.81,1.815,1.81,1.815,0.0
2017-04-19 16:45:00,IPI,1.815,1.835,1.81,1.835,0.0
2017-04-19 16:50:00,IPI,1.835,1.835,1.835,1.835,0.0
2017-04-19 16:55:00,IPI,1.835,1.835,1.835,1.835,0.0
2017-04-19 17:00:00,IPI,1.835,1.835,1.835,1.835,0.0
2017-04-19 17:05:00,IPI,1.835,1.835,1.835,1.835,0.0
2017-04-19 17:10:00,IPI,1.835,1.835,1.835,1.835,0.0
2017-04-19 17:15:00,IPI,1.835,1.835,1.835,1.835,0.0
2017-04-19 17:20:00,IPI,1.835,1.835,1.835,1.835,0.0
2017-04-19 17:25:00,IPI,1.835,1.835,1.835,1.835,0.0
2017-04-19 17:30:00,IPI,1.835,1.835,1.835,1.835,0.0
2017-04-19 17:35:00,IPI,1.835,1.835,1.835,1.835,0.0
2017-04-19 17:40:00,IPI,1.835,1.835,1.835,1.835,0.0
2017-04-19 17:45:00,IPI,1.835,1.835,1.835,1.835,0.0
2017-04-19 17:50:00,IPI,1.835,1.835,1.835,1.835,0.0
2017-04-19 17:55:00,IPI,1.835,1.835,1.835,1.835,0.0
2017-04-19 18:00:00,IPI,1.835,1.835,1.835,1.835,0.0
2017-04-19 18:05:00,IPI,1.835,1.835,1.81,1.81,0.0
2017-04-19 18:10:00,IPI,1.81,1.81,1.81,1.81,0.0
2017-04-19 18:15:00,IPI,1.81,1.81,1.81,1.81,0.0
2017-04-19 18:20:00,IPI,1.81,1.81,1.81,1.81,0.0
2017-04-19 18:25:00,IPI,1.81,1.81,1.81,1.81,0.0
2017-04-19 18:30:00,IPI,1.81,1.81,1.81,1.81,0.0
2017-04-19 18:35:00,IPI,1.81,1.81,1.81,1.81,0.0
2017-04-19 18:40:00,IPI,1.81,1.81,1.81,1.81,0.0
2017-04-19 18:45:00,IPI,1.81,1.81,1.81,1.81,0.0
2017-04-19 18:50:00,IPI,1.81,1.81,1.81,1.81,0.0
2017-04-19 18:55:00,IPI,1.81,1.81,1.81,1.81,0.0
2017-04-19 19:00:00,IPI,1.81,1.81,1.81,1.81,0.0
2017-04-19 19:05:00,IPI,1.81,1.81,1.81,1.81,0.0
2017-04-19 19:10:00,IPI,1.81,1.81,1.81,1.81,0.0
2017-04-19 19:15:00,IPI,1.81,1.81,1.81,1.81,0.0
2017-04-19 19:20:00,IPI,1.81,1.81,1.81,1.81,0.0
2017-04-19 19:25:00,IPI,1.81,1.81,1.81,1.81,0.0
2017-04-19 19:30:00,IPI,1.81,1.81,1.81,1.81,0.0
2017-04-19 19:35:00,IPI,1.81,1.81,1.81,1.81,0.0
2017-04-19 19:40:00,IPI,1.81,1.81,1.81,1.81,0.0
2017-04-19 19:45:00,IPI,1.81,1.81,1.81,1.81,0.0
2017-04-19 19:50:00,IPI,1.81,1.81,1.81,1.81,0.0
2017-04-19 19:55:00,IPI,1.81,1.81,1.81,1.81,0.0
2017-04-19 20:00:00,IPI,1.81,1.81,1.81,1.81,0.0
2017-04-19 20:05:00,IPI,1.81,2.175,1.81,2.175,0.0
2017-04-19 20:10:00,IPI,2.175,2.175,2.175,2.175,0.0
2017-04-19 20:15:00,IPI,2.175,2.175,2.175,2.175,0.0
2017-04-19 20:20:00,IPI,2.175,2.175,2.175,2.175,0.0
2017-04-19 20:25:00,IPI,2.175,2.175,2.175,2.175,0.0
2017-04-19 20:30:00,IPI,2.175,2.175,2.175,2.175,0.0
2017-04-19 20:35:00,IPI,2.175,2.175,2.175,2.175,0.0
2017-04-19 20:40:00,IPI,2.175,2.175,2.175,2.175,0.0
2017-04-19 20:45:00,IPI,2.175,2.175,2.175,2.175,0.0
2017-04-19 20:50:00,IPI,2.175,2.175,2.175,2.175,0.0
2017-04-19 20:55:00,IPI,2.175,2.175,2.175,2.175,0.0
2017-04-20 08:00:00,IPI,1.9,1.9,1.9,1.9,0.0
2017-04-20 08:05:00,IPI,1.9,1.9,1.875,1.875,0.0
2017-04-20 08:10:00,IPI,1.875,1.875,1.79,1.79,0.0
2017-04-20 08:15:00,IPI,1.79,1.79,1.79,1.79,0.0
2017-04-20 08:20:00,IPI,1.79,1.79,1.79,1.79,0.0
2017-04-20 08:25:00,IPI,1.79,1.79,1.79,1.79,0.0
2017-04-20 08:30:00,IPI,1.79,1.79,1.79,1.79,0.0
2017-04-20 08:35:00,IPI,1.79,1.79,1.79,1.79,0.0
2017-04-20 08:40:00,IPI,1.79,1.79,1.79,1.79,0.0
2017-04-20 08:45:00,IPI,1.79,1.79,1.79,1.79,0.0
2017-04-20 08:50:00,IPI,1.79,1.79,1.79,1.79,0.0
2017-04-20 08:55:00,IPI,1.79,1.79,1.79,1.79,0.0
2017-04-20 09:00:00,IPI,1.79,1.79,1.79,1.79,0.0
2017-04-20 09:05:00,IPI,1.79,1.79,1.775,1.775,0.0
2017-04-20 09:10:00,IPI,1.775,1.775,1.775,1.775,0.0
2017-04-20 09:15:00,IPI,1.775,1.775,1.775,1.775,0.0
2017-04-20 09:20:00,IPI,1.775,1.775,1.775,1.775,0.0
2017-04-20 09:25:00,IPI,1.775,1.78,1.775,1.78,0.0
2017-04-20 09:30:00,IPI,1.78,1.78,1.75,1.75,0.0
2017-04-20 09:35:00,IPI,1.75,1.785,1.745,1.775,37206.0
2017-04-20 09:40:00,IPI,1.775,1.775,1.775,1.775,1872.0
2017-04-20 09:45:00,IPI,1.775,1.8,1.775,1.795,5996.0
2017-04-20 09:50:00,IPI,1.795,1.795,1.795,1.795,6110.0
2017-04-20 09:55:00,IPI,1.795,1.795,1.795,1.795,11700.0
2017-04-20 10:00:00,IPI,1.795,1.795,1.795,1.795,1519.0
2017-04-20 10:05:00,IPI,1.795,1.815,1.795,1.815,23832.0
2017-04-20 10:10:00,IPI,1.815,1.835,1.815,1.825,23580.0
2017-04-20 10:15:00,IPI,1.825,1.835,1.825,1.835,7304.0
2017-04-20 10:20:00,IPI,1.835,1.835,1.835,1.835,7421.0
2017-04-20 10:25:00,IPI,1.835,1.835,1.835,1.835,2010.0
2017-04-20 10:30:00,IPI,1.835,1.835,1.835,1.835,4190.0
2017-04-20 10:35:00,IPI,1.835,1.835,1.835,1.835,5140.0
2017-04-20 10:40:00,IPI,1.835,1.835,1.835,1.835,8064.0
2017-04-20 10:45:00,IPI,1.835,1.865,1.835,1.835,43512.0
2017-04-20 10:50:00,IPI,1.835,1.845,1.835,1.845,4382.0
2017-04-20 10:55:00,IPI,1.845,1.845,1.845,1.845,1503.0
2017-04-20 11:00:00,IPI,1.845,1.845,1.845,1.845,2899.0
2017-04-20 11:05:00,IPI,1.845,1.845,1.815,1.835,7456.0
2017-04-20 11:10:00,IPI,1.835,1.845,1.815,1.845,6010.0
2017-04-20 11:15:00,IPI,1.845,1.845,1.835,1.845,3235.0
2017-04-20 11:20:00,IPI,1.845,1.845,1.835,1.835,3940.0
2017-04-20 11:25:00,IPI,1.835,1.835,1.825,1.825,2820.0
2017-04-20 11:30:00,IPI,1.825,1.825,1.825,1.825,1010.0
2017-04-20 11:35:00,IPI,1.825,1.825,1.825,1.825,4200.0
2017-04-20 11:40:00,IPI,1.825,1.825,1.825,1.825,2191.0
2017-04-20 11:45:00,IPI,1.825,1.825,1.825,1.825,2000.0
2017-04-20 11:50:00,IPI,1.825,1.825,1.825,1.825,1880.0
2017-04-20 11:55:00,IPI,1.825,1.825,1.825,1.825,1700.0
2017-04-20 12:00:00,IPI,1.825,1.825,1.825,1.825,4625.0
2017-04-20 12:05:00,IPI,1.825,1.825,1.825,1.825,4570.0
2017-04-20 12:10:00,IPI,1.825,1.825,1.815,1.815,5070.0
2017-04-20 12:15:00,IPI,1.815,1.815,1.815,1.815,7515.0
2017-04-20 12:20:00,IPI,1.815,1.815,1.815,1.815,3800.0
2017-04-20 12:25:00,IPI,1.815,1.815,1.805,1.805,9990.0
2017-04-20 12:30:00,IPI,1.805,1.815,1.805,1.815,12050.0
2017-04-20 12:35:00,IPI,1.815,1.815,1.815,1.815,1900.0
2017-04-20 12:40:00,IPI,1.815,1.815,1.815,1.815,1650.0
2017-04-20 12:45:00,IPI,1.815,1.815,1.815,1.815,1300.0
2017-04-20 12:50:00,IPI,1.815,1.815,1.815,1.815,2800.0
2017-04-20 12:55:00,IPI,1.815,1.815,1.815,1.815,1500.0
2017-04-20 13:00:00,IPI,1.815,1.815,1.815,1.815,2950.0
2017-04-20 13:05:00,IPI,1.815,1.815,1.815,1.815,5000.0
2017-04-20 13:10:00,IPI,1.815,1.825,1.815,1.815,25553.0
2017-04-20 13:15:00,IPI,1.815,1.815,1.815,1.815,5200.0
2017-04-20 13:20:00,IPI,1.815,1.815,1.815,1.815,2400.0
2017-04-20 13:25:00,IPI,1.815,1.815,1.815,1.815,1355.0
2017-04-20 13:30:00,IPI,1.815,1.815,1.815,1.815,7615.0
2017-04-20 13:35:00,IPI,1.815,1.815,1.815,1.815,5700.0
2017-04-20 13:40:00,IPI,1.815,1.815,1.815,1.815,8950.0
2017-04-20 13:45:00,IPI,1.815,1.815,1.815,1.815,880.0
2017-04-20 13:50:00,IPI,1.815,1.815,1.815,1.815,2600.0
2017-04-20 13:55:00,IPI,1.815,1.815,1.815,1.815,5602.0
2017-04-20 14:00:00,IPI,1.815,1.815,1.815,1.815,1650.0
2017-04-20 14:05:00,IPI,1.815,1.815,1.815,1.815,1000.0
2017-04-20 14:10:00,IPI,1.815,1.815,1.815,1.815,1717.0
2017-04-20 14:15:00,IPI,1.815,1.815,1.815,1.815,1200.0
2017-04-20 14:20:00,IPI,1.815,1.815,1.815,1.815,30359.0
2017-04-20 14:25:00,IPI,1.815,1.815,1.815,1.815,2000.0
2017-04-20 14:30:00,IPI,1.815,1.815,1.815,1.815,7350.0
2017-04-20 14:35:00,IPI,1.815,1.815,1.815,1.815,2100.0
2017-04-20 14:40:00,IPI,1.815,1.815,1.815,1.815,4000.0
2017-04-20 14:45:00,IPI,1.815,1.815,1.815,1.815,4100.0
2017-04-20 14:50:00,IPI,1.815,1.825,1.815,1.825,63429.0
2017-04-20 14:55:00,IPI,1.825,1.825,1.825,1.825,802.0
2017-04-20 15:00:00,IPI,1.825,1.825,1.825,1.825,1500.0
2017-04-20 15:05:00,IPI,1.825,1.825,1.825,1.825,4399.0
2017-04-20 15:10:00,IPI,1.825,1.825,1.825,1.825,2500.0
2017-04-20 15:15:00,IPI,1.825,1.825,1.825,1.825,3400.0
2017-04-20 15:20:00,IPI,1.825,1.825,1.825,1.825,16825.0
2017-04-20 15:25:00,IPI,1.825,1.825,1.805,1.815,60543.0
2017-04-20 15:30:00,IPI,1.815,1.815,1.815,1.815,14313.0
2017-04-20 15:35:00,IPI,1.815,1.815,1.815,1.815,16021.0
2017-04-20 15:40:00,IPI,1.815,1.815,1.815,1.815,3900.0
2017-04-20 15:45:00,IPI,1.815,1.815,1.815,1.815,7500.0
2017-04-20 15:50:00,IPI,1.815,1.815,1.815,1.815,9238.0
2017-04-20 15:55:00,IPI,1.815,1.815,1.815,1.815,21812.0
2017-04-20 16:00:00,IPI,1.815,1.815,1.815,1.815,81186.0
2017-04-20 16:05:00,IPI,1.815,1.815,1.815,1.815,29903.0
2017-04-20 16:10:00,IPI,1.815,1.815,1.815,1.815,0.0
2017-04-20 16:15:00,IPI,1.815,1.815,1.815,1.815,0.0
2017-04-20 16:20:00,IPI,1.815,1.815,1.815,1.815,0.0
2017-04-20 16:25:00,IPI,1.815,1.815,1.815,1.815,0.0
2017-04-20 16:30:00,IPI,1.815,1.815,1.815,1.815,0.0
2017-04-20 16:35:00,IPI,1.815,1.815,1.815,1.815,0.0
2017-04-20 16:40:00,IPI,1.815,1.815,1.815,1.815,0.0
2017-04-20 16:45:00,IPI,1.815,1.815,1.815,1.815,0.0
2017-04-20 16:50:00,IPI,1.815,1.815,1.815,1.815,0.0
2017-04-20 16:55:00,IPI,1.815,1.815,1.815,1.815,0.0
2017-04-20 17:00:00,IPI,1.815,1.815,1.815,1.815,0.0
2017-04-20 17:05:00,IPI,1.815,1.815,1.815,1.815,0.0
2017-04-20 17:10:00,IPI,1.815,1.815,1.815,1.815,0.0
2017-04-20 17:15:00,IPI,1.815,1.815,1.815,1.815,0.0
2017-04-20 17:20:00,IPI,1.815,1.815,1.815,1.815,0.0
2017-04-20 17:25:00,IPI,1.815,1.815,1.815,1.815,0.0
2017-04-20 17:30:00,IPI,1.815,1.85,1.8,1.85,147.0
2017-04-20 17:35:00,IPI,1.85,1.85,1.85,1.85,0.0
2017-04-20 17:40:00,IPI,1.85,1.85,1.85,1.85,0.0
2017-04-20 17:45:00,IPI,1.85,1.85,1.85,1.85,0.0
2017-04-20 17:50:00,IPI,1.85,1.85,1.85,1.85,0.0
2017-04-20 17:55:00,IPI,1.85,1.85,1.85,1.85,0.0
2017-04-20 18:00:00,IPI,1.85,1.85,1.85,1.85,0.0
2017-04-20 18:05:00,IPI,1.85,1.875,1.825,1.875,0.0
2017-04-20 18:10:00,IPI,1.875,1.875,1.875,1.875,0.0
2017-04-20 18:15:00,IPI,1.875,1.875,1.875,1.875,0.0
2017-04-20 18:20:00,IPI,1.875,1.875,1.875,1.875,0.0
2017-04-20 18:25:00,IPI,1.875,1.875,1.875,1.875,0.0
2017-04-20 18:30:00,IPI,1.875,1.875,1.875,1.875,0.0
2017-04-20 18:35:00,IPI,1.875,1.875,1.875,1.875,0.0
2017-04-20 18:40:00,IPI,1.875,1.875,1.875,1.875,0.0
2017-04-20 18:45:00,IPI,1.875,1.875,1.875,1.875,0.0
2017-04-20 18:50:00,IPI,1.875,1.875,1.875,1.875,0.0
2017-04-20 18:55:00,IPI,1.875,1.875,1.875,1.875,0.0
2017-04-20 19:00:00,IPI,1.875,1.875,1.875,1.875,0.0
2017-04-20 19:05:00,IPI,1.875,1.875,1.875,1.875,0.0
2017-04-20 19:10:00,IPI,1.875,1.875,1.875,1.875,0.0
2017-04-20 19:15:00,IPI,1.875,1.875,1.875,1.875,0.0
2017-04-20 19:20:00,IPI,1.875,1.875,1.875,1.875,0.0
2017-04-20 19:25:00,IPI,1.875,1.875,1.875,1.875,0.0
2017-04-20 19:30:00,IPI,1.875,1.875,1.875,1.875,0.0
2017-04-20 19:35:00,IPI,1.875,1.875,1.875,1.875,0.0
2017-04-20 19:40:00,IPI,1.875,1.875,1.875,1.875,0.0
2017-04-20 19:45:00,IPI,1.875,1.875,1.875,1.875,0.0
2017-04-20 19:50:00,IPI,1.875,1.875,1.875,1.875,0.0
2017-04-20 19:55:00,IPI,1.875,1.875,1.875,1.875,0.0
2017-04-20 20:00:00,IPI,1.875,1.875,1.875,1.875,0.0
2017-04-20 20:05:00,IPI,1.875,2.175,1.875,2.175,0.0
2017-04-20 20:10:00,IPI,2.175,2.175,2.175,2.175,0.0
2017-04-20 20:15:00,IPI,2.175,2.175,2.175,2.175,0.0
2017-04-20 20:20:00,IPI,2.175,2.175,2.175,2.175,0.0
2017-04-20 20:25:00,IPI,2.175,2.175,2.175,2.175,0.0
2017-04-20 20:30:00,IPI,2.175,2.175,2.175,2.175,0.0
2017-04-20 20:35:00,IPI,2.175,2.175,2.175,2.175,0.0
2017-04-20 20:40:00,IPI,2.175,2.175,2.175,2.175,0.0
2017-04-20 20:45:00,IPI,2.175,2.175,2.175,2.175,0.0
2017-04-20 20:50:00,IPI,2.175,2.175,2.175,2.175,0.0
2017-04-20 20:55:00,IPI,2.175,2.175,2.175,2.175,0.0
2017-04-21 08:00:00,IPI,2.175,2.175,2.175,2.175,0.0
2017-04-21 08:05:00,IPI,2.175,2.175,1.875,1.875,0.0
2017-04-21 08:10:00,IPI,1.875,1.875,1.875,1.875,0.0
2017-04-21 08:15:00,IPI,1.875,1.875,1.875,1.875,0.0
2017-04-21 08:20:00,IPI,1.875,1.875,1.875,1.875,0.0
2017-04-21 08:25:00,IPI,1.875,1.875,1.875,1.875,0.0
2017-04-21 08:30:00,IPI,1.875,1.875,1.875,1.875,0.0
2017-04-21 08:35:00,IPI,1.875,1.875,1.875,1.875,0.0
2017-04-21 08:40:00,IPI,1.875,1.875,1.875,1.875,0.0
2017-04-21 08:45:00,IPI,1.875,1.875,1.875,1.875,0.0
2017-04-21 08:50:00,IPI,1.875,1.875,1.875,1.875,0.0
2017-04-21 08:55:00,IPI,1.875,1.875,1.875,1.875,0.0
2017-04-21 09:00:00,IPI,1.875,1.875,1.825,1.85,0.0
2017-04-21 09:05:00,IPI,1.85,1.85,1.85,1.85,0.0
2017-04-21 09:10:00,IPI,1.85,1.85,1.85,1.85,0.0
2017-04-21 09:15:00,IPI,1.85,1.85,1.85,1.85,0.0
2017-04-21 09:20:00,IPI,1.85,1.85,1.85,1.85,0.0
2017-04-21 09:25:00,IPI,1.85,1.85,1.83,1.83,0.0
2017-04-21 09:30:00,IPI,1.83,1.83,1.825,1.825,0.0
2017-04-21 09:35:00,IPI,1.825,1.84,1.81,1.815,26388.0
2017-04-21 09:40:00,IPI,1.815,1.82,1.805,1.805,13008.0
2017-04-21 09:45:00,IPI,1.805,1.815,1.805,1.815,8612.0
2017-04-21 09:50:00,IPI,1.815,1.815,1.815,1.815,914.0
2017-04-21 09:55:00,IPI,1.815,1.815,1.785,1.785,7443.0
2017-04-21 10:00:00,IPI,1.785,1.785,1.775,1.775,7118.0
2017-04-21 10:05:00,IPI,1.775,1.775,1.775,1.775,3103.0
2017-04-21 10:10:00,IPI,1.775,1.785,1.775,1.785,13900.0
2017-04-21 10:20:00,IPI,1.785,1.785,1.785,1.785,717.0
2017-04-21 10:25:00,IPI,1.785,1.785,1.765,1.765,45476.0
2017-04-21 10:30:00,IPI,1.765,1.785,1.765,1.785,15747.0
2017-04-21 10:35:00,IPI,1.785,1.795,1.785,1.795,11089.0
2017-04-21 10:40:00,IPI,1.795,1.795,1.795,1.795,2200.0
2017-04-21 10:45:00,IPI,1.795,1.795,1.795,1.795,7700.0
2017-04-21 10:50:00,IPI,1.795,1.795,1.795,1.795,1600.0
2017-04-21 10:55:00,IPI,1.795,1.795,1.795,1.795,2600.0
2017-04-21 11:00:00,IPI,1.795,1.795,1.795,1.795,4705.0
2017-04-21 11:05:00,IPI,1.795,1.795,1.795,1.795,3001.0
2017-04-21 11:10:00,IPI,1.795,1.795,1.795,1.795,2600.0
2017-04-21 11:15:00,IPI,1.795,1.805,1.795,1.805,8246.0
2017-04-21 11:20:00,IPI,1.805,1.805,1.795,1.795,11281.0
2017-04-21 11:25:00,IPI,1.795,1.795,1.795,1.795,800.0
2017-04-21 11:30:00,IPI,1.795,1.795,1.795,1.795,2935.0
2017-04-21 11:35:00,IPI,1.795,1.795,1.795,1.795,2070.0
2017-04-21 11:40:00,IPI,1.795,1.805,1.795,1.805,16389.0
2017-04-21 11:45:00,IPI,1.805,1.805,1.805,1.805,1000.0
2017-04-21 11:50:00,IPI,1.805,1.805,1.805,1.805,900.0
2017-04-21 11:55:00,IPI,1.805,1.805,1.805,1.805,300.0
2017-04-21 12:00:00,IPI,1.805,1.805,1.805,1.805,4100.0
2017-04-21 12:05:00,IPI,1.805,1.805,1.805,1.805,1000.0
2017-04-21 12:10:00,IPI,1.805,1.805,1.805,1.805,1400.0
2017-04-21 12:15:00,IPI,1.805,1.805,1.805,1.805,4820.0
2017-04-21 12:20:00,IPI,1.805,1.805,1.805,1.805,6050.0
2017-04-21 12:25:00,IPI,1.805,1.805,1.805,1.805,18674.0
2017-04-21 12:30:00,IPI,1.805,1.805,1.805,1.805,2358.0
2017-04-21 12:35:00,IPI,1.805,1.815,1.805,1.815,19660.0
2017-04-21 12:40:00,IPI,1.815,1.815,1.815,1.815,800.0
2017-04-21 12:45:00,IPI,1.815,1.815,1.815,1.815,1100.0
2017-04-21 12:50:00,IPI,1.815,1.815,1.815,1.815,1003.0
2017-04-21 12:55:00,IPI,1.815,1.815,1.815,1.815,900.0
2017-04-21 13:00:00,IPI,1.815,1.815,1.805,1.805,6746.0
2017-04-21 13:05:00,IPI,1.805,1.805,1.805,1.805,1000.0
2017-04-21 13:10:00,IPI,1.805,1.815,1.805,1.815,21088.0
2017-04-21 13:15:00,IPI,1.815,1.815,1.805,1.805,20310.0
2017-04-21 13:20:00,IPI,1.805,1.805,1.805,1.805,800.0
2017-04-21 13:25:00,IPI,1.805,1.805,1.805,1.805,1500.0
2017-04-21 13:30:00,IPI,1.805,1.805,1.805,1.805,900.0
2017-04-21 13:35:00,IPI,1.805,1.805,1.805,1.805,2605.0
2017-04-21 13:40:00,IPI,1.805,1.805,1.805,1.805,1100.0
2017-04-21 13:45:00,IPI,1.805,1.805,1.805,1.805,1100.0
2017-04-21 13:50:00,IPI,1.805,1.805,1.805,1.805,2000.0
2017-04-21 13:55:00,IPI,1.805,1.805,1.805,1.805,1250.0
2017-04-21 14:00:00,IPI,1.805,1.815,1.805,1.815,6553.0
2017-04-21 14:05:00,IPI,1.815,1.815,1.815,1.815,13159.0
2017-04-21 14:10:00,IPI,1.815,1.815,1.815,1.815,12791.0
2017-04-21 14:15:00,IPI,1.815,1.815,1.815,1.815,900.0
2017-04-21 14:20:00,IPI,1.815,1.815,1.815,1.815,2000.0
2017-04-21 14:25:00,IPI,1.815,1.815,1.815,1.815,1400.0
2017-04-21 14:30:00,IPI,1.815,1.815,1.815,1.815,2500.0
2017-04-21 14:35:00,IPI,1.815,1.815,1.815,1.815,1720.0
2017-04-21 14:40:00,IPI,1.815,1.815,1.815,1.815,3900.0
2017-04-21 14:45:00,IPI,1.815,1.815,1.815,1.815,1400.0
2017-04-21 14:50:00,IPI,1.815,1.815,1.815,1.815,2505.0
2017-04-21 14:55:00,IPI,1.815,1.815,1.815,1.815,1550.0
2017-04-21 15:00:00,IPI,1.815,1.815,1.815,1.815,2900.0
2017-04-21 15:05:00,IPI,1.815,1.825,1.815,1.815,34245.0
2017-04-21 15:10:00,IPI,1.815,1.835,1.815,1.825,57904.0
2017-04-21 15:15:00,IPI,1.825,1.825,1.825,1.825,6320.0
2017-04-21 15:20:00,IPI,1.825,1.855,1.825,1.845,40622.0
2017-04-21 15:25:00,IPI,1.845,1.845,1.845,1.845,31779.0
2017-04-21 15:30:00,IPI,1.845,1.855,1.845,1.855,21591.0
2017-04-21 15:35:00,IPI,1.855,1.855,1.855,1.855,35801.0
2017-04-21 15:40:00,IPI,1.855,1.855,1.835,1.835,30085.0
2017-04-21 15:45:00,IPI,1.835,1.845,1.835,1.845,26818.0
2017-04-21 15:50:00,IPI,1.845,1.855,1.845,1.855,18200.0
2017-04-21 15:55:00,IPI,1.855,1.855,1.855,1.855,23603.0
2017-04-21 16:00:00,IPI,1.855,1.855,1.855,1.855,62631.0
2017-04-21 16:05:00,IPI,1.855,1.855,1.855,1.855,28929.0
2017-04-21 16:10:00,IPI,1.855,1.855,1.855,1.855,0.0
2017-04-21 16:15:00,IPI,1.855,1.855,1.855,1.855,0.0
2017-04-21 16:20:00,IPI,1.855,1.855,1.855,1.855,0.0
2017-04-21 16:25:00,IPI,1.855,1.855,1.855,1.855,0.0
2017-04-21 16:30:00,IPI,1.855,1.855,1.855,1.855,0.0
2017-04-21 16:35:00,IPI,1.855,1.855,1.855,1.855,0.0
2017-04-21 16:40:00,IPI,1.855,1.855,1.855,1.855,0.0
2017-04-21 16:45:00,IPI,1.855,1.855,1.855,1.855,0.0
2017-04-21 16:50:00,IPI,1.855,1.855,1.855,1.855,0.0
2017-04-21 16:55:00,IPI,1.855,1.855,1.855,1.855,0.0
2017-04-21 17:00:00,IPI,1.855,1.855,1.855,1.855,0.0
2017-04-21 17:05:00,IPI,1.855,1.855,1.855,1.855,0.0
2017-04-21 17:10:00,IPI,1.855,1.855,1.855,1.855,0.0
2017-04-21 17:15:00,IPI,1.855,1.855,1.855,1.855,0.0
2017-04-21 17:20:00,IPI,1.855,1.855,1.855,1.855,0.0
2017-04-21 17:25:00,IPI,1.855,1.855,1.855,1.855,0.0
2017-04-21 17:30:00,IPI,1.855,1.865,1.835,1.865,0.0
2017-04-21 17:35:00,IPI,1.865,1.865,1.865,1.865,0.0
2017-04-21 17:40:00,IPI,1.865,1.865,1.82,1.82,0.0
2017-04-21 17:45:00,IPI,1.82,1.82,1.82,1.82,0.0
2017-04-21 17:50:00,IPI,1.82,1.82,1.82,1.82,0.0
2017-04-21 17:55:00,IPI,1.82,1.82,1.82,1.82,0.0
2017-04-21 18:00:00,IPI,1.82,1.82,1.82,1.82,0.0
2017-04-21 18:05:00,IPI,1.82,1.915,1.82,1.915,0.0
2017-04-21 18:10:00,IPI,1.915,1.915,1.915,1.915,0.0
2017-04-21 18:15:00,IPI,1.915,1.915,1.915,1.915,0.0
2017-04-21 18:20:00,IPI,1.915,1.915,1.915,1.915,0.0
2017-04-21 18:25:00,IPI,1.915,1.915,1.915,1.915,0.0
2017-04-21 18:30:00,IPI,1.915,1.915,1.915,1.915,0.0
2017-04-21 18:35:00,IPI,1.915,1.915,1.915,1.915,0.0
2017-04-21 18:40:00,IPI,1.915,1.915,1.915,1.915,0.0
2017-04-21 18:45:00,IPI,1.915,1.915,1.915,1.915,0.0
2017-04-21 18:50:00,IPI,1.915,1.915,1.915,1.915,0.0
2017-04-21 18:55:00,IPI,1.915,1.915,1.915,1.915,0.0
2017-04-21 19:00:00,IPI,1.915,1.915,1.915,1.915,0.0
2017-04-21 19:05:00,IPI,1.915,1.915,1.915,1.915,0.0
2017-04-21 19:10:00,IPI,1.915,1.915,1.915,1.915,0.0
2017-04-21 19:15:00,IPI,1.915,1.915,1.915,1.915,0.0
2017-04-21 19:20:00,IPI,1.915,1.915,1.915,1.915,0.0
2017-04-21 19:25:00,IPI,1.915,1.915,1.915,1.915,0.0
2017-04-21 19:30:00,IPI,1.915,1.915,1.915,1.915,0.0
2017-04-21 19:35:00,IPI,1.915,1.915,1.915,1.915,0.0
2017-04-21 19:40:00,IPI,1.915,1.915,1.915,1.915,0.0
2017-04-21 19:45:00,IPI,1.915,1.915,1.915,1.915,0.0
2017-04-21 19:50:00,IPI,1.915,1.915,1.915,1.915,0.0
2017-04-21 19:55:00,IPI,1.915,1.915,1.915,1.915,0.0
2017-04-21 20:00:00,IPI,1.915,1.915,1.915,1.915,0.0
2017-04-21 20:05:00,IPI,1.915,2.215,1.915,2.175,0.0
2017-04-21 20:10:00,IPI,2.175,2.175,2.175,2.175,0.0
2017-04-21 20:15:00,IPI,2.175,2.175,2.175,2.175,0.0
2017-04-21 20:20:00,IPI,2.175,2.175,2.175,2.175,0.0
2017-04-21 20:25:00,IPI,2.175,2.175,2.175,2.175,0.0
2017-04-21 20:30:00,IPI,2.175,2.175,2.175,2.175,0.0
2017-04-21 20:35:00,IPI,2.175,2.175,2.175,2.175,0.0
2017-04-21 20:40:00,IPI,2.175,2.175,2.175,2.175,0.0
2017-04-21 20:45:00,IPI,2.175,2.175,2.175,2.175,0.0
2017-04-21 20:50:00,IPI,2.175,2.175,2.175,2.175,0.0
2017-04-21 20:55:00,IPI,2.175,2.175,2.175,2.175,0.0
2017-04-22 08:00:00,IPI,2.175,2.175,2.175,2.175,0.0
2017-04-22 08:05:00,IPI,2.175,2.175,2.175,2.175,0.0
2017-04-22 08:10:00,IPI,2.175,2.175,2.175,2.175,0.0
2017-04-22 08:15:00,IPI,2.175,2.175,2.175,2.175,0.0
2017-04-22 08:20:00,IPI,2.175,2.175,2.175,2.175,0.0
2017-04-22 08:25:00,IPI,2.175,2.175,2.175,2.175,0.0
2017-04-22 08:30:00,IPI,2.175,2.175,2.175,2.175,0.0
2017-04-22 08:35:00,IPI,2.175,2.175,2.175,2.175,0.0
2017-04-22 08:40:00,IPI,2.175,2.175,2.175,2.175,0.0
2017-04-22 08:45:00,IPI,2.175,2.175,2.175,2.175,0.0
2017-04-22 08:50:00,IPI,2.175,2.175,2.175,2.175,0.0
2017-04-22 08:55:00,IPI,2.175,2.175,2.175,2.175,0.0
2017-04-22 09:00:00,IPI,2.175,2.175,2.175,2.175,0.0
2017-04-22 09:05:00,IPI,2.175,2.175,2.175,2.175,0.0
2017-04-22 09:10:00,IPI,2.175,2.175,2.175,2.175,0.0
2017-04-22 09:15:00,IPI,2.175,2.175,2.175,2.175,0.0
2017-04-22 09:20:00,IPI,2.175,2.175,2.175,2.175,0.0
2017-04-22 09:25:00,IPI,2.175,2.175,2.175,2.175,0.0
2017-04-22 09:30:00,IPI,2.175,2.175,2.175,2.175,0.0
2017-04-22 09:35:00,IPI,2.175,2.175,2.175,2.175,0.0
2017-04-22 09:40:00,IPI,2.175,2.175,2.175,2.175,0.0
2017-04-22 09:45:00,IPI,2.175,2.175,2.175,2.175,0.0
2017-04-22 09:50:00,IPI,2.175,2.175,2.175,2.175,0.0
2017-04-22 09:55:00,IPI,2.175,2.175,2.175,2.175,0.0
2017-04-22 10:00:00,IPI,2.175,2.175,2.175,2.175,0.0
2017-04-22 10:05:00,IPI,2.175,2.175,2.175,2.175,0.0
2017-04-22 10:10:00,IPI,2.175,2.175,2.175,2.175,0.0
2017-04-22 10:15:00,IPI,2.175,2.175,2.175,2.175,0.0
2017-04-22 10:20:00,IPI,2.175,2.175,2.175,2.175,0.0
2017-04-22 10:25:00,IPI,2.175,2.175,2.175,2.175,0.0
2017-04-22 10:30:00,IPI,2.175,2.175,2.175,2.175,0.0
2017-04-22 10:35:00,IPI,2.175,2.175,2.175,2.175,0.0
2017-04-22 10:40:00,IPI,2.175,2.175,2.175,2.175,0.0
2017-04-22 10:45:00,IPI,2.175,2.175,2.175,2.175,0.0
2017-04-22 10:50:00,IPI,2.175,2.175,2.175,2.175,0.0
2017-04-22 10:55:00,IPI,2.175,2.175,2.175,2.175,0.0
2017-04-22 11:00:00,IPI,2.175,2.175,2.175,2.175,0.0
2017-04-22 11:05:00,IPI,2.175,2.175,2.175,2.175,0.0
2017-04-22 11:10:00,IPI,2.175,2.175,2.175,2.175,0.0
2017-04-22 11:15:00,IPI,2.175,2.175,2.175,2.175,0.0
2017-04-22 11:20:00,IPI,2.175,2.175,2.175,2.175,0.0
2017-04-22 11:25:00,IPI,2.175,2.175,2.175,2.175,0.0
2017-04-22 11:30:00,IPI,2.175,2.175,2.175,2.175,0.0
2017-04-22 11:35:00,IPI,2.175,2.175,2.175,2.175,0.0
2017-04-22 11:40:00,IPI,2.175,2.175,2.175,2.175,0.0
2017-04-22 11:45:00,IPI,2.175,2.175,2.175,2.175,0.0
2017-04-22 11:50:00,IPI,2.175,2.175,2.175,2.175,0.0
2017-04-22 11:55:00,IPI,2.175,2.175,2.175,2.175,0.0
2017-04-22 12:00:00,IPI,2.175,2.175,2.175,2.175,0.0
2017-04-22 12:05:00,IPI,2.175,2.175,2.175,2.175,0.0
2017-04-22 12:10:00,IPI,2.175,2.175,2.175,2.175,0.0
2017-04-22 12:15:00,IPI,2.175,2.175,2.175,2.175,0.0
2017-04-22 12:20:00,IPI,2.175,2.175,2.175,2.175,0.0
2017-04-22 12:25:00,IPI,2.175,2.175,2.175,2.175,0.0
2017-04-22 12:30:00,IPI,2.175,2.175,2.175,2.175,0.0
2017-04-22 12:35:00,IPI,2.175,2.175,2.175,2.175,0.0
2017-04-22 12:40:00,IPI,2.175,2.175,2.175,2.175,0.0
2017-04-22 12:45:00,IPI,2.175,2.175,2.175,2.175,0.0
2017-04-22 12:50:00,IPI,2.175,2.175,2.175,2.175,0.0
2017-04-22 12:55:00,IPI,2.175,2.175,2.175,2.175,0.0
2017-04-22 13:00:00,IPI,2.175,2.175,2.175,2.175,0.0
2017-04-22 13:05:00,IPI,2.175,2.175,2.175,2.175,0.0
2017-04-22 13:10:00,IPI,2.175,2.175,2.175,2.175,0.0
2017-04-22 13:15:00,IPI,2.175,2.175,2.175,2.175,0.0
2017-04-22 13:20:00,IPI,2.175,2.175,2.175,2.175,0.0
2017-04-22 13:25:00,IPI,2.175,2.175,2.175,2.175,0.0
2017-04-22 13:30:00,IPI,2.175,2.175,2.175,2.175,0.0
2017-04-22 13:35:00,IPI,2.175,2.175,2.175,2.175,0.0
2017-04-22 13:40:00,IPI,2.175,2.175,2.175,2.175,0.0
2017-04-22 13:45:00,IPI,2.175,2.175,2.175,2.175,0.0
2017-04-22 13:50:00,IPI,2.175,2.175,2.175,2.175,0.0
2017-04-22 13:55:00,IPI,2.175,2.175,2.175,2.175,0.0
2017-04-22 14:00:00,IPI,2.175,2.175,2.175,2.175,0.0
2017-04-22 14:05:00,IPI,2.175,2.175,2.175,2.175,0.0
2017-04-22 14:10:00,IPI,2.175,2.175,2.175,2.175,0.0
2017-04-22 14:15:00,IPI,2.175,2.175,2.175,2.175,0.0
2017-04-22 14:20:00,IPI,2.175,2.175,2.175,2.175,0.0
2017-04-22 14:25:00,IPI,2.175,2.175,2.175,2.175,0.0
2017-04-22 14:30:00,IPI,2.175,2.175,2.175,2.175,0.0
2017-04-22 14:35:00,IPI,2.175,2.175,2.175,2.175,0.0
2017-04-22 14:40:00,IPI,2.175,2.175,2.175,2.175,0.0
2017-04-22 14:45:00,IPI,2.175,2.175,2.175,2.175,0.0
2017-04-22 14:50:00,IPI,2.175,2.175,2.175,2.175,0.0
2017-04-22 14:55:00,IPI,2.175,2.175,2.175,2.175,0.0
2017-04-22 15:00:00,IPI,2.175,2.175,2.175,2.175,0.0
2017-04-22 15:05:00,IPI,2.175,2.175,2.175,2.175,0.0
2017-04-22 15:10:00,IPI,2.175,2.175,2.175,2.175,0.0
2017-04-22 15:15:00,IPI,2.175,2.175,2.175,2.175,0.0
2017-04-22 15:20:00,IPI,2.175,2.175,2.175,2.175,0.0
2017-04-22 15:25:00,IPI,2.175,2.175,2.175,2.175,0.0
2017-04-22 15:30:00,IPI,2.175,2.175,2.175,2.175,0.0
2017-04-22 15:35:00,IPI,2.175,2.175,2.175,2.175,0.0
2017-04-22 15:40:00,IPI,2.175,2.175,2.175,2.175,0.0
2017-04-22 15:45:00,IPI,2.175,2.175,2.175,2.175,0.0
2017-04-22 15:50:00,IPI,2.175,2.175,2.175,2.175,0.0
2017-04-22 15:55:00,IPI,2.175,2.175,2.175,2.175,0.0
2017-04-22 16:00:00,IPI,2.175,2.175,2.175,2.175,0.0
2017-04-22 16:05:00,IPI,2.175,2.175,2.175,2.175,0.0
2017-04-22 16:10:00,IPI,2.175,2.175,2.175,2.175,0.0
2017-04-22 16:15:00,IPI,2.175,2.175,2.175,2.175,0.0
2017-04-22 16:20:00,IPI,2.175,2.175,2.175,2.175,0.0
2017-04-22 16:25:00,IPI,2.175,2.175,2.175,2.175,0.0
2017-04-22 16:30:00,IPI,2.175,2.175,2.175,2.175,0.0
2017-04-22 16:35:00,IPI,2.175,2.175,2.175,2.175,0.0
2017-04-22 16:40:00,IPI,2.175,2.175,2.175,2.175,0.0
2017-04-22 16:45:00,IPI,2.175,2.175,2.175,2.175,0.0
2017-04-22 16:50:00,IPI,2.175,2.175,2.175,2.175,0.0
2017-04-22 16:55:00,IPI,2.175,2.175,2.175,2.175,0.0
2017-04-22 17:00:00,IPI,2.175,2.175,2.175,2.175,0.0
2017-04-22 17:05:00,IPI,2.175,2.175,2.175,2.175,0.0
2017-04-22 17:10:00,IPI,2.175,2.175,2.175,2.175,0.0
2017-04-22 17:15:00,IPI,2.175,2.175,2.175,2.175,0.0
2017-04-22 17:20:00,IPI,2.175,2.175,2.175,2.175,0.0
2017-04-22 17:25:00,IPI,2.175,2.175,2.175,2.175,0.0
2017-04-22 17:30:00,IPI,2.175,2.175,2.175,2.175,0.0
2017-04-22 17:35:00,IPI,2.175,2.175,2.175,2.175,0.0
2017-04-22 17:40:00,IPI,2.175,2.175,2.175,2.175,0.0
2017-04-22 17:45:00,IPI,2.175,2.175,2.175,2.175,0.0
2017-04-22 17:50:00,IPI,2.175,2.175,2.175,2.175,0.0
2017-04-22 17:55:00,IPI,2.175,2.175,2.175,2.175,0.0
2017-04-22 18:00:00,IPI,2.175,2.175,2.175,2.175,0.0
2017-04-22 18:05:00,IPI,2.175,2.175,2.175,2.175,0.0
2017-04-22 18:10:00,IPI,2.175,2.175,2.175,2.175,0.0
2017-04-22 18:15:00,IPI,2.175,2.175,2.175,2.175,0.0
2017-04-22 18:20:00,IPI,2.175,2.175,2.175,2.175,0.0
2017-04-22 18:25:00,IPI,2.175,2.175,2.175,2.175,0.0
2017-04-22 18:30:00,IPI,2.175,2.175,2.175,2.175,0.0
2017-04-22 18:35:00,IPI,2.175,2.175,2.175,2.175,0.0
2017-04-22 18:40:00,IPI,2.175,2.175,2.175,2.175,0.0
2017-04-22 18:45:00,IPI,2.175,2.175,2.175,2.175,0.0
2017-04-22 18:50:00,IPI,2.175,2.175,2.175,2.175,0.0
2017-04-22 18:55:00,IPI,2.175,2.175,2.175,2.175,0.0
2017-04-22 19:00:00,IPI,2.175,2.175,2.175,2.175,0.0
2017-04-22 19:05:00,IPI,2.175,2.175,2.175,2.175,0.0
2017-04-22 19:10:00,IPI,2.175,2.175,2.175,2.175,0.0
2017-04-22 19:15:00,IPI,2.175,2.175,2.175,2.175,0.0
2017-04-22 19:20:00,IPI,2.175,2.175,2.175,2.175,0.0
2017-04-22 19:25:00,IPI,2.175,2.175,2.175,2.175,0.0
2017-04-22 19:30:00,IPI,2.175,2.175,2.175,2.175,0.0
2017-04-22 19:35:00,IPI,2.175,2.175,2.175,2.175,0.0
2017-04-22 19:40:00,IPI,2.175,2.175,2.175,2.175,0.0
2017-04-22 19:45:00,IPI,2.175,2.175,2.175,2.175,0.0
2017-04-22 19:50:00,IPI,2.175,2.175,2.175,2.175,0.0
2017-04-22 19:55:00,IPI,2.175,2.175,2.175,2.175,0.0
2017-04-22 20:00:00,IPI,2.175,2.175,2.175,2.175,0.0
2017-04-22 20:05:00,IPI,2.175,2.175,2.175,2.175,0.0
2017-04-22 20:10:00,IPI,2.175,2.175,2.175,2.175,0.0
2017-04-22 20:15:00,IPI,2.175,2.175,2.175,2.175,0.0
2017-04-22 20:20:00,IPI,2.175,2.175,2.175,2.175,0.0
2017-04-22 20:25:00,IPI,2.175,2.175,2.175,2.175,0.0
2017-04-22 20:30:00,IPI,2.175,2.175,2.175,2.175,0.0
2017-04-22 20:35:00,IPI,2.175,2.175,2.175,2.175,0.0
2017-04-22 20:40:00,IPI,2.175,2.175,2.175,2.175,0.0
2017-04-22 20:45:00,IPI,2.175,2.175,2.175,2.175,0.0
2017-04-22 20:50:00,IPI,2.175,2.175,2.175,2.175,0.0
2017-04-22 20:55:00,IPI,2.175,2.175,2.175,2.175,0.0
2017-04-23 08:00:00,IPI,2.175,2.175,2.175,2.175,0.0
2017-04-23 08:05:00,IPI,2.175,2.175,2.175,2.175,0.0
2017-04-23 08:10:00,IPI,2.175,2.175,2.175,2.175,0.0
2017-04-23 08:15:00,IPI,2.175,2.175,2.175,2.175,0.0
2017-04-23 08:20:00,IPI,2.175,2.175,2.175,2.175,0.0
2017-04-23 08:25:00,IPI,2.175,2.175,2.175,2.175,0.0
2017-04-23 08:30:00,IPI,2.175,2.175,2.175,2.175,0.0
2017-04-23 08:35:00,IPI,2.175,2.175,2.175,2.175,0.0
2017-04-23 08:40:00,IPI,2.175,2.175,2.175,2.175,0.0
2017-04-23 08:45:00,IPI,2.175,2.175,2.175,2.175,0.0
2017-04-23 08:50:00,IPI,2.175,2.175,2.175,2.175,0.0
2017-04-23 08:55:00,IPI,2.175,2.175,2.175,2.175,0.0
2017-04-23 09:00:00,IPI,2.175,2.175,2.175,2.175,0.0
2017-04-23 09:05:00,IPI,2.175,2.175,2.175,2.175,0.0
2017-04-23 09:10:00,IPI,2.175,2.175,2.175,2.175,0.0
2017-04-23 09:15:00,IPI,2.175,2.175,2.175,2.175,0.0
2017-04-23 09:20:00,IPI,2.175,2.175,2.175,2.175,0.0
2017-04-23 09:25:00,IPI,2.175,2.175,2.175,2.175,0.0
2017-04-23 09:30:00,IPI,2.175,2.175,2.175,2.175,0.0
2017-04-23 09:35:00,IPI,2.175,2.175,2.175,2.175,0.0
2017-04-23 09:40:00,IPI,2.175,2.175,2.175,2.175,0.0
2017-04-23 09:45:00,IPI,2.175,2.175,2.175,2.175,0.0
2017-04-23 09:50:00,IPI,2.175,2.175,2.175,2.175,0.0
2017-04-23 09:55:00,IPI,2.175,2.175,2.175,2.175,0.0
2017-04-23 10:00:00,IPI,2.175,2.175,2.175,2.175,0.0
2017-04-23 10:05:00,IPI,2.175,2.175,2.175,2.175,0.0
2017-04-23 10:10:00,IPI,2.175,2.175,2.175,2.175,0.0
2017-04-23 10:15:00,IPI,2.175,2.175,2.175,2.175,0.0
2017-04-23 10:20:00,IPI,2.175,2.175,2.175,2.175,0.0
2017-04-23 10:25:00,IPI,2.175,2.175,2.175,2.175,0.0
2017-04-23 10:30:00,IPI,2.175,2.175,2.175,2.175,0.0
2017-04-23 10:35:00,IPI,2.175,2.175,2.175,2.175,0.0
2017-04-23 10:40:00,IPI,2.175,2.175,2.175,2.175,0.0
2017-04-23 10:45:00,IPI,2.175,2.175,2.175,2.175,0.0
2017-04-23 10:50:00,IPI,2.175,2.175,2.175,2.175,0.0
2017-04-23 10:55:00,IPI,2.175,2.175,2.175,2.175,0.0
2017-04-23 11:00:00,IPI,2.175,2.175,2.175,2.175,0.0
2017-04-23 11:05:00,IPI,2.175,2.175,2.175,2.175,0.0
2017-04-23 11:10:00,IPI,2.175,2.175,2.175,2.175,0.0
2017-04-23 11:15:00,IPI,2.175,2.175,2.175,2.175,0.0
2017-04-23 11:20:00,IPI,2.175,2.175,2.175,2.175,0.0
2017-04-23 11:25:00,IPI,2.175,2.175,2.175,2.175,0.0
2017-04-23 11:30:00,IPI,2.175,2.175,2.175,2.175,0.0
2017-04-23 11:35:00,IPI,2.175,2.175,2.175,2.175,0.0
2017-04-23 11:40:00,IPI,2.175,2.175,2.175,2.175,0.0
2017-04-23 11:45:00,IPI,2.175,2.175,2.175,2.175,0.0
2017-04-23 11:50:00,IPI,2.175,2.175,2.175,2.175,0.0
2017-04-23 11:55:00,IPI,2.175,2.175,2.175,2.175,0.0
2017-04-23 12:00:00,IPI,2.175,2.175,2.175,2.175,0.0
2017-04-23 12:05:00,IPI,2.175,2.175,2.175,2.175,0.0
2017-04-23 12:10:00,IPI,2.175,2.175,2.175,2.175,0.0
2017-04-23 12:15:00,IPI,2.175,2.175,2.175,2.175,0.0
2017-04-23 12:20:00,IPI,2.175,2.175,2.175,2.175,0.0
2017-04-23 12:25:00,IPI,2.175,2.175,2.175,2.175,0.0
2017-04-23 12:30:00,IPI,2.175,2.175,2.175,2.175,0.0
2017-04-23 12:35:00,IPI,2.175,2.175,2.175,2.175,0.0
2017-04-23 12:40:00,IPI,2.175,2.175,2.175,2.175,0.0
2017-04-23 12:45:00,IPI,2.175,2.175,2.175,2.175,0.0
2017-04-23 12:50:00,IPI,2.175,2.175,2.175,2.175,0.0
2017-04-23 12:55:00,IPI,2.175,2.175,2.175,2.175,0.0
2017-04-23 13:00:00,IPI,2.175,2.175,2.175,2.175,0.0
2017-04-23 13:05:00,IPI,2.175,2.175,2.175,2.175,0.0
2017-04-23 13:10:00,IPI,2.175,2.175,2.175,2.175,0.0
2017-04-23 13:15:00,IPI,2.175,2.175,2.175,2.175,0.0
2017-04-23 13:20:00,IPI,2.175,2.175,2.175,2.175,0.0
2017-04-23 13:25:00,IPI,2.175,2.175,2.175,2.175,0.0
2017-04-23 13:30:00,IPI,2.175,2.175,2.175,2.175,0.0
2017-04-23 13:35:00,IPI,2.175,2.175,2.175,2.175,0.0
2017-04-23 13:40:00,IPI,2.175,2.175,2.175,2.175,0.0
2017-04-23 13:45:00,IPI,2.175,2.175,2.175,2.175,0.0
2017-04-23 13:50:00,IPI,2.175,2.175,2.175,2.175,0.0
2017-04-23 13:55:00,IPI,2.175,2.175,2.175,2.175,0.0
2017-04-23 14:00:00,IPI,2.175,2.175,2.175,2.175,0.0
2017-04-23 14:05:00,IPI,2.175,2.175,2.175,2.175,0.0
2017-04-23 14:10:00,IPI,2.175,2.175,2.175,2.175,0.0
2017-04-23 14:15:00,IPI,2.175,2.175,2.175,2.175,0.0
2017-04-23 14:20:00,IPI,2.175,2.175,2.175,2.175,0.0
2017-04-23 14:25:00,IPI,2.175,2.175,2.175,2.175,0.0
2017-04-23 14:30:00,IPI,2.175,2.175,2.175,2.175,0.0
2017-04-23 14:35:00,IPI,2.175,2.175,2.175,2.175,0.0
2017-04-23 14:40:00,IPI,2.175,2.175,2.175,2.175,0.0
2017-04-23 14:45:00,IPI,2.175,2.175,2.175,2.175,0.0
2017-04-23 14:50:00,IPI,2.175,2.175,2.175,2.175,0.0
2017-04-23 14:55:00,IPI,2.175,2.175,2.175,2.175,0.0
2017-04-23 15:00:00,IPI,2.175,2.175,2.175,2.175,0.0
2017-04-23 15:05:00,IPI,2.175,2.175,2.175,2.175,0.0
2017-04-23 15:10:00,IPI,2.175,2.175,2.175,2.175,0.0
2017-04-23 15:15:00,IPI,2.175,2.175,2.175,2.175,0.0
2017-04-23 15:20:00,IPI,2.175,2.175,2.175,2.175,0.0
2017-04-23 15:25:00,IPI,2.175,2.175,2.175,2.175,0.0
2017-04-23 15:30:00,IPI,2.175,2.175,2.175,2.175,0.0
2017-04-23 15:35:00,IPI,2.175,2.175,2.175,2.175,0.0
2017-04-23 15:40:00,IPI,2.175,2.175,2.175,2.175,0.0
2017-04-23 15:45:00,IPI,2.175,2.175,2.175,2.175,0.0
2017-04-23 15:50:00,IPI,2.175,2.175,2.175,2.175,0.0
2017-04-23 15:55:00,IPI,2.175,2.175,2.175,2.175,0.0
2017-04-23 16:00:00,IPI,2.175,2.175,2.175,2.175,0.0
2017-04-23 16:05:00,IPI,2.175,2.175,2.175,2.175,0.0
2017-04-23 16:10:00,IPI,2.175,2.175,2.175,2.175,0.0
2017-04-23 16:15:00,IPI,2.175,2.175,2.175,2.175,0.0
2017-04-23 16:20:00,IPI,2.175,2.175,2.175,2.175,0.0
2017-04-23 16:25:00,IPI,2.175,2.175,2.175,2.175,0.0
2017-04-23 16:30:00,IPI,2.175,2.175,2.175,2.175,0.0
2017-04-23 16:35:00,IPI,2.175,2.175,2.175,2.175,0.0
2017-04-23 16:40:00,IPI,2.175,2.175,2.175,2.175,0.0
2017-04-23 16:45:00,IPI,2.175,2.175,2.175,2.175,0.0
2017-04-23 16:50:00,IPI,2.175,2.175,2.175,2.175,0.0
2017-04-23 16:55:00,IPI,2.175,2.175,2.175,2.175,0.0
2017-04-23 17:00:00,IPI,2.175,2.175,2.175,2.175,0.0
2017-04-23 17:05:00,IPI,2.175,2.175,2.175,2.175,0.0
2017-04-23 17:10:00,IPI,2.175,2.175,2.175,2.175,0.0
2017-04-23 17:15:00,IPI,2.175,2.175,2.175,2.175,0.0
2017-04-23 17:20:00,IPI,2.175,2.175,2.175,2.175,0.0
2017-04-23 17:25:00,IPI,2.175,2.175,2.175,2.175,0.0
2017-04-23 17:30:00,IPI,2.175,2.175,2.175,2.175,0.0
2017-04-23 17:35:00,IPI,2.175,2.175,2.175,2.175,0.0
2017-04-23 17:40:00,IPI,2.175,2.175,2.175,2.175,0.0
2017-04-23 17:45:00,IPI,2.175,2.175,2.175,2.175,0.0
2017-04-23 17:50:00,IPI,2.175,2.175,2.175,2.175,0.0
2017-04-23 17:55:00,IPI,2.175,2.175,2.175,2.175,0.0
2017-04-23 18:00:00,IPI,2.175,2.175,2.175,2.175,0.0
2017-04-23 18:05:00,IPI,2.175,2.175,2.175,2.175,0.0
2017-04-23 18:10:00,IPI,2.175,2.175,2.175,2.175,0.0
2017-04-23 18:15:00,IPI,2.175,2.175,2.175,2.175,0.0
2017-04-23 18:20:00,IPI,2.175,2.175,2.175,2.175,0.0
2017-04-23 18:25:00,IPI,2.175,2.175,2.175,2.175,0.0
2017-04-23 18:30:00,IPI,2.175,2.175,2.175,2.175,0.0
2017-04-23 18:35:00,IPI,2.175,2.175,2.175,2.175,0.0
2017-04-23 18:40:00,IPI,2.175,2.175,2.175,2.175,0.0
2017-04-23 18:45:00,IPI,2.175,2.175,2.175,2.175,0.0
2017-04-23 18:50:00,IPI,2.175,2.175,2.175,2.175,0.0
2017-04-23 18:55:00,IPI,2.175,2.175,2.175,2.175,0.0
2017-04-23 19:00:00,IPI,2.175,2.175,2.175,2.175,0.0
2017-04-23 19:05:00,IPI,2.175,2.175,2.175,2.175,0.0
2017-04-23 19:10:00,IPI,2.175,2.175,2.175,2.175,0.0
2017-04-23 19:15:00,IPI,2.175,2.175,2.175,2.175,0.0
2017-04-23 19:20:00,IPI,2.175,2.175,2.175,2.175,0.0
2017-04-23 19:25:00,IPI,2.175,2.175,2.175,2.175,0.0
2017-04-23 19:30:00,IPI,2.175,2.175,2.175,2.175,0.0
2017-04-23 19:35:00,IPI,2.175,2.175,2.175,2.175,0.0
2017-04-23 19:40:00,IPI,2.175,2.175,2.175,2.175,0.0
2017-04-23 19:45:00,IPI,2.175,2.175,2.175,2.175,0.0
2017-04-23 19:50:00,IPI,2.175,2.175,2.175,2.175,0.0
2017-04-23 19:55:00,IPI,2.175,2.175,2.175,2.175,0.0
2017-04-23 20:00:00,IPI,2.175,2.175,2.175,2.175,0.0
2017-04-23 20:05:00,IPI,2.175,2.175,2.175,2.175,0.0
2017-04-23 20:10:00,IPI,2.175,2.175,2.175,2.175,0.0
2017-04-23 20:15:00,IPI,2.175,2.175,2.175,2.175,0.0
2017-04-23 20:20:00,IPI,2.175,2.175,2.175,2.175,0.0
2017-04-23 20:25:00,IPI,2.175,2.175,2.175,2.175,0.0
2017-04-23 20:30:00,IPI,2.175,2.175,2.175,2.175,0.0
2017-04-23 20:35:00,IPI,2.175,2.175,2.175,2.175,0.0
2017-04-23 20:40:00,IPI,2.175,2.175,2.175,2.175,0.0
2017-04-23 20:45:00,IPI,2.175,2.175,2.175,2.175,0.0
2017-04-23 20:50:00,IPI,2.175,2.175,2.175,2.175,0.0
2017-04-23 20:55:00,IPI,2.175,2.175,2.175,2.175,0.0
