2017-04-18 15:00:00,SYNC,3.475,3.475,3.475,3.475,110.0
2017-04-18 15:05:00,SYNC,3.475,3.525,3.475,3.525,38828.0
2017-04-18 15:10:00,SYNC,3.525,3.525,3.475,3.475,2300.0
2017-04-18 15:15:00,SYNC,3.475,3.475,3.475,3.475,400.0
2017-04-18 15:20:00,SYNC,3.475,3.475,3.475,3.475,0.0
2017-04-18 15:25:00,SYNC,3.475,3.525,3.475,3.525,30300.0
2017-04-18 15:30:00,SYNC,3.525,3.525,3.525,3.525,20000.0
2017-04-18 15:35:00,SYNC,3.525,3.525,3.475,3.475,70530.0
2017-04-18 15:40:00,SYNC,3.475,3.475,3.475,3.475,4000.0
2017-04-18 15:45:00,SYNC,3.475,3.475,3.475,3.475,2350.0
2017-04-18 15:50:00,SYNC,3.475,3.475,3.475,3.475,700.0
2017-04-18 15:55:00,SYNC,3.475,3.475,3.475,3.475,12100.0
2017-04-18 16:00:00,SYNC,3.475,3.475,3.475,3.475,12444.0
2017-04-18 16:05:00,SYNC,3.475,3.55,3.425,3.425,10736.0
2017-04-18 16:10:00,SYNC,3.425,3.475,3.425,3.45,0.0
2017-04-18 16:15:00,SYNC,3.45,3.475,3.325,3.325,0.0
2017-04-18 16:20:00,SYNC,3.325,3.35,3.325,3.325,0.0
2017-04-18 16:25:00,SYNC,3.325,3.35,3.325,3.325,0.0
2017-04-18 16:30:00,SYNC,3.325,3.35,3.325,3.325,0.0
2017-04-18 16:35:00,SYNC,3.325,3.525,3.325,3.525,0.0
2017-04-18 16:40:00,SYNC,3.525,3.525,3.525,3.525,0.0
2017-04-18 16:45:00,SYNC,3.525,3.525,3.525,3.525,0.0
2017-04-18 16:50:00,SYNC,3.525,3.525,3.525,3.525,0.0
2017-04-18 16:55:00,SYNC,3.525,3.525,3.525,3.525,0.0
2017-04-18 17:00:00,SYNC,3.525,3.525,3.525,3.525,0.0
2017-04-18 17:05:00,SYNC,3.525,3.525,3.525,3.525,0.0
2017-04-18 17:10:00,SYNC,3.525,3.525,3.525,3.525,0.0
2017-04-18 17:15:00,SYNC,3.525,3.65,3.525,3.65,0.0
2017-04-18 17:20:00,SYNC,3.65,3.65,3.65,3.65,0.0
2017-04-18 17:25:00,SYNC,3.65,3.65,3.65,3.65,0.0
2017-04-18 17:30:00,SYNC,3.65,3.65,3.65,3.65,0.0
2017-04-18 17:35:00,SYNC,3.65,3.65,3.65,3.65,0.0
2017-04-18 17:40:00,SYNC,3.65,3.65,3.65,3.65,0.0
2017-04-18 17:45:00,SYNC,3.65,3.65,3.65,3.65,0.0
2017-04-18 17:50:00,SYNC,3.65,3.65,3.65,3.65,0.0
2017-04-18 17:55:00,SYNC,3.65,3.65,3.65,3.65,0.0
2017-04-18 18:00:00,SYNC,3.65,3.65,3.65,3.65,0.0
2017-04-18 18:05:00,SYNC,3.65,3.65,3.65,3.65,0.0
2017-04-18 18:10:00,SYNC,3.65,3.65,3.65,3.65,0.0
2017-04-18 18:15:00,SYNC,3.65,3.65,3.65,3.65,0.0
2017-04-18 18:20:00,SYNC,3.65,3.65,3.65,3.65,0.0
2017-04-18 18:25:00,SYNC,3.65,3.65,3.65,3.65,0.0
2017-04-18 18:30:00,SYNC,3.65,3.65,3.65,3.65,0.0
2017-04-18 18:35:00,SYNC,3.65,3.65,3.65,3.65,0.0
2017-04-18 18:40:00,SYNC,3.65,3.65,3.65,3.65,0.0
2017-04-18 18:45:00,SYNC,3.65,3.65,3.65,3.65,0.0
2017-04-18 18:50:00,SYNC,3.65,3.65,3.65,3.65,0.0
2017-04-18 18:55:00,SYNC,3.65,3.65,3.65,3.65,0.0
2017-04-18 19:00:00,SYNC,3.65,3.65,3.65,3.65,0.0
2017-04-18 19:05:00,SYNC,3.65,3.65,3.65,3.65,0.0
2017-04-18 19:10:00,SYNC,3.65,3.65,3.65,3.65,0.0
2017-04-18 19:15:00,SYNC,3.65,3.65,3.65,3.65,0.0
2017-04-18 19:20:00,SYNC,3.65,3.65,3.65,3.65,0.0
2017-04-18 19:25:00,SYNC,3.65,3.65,3.65,3.65,0.0
2017-04-18 19:30:00,SYNC,3.65,3.65,3.65,3.65,0.0
2017-04-18 19:35:00,SYNC,3.65,3.65,3.65,3.65,0.0
2017-04-18 19:40:00,SYNC,3.65,3.65,3.65,3.65,0.0
2017-04-18 19:45:00,SYNC,3.65,3.65,3.65,3.65,0.0
2017-04-18 19:50:00,SYNC,3.65,3.65,3.65,3.65,0.0
2017-04-18 19:55:00,SYNC,3.65,3.65,3.65,3.65,0.0
2017-04-18 20:00:00,SYNC,3.65,3.65,3.65,3.65,0.0
2017-04-18 20:05:00,SYNC,3.65,3.85,3.65,3.65,0.0
2017-04-18 20:10:00,SYNC,3.65,3.65,3.65,3.65,0.0
2017-04-18 20:15:00,SYNC,3.65,3.65,3.65,3.65,0.0
2017-04-18 20:20:00,SYNC,3.65,3.65,3.65,3.65,0.0
2017-04-18 20:25:00,SYNC,3.65,3.65,3.65,3.65,0.0
2017-04-18 20:30:00,SYNC,3.65,3.65,3.65,3.65,0.0
2017-04-18 20:35:00,SYNC,3.65,3.65,3.65,3.65,0.0
2017-04-18 20:40:00,SYNC,3.65,3.65,3.65,3.65,0.0
2017-04-18 20:45:00,SYNC,3.65,3.65,3.65,3.65,0.0
2017-04-18 20:50:00,SYNC,3.65,3.65,3.65,3.65,0.0
2017-04-18 20:55:00,SYNC,3.65,3.65,3.65,3.65,0.0
2017-04-19 08:00:00,SYNC,3.625,3.625,3.625,3.625,0.0
2017-04-19 08:05:00,SYNC,3.625,3.625,3.625,3.625,0.0
2017-04-19 08:10:00,SYNC,3.625,3.625,3.625,3.625,0.0
2017-04-19 08:15:00,SYNC,3.625,3.625,3.625,3.625,0.0
2017-04-19 08:20:00,SYNC,3.625,3.625,3.625,3.625,0.0
2017-04-19 08:25:00,SYNC,3.625,3.625,3.625,3.625,0.0
2017-04-19 08:30:00,SYNC,3.625,3.625,3.625,3.625,0.0
2017-04-19 08:35:00,SYNC,3.625,3.625,3.625,3.625,0.0
2017-04-19 08:40:00,SYNC,3.625,3.625,3.625,3.625,0.0
2017-04-19 08:45:00,SYNC,3.625,3.625,3.625,3.625,0.0
2017-04-19 08:50:00,SYNC,3.625,3.625,3.625,3.625,0.0
2017-04-19 08:55:00,SYNC,3.625,3.625,3.625,3.625,0.0
2017-04-19 09:00:00,SYNC,3.625,3.625,3.275,3.275,0.0
2017-04-19 09:05:00,SYNC,3.275,3.275,3.275,3.275,0.0
2017-04-19 09:10:00,SYNC,3.275,3.275,3.275,3.275,0.0
2017-04-19 09:15:00,SYNC,3.275,3.275,3.275,3.275,0.0
2017-04-19 09:20:00,SYNC,3.275,3.275,3.275,3.275,0.0
2017-04-19 09:25:00,SYNC,3.275,3.275,3.275,3.275,0.0
2017-04-19 09:30:00,SYNC,3.275,3.4,3.25,3.275,400.0
2017-04-19 09:35:00,SYNC,3.275,3.525,3.275,3.525,17986.0
2017-04-19 09:40:00,SYNC,3.525,3.525,3.525,3.525,12170.0
2017-04-19 09:45:00,SYNC,3.525,3.525,3.525,3.525,9600.0
2017-04-19 09:50:00,SYNC,3.525,3.525,3.525,3.525,14100.0
2017-04-19 09:55:00,SYNC,3.525,3.525,3.525,3.525,18631.0
2017-04-19 10:00:00,SYNC,3.525,3.525,3.525,3.525,20046.0
2017-04-19 10:05:00,SYNC,3.525,3.55,3.525,3.525,9000.0
2017-04-19 10:10:00,SYNC,3.525,3.525,3.525,3.525,4891.0
2017-04-19 10:15:00,SYNC,3.525,3.525,3.525,3.525,600.0
2017-04-19 10:20:00,SYNC,3.525,3.525,3.525,3.525,3835.0
2017-04-19 10:25:00,SYNC,3.525,3.525,3.525,3.525,1605.0
2017-04-19 10:30:00,SYNC,3.525,3.525,3.525,3.525,200.0
2017-04-19 10:35:00,SYNC,3.525,3.525,3.525,3.525,2000.0
2017-04-19 10:40:00,SYNC,3.525,3.525,3.525,3.525,2015.0
2017-04-19 10:45:00,SYNC,3.525,3.525,3.525,3.525,5166.0
2017-04-19 10:50:00,SYNC,3.525,3.525,3.525,3.525,500.0
2017-04-19 10:55:00,SYNC,3.525,3.525,3.525,3.525,200.0
2017-04-19 11:00:00,SYNC,3.525,3.525,3.525,3.525,0.0
2017-04-19 11:05:00,SYNC,3.525,3.525,3.525,3.525,500.0
2017-04-19 11:10:00,SYNC,3.525,3.525,3.525,3.525,869.0
2017-04-19 11:15:00,SYNC,3.525,3.525,3.525,3.525,2801.0
2017-04-19 11:20:00,SYNC,3.525,3.525,3.525,3.525,1500.0
2017-04-19 11:25:00,SYNC,3.525,3.525,3.525,3.525,1448.0
2017-04-19 11:30:00,SYNC,3.525,3.525,3.525,3.525,2100.0
2017-04-19 11:35:00,SYNC,3.525,3.525,3.525,3.525,1700.0
2017-04-19 11:40:00,SYNC,3.525,3.575,3.525,3.525,28226.0
2017-04-19 11:45:00,SYNC,3.525,3.525,3.525,3.525,600.0
2017-04-19 11:50:00,SYNC,3.525,3.525,3.525,3.525,4054.0
2017-04-19 11:55:00,SYNC,3.525,3.525,3.525,3.525,1100.0
2017-04-19 12:10:00,SYNC,3.525,3.525,3.5,3.525,31976.0
2017-04-19 12:15:00,SYNC,3.525,3.525,3.525,3.525,400.0
2017-04-19 12:20:00,SYNC,3.525,3.525,3.525,3.525,2730.0
2017-04-19 12:25:00,SYNC,3.525,3.525,3.525,3.525,100.0
2017-04-19 12:30:00,SYNC,3.525,3.525,3.525,3.525,4650.0
2017-04-19 12:35:00,SYNC,3.525,3.525,3.525,3.525,2500.0
2017-04-19 12:40:00,SYNC,3.525,3.525,3.525,3.525,200.0
2017-04-19 12:45:00,SYNC,3.525,3.525,3.525,3.525,100.0
2017-04-19 12:50:00,SYNC,3.525,3.525,3.525,3.525,350.0
2017-04-19 12:55:00,SYNC,3.525,3.525,3.525,3.525,1300.0
2017-04-19 13:00:00,SYNC,3.525,3.525,3.525,3.525,600.0
2017-04-19 13:05:00,SYNC,3.525,3.525,3.525,3.525,600.0
2017-04-19 13:10:00,SYNC,3.525,3.525,3.525,3.525,2213.0
2017-04-19 13:15:00,SYNC,3.525,3.525,3.525,3.525,587.0
2017-04-19 13:20:00,SYNC,3.525,3.525,3.525,3.525,100.0
2017-04-19 13:25:00,SYNC,3.525,3.525,3.525,3.525,340.0
2017-04-19 13:30:00,SYNC,3.525,3.525,3.525,3.525,342.0
2017-04-19 13:35:00,SYNC,3.525,3.525,3.525,3.525,200.0
2017-04-19 13:40:00,SYNC,3.525,3.525,3.525,3.525,100.0
2017-04-19 13:45:00,SYNC,3.525,3.525,3.525,3.525,500.0
2017-04-19 13:50:00,SYNC,3.525,3.525,3.525,3.525,900.0
2017-04-19 13:55:00,SYNC,3.525,3.525,3.525,3.525,5600.0
2017-04-19 14:00:00,SYNC,3.525,3.525,3.525,3.525,400.0
2017-04-19 14:05:00,SYNC,3.525,3.525,3.525,3.525,600.0
2017-04-19 14:10:00,SYNC,3.525,3.525,3.525,3.525,934.0
2017-04-19 14:15:00,SYNC,3.525,3.525,3.525,3.525,300.0
2017-04-19 14:20:00,SYNC,3.525,3.525,3.525,3.525,200.0
2017-04-19 14:25:00,SYNC,3.525,3.525,3.525,3.525,956.0
2017-04-19 14:30:00,SYNC,3.525,3.525,3.525,3.525,1800.0
2017-04-19 14:35:00,SYNC,3.525,3.525,3.525,3.525,600.0
2017-04-19 14:40:00,SYNC,3.525,3.525,3.525,3.525,900.0
2017-04-19 14:45:00,SYNC,3.525,3.525,3.525,3.525,2315.0
2017-04-19 14:50:00,SYNC,3.525,3.525,3.525,3.525,400.0
2017-04-19 14:55:00,SYNC,3.525,3.525,3.525,3.525,700.0
2017-04-19 15:00:00,SYNC,3.525,3.525,3.525,3.525,1250.0
2017-04-19 15:05:00,SYNC,3.525,3.525,3.525,3.525,500.0
2017-04-19 15:10:00,SYNC,3.525,3.525,3.525,3.525,4115.0
2017-04-19 15:15:00,SYNC,3.525,3.525,3.525,3.525,600.0
2017-04-19 15:20:00,SYNC,3.525,3.525,3.525,3.525,1342.0
2017-04-19 15:25:00,SYNC,3.525,3.525,3.525,3.525,700.0
2017-04-19 15:30:00,SYNC,3.525,3.525,3.525,3.525,300.0
2017-04-19 15:35:00,SYNC,3.525,3.525,3.525,3.525,800.0
2017-04-19 15:40:00,SYNC,3.525,3.525,3.525,3.525,2900.0
2017-04-19 15:45:00,SYNC,3.525,3.525,3.525,3.525,1800.0
2017-04-19 15:50:00,SYNC,3.525,3.525,3.525,3.525,1700.0
2017-04-19 15:55:00,SYNC,3.525,3.525,3.525,3.525,13540.0
2017-04-19 16:00:00,SYNC,3.525,3.525,3.525,3.525,19845.0
2017-04-19 16:05:00,SYNC,3.525,3.525,3.3,3.3,702.0
2017-04-19 16:10:00,SYNC,3.3,3.5,3.3,3.5,0.0
2017-04-19 16:15:00,SYNC,3.5,3.5,3.5,3.5,0.0
2017-04-19 16:20:00,SYNC,3.5,3.5,3.5,3.5,0.0
2017-04-19 16:25:00,SYNC,3.5,3.5,3.5,3.5,0.0
2017-04-19 16:30:00,SYNC,3.5,3.5,3.5,3.5,0.0
2017-04-19 16:35:00,SYNC,3.5,3.5,3.5,3.5,0.0
2017-04-19 16:40:00,SYNC,3.5,3.5,3.5,3.5,0.0
2017-04-19 16:45:00,SYNC,3.5,3.5,3.5,3.5,0.0
2017-04-19 16:50:00,SYNC,3.5,3.5,3.5,3.5,0.0
2017-04-19 16:55:00,SYNC,3.5,3.5,3.5,3.5,0.0
2017-04-19 17:00:00,SYNC,3.5,3.5,3.5,3.5,0.0
2017-04-19 17:05:00,SYNC,3.5,3.5,3.5,3.5,0.0
2017-04-19 17:10:00,SYNC,3.5,3.5,3.5,3.5,0.0
2017-04-19 17:15:00,SYNC,3.5,3.5,3.5,3.5,0.0
2017-04-19 17:20:00,SYNC,3.5,3.5,3.5,3.5,0.0
2017-04-19 17:25:00,SYNC,3.5,3.5,3.5,3.5,0.0
2017-04-19 17:30:00,SYNC,3.5,3.5,3.5,3.5,0.0
2017-04-19 17:35:00,SYNC,3.5,3.5,3.5,3.5,0.0
2017-04-19 17:40:00,SYNC,3.5,3.5,3.5,3.5,0.0
2017-04-19 17:45:00,SYNC,3.5,3.5,3.5,3.5,0.0
2017-04-19 17:50:00,SYNC,3.5,3.5,3.5,3.5,0.0
2017-04-19 17:55:00,SYNC,3.5,3.5,3.5,3.5,0.0
2017-04-19 18:00:00,SYNC,3.5,3.5,3.5,3.5,0.0
2017-04-19 18:05:00,SYNC,3.5,3.5,3.5,3.5,0.0
2017-04-19 18:10:00,SYNC,3.5,3.5,3.5,3.5,0.0
2017-04-19 18:15:00,SYNC,3.5,3.5,3.5,3.5,0.0
2017-04-19 18:20:00,SYNC,3.5,3.5,3.5,3.5,0.0
2017-04-19 18:25:00,SYNC,3.5,3.5,3.5,3.5,0.0
2017-04-19 18:30:00,SYNC,3.5,3.5,3.5,3.5,0.0
2017-04-19 18:35:00,SYNC,3.5,3.5,3.5,3.5,0.0
2017-04-19 18:40:00,SYNC,3.5,3.5,3.5,3.5,0.0
2017-04-19 18:45:00,SYNC,3.5,3.5,3.5,3.5,0.0
2017-04-19 18:50:00,SYNC,3.5,3.5,3.5,3.5,0.0
2017-04-19 18:55:00,SYNC,3.5,3.5,3.5,3.5,0.0
2017-04-19 19:00:00,SYNC,3.5,3.5,3.5,3.5,0.0
2017-04-19 19:05:00,SYNC,3.5,3.5,3.5,3.5,0.0
2017-04-19 19:10:00,SYNC,3.5,3.5,3.5,3.5,0.0
2017-04-19 19:15:00,SYNC,3.5,3.5,3.5,3.5,0.0
2017-04-19 19:20:00,SYNC,3.5,3.5,3.5,3.5,0.0
2017-04-19 19:25:00,SYNC,3.5,3.825,3.5,3.825,0.0
2017-04-19 19:30:00,SYNC,3.825,3.825,3.825,3.825,0.0
2017-04-19 19:35:00,SYNC,3.825,3.825,3.825,3.825,0.0
2017-04-19 19:40:00,SYNC,3.825,3.825,3.825,3.825,0.0
2017-04-19 19:45:00,SYNC,3.825,3.825,3.825,3.825,0.0
2017-04-19 19:50:00,SYNC,3.825,3.825,3.825,3.825,0.0
2017-04-19 19:55:00,SYNC,3.825,3.825,3.825,3.825,0.0
2017-04-19 20:00:00,SYNC,3.825,3.825,3.825,3.825,0.0
2017-04-19 20:05:00,SYNC,3.825,3.825,3.625,3.625,0.0
2017-04-19 20:10:00,SYNC,3.625,3.625,3.625,3.625,0.0
2017-04-19 20:15:00,SYNC,3.625,3.625,3.625,3.625,0.0
2017-04-19 20:20:00,SYNC,3.625,3.625,3.625,3.625,0.0
2017-04-19 20:25:00,SYNC,3.625,3.625,3.625,3.625,0.0
2017-04-19 20:30:00,SYNC,3.625,3.625,3.625,3.625,0.0
2017-04-19 20:35:00,SYNC,3.625,3.625,3.625,3.625,0.0
2017-04-19 20:40:00,SYNC,3.625,3.625,3.625,3.625,0.0
2017-04-19 20:45:00,SYNC,3.625,3.625,3.625,3.625,0.0
2017-04-19 20:50:00,SYNC,3.625,3.625,3.625,3.625,0.0
2017-04-19 20:55:00,SYNC,3.625,3.625,3.625,3.625,0.0
2017-04-20 08:00:00,SYNC,3.625,3.625,3.625,3.625,0.0
2017-04-20 08:05:00,SYNC,3.625,3.825,3.525,3.525,0.0
2017-04-20 08:10:00,SYNC,3.525,3.525,3.525,3.525,0.0
2017-04-20 08:15:00,SYNC,3.525,3.525,3.525,3.525,0.0
2017-04-20 08:20:00,SYNC,3.525,3.525,3.525,3.525,0.0
2017-04-20 08:25:00,SYNC,3.525,3.525,3.525,3.525,0.0
2017-04-20 08:30:00,SYNC,3.525,3.525,3.525,3.525,0.0
2017-04-20 08:35:00,SYNC,3.525,3.525,3.525,3.525,0.0
2017-04-20 08:40:00,SYNC,3.525,3.525,3.525,3.525,0.0
2017-04-20 08:45:00,SYNC,3.525,3.525,3.525,3.525,0.0
2017-04-20 08:50:00,SYNC,3.525,3.525,3.525,3.525,0.0
2017-04-20 08:55:00,SYNC,3.525,3.525,3.525,3.525,0.0
2017-04-20 09:00:00,SYNC,3.525,3.525,3.525,3.525,0.0
2017-04-20 09:05:00,SYNC,3.525,3.525,3.525,3.525,0.0
2017-04-20 09:10:00,SYNC,3.525,3.525,3.525,3.525,0.0
2017-04-20 09:15:00,SYNC,3.525,3.525,3.525,3.525,0.0
2017-04-20 09:20:00,SYNC,3.525,3.525,3.525,3.525,0.0
2017-04-20 09:25:00,SYNC,3.525,3.525,3.525,3.525,0.0
2017-04-20 09:30:00,SYNC,3.525,3.525,3.525,3.525,0.0
2017-04-20 09:35:00,SYNC,3.525,3.575,3.525,3.575,6012.0
2017-04-20 09:40:00,SYNC,3.575,3.575,3.575,3.575,340.0
2017-04-20 09:45:00,SYNC,3.575,3.575,3.575,3.575,2000.0
2017-04-20 09:50:00,SYNC,3.575,3.575,3.575,3.575,2084.0
2017-04-20 09:55:00,SYNC,3.575,3.575,3.575,3.575,500.0
2017-04-20 10:00:00,SYNC,3.575,3.575,3.575,3.575,500.0
2017-04-20 10:05:00,SYNC,3.575,3.575,3.525,3.525,7516.0
2017-04-20 10:10:00,SYNC,3.525,3.525,3.525,3.525,300.0
2017-04-20 10:15:00,SYNC,3.525,3.525,3.525,3.525,1200.0
2017-04-20 10:20:00,SYNC,3.525,3.525,3.525,3.525,2625.0
2017-04-20 10:25:00,SYNC,3.525,3.525,3.525,3.525,2278.0
2017-04-20 10:30:00,SYNC,3.525,3.525,3.525,3.525,482.0
2017-04-20 10:35:00,SYNC,3.525,3.525,3.525,3.525,100.0
2017-04-20 10:40:00,SYNC,3.525,3.525,3.525,3.525,200.0
2017-04-20 10:45:00,SYNC,3.525,3.525,3.525,3.525,300.0
2017-04-20 10:50:00,SYNC,3.525,3.525,3.525,3.525,200.0
2017-04-20 10:55:00,SYNC,3.525,3.525,3.525,3.525,200.0
2017-04-20 11:00:00,SYNC,3.525,3.575,3.525,3.575,6000.0
2017-04-20 11:05:00,SYNC,3.575,3.575,3.575,3.575,500.0
2017-04-20 11:10:00,SYNC,3.575,3.575,3.575,3.575,4400.0
2017-04-20 11:15:00,SYNC,3.575,3.575,3.575,3.575,200.0
2017-04-20 11:20:00,SYNC,3.575,3.575,3.575,3.575,1100.0
2017-04-20 11:25:00,SYNC,3.575,3.575,3.575,3.575,200.0
2017-04-20 11:30:00,SYNC,3.575,3.575,3.575,3.575,600.0
2017-04-20 11:35:00,SYNC,3.575,3.575,3.575,3.575,510.0
2017-04-20 11:40:00,SYNC,3.575,3.575,3.575,3.575,4400.0
2017-04-20 11:45:00,SYNC,3.575,3.575,3.575,3.575,1600.0
2017-04-20 11:50:00,SYNC,3.575,3.575,3.575,3.575,400.0
2017-04-20 11:55:00,SYNC,3.575,3.575,3.575,3.575,3000.0
2017-04-20 12:00:00,SYNC,3.575,3.575,3.575,3.575,0.0
2017-04-20 12:05:00,SYNC,3.575,3.575,3.575,3.575,2102.0
2017-04-20 12:10:00,SYNC,3.575,3.575,3.575,3.575,100.0
2017-04-20 12:15:00,SYNC,3.575,3.575,3.575,3.575,0.0
2017-04-20 12:20:00,SYNC,3.575,3.575,3.575,3.575,500.0
2017-04-20 12:25:00,SYNC,3.575,3.575,3.575,3.575,1400.0
2017-04-20 12:30:00,SYNC,3.575,3.575,3.575,3.575,200.0
2017-04-20 12:35:00,SYNC,3.575,3.575,3.575,3.575,300.0
2017-04-20 12:40:00,SYNC,3.575,3.575,3.575,3.575,200.0
2017-04-20 12:45:00,SYNC,3.575,3.575,3.575,3.575,0.0
2017-04-20 12:50:00,SYNC,3.575,3.575,3.575,3.575,300.0
2017-04-20 12:55:00,SYNC,3.575,3.575,3.575,3.575,1520.0
2017-04-20 13:00:00,SYNC,3.575,3.575,3.575,3.575,100.0
2017-04-20 13:05:00,SYNC,3.575,3.575,3.575,3.575,400.0
2017-04-20 13:10:00,SYNC,3.575,3.575,3.575,3.575,100.0
2017-04-20 13:15:00,SYNC,3.575,3.575,3.575,3.575,300.0
2017-04-20 13:20:00,SYNC,3.575,3.575,3.575,3.575,900.0
2017-04-20 13:25:00,SYNC,3.575,3.575,3.575,3.575,2700.0
2017-04-20 13:30:00,SYNC,3.575,3.575,3.575,3.575,6500.0
2017-04-20 13:35:00,SYNC,3.575,3.575,3.575,3.575,850.0
2017-04-20 13:40:00,SYNC,3.575,3.575,3.575,3.575,570.0
2017-04-20 13:45:00,SYNC,3.575,3.575,3.575,3.575,100.0
2017-04-20 13:50:00,SYNC,3.575,3.575,3.575,3.575,300.0
2017-04-20 13:55:00,SYNC,3.575,3.575,3.575,3.575,1302.0
2017-04-20 14:00:00,SYNC,3.575,3.575,3.575,3.575,100.0
2017-04-20 14:05:00,SYNC,3.575,3.575,3.575,3.575,600.0
2017-04-20 14:10:00,SYNC,3.575,3.575,3.575,3.575,339.0
2017-04-20 14:15:00,SYNC,3.575,3.575,3.575,3.575,400.0
2017-04-20 14:20:00,SYNC,3.575,3.575,3.575,3.575,1000.0
2017-04-20 14:25:00,SYNC,3.575,3.575,3.575,3.575,300.0
2017-04-20 14:30:00,SYNC,3.575,3.575,3.575,3.575,300.0
2017-04-20 14:35:00,SYNC,3.575,3.575,3.575,3.575,1200.0
2017-04-20 14:40:00,SYNC,3.575,3.575,3.575,3.575,700.0
2017-04-20 14:45:00,SYNC,3.575,3.575,3.575,3.575,1500.0
2017-04-20 14:50:00,SYNC,3.575,3.575,3.575,3.575,500.0
2017-04-20 14:55:00,SYNC,3.575,3.575,3.575,3.575,200.0
2017-04-20 15:00:00,SYNC,3.575,3.575,3.575,3.575,100.0
2017-04-20 15:05:00,SYNC,3.575,3.575,3.575,3.575,800.0
2017-04-20 15:10:00,SYNC,3.575,3.575,3.575,3.575,1200.0
2017-04-20 15:15:00,SYNC,3.575,3.575,3.575,3.575,200.0
2017-04-20 15:20:00,SYNC,3.575,3.575,3.575,3.575,1302.0
2017-04-20 15:25:00,SYNC,3.575,3.575,3.575,3.575,900.0
2017-04-20 15:30:00,SYNC,3.575,3.575,3.575,3.575,385.0
2017-04-20 15:35:00,SYNC,3.575,3.575,3.575,3.575,1300.0
2017-04-20 15:40:00,SYNC,3.575,3.575,3.575,3.575,3400.0
2017-04-20 15:45:00,SYNC,3.575,3.575,3.575,3.575,2798.0
2017-04-20 15:50:00,SYNC,3.575,3.575,3.575,3.575,6500.0
2017-04-20 15:55:00,SYNC,3.575,3.575,3.575,3.575,2090.0
2017-04-20 16:00:00,SYNC,3.575,3.575,3.575,3.575,24488.0
2017-04-20 16:05:00,SYNC,3.575,3.575,3.55,3.55,625.0
2017-04-20 16:10:00,SYNC,3.55,3.55,3.55,3.55,0.0
2017-04-20 16:15:00,SYNC,3.55,3.55,3.55,3.55,0.0
2017-04-20 16:20:00,SYNC,3.55,3.55,3.55,3.55,0.0
2017-04-20 16:25:00,SYNC,3.55,3.55,3.55,3.55,0.0
2017-04-20 16:30:00,SYNC,3.55,3.55,3.55,3.55,0.0
2017-04-20 16:35:00,SYNC,3.55,3.55,3.55,3.55,0.0
2017-04-20 16:40:00,SYNC,3.55,3.55,3.55,3.55,0.0
2017-04-20 16:45:00,SYNC,3.55,3.55,3.55,3.55,0.0
2017-04-20 16:50:00,SYNC,3.55,3.55,3.55,3.55,0.0
2017-04-20 16:55:00,SYNC,3.55,3.55,3.55,3.55,0.0
2017-04-20 17:00:00,SYNC,3.55,3.575,3.55,3.55,0.0
2017-04-20 17:05:00,SYNC,3.55,3.875,3.55,3.55,0.0
2017-04-20 17:10:00,SYNC,3.55,3.55,3.55,3.55,0.0
2017-04-20 17:15:00,SYNC,3.55,3.55,3.55,3.55,0.0
2017-04-20 17:20:00,SYNC,3.55,3.55,3.55,3.55,0.0
2017-04-20 17:25:00,SYNC,3.55,3.55,3.55,3.55,0.0
2017-04-20 17:30:00,SYNC,3.55,3.55,3.55,3.55,0.0
2017-04-20 17:35:00,SYNC,3.55,3.55,3.55,3.55,0.0
2017-04-20 17:40:00,SYNC,3.55,3.55,3.55,3.55,0.0
2017-04-20 17:45:00,SYNC,3.55,3.55,3.55,3.55,0.0
2017-04-20 17:50:00,SYNC,3.55,3.55,3.55,3.55,0.0
2017-04-20 17:55:00,SYNC,3.55,3.55,3.55,3.55,0.0
2017-04-20 18:00:00,SYNC,3.55,3.55,3.55,3.55,0.0
2017-04-20 18:05:00,SYNC,3.55,3.55,3.55,3.55,0.0
2017-04-20 18:10:00,SYNC,3.55,3.55,3.55,3.55,0.0
2017-04-20 18:15:00,SYNC,3.55,3.55,3.55,3.55,0.0
2017-04-20 18:20:00,SYNC,3.55,3.55,3.55,3.55,0.0
2017-04-20 18:25:00,SYNC,3.55,3.55,3.55,3.55,0.0
2017-04-20 18:30:00,SYNC,3.55,3.55,3.55,3.55,0.0
2017-04-20 18:35:00,SYNC,3.55,3.55,3.55,3.55,0.0
2017-04-20 18:40:00,SYNC,3.55,3.55,3.55,3.55,0.0
2017-04-20 18:45:00,SYNC,3.55,3.55,3.55,3.55,0.0
2017-04-20 18:50:00,SYNC,3.55,3.55,3.55,3.55,0.0
2017-04-20 18:55:00,SYNC,3.55,3.55,3.55,3.55,0.0
2017-04-20 19:00:00,SYNC,3.55,3.55,3.55,3.55,0.0
2017-04-20 19:05:00,SYNC,3.55,3.55,3.55,3.55,0.0
2017-04-20 19:10:00,SYNC,3.55,3.55,3.55,3.55,0.0
2017-04-20 19:15:00,SYNC,3.55,3.55,3.55,3.55,0.0
2017-04-20 19:20:00,SYNC,3.55,3.55,3.55,3.55,0.0
2017-04-20 19:25:00,SYNC,3.55,3.55,3.55,3.55,0.0
2017-04-20 19:30:00,SYNC,3.55,3.55,3.55,3.55,0.0
2017-04-20 19:35:00,SYNC,3.55,3.55,3.55,3.55,0.0
2017-04-20 19:40:00,SYNC,3.55,3.55,3.55,3.55,0.0
2017-04-20 19:45:00,SYNC,3.55,3.55,3.55,3.55,0.0
2017-04-20 19:50:00,SYNC,3.55,3.55,3.55,3.55,0.0
2017-04-20 19:55:00,SYNC,3.55,3.55,3.55,3.55,0.0
2017-04-20 20:00:00,SYNC,3.55,3.55,3.55,3.55,0.0
2017-04-20 20:05:00,SYNC,3.55,3.85,3.55,3.625,0.0
2017-04-20 20:10:00,SYNC,3.625,3.625,3.625,3.625,0.0
2017-04-20 20:15:00,SYNC,3.625,3.625,3.625,3.625,0.0
2017-04-20 20:20:00,SYNC,3.625,3.625,3.625,3.625,0.0
2017-04-20 20:25:00,SYNC,3.625,3.625,3.625,3.625,0.0
2017-04-20 20:30:00,SYNC,3.625,3.625,3.625,3.625,0.0
2017-04-20 20:35:00,SYNC,3.625,3.625,3.625,3.625,0.0
2017-04-20 20:40:00,SYNC,3.625,3.625,3.625,3.625,0.0
2017-04-20 20:45:00,SYNC,3.625,3.625,3.625,3.625,0.0
2017-04-20 20:50:00,SYNC,3.625,3.625,3.625,3.625,0.0
2017-04-20 20:55:00,SYNC,3.625,3.625,3.625,3.625,0.0
2017-04-21 08:00:00,SYNC,3.625,3.625,3.625,3.625,0.0
2017-04-21 08:05:00,SYNC,3.625,3.9,3.625,3.875,3000.0
2017-04-21 08:10:00,SYNC,3.875,3.875,3.875,3.875,0.0
2017-04-21 08:15:00,SYNC,3.875,3.875,3.875,3.875,0.0
2017-04-21 08:20:00,SYNC,3.875,3.875,3.725,3.725,0.0
2017-04-21 08:25:00,SYNC,3.725,3.725,3.725,3.725,0.0
2017-04-21 08:30:00,SYNC,3.725,3.725,3.725,3.725,0.0
2017-04-21 08:35:00,SYNC,3.725,3.725,3.725,3.725,0.0
2017-04-21 08:40:00,SYNC,3.725,3.725,3.725,3.725,0.0
2017-04-21 08:45:00,SYNC,3.725,3.725,3.725,3.725,0.0
2017-04-21 08:50:00,SYNC,3.725,3.725,3.725,3.725,0.0
2017-04-21 08:55:00,SYNC,3.725,3.725,3.725,3.725,0.0
2017-04-21 09:00:00,SYNC,3.725,3.725,3.725,3.725,0.0
2017-04-21 09:05:00,SYNC,3.725,3.725,3.725,3.725,0.0
2017-04-21 09:10:00,SYNC,3.725,3.725,3.725,3.725,0.0
2017-04-21 09:15:00,SYNC,3.725,3.725,3.725,3.725,0.0
2017-04-21 09:20:00,SYNC,3.725,3.725,3.725,3.725,0.0
2017-04-21 09:25:00,SYNC,3.725,3.725,3.625,3.625,0.0
2017-04-21 09:30:00,SYNC,3.625,3.625,3.625,3.625,0.0
2017-04-21 09:35:00,SYNC,3.625,3.625,3.625,3.625,2708.0
2017-04-21 09:40:00,SYNC,3.625,3.625,3.625,3.625,300.0
2017-04-21 09:45:00,SYNC,3.625,3.625,3.625,3.625,1718.0
2017-04-21 09:50:00,SYNC,3.625,3.625,3.575,3.575,18302.0
2017-04-21 09:55:00,SYNC,3.575,3.575,3.575,3.575,401.0
2017-04-21 10:00:00,SYNC,3.575,3.575,3.575,3.575,100.0
2017-04-21 10:05:00,SYNC,3.575,3.575,3.575,3.575,0.0
2017-04-21 10:10:00,SYNC,3.575,3.575,3.575,3.575,760.0
2017-04-21 10:20:00,SYNC,3.575,3.575,3.575,3.575,0.0
2017-04-21 10:25:00,SYNC,3.575,3.575,3.575,3.575,1424.0
2017-04-21 10:30:00,SYNC,3.575,3.575,3.575,3.575,3100.0
2017-04-21 10:35:00,SYNC,3.575,3.575,3.575,3.575,215.0
2017-04-21 10:40:00,SYNC,3.575,3.575,3.575,3.575,1300.0
2017-04-21 10:45:00,SYNC,3.575,3.575,3.575,3.575,0.0
2017-04-21 10:50:00,SYNC,3.575,3.575,3.575,3.575,4450.0
2017-04-21 10:55:00,SYNC,3.575,3.575,3.575,3.575,200.0
2017-04-21 11:00:00,SYNC,3.575,3.575,3.575,3.575,0.0
2017-04-21 11:05:00,SYNC,3.575,3.575,3.575,3.575,306.0
2017-04-21 11:10:00,SYNC,3.575,3.575,3.575,3.575,0.0
2017-04-21 11:15:00,SYNC,3.575,3.575,3.575,3.575,0.0
2017-04-21 11:20:00,SYNC,3.575,3.575,3.575,3.575,100.0
2017-04-21 11:25:00,SYNC,3.575,3.575,3.575,3.575,0.0
2017-04-21 11:30:00,SYNC,3.575,3.575,3.575,3.575,200.0
2017-04-21 11:35:00,SYNC,3.575,3.575,3.575,3.575,1300.0
2017-04-21 11:40:00,SYNC,3.575,3.575,3.575,3.575,600.0
2017-04-21 11:45:00,SYNC,3.575,3.575,3.575,3.575,1420.0
2017-04-21 11:50:00,SYNC,3.575,3.575,3.575,3.575,0.0
2017-04-21 11:55:00,SYNC,3.575,3.575,3.575,3.575,3100.0
2017-04-21 12:00:00,SYNC,3.575,3.575,3.575,3.575,0.0
2017-04-21 12:05:00,SYNC,3.575,3.575,3.575,3.575,300.0
2017-04-21 12:10:00,SYNC,3.575,3.575,3.575,3.575,500.0
2017-04-21 12:15:00,SYNC,3.575,3.575,3.575,3.575,100.0
2017-04-21 12:20:00,SYNC,3.575,3.575,3.575,3.575,406.0
2017-04-21 12:25:00,SYNC,3.575,3.575,3.575,3.575,200.0
2017-04-21 12:30:00,SYNC,3.575,3.575,3.575,3.575,200.0
2017-04-21 12:35:00,SYNC,3.575,3.575,3.575,3.575,200.0
2017-04-21 12:40:00,SYNC,3.575,3.575,3.575,3.575,300.0
2017-04-21 12:45:00,SYNC,3.575,3.575,3.575,3.575,600.0
2017-04-21 12:50:00,SYNC,3.575,3.575,3.575,3.575,441.0
2017-04-21 12:55:00,SYNC,3.575,3.575,3.575,3.575,800.0
2017-04-21 13:00:00,SYNC,3.575,3.575,3.575,3.575,184.0
2017-04-21 13:05:00,SYNC,3.575,3.575,3.575,3.575,500.0
2017-04-21 13:10:00,SYNC,3.575,3.575,3.575,3.575,3300.0
2017-04-21 13:15:00,SYNC,3.575,3.575,3.575,3.575,201.0
2017-04-21 13:20:00,SYNC,3.575,3.575,3.575,3.575,700.0
2017-04-21 13:25:00,SYNC,3.575,3.575,3.575,3.575,1540.0
2017-04-21 13:30:00,SYNC,3.575,3.575,3.575,3.575,600.0
2017-04-21 13:35:00,SYNC,3.575,3.575,3.575,3.575,1200.0
2017-04-21 13:40:00,SYNC,3.575,3.575,3.575,3.575,1100.0
2017-04-21 13:45:00,SYNC,3.575,3.575,3.575,3.575,700.0
2017-04-21 13:50:00,SYNC,3.575,3.575,3.575,3.575,1332.0
2017-04-21 13:55:00,SYNC,3.575,3.575,3.575,3.575,1675.0
2017-04-21 14:00:00,SYNC,3.575,3.575,3.575,3.575,906.0
2017-04-21 14:05:00,SYNC,3.575,3.575,3.575,3.575,700.0
2017-04-21 14:10:00,SYNC,3.575,3.575,3.575,3.575,900.0
2017-04-21 14:15:00,SYNC,3.575,3.575,3.575,3.575,700.0
2017-04-21 14:20:00,SYNC,3.575,3.575,3.575,3.575,900.0
2017-04-21 14:25:00,SYNC,3.575,3.575,3.575,3.575,900.0
2017-04-21 14:30:00,SYNC,3.575,3.575,3.525,3.525,15351.0
2017-04-21 14:35:00,SYNC,3.525,3.525,3.525,3.525,2300.0
2017-04-21 14:40:00,SYNC,3.525,3.525,3.525,3.525,400.0
2017-04-21 14:45:00,SYNC,3.525,3.525,3.525,3.525,630.0
2017-04-21 14:50:00,SYNC,3.525,3.525,3.525,3.525,1000.0
2017-04-21 14:55:00,SYNC,3.525,3.525,3.525,3.525,1700.0
2017-04-21 15:00:00,SYNC,3.525,3.525,3.525,3.525,300.0
2017-04-21 15:05:00,SYNC,3.525,3.525,3.525,3.525,800.0
2017-04-21 15:10:00,SYNC,3.525,3.525,3.525,3.525,200.0
2017-04-21 15:15:00,SYNC,3.525,3.525,3.525,3.525,800.0
2017-04-21 15:20:00,SYNC,3.525,3.525,3.525,3.525,400.0
2017-04-21 15:25:00,SYNC,3.525,3.525,3.525,3.525,200.0
2017-04-21 15:30:00,SYNC,3.525,3.525,3.525,3.525,800.0
2017-04-21 15:35:00,SYNC,3.525,3.525,3.525,3.525,1800.0
2017-04-21 15:40:00,SYNC,3.525,3.525,3.525,3.525,300.0
2017-04-21 15:45:00,SYNC,3.525,3.525,3.525,3.525,800.0
2017-04-21 15:50:00,SYNC,3.525,3.525,3.525,3.525,1209.0
2017-04-21 15:55:00,SYNC,3.525,3.525,3.525,3.525,437.0
2017-04-21 16:00:00,SYNC,3.525,3.525,3.525,3.525,5509.0
2017-04-21 16:05:00,SYNC,3.525,3.55,3.525,3.55,2400.0
2017-04-21 16:10:00,SYNC,3.55,3.55,3.525,3.525,0.0
2017-04-21 16:15:00,SYNC,3.525,3.525,3.525,3.525,0.0
2017-04-21 16:20:00,SYNC,3.525,3.525,3.525,3.525,0.0
2017-04-21 16:25:00,SYNC,3.525,3.525,3.525,3.525,0.0
2017-04-21 16:30:00,SYNC,3.525,3.525,3.525,3.525,0.0
2017-04-21 16:35:00,SYNC,3.525,3.525,3.525,3.525,0.0
2017-04-21 16:40:00,SYNC,3.525,3.525,3.525,3.525,0.0
2017-04-21 16:45:00,SYNC,3.525,3.525,3.525,3.525,0.0
2017-04-21 16:50:00,SYNC,3.525,3.525,3.525,3.525,0.0
2017-04-21 16:55:00,SYNC,3.525,3.525,3.525,3.525,0.0
2017-04-21 17:00:00,SYNC,3.525,3.525,3.525,3.525,0.0
2017-04-21 17:05:00,SYNC,3.525,3.525,3.525,3.525,0.0
2017-04-21 17:10:00,SYNC,3.525,3.525,3.525,3.525,0.0
2017-04-21 17:15:00,SYNC,3.525,3.525,3.525,3.525,0.0
2017-04-21 17:20:00,SYNC,3.525,3.525,3.525,3.525,0.0
2017-04-21 17:25:00,SYNC,3.525,3.525,3.525,3.525,0.0
2017-04-21 17:30:00,SYNC,3.525,3.525,3.525,3.525,0.0
2017-04-21 17:35:00,SYNC,3.525,3.525,3.525,3.525,0.0
2017-04-21 17:40:00,SYNC,3.525,3.525,3.525,3.525,0.0
2017-04-21 17:45:00,SYNC,3.525,3.525,3.525,3.525,0.0
2017-04-21 17:50:00,SYNC,3.525,3.525,3.525,3.525,0.0
2017-04-21 17:55:00,SYNC,3.525,3.525,3.525,3.525,0.0
2017-04-21 18:00:00,SYNC,3.525,3.525,3.525,3.525,0.0
2017-04-21 18:05:00,SYNC,3.525,3.525,3.525,3.525,0.0
2017-04-21 18:10:00,SYNC,3.525,3.525,3.525,3.525,0.0
2017-04-21 18:15:00,SYNC,3.525,3.525,3.525,3.525,0.0
2017-04-21 18:20:00,SYNC,3.525,3.525,3.525,3.525,0.0
2017-04-21 18:25:00,SYNC,3.525,3.525,3.525,3.525,0.0
2017-04-21 18:30:00,SYNC,3.525,3.525,3.525,3.525,0.0
2017-04-21 18:35:00,SYNC,3.525,3.525,3.525,3.525,0.0
2017-04-21 18:40:00,SYNC,3.525,3.525,3.525,3.525,0.0
2017-04-21 18:45:00,SYNC,3.525,3.525,3.525,3.525,0.0
2017-04-21 18:50:00,SYNC,3.525,3.525,3.525,3.525,0.0
2017-04-21 18:55:00,SYNC,3.525,3.525,3.525,3.525,0.0
2017-04-21 19:00:00,SYNC,3.525,3.575,3.525,3.575,0.0
2017-04-21 19:05:00,SYNC,3.575,3.575,3.575,3.575,0.0
2017-04-21 19:10:00,SYNC,3.575,3.575,3.575,3.575,0.0
2017-04-21 19:15:00,SYNC,3.575,3.575,3.575,3.575,0.0
2017-04-21 19:20:00,SYNC,3.575,3.575,3.575,3.575,0.0
2017-04-21 19:25:00,SYNC,3.575,3.575,3.575,3.575,0.0
2017-04-21 19:30:00,SYNC,3.575,3.575,3.575,3.575,0.0
2017-04-21 19:35:00,SYNC,3.575,3.575,3.575,3.575,0.0
2017-04-21 19:40:00,SYNC,3.575,3.575,3.575,3.575,0.0
2017-04-21 19:45:00,SYNC,3.575,3.575,3.575,3.575,0.0
2017-04-21 19:50:00,SYNC,3.575,3.575,3.575,3.575,0.0
2017-04-21 19:55:00,SYNC,3.575,3.575,3.575,3.575,0.0
2017-04-21 20:00:00,SYNC,3.575,3.575,3.575,3.575,0.0
2017-04-21 20:05:00,SYNC,3.575,3.85,3.575,3.625,0.0
2017-04-21 20:10:00,SYNC,3.625,3.625,3.625,3.625,0.0
2017-04-21 20:15:00,SYNC,3.625,3.625,3.625,3.625,0.0
2017-04-21 20:20:00,SYNC,3.625,3.625,3.625,3.625,0.0
2017-04-21 20:25:00,SYNC,3.625,3.625,3.625,3.625,0.0
2017-04-21 20:30:00,SYNC,3.625,3.625,3.625,3.625,0.0
2017-04-21 20:35:00,SYNC,3.625,3.625,3.625,3.625,0.0
2017-04-21 20:40:00,SYNC,3.625,3.625,3.625,3.625,0.0
2017-04-21 20:45:00,SYNC,3.625,3.625,3.625,3.625,0.0
2017-04-21 20:50:00,SYNC,3.625,3.625,3.625,3.625,0.0
2017-04-21 20:55:00,SYNC,3.625,3.625,3.625,3.625,0.0
2017-04-22 08:00:00,SYNC,3.625,3.625,3.625,3.625,0.0
2017-04-22 08:05:00,SYNC,3.625,3.625,3.625,3.625,0.0
2017-04-22 08:10:00,SYNC,3.625,3.625,3.625,3.625,0.0
2017-04-22 08:15:00,SYNC,3.625,3.625,3.625,3.625,0.0
2017-04-22 08:20:00,SYNC,3.625,3.625,3.625,3.625,0.0
2017-04-22 08:25:00,SYNC,3.625,3.625,3.625,3.625,0.0
2017-04-22 08:30:00,SYNC,3.625,3.625,3.625,3.625,0.0
2017-04-22 08:35:00,SYNC,3.625,3.625,3.625,3.625,0.0
2017-04-22 08:40:00,SYNC,3.625,3.625,3.625,3.625,0.0
2017-04-22 08:45:00,SYNC,3.625,3.625,3.625,3.625,0.0
2017-04-22 08:50:00,SYNC,3.625,3.625,3.625,3.625,0.0
2017-04-22 08:55:00,SYNC,3.625,3.625,3.625,3.625,0.0
2017-04-22 09:00:00,SYNC,3.625,3.625,3.625,3.625,0.0
2017-04-22 09:05:00,SYNC,3.625,3.625,3.625,3.625,0.0
2017-04-22 09:10:00,SYNC,3.625,3.625,3.625,3.625,0.0
2017-04-22 09:15:00,SYNC,3.625,3.625,3.625,3.625,0.0
2017-04-22 09:20:00,SYNC,3.625,3.625,3.625,3.625,0.0
2017-04-22 09:25:00,SYNC,3.625,3.625,3.625,3.625,0.0
2017-04-22 09:30:00,SYNC,3.625,3.625,3.625,3.625,0.0
2017-04-22 09:35:00,SYNC,3.625,3.625,3.625,3.625,0.0
2017-04-22 09:40:00,SYNC,3.625,3.625,3.625,3.625,0.0
2017-04-22 09:45:00,SYNC,3.625,3.625,3.625,3.625,0.0
2017-04-22 09:50:00,SYNC,3.625,3.625,3.625,3.625,0.0
2017-04-22 09:55:00,SYNC,3.625,3.625,3.625,3.625,0.0
2017-04-22 10:00:00,SYNC,3.625,3.625,3.625,3.625,0.0
2017-04-22 10:05:00,SYNC,3.625,3.625,3.625,3.625,0.0
2017-04-22 10:10:00,SYNC,3.625,3.625,3.625,3.625,0.0
2017-04-22 10:15:00,SYNC,3.625,3.625,3.625,3.625,0.0
2017-04-22 10:20:00,SYNC,3.625,3.625,3.625,3.625,0.0
2017-04-22 10:25:00,SYNC,3.625,3.625,3.625,3.625,0.0
2017-04-22 10:30:00,SYNC,3.625,3.625,3.625,3.625,0.0
2017-04-22 10:35:00,SYNC,3.625,3.625,3.625,3.625,0.0
2017-04-22 10:40:00,SYNC,3.625,3.625,3.625,3.625,0.0
2017-04-22 10:45:00,SYNC,3.625,3.625,3.625,3.625,0.0
2017-04-22 10:50:00,SYNC,3.625,3.625,3.625,3.625,0.0
2017-04-22 10:55:00,SYNC,3.625,3.625,3.625,3.625,0.0
2017-04-22 11:00:00,SYNC,3.625,3.625,3.625,3.625,0.0
2017-04-22 11:05:00,SYNC,3.625,3.625,3.625,3.625,0.0
2017-04-22 11:10:00,SYNC,3.625,3.625,3.625,3.625,0.0
2017-04-22 11:15:00,SYNC,3.625,3.625,3.625,3.625,0.0
2017-04-22 11:20:00,SYNC,3.625,3.625,3.625,3.625,0.0
2017-04-22 11:25:00,SYNC,3.625,3.625,3.625,3.625,0.0
2017-04-22 11:30:00,SYNC,3.625,3.625,3.625,3.625,0.0
2017-04-22 11:35:00,SYNC,3.625,3.625,3.625,3.625,0.0
2017-04-22 11:40:00,SYNC,3.625,3.625,3.625,3.625,0.0
2017-04-22 11:45:00,SYNC,3.625,3.625,3.625,3.625,0.0
2017-04-22 11:50:00,SYNC,3.625,3.625,3.625,3.625,0.0
2017-04-22 11:55:00,SYNC,3.625,3.625,3.625,3.625,0.0
2017-04-22 12:00:00,SYNC,3.625,3.625,3.625,3.625,0.0
2017-04-22 12:05:00,SYNC,3.625,3.625,3.625,3.625,0.0
2017-04-22 12:10:00,SYNC,3.625,3.625,3.625,3.625,0.0
2017-04-22 12:15:00,SYNC,3.625,3.625,3.625,3.625,0.0
2017-04-22 12:20:00,SYNC,3.625,3.625,3.625,3.625,0.0
2017-04-22 12:25:00,SYNC,3.625,3.625,3.625,3.625,0.0
2017-04-22 12:30:00,SYNC,3.625,3.625,3.625,3.625,0.0
2017-04-22 12:35:00,SYNC,3.625,3.625,3.625,3.625,0.0
2017-04-22 12:40:00,SYNC,3.625,3.625,3.625,3.625,0.0
2017-04-22 12:45:00,SYNC,3.625,3.625,3.625,3.625,0.0
2017-04-22 12:50:00,SYNC,3.625,3.625,3.625,3.625,0.0
2017-04-22 12:55:00,SYNC,3.625,3.625,3.625,3.625,0.0
2017-04-22 13:00:00,SYNC,3.625,3.625,3.625,3.625,0.0
2017-04-22 13:05:00,SYNC,3.625,3.625,3.625,3.625,0.0
2017-04-22 13:10:00,SYNC,3.625,3.625,3.625,3.625,0.0
2017-04-22 13:15:00,SYNC,3.625,3.625,3.625,3.625,0.0
2017-04-22 13:20:00,SYNC,3.625,3.625,3.625,3.625,0.0
2017-04-22 13:25:00,SYNC,3.625,3.625,3.625,3.625,0.0
2017-04-22 13:30:00,SYNC,3.625,3.625,3.625,3.625,0.0
2017-04-22 13:35:00,SYNC,3.625,3.625,3.625,3.625,0.0
2017-04-22 13:40:00,SYNC,3.625,3.625,3.625,3.625,0.0
2017-04-22 13:45:00,SYNC,3.625,3.625,3.625,3.625,0.0
2017-04-22 13:50:00,SYNC,3.625,3.625,3.625,3.625,0.0
2017-04-22 13:55:00,SYNC,3.625,3.625,3.625,3.625,0.0
2017-04-22 14:00:00,SYNC,3.625,3.625,3.625,3.625,0.0
2017-04-22 14:05:00,SYNC,3.625,3.625,3.625,3.625,0.0
2017-04-22 14:10:00,SYNC,3.625,3.625,3.625,3.625,0.0
2017-04-22 14:15:00,SYNC,3.625,3.625,3.625,3.625,0.0
2017-04-22 14:20:00,SYNC,3.625,3.625,3.625,3.625,0.0
2017-04-22 14:25:00,SYNC,3.625,3.625,3.625,3.625,0.0
2017-04-22 14:30:00,SYNC,3.625,3.625,3.625,3.625,0.0
2017-04-22 14:35:00,SYNC,3.625,3.625,3.625,3.625,0.0
2017-04-22 14:40:00,SYNC,3.625,3.625,3.625,3.625,0.0
2017-04-22 14:45:00,SYNC,3.625,3.625,3.625,3.625,0.0
2017-04-22 14:50:00,SYNC,3.625,3.625,3.625,3.625,0.0
2017-04-22 14:55:00,SYNC,3.625,3.625,3.625,3.625,0.0
2017-04-22 15:00:00,SYNC,3.625,3.625,3.625,3.625,0.0
2017-04-22 15:05:00,SYNC,3.625,3.625,3.625,3.625,0.0
2017-04-22 15:10:00,SYNC,3.625,3.625,3.625,3.625,0.0
2017-04-22 15:15:00,SYNC,3.625,3.625,3.625,3.625,0.0
2017-04-22 15:20:00,SYNC,3.625,3.625,3.625,3.625,0.0
2017-04-22 15:25:00,SYNC,3.625,3.625,3.625,3.625,0.0
2017-04-22 15:30:00,SYNC,3.625,3.625,3.625,3.625,0.0
2017-04-22 15:35:00,SYNC,3.625,3.625,3.625,3.625,0.0
2017-04-22 15:40:00,SYNC,3.625,3.625,3.625,3.625,0.0
2017-04-22 15:45:00,SYNC,3.625,3.625,3.625,3.625,0.0
2017-04-22 15:50:00,SYNC,3.625,3.625,3.625,3.625,0.0
2017-04-22 15:55:00,SYNC,3.625,3.625,3.625,3.625,0.0
2017-04-22 16:00:00,SYNC,3.625,3.625,3.625,3.625,0.0
2017-04-22 16:05:00,SYNC,3.625,3.625,3.625,3.625,0.0
2017-04-22 16:10:00,SYNC,3.625,3.625,3.625,3.625,0.0
2017-04-22 16:15:00,SYNC,3.625,3.625,3.625,3.625,0.0
2017-04-22 16:20:00,SYNC,3.625,3.625,3.625,3.625,0.0
2017-04-22 16:25:00,SYNC,3.625,3.625,3.625,3.625,0.0
2017-04-22 16:30:00,SYNC,3.625,3.625,3.625,3.625,0.0
2017-04-22 16:35:00,SYNC,3.625,3.625,3.625,3.625,0.0
2017-04-22 16:40:00,SYNC,3.625,3.625,3.625,3.625,0.0
2017-04-22 16:45:00,SYNC,3.625,3.625,3.625,3.625,0.0
2017-04-22 16:50:00,SYNC,3.625,3.625,3.625,3.625,0.0
2017-04-22 16:55:00,SYNC,3.625,3.625,3.625,3.625,0.0
2017-04-22 17:00:00,SYNC,3.625,3.625,3.625,3.625,0.0
2017-04-22 17:05:00,SYNC,3.625,3.625,3.625,3.625,0.0
2017-04-22 17:10:00,SYNC,3.625,3.625,3.625,3.625,0.0
2017-04-22 17:15:00,SYNC,3.625,3.625,3.625,3.625,0.0
2017-04-22 17:20:00,SYNC,3.625,3.625,3.625,3.625,0.0
2017-04-22 17:25:00,SYNC,3.625,3.625,3.625,3.625,0.0
2017-04-22 17:30:00,SYNC,3.625,3.625,3.625,3.625,0.0
2017-04-22 17:35:00,SYNC,3.625,3.625,3.625,3.625,0.0
2017-04-22 17:40:00,SYNC,3.625,3.625,3.625,3.625,0.0
2017-04-22 17:45:00,SYNC,3.625,3.625,3.625,3.625,0.0
2017-04-22 17:50:00,SYNC,3.625,3.625,3.625,3.625,0.0
2017-04-22 17:55:00,SYNC,3.625,3.625,3.625,3.625,0.0
2017-04-22 18:00:00,SYNC,3.625,3.625,3.625,3.625,0.0
2017-04-22 18:05:00,SYNC,3.625,3.625,3.625,3.625,0.0
2017-04-22 18:10:00,SYNC,3.625,3.625,3.625,3.625,0.0
2017-04-22 18:15:00,SYNC,3.625,3.625,3.625,3.625,0.0
2017-04-22 18:20:00,SYNC,3.625,3.625,3.625,3.625,0.0
2017-04-22 18:25:00,SYNC,3.625,3.625,3.625,3.625,0.0
2017-04-22 18:30:00,SYNC,3.625,3.625,3.625,3.625,0.0
2017-04-22 18:35:00,SYNC,3.625,3.625,3.625,3.625,0.0
2017-04-22 18:40:00,SYNC,3.625,3.625,3.625,3.625,0.0
2017-04-22 18:45:00,SYNC,3.625,3.625,3.625,3.625,0.0
2017-04-22 18:50:00,SYNC,3.625,3.625,3.625,3.625,0.0
2017-04-22 18:55:00,SYNC,3.625,3.625,3.625,3.625,0.0
2017-04-22 19:00:00,SYNC,3.625,3.625,3.625,3.625,0.0
2017-04-22 19:05:00,SYNC,3.625,3.625,3.625,3.625,0.0
2017-04-22 19:10:00,SYNC,3.625,3.625,3.625,3.625,0.0
2017-04-22 19:15:00,SYNC,3.625,3.625,3.625,3.625,0.0
2017-04-22 19:20:00,SYNC,3.625,3.625,3.625,3.625,0.0
2017-04-22 19:25:00,SYNC,3.625,3.625,3.625,3.625,0.0
2017-04-22 19:30:00,SYNC,3.625,3.625,3.625,3.625,0.0
2017-04-22 19:35:00,SYNC,3.625,3.625,3.625,3.625,0.0
2017-04-22 19:40:00,SYNC,3.625,3.625,3.625,3.625,0.0
2017-04-22 19:45:00,SYNC,3.625,3.625,3.625,3.625,0.0
2017-04-22 19:50:00,SYNC,3.625,3.625,3.625,3.625,0.0
2017-04-22 19:55:00,SYNC,3.625,3.625,3.625,3.625,0.0
2017-04-22 20:00:00,SYNC,3.625,3.625,3.625,3.625,0.0
2017-04-22 20:05:00,SYNC,3.625,3.625,3.625,3.625,0.0
2017-04-22 20:10:00,SYNC,3.625,3.625,3.625,3.625,0.0
2017-04-22 20:15:00,SYNC,3.625,3.625,3.625,3.625,0.0
2017-04-22 20:20:00,SYNC,3.625,3.625,3.625,3.625,0.0
2017-04-22 20:25:00,SYNC,3.625,3.625,3.625,3.625,0.0
2017-04-22 20:30:00,SYNC,3.625,3.625,3.625,3.625,0.0
2017-04-22 20:35:00,SYNC,3.625,3.625,3.625,3.625,0.0
2017-04-22 20:40:00,SYNC,3.625,3.625,3.625,3.625,0.0
2017-04-22 20:45:00,SYNC,3.625,3.625,3.625,3.625,0.0
2017-04-22 20:50:00,SYNC,3.625,3.625,3.625,3.625,0.0
2017-04-22 20:55:00,SYNC,3.625,3.625,3.625,3.625,0.0
2017-04-23 08:00:00,SYNC,3.625,3.625,3.625,3.625,0.0
2017-04-23 08:05:00,SYNC,3.625,3.625,3.625,3.625,0.0
2017-04-23 08:10:00,SYNC,3.625,3.625,3.625,3.625,0.0
2017-04-23 08:15:00,SYNC,3.625,3.625,3.625,3.625,0.0
2017-04-23 08:20:00,SYNC,3.625,3.625,3.625,3.625,0.0
2017-04-23 08:25:00,SYNC,3.625,3.625,3.625,3.625,0.0
2017-04-23 08:30:00,SYNC,3.625,3.625,3.625,3.625,0.0
2017-04-23 08:35:00,SYNC,3.625,3.625,3.625,3.625,0.0
2017-04-23 08:40:00,SYNC,3.625,3.625,3.625,3.625,0.0
2017-04-23 08:45:00,SYNC,3.625,3.625,3.625,3.625,0.0
2017-04-23 08:50:00,SYNC,3.625,3.625,3.625,3.625,0.0
2017-04-23 08:55:00,SYNC,3.625,3.625,3.625,3.625,0.0
2017-04-23 09:00:00,SYNC,3.625,3.625,3.625,3.625,0.0
2017-04-23 09:05:00,SYNC,3.625,3.625,3.625,3.625,0.0
2017-04-23 09:10:00,SYNC,3.625,3.625,3.625,3.625,0.0
2017-04-23 09:15:00,SYNC,3.625,3.625,3.625,3.625,0.0
2017-04-23 09:20:00,SYNC,3.625,3.625,3.625,3.625,0.0
2017-04-23 09:25:00,SYNC,3.625,3.625,3.625,3.625,0.0
2017-04-23 09:30:00,SYNC,3.625,3.625,3.625,3.625,0.0
2017-04-23 09:35:00,SYNC,3.625,3.625,3.625,3.625,0.0
2017-04-23 09:40:00,SYNC,3.625,3.625,3.625,3.625,0.0
2017-04-23 09:45:00,SYNC,3.625,3.625,3.625,3.625,0.0
2017-04-23 09:50:00,SYNC,3.625,3.625,3.625,3.625,0.0
2017-04-23 09:55:00,SYNC,3.625,3.625,3.625,3.625,0.0
2017-04-23 10:00:00,SYNC,3.625,3.625,3.625,3.625,0.0
2017-04-23 10:05:00,SYNC,3.625,3.625,3.625,3.625,0.0
2017-04-23 10:10:00,SYNC,3.625,3.625,3.625,3.625,0.0
2017-04-23 10:15:00,SYNC,3.625,3.625,3.625,3.625,0.0
2017-04-23 10:20:00,SYNC,3.625,3.625,3.625,3.625,0.0
2017-04-23 10:25:00,SYNC,3.625,3.625,3.625,3.625,0.0
2017-04-23 10:30:00,SYNC,3.625,3.625,3.625,3.625,0.0
2017-04-23 10:35:00,SYNC,3.625,3.625,3.625,3.625,0.0
2017-04-23 10:40:00,SYNC,3.625,3.625,3.625,3.625,0.0
2017-04-23 10:45:00,SYNC,3.625,3.625,3.625,3.625,0.0
2017-04-23 10:50:00,SYNC,3.625,3.625,3.625,3.625,0.0
2017-04-23 10:55:00,SYNC,3.625,3.625,3.625,3.625,0.0
2017-04-23 11:00:00,SYNC,3.625,3.625,3.625,3.625,0.0
2017-04-23 11:05:00,SYNC,3.625,3.625,3.625,3.625,0.0
2017-04-23 11:10:00,SYNC,3.625,3.625,3.625,3.625,0.0
2017-04-23 11:15:00,SYNC,3.625,3.625,3.625,3.625,0.0
2017-04-23 11:20:00,SYNC,3.625,3.625,3.625,3.625,0.0
2017-04-23 11:25:00,SYNC,3.625,3.625,3.625,3.625,0.0
2017-04-23 11:30:00,SYNC,3.625,3.625,3.625,3.625,0.0
2017-04-23 11:35:00,SYNC,3.625,3.625,3.625,3.625,0.0
2017-04-23 11:40:00,SYNC,3.625,3.625,3.625,3.625,0.0
2017-04-23 11:45:00,SYNC,3.625,3.625,3.625,3.625,0.0
2017-04-23 11:50:00,SYNC,3.625,3.625,3.625,3.625,0.0
2017-04-23 11:55:00,SYNC,3.625,3.625,3.625,3.625,0.0
2017-04-23 12:00:00,SYNC,3.625,3.625,3.625,3.625,0.0
2017-04-23 12:05:00,SYNC,3.625,3.625,3.625,3.625,0.0
2017-04-23 12:10:00,SYNC,3.625,3.625,3.625,3.625,0.0
2017-04-23 12:15:00,SYNC,3.625,3.625,3.625,3.625,0.0
2017-04-23 12:20:00,SYNC,3.625,3.625,3.625,3.625,0.0
2017-04-23 12:25:00,SYNC,3.625,3.625,3.625,3.625,0.0
2017-04-23 12:30:00,SYNC,3.625,3.625,3.625,3.625,0.0
2017-04-23 12:35:00,SYNC,3.625,3.625,3.625,3.625,0.0
2017-04-23 12:40:00,SYNC,3.625,3.625,3.625,3.625,0.0
2017-04-23 12:45:00,SYNC,3.625,3.625,3.625,3.625,0.0
2017-04-23 12:50:00,SYNC,3.625,3.625,3.625,3.625,0.0
2017-04-23 12:55:00,SYNC,3.625,3.625,3.625,3.625,0.0
2017-04-23 13:00:00,SYNC,3.625,3.625,3.625,3.625,0.0
2017-04-23 13:05:00,SYNC,3.625,3.625,3.625,3.625,0.0
2017-04-23 13:10:00,SYNC,3.625,3.625,3.625,3.625,0.0
2017-04-23 13:15:00,SYNC,3.625,3.625,3.625,3.625,0.0
2017-04-23 13:20:00,SYNC,3.625,3.625,3.625,3.625,0.0
2017-04-23 13:25:00,SYNC,3.625,3.625,3.625,3.625,0.0
2017-04-23 13:30:00,SYNC,3.625,3.625,3.625,3.625,0.0
2017-04-23 13:35:00,SYNC,3.625,3.625,3.625,3.625,0.0
2017-04-23 13:40:00,SYNC,3.625,3.625,3.625,3.625,0.0
2017-04-23 13:45:00,SYNC,3.625,3.625,3.625,3.625,0.0
2017-04-23 13:50:00,SYNC,3.625,3.625,3.625,3.625,0.0
2017-04-23 13:55:00,SYNC,3.625,3.625,3.625,3.625,0.0
2017-04-23 14:00:00,SYNC,3.625,3.625,3.625,3.625,0.0
2017-04-23 14:05:00,SYNC,3.625,3.625,3.625,3.625,0.0
2017-04-23 14:10:00,SYNC,3.625,3.625,3.625,3.625,0.0
2017-04-23 14:15:00,SYNC,3.625,3.625,3.625,3.625,0.0
2017-04-23 14:20:00,SYNC,3.625,3.625,3.625,3.625,0.0
2017-04-23 14:25:00,SYNC,3.625,3.625,3.625,3.625,0.0
2017-04-23 14:30:00,SYNC,3.625,3.625,3.625,3.625,0.0
2017-04-23 14:35:00,SYNC,3.625,3.625,3.625,3.625,0.0
2017-04-23 14:40:00,SYNC,3.625,3.625,3.625,3.625,0.0
2017-04-23 14:45:00,SYNC,3.625,3.625,3.625,3.625,0.0
2017-04-23 14:50:00,SYNC,3.625,3.625,3.625,3.625,0.0
2017-04-23 14:55:00,SYNC,3.625,3.625,3.625,3.625,0.0
2017-04-23 15:00:00,SYNC,3.625,3.625,3.625,3.625,0.0
2017-04-23 15:05:00,SYNC,3.625,3.625,3.625,3.625,0.0
2017-04-23 15:10:00,SYNC,3.625,3.625,3.625,3.625,0.0
2017-04-23 15:15:00,SYNC,3.625,3.625,3.625,3.625,0.0
2017-04-23 15:20:00,SYNC,3.625,3.625,3.625,3.625,0.0
2017-04-23 15:25:00,SYNC,3.625,3.625,3.625,3.625,0.0
2017-04-23 15:30:00,SYNC,3.625,3.625,3.625,3.625,0.0
2017-04-23 15:35:00,SYNC,3.625,3.625,3.625,3.625,0.0
2017-04-23 15:40:00,SYNC,3.625,3.625,3.625,3.625,0.0
2017-04-23 15:45:00,SYNC,3.625,3.625,3.625,3.625,0.0
2017-04-23 15:50:00,SYNC,3.625,3.625,3.625,3.625,0.0
2017-04-23 15:55:00,SYNC,3.625,3.625,3.625,3.625,0.0
2017-04-23 16:00:00,SYNC,3.625,3.625,3.625,3.625,0.0
2017-04-23 16:05:00,SYNC,3.625,3.625,3.625,3.625,0.0
2017-04-23 16:10:00,SYNC,3.625,3.625,3.625,3.625,0.0
2017-04-23 16:15:00,SYNC,3.625,3.625,3.625,3.625,0.0
2017-04-23 16:20:00,SYNC,3.625,3.625,3.625,3.625,0.0
2017-04-23 16:25:00,SYNC,3.625,3.625,3.625,3.625,0.0
2017-04-23 16:30:00,SYNC,3.625,3.625,3.625,3.625,0.0
2017-04-23 16:35:00,SYNC,3.625,3.625,3.625,3.625,0.0
2017-04-23 16:40:00,SYNC,3.625,3.625,3.625,3.625,0.0
2017-04-23 16:45:00,SYNC,3.625,3.625,3.625,3.625,0.0
2017-04-23 16:50:00,SYNC,3.625,3.625,3.625,3.625,0.0
2017-04-23 16:55:00,SYNC,3.625,3.625,3.625,3.625,0.0
2017-04-23 17:00:00,SYNC,3.625,3.625,3.625,3.625,0.0
2017-04-23 17:05:00,SYNC,3.625,3.625,3.625,3.625,0.0
2017-04-23 17:10:00,SYNC,3.625,3.625,3.625,3.625,0.0
2017-04-23 17:15:00,SYNC,3.625,3.625,3.625,3.625,0.0
2017-04-23 17:20:00,SYNC,3.625,3.625,3.625,3.625,0.0
2017-04-23 17:25:00,SYNC,3.625,3.625,3.625,3.625,0.0
2017-04-23 17:30:00,SYNC,3.625,3.625,3.625,3.625,0.0
2017-04-23 17:35:00,SYNC,3.625,3.625,3.625,3.625,0.0
2017-04-23 17:40:00,SYNC,3.625,3.625,3.625,3.625,0.0
2017-04-23 17:45:00,SYNC,3.625,3.625,3.625,3.625,0.0
2017-04-23 17:50:00,SYNC,3.625,3.625,3.625,3.625,0.0
2017-04-23 17:55:00,SYNC,3.625,3.625,3.625,3.625,0.0
2017-04-23 18:00:00,SYNC,3.625,3.625,3.625,3.625,0.0
2017-04-23 18:05:00,SYNC,3.625,3.625,3.625,3.625,0.0
2017-04-23 18:10:00,SYNC,3.625,3.625,3.625,3.625,0.0
2017-04-23 18:15:00,SYNC,3.625,3.625,3.625,3.625,0.0
2017-04-23 18:20:00,SYNC,3.625,3.625,3.625,3.625,0.0
2017-04-23 18:25:00,SYNC,3.625,3.625,3.625,3.625,0.0
2017-04-23 18:30:00,SYNC,3.625,3.625,3.625,3.625,0.0
2017-04-23 18:35:00,SYNC,3.625,3.625,3.625,3.625,0.0
2017-04-23 18:40:00,SYNC,3.625,3.625,3.625,3.625,0.0
2017-04-23 18:45:00,SYNC,3.625,3.625,3.625,3.625,0.0
2017-04-23 18:50:00,SYNC,3.625,3.625,3.625,3.625,0.0
2017-04-23 18:55:00,SYNC,3.625,3.625,3.625,3.625,0.0
2017-04-23 19:00:00,SYNC,3.625,3.625,3.625,3.625,0.0
2017-04-23 19:05:00,SYNC,3.625,3.625,3.625,3.625,0.0
2017-04-23 19:10:00,SYNC,3.625,3.625,3.625,3.625,0.0
2017-04-23 19:15:00,SYNC,3.625,3.625,3.625,3.625,0.0
2017-04-23 19:20:00,SYNC,3.625,3.625,3.625,3.625,0.0
2017-04-23 19:25:00,SYNC,3.625,3.625,3.625,3.625,0.0
2017-04-23 19:30:00,SYNC,3.625,3.625,3.625,3.625,0.0
2017-04-23 19:35:00,SYNC,3.625,3.625,3.625,3.625,0.0
2017-04-23 19:40:00,SYNC,3.625,3.625,3.625,3.625,0.0
2017-04-23 19:45:00,SYNC,3.625,3.625,3.625,3.625,0.0
2017-04-23 19:50:00,SYNC,3.625,3.625,3.625,3.625,0.0
2017-04-23 19:55:00,SYNC,3.625,3.625,3.625,3.625,0.0
2017-04-23 20:00:00,SYNC,3.625,3.625,3.625,3.625,0.0
2017-04-23 20:05:00,SYNC,3.625,3.625,3.625,3.625,0.0
2017-04-23 20:10:00,SYNC,3.625,3.625,3.625,3.625,0.0
2017-04-23 20:15:00,SYNC,3.625,3.625,3.625,3.625,0.0
2017-04-23 20:20:00,SYNC,3.625,3.625,3.625,3.625,0.0
2017-04-23 20:25:00,SYNC,3.625,3.625,3.625,3.625,0.0
2017-04-23 20:30:00,SYNC,3.625,3.625,3.625,3.625,0.0
2017-04-23 20:35:00,SYNC,3.625,3.625,3.625,3.625,0.0
2017-04-23 20:40:00,SYNC,3.625,3.625,3.625,3.625,0.0
2017-04-23 20:45:00,SYNC,3.625,3.625,3.625,3.625,0.0
2017-04-23 20:50:00,SYNC,3.625,3.625,3.625,3.625,0.0
2017-04-23 20:55:00,SYNC,3.625,3.625,3.625,3.625,0.0
