2017-05-19 16:05:00,BZH,14.99,14.99,14.99,14.99,20441.0
2017-05-19 16:00:00,BZH,14.99,15.0,14.98,14.99,51322.0
2017-05-19 15:55:00,BZH,14.995,15.0,14.97,14.99,34732.0
2017-05-19 15:50:00,BZH,14.98,15.0,14.98,14.995,13777.0
2017-05-19 15:45:00,BZH,15.005,15.01,14.98,14.98,9018.0
2017-05-19 15:40:00,BZH,14.97,15.01,14.97,15.01,17063.0
2017-05-19 15:35:00,BZH,14.97,14.98,14.955,14.98,7005.0
2017-05-19 15:30:00,BZH,14.96,14.98,14.96,14.97,8979.0
2017-05-19 15:25:00,BZH,14.96,14.96,14.95,14.96,9648.0
2017-05-19 15:20:00,BZH,14.97,14.98,14.96,14.96,5293.0
2017-05-19 15:15:00,BZH,14.995,14.995,14.955,14.96,10142.0
2017-05-19 15:10:00,BZH,15.01,15.01,14.985,15.0,5853.0
2017-05-19 15:05:00,BZH,14.99,15.0,14.97,15.0,13143.0
2017-05-19 15:00:00,BZH,15.0,15.0,14.99,15.0,2300.0
2017-05-19 14:55:00,BZH,14.99,15.01,14.99,15.005,4243.0
2017-05-19 14:50:00,BZH,15.0,15.005,14.99,15.0,2500.0
2017-05-19 14:45:00,BZH,15.0,15.01,14.99,15.0,4500.0
2017-05-19 14:40:00,BZH,15.0,15.0075,15.0,15.0,5945.0
2017-05-19 14:35:00,BZH,15.01,15.01,15.005,15.005,1000.0
2017-05-19 14:30:00,BZH,14.975,15.0,14.975,15.0,3296.0
2017-05-19 14:25:00,BZH,14.995,15.01,14.97,14.98,9405.0
2017-05-19 14:20:00,BZH,15.01,15.01,15.0,15.0,2800.0
2017-05-19 14:15:00,BZH,14.99,15.01,14.99,15.01,5824.0
2017-05-19 14:10:00,BZH,15.0,15.0,14.97,14.97,8636.0
2017-05-19 14:05:00,BZH,15.02,15.02,15.0,15.0,3966.0
2017-05-19 14:00:00,BZH,15.02,15.03,15.015,15.025,6542.0
2017-05-19 13:55:00,BZH,15.01,15.03,15.005,15.03,6696.0
2017-05-19 13:50:00,BZH,15.01,15.01,14.99,15.01,3000.0
2017-05-19 13:45:00,BZH,15.04,15.05,15.0,15.0,8037.0
2017-05-19 13:40:00,BZH,15.05,15.05,15.045,15.045,301.0
2017-05-19 13:35:00,BZH,15.09,15.09,15.04,15.04,7935.0
2017-05-19 13:30:00,BZH,15.08,15.1,15.08,15.1,2400.0
2017-05-19 13:25:00,BZH,15.02,15.07,15.015,15.07,11645.0
2017-05-19 13:20:00,BZH,15.01,15.02,15.0,15.02,2000.0
2017-05-19 13:15:00,BZH,15.0053,15.01,15.0,15.0,5450.0
2017-05-19 13:10:00,BZH,15.0,15.0,15.0,15.0,300.0
2017-05-19 13:05:00,BZH,15.01,15.01,15.0,15.01,1779.0
2017-05-19 13:00:00,BZH,15.01,15.02,15.005,15.01,7609.0
2017-05-19 12:55:00,BZH,15.02,15.02,15.0,15.0,5300.0
2017-05-19 12:50:00,BZH,15.01,15.02,15.01,15.01,6170.0
2017-05-19 12:45:00,BZH,15.01,15.01,15.01,15.01,300.0
2017-05-19 12:40:00,BZH,15.0149,15.02,15.01,15.01,1866.0
2017-05-19 12:35:00,BZH,15.01,15.01,15.005,15.01,2473.0
2017-05-19 12:30:00,BZH,15.01,15.025,15.005,15.005,4327.0
2017-05-19 12:25:00,BZH,14.9501,15.0,14.9501,15.0,8396.0
2017-05-19 12:20:00,BZH,14.94,14.96,14.94,14.95,5330.0
2017-05-19 12:15:00,BZH,14.94,14.96,14.94,14.94,5420.0
2017-05-19 12:10:00,BZH,14.92,14.96,14.92,14.94,12303.0
2017-05-19 12:05:00,BZH,14.92,14.94,14.92,14.93,3097.0
2017-05-19 12:00:00,BZH,14.91,14.91,14.91,14.91,1000.0
2017-05-19 11:55:00,BZH,14.88,14.91,14.88,14.91,1820.0
2017-05-19 11:50:00,BZH,14.92,14.92,14.89,14.89,2000.0
2017-05-19 11:45:00,BZH,14.87,14.92,14.87,14.92,6702.0
2017-05-19 11:40:00,BZH,14.85,14.87,14.85,14.87,2352.0
2017-05-19 11:35:00,BZH,14.89,14.89,14.83,14.85,3900.0
2017-05-19 11:30:00,BZH,14.93,14.94,14.9,14.9,4693.0
2017-05-19 11:25:00,BZH,14.95,14.95,14.92,14.93,4276.0
2017-05-19 11:20:00,BZH,14.97,14.97,14.96,14.96,2823.0
2017-05-19 11:15:00,BZH,14.97,14.99,14.97,14.98,4344.0
2017-05-19 11:10:00,BZH,14.96,14.98,14.96,14.97,3021.0
2017-05-19 11:05:00,BZH,14.98,14.99,14.965,14.965,1946.0
2017-05-19 11:00:00,BZH,14.98,14.99,14.98,14.985,1608.0
2017-05-19 10:55:00,BZH,14.94,14.98,14.94,14.97,1600.0
2017-05-19 10:50:00,BZH,14.98,14.98,14.94,14.95,2489.0
2017-05-19 10:45:00,BZH,14.945,15.02,14.945,14.97,9372.0
2017-05-19 10:40:00,BZH,14.94,14.98,14.93,14.94,5774.0
2017-05-19 10:35:00,BZH,14.975,14.99,14.95,14.95,2350.0
2017-05-19 10:30:00,BZH,14.88,14.95,14.87,14.95,7048.0
2017-05-19 10:25:00,BZH,14.91,14.91,14.88,14.88,1300.0
2017-05-19 10:20:00,BZH,14.86,14.91,14.82,14.9,9660.0
2017-05-19 10:15:00,BZH,14.92,14.96,14.84,14.86,15189.0
2017-05-19 10:10:00,BZH,14.94,14.94,14.9,14.91,1300.0
2017-05-19 10:05:00,BZH,14.94,14.95,14.93,14.94,2100.0
2017-05-19 10:00:00,BZH,14.96,14.97,14.94,14.95,3200.0
2017-05-19 09:55:00,BZH,14.945,14.97,14.93,14.97,3518.0
2017-05-19 09:50:00,BZH,14.91,14.9344,14.9,14.93,14613.0
2017-05-19 09:45:00,BZH,14.93,14.97,14.9,14.91,5052.0
2017-05-19 09:40:00,BZH,14.97,14.97,14.85,14.96,400.0
2017-05-19 09:35:00,BZH,14.86,14.94,14.86,14.94,7814.0
2017-05-18 16:05:00,BZH,14.82,14.82,14.82,14.82,32842.0
2017-05-18 16:00:00,BZH,14.89,14.89,14.82,14.83,37562.0
2017-05-18 15:55:00,BZH,14.9,14.92,14.89,14.89,14242.0
2017-05-18 15:50:00,BZH,14.87,14.9,14.87,14.9,9156.0
2017-05-18 15:45:00,BZH,14.86,14.88,14.84,14.87,13959.0
2017-05-18 15:40:00,BZH,14.88,14.885,14.87,14.87,8200.0
2017-05-18 15:35:00,BZH,14.885,14.9,14.86,14.89,12665.0
2017-05-18 15:30:00,BZH,14.85,14.89,14.84,14.8801,9646.0
2017-05-18 15:25:00,BZH,14.84,14.87,14.83,14.84,8307.0
2017-05-18 15:20:00,BZH,14.78,14.825,14.77,14.825,5228.0
2017-05-18 15:15:00,BZH,14.8,14.81,14.77,14.79,3145.0
2017-05-18 15:10:00,BZH,14.78,14.79,14.77,14.79,4862.0
2017-05-18 15:00:00,BZH,14.78,14.78,14.77,14.78,1300.0
2017-05-18 14:55:00,BZH,14.82,14.82,14.79,14.8,1622.0
2017-05-18 14:50:00,BZH,14.8062,14.81,14.775,14.81,4068.0
2017-05-18 14:45:00,BZH,14.85,14.85,14.82,14.82,1585.0
2017-05-18 14:40:00,BZH,14.84,14.85,14.83,14.85,733.0
2017-05-18 14:35:00,BZH,14.82,14.8587,14.82,14.845,3920.0
2017-05-18 14:30:00,BZH,14.82,14.83,14.81,14.81,2042.0
2017-05-18 14:25:00,BZH,14.79,14.83,14.79,14.81,1060.0
2017-05-18 14:20:00,BZH,14.79,14.79,14.78,14.79,1762.0
2017-05-18 14:15:00,BZH,14.825,14.83,14.79,14.8,2690.0
2017-05-18 14:10:00,BZH,14.8,14.82,14.8,14.82,2093.0
2017-05-18 14:05:00,BZH,14.78,14.84,14.78,14.807,4304.0
2017-05-18 14:00:00,BZH,14.78,14.79,14.76,14.76,4400.0
2017-05-18 13:55:00,BZH,14.73,14.75,14.71,14.75,2541.0
2017-05-18 13:50:00,BZH,14.76,14.76,14.725,14.725,1400.0
2017-05-18 13:45:00,BZH,14.73,14.74,14.73,14.74,800.0
2017-05-18 13:40:00,BZH,14.71,14.71,14.71,14.71,200.0
2017-05-18 13:35:00,BZH,14.73,14.73,14.69,14.71,2100.0
2017-05-18 13:30:00,BZH,14.72,14.72,14.69,14.71,2974.0
2017-05-18 13:20:00,BZH,14.72,14.73,14.72,14.73,1292.0
2017-05-18 13:15:00,BZH,14.71,14.72,14.705,14.71,2029.0
2017-05-18 13:10:00,BZH,14.72,14.72,14.709,14.71,1871.0
2017-05-18 13:05:00,BZH,14.76,14.76,14.72,14.72,1730.0
2017-05-18 13:00:00,BZH,14.73,14.75,14.73,14.75,1180.0
2017-05-18 12:55:00,BZH,14.74,14.74,14.7,14.71,1974.0
2017-05-18 12:50:00,BZH,14.71,14.73,14.7,14.73,3451.0
2017-05-18 12:45:00,BZH,14.74,14.74,14.71,14.72,2250.0
2017-05-18 12:40:00,BZH,14.75,14.76,14.75,14.75,2488.0
2017-05-18 12:35:00,BZH,14.76,14.7953,14.76,14.78,3151.0
2017-05-18 12:30:00,BZH,14.76,14.77,14.76,14.76,1300.0
2017-05-18 12:25:00,BZH,14.73,14.76,14.73,14.75,7503.0
2017-05-18 12:20:00,BZH,14.73,14.755,14.73,14.735,3900.0
2017-05-18 12:15:00,BZH,14.73,14.75,14.72,14.72,3450.0
2017-05-18 12:10:00,BZH,14.67,14.72,14.67,14.711,6300.0
2017-05-18 12:05:00,BZH,14.7,14.72,14.68,14.68,6787.0
2017-05-18 12:00:00,BZH,14.69,14.7,14.69,14.7,2000.0
2017-05-18 11:55:00,BZH,14.69,14.72,14.69,14.695,4000.0
2017-05-18 11:50:00,BZH,14.61,14.69,14.61,14.69,2889.0
2017-05-18 11:45:00,BZH,14.655,14.655,14.605,14.605,2718.0
2017-05-18 11:40:00,BZH,14.67,14.67,14.65,14.65,1300.0
2017-05-18 11:35:00,BZH,14.68,14.68,14.67,14.68,1400.0
2017-05-18 11:30:00,BZH,14.7,14.706,14.65,14.69,6729.0
2017-05-18 11:25:00,BZH,14.71,14.74,14.7,14.71,2600.0
2017-05-18 11:20:00,BZH,14.65,14.68,14.63,14.68,2693.0
2017-05-18 11:15:00,BZH,14.72,14.72,14.67,14.67,1700.0
2017-05-18 11:10:00,BZH,14.7,14.73,14.7,14.71,7248.0
2017-05-18 11:05:00,BZH,14.63,14.69,14.6215,14.69,5050.0
2017-05-18 11:00:00,BZH,14.59,14.63,14.59,14.63,1000.0
2017-05-18 10:55:00,BZH,14.59,14.6,14.56,14.57,3085.0
2017-05-18 10:50:00,BZH,14.6,14.6,14.565,14.59,4800.0
2017-05-18 10:40:00,BZH,14.57,14.63,14.57,14.59,2700.0
2017-05-18 10:35:00,BZH,14.5308,14.6,14.5308,14.57,4000.0
2017-05-18 10:30:00,BZH,14.47,14.5125,14.47,14.5125,3800.0
2017-05-18 10:25:00,BZH,14.56,14.56,14.5,14.5,2400.0
2017-05-18 10:20:00,BZH,14.56,14.56,14.55,14.56,3865.0
2017-05-18 10:15:00,BZH,14.53,14.559,14.53,14.559,6500.0
2017-05-18 10:10:00,BZH,14.56,14.56,14.51,14.51,2877.0
2017-05-18 10:05:00,BZH,14.47,14.535,14.47,14.535,4500.0
2017-05-18 10:00:00,BZH,14.45,14.5,14.45,14.45,2800.0
2017-05-18 09:55:00,BZH,14.46,14.4617,14.38,14.45,5900.0
2017-05-18 09:50:00,BZH,14.525,14.5399,14.45,14.46,9772.0
2017-05-18 09:45:00,BZH,14.57,14.57,14.47,14.51,2232.0
2017-05-18 09:40:00,BZH,14.41,14.6,14.41,14.53,6567.0
2017-05-18 09:35:00,BZH,14.43,14.43,14.27,14.4124,10002.0
2017-05-18 09:30:00,BZH,14.4,14.4,14.4,14.4,1025.0
2017-05-18 08:15:00,BZH,14.45,14.45,14.45,14.45,1500.0
2017-05-17 16:10:00,BZH,14.49,14.49,14.49,14.49,5210.0
2017-05-17 16:05:00,BZH,14.49,14.49,14.49,14.49,33299.0
2017-05-17 16:00:00,BZH,14.53,14.5399,14.49,14.5,66156.0
2017-05-17 15:55:00,BZH,14.56,14.57,14.52,14.535,30922.0
2017-05-17 15:50:00,BZH,14.66,14.66,14.56,14.565,38762.0
2017-05-17 15:45:00,BZH,14.71,14.72,14.66,14.66,37920.0
2017-05-17 15:40:00,BZH,14.715,14.73,14.7,14.71,24531.0
2017-05-17 15:35:00,BZH,14.67,14.73,14.665,14.71,24791.0
2017-05-17 15:30:00,BZH,14.65,14.68,14.65,14.67,9783.0
2017-05-17 15:25:00,BZH,14.62,14.66,14.62,14.645,10036.0
2017-05-17 15:20:00,BZH,14.58,14.62,14.58,14.62,3525.0
2017-05-17 15:15:00,BZH,14.58,14.58,14.555,14.58,7580.0
2017-05-17 15:10:00,BZH,14.62,14.62,14.58,14.58,5200.0
2017-05-17 15:05:00,BZH,14.6,14.65,14.6,14.63,11476.0
2017-05-17 15:00:00,BZH,14.57,14.62,14.57,14.61,17085.0
2017-05-17 14:55:00,BZH,14.52,14.58,14.5,14.5792,14939.0
2017-05-17 14:50:00,BZH,14.61,14.61,14.49,14.53,17465.0
2017-05-17 14:45:00,BZH,14.65,14.65,14.6,14.6,8213.0
2017-05-17 14:40:00,BZH,14.66,14.67,14.65,14.65,5719.0
2017-05-17 14:35:00,BZH,14.67,14.68,14.66,14.66,2954.0
2017-05-17 14:30:00,BZH,14.73,14.73,14.66,14.66,7853.0
2017-05-17 14:25:00,BZH,14.74,14.74,14.71,14.72,10884.0
2017-05-17 14:20:00,BZH,14.75,14.75,14.73,14.74,1900.0
2017-05-17 14:15:00,BZH,14.72,14.76,14.7,14.75,7900.0
2017-05-17 14:10:00,BZH,14.734,14.74,14.705,14.72,6764.0
2017-05-17 14:05:00,BZH,14.71,14.75,14.7075,14.739,11467.0
2017-05-17 14:00:00,BZH,14.71,14.725,14.7075,14.71,4000.0
2017-05-17 13:55:00,BZH,14.71,14.71,14.7,14.71,9648.0
2017-05-17 13:50:00,BZH,14.72,14.72,14.701,14.71,3800.0
2017-05-17 13:45:00,BZH,14.7512,14.7512,14.71,14.72,2860.0
2017-05-17 13:40:00,BZH,14.79,14.79,14.75,14.75,1800.0
2017-05-17 13:35:00,BZH,14.74,14.78,14.72,14.78,1700.0
2017-05-17 13:30:00,BZH,14.715,14.72,14.7087,14.72,3704.0
2017-05-17 13:25:00,BZH,14.71,14.7118,14.7,14.71,6609.0
2017-05-17 13:20:00,BZH,14.72,14.72,14.7,14.7,3927.0
2017-05-17 13:15:00,BZH,14.71,14.71,14.705,14.71,1300.0
2017-05-17 13:10:00,BZH,14.71,14.72,14.705,14.72,7400.0
2017-05-17 13:05:00,BZH,14.73,14.73,14.705,14.71,5460.0
2017-05-17 13:00:00,BZH,14.74,14.74,14.73,14.735,1750.0
2017-05-17 12:55:00,BZH,14.72,14.735,14.71,14.7347,2200.0
2017-05-17 12:50:00,BZH,14.72,14.74,14.72,14.73,2600.0
2017-05-17 12:45:00,BZH,14.73,14.74,14.72,14.72,400.0
2017-05-17 12:40:00,BZH,14.73,14.75,14.72,14.7412,1021.0
2017-05-17 12:35:00,BZH,14.71,14.72,14.705,14.72,6081.0
2017-05-17 12:30:00,BZH,14.72,14.72,14.7,14.71,2516.0
2017-05-17 12:25:00,BZH,14.72,14.725,14.71,14.71,4528.0
2017-05-17 12:20:00,BZH,14.71,14.73,14.7,14.72,5483.0
2017-05-17 12:15:00,BZH,14.74,14.74,14.71,14.71,2350.0
2017-05-17 12:10:00,BZH,14.74,14.76,14.72,14.7431,2700.0
2017-05-17 12:05:00,BZH,14.78,14.78,14.74,14.74,700.0
2017-05-17 12:00:00,BZH,14.73,14.75,14.73,14.75,1938.0
2017-05-17 11:55:00,BZH,14.75,14.77,14.75,14.75,1944.0
2017-05-17 11:50:00,BZH,14.775,14.78,14.74,14.75,2641.0
2017-05-17 11:45:00,BZH,14.78,14.78,14.76,14.77,2500.0
2017-05-17 11:40:00,BZH,14.71,14.78,14.71,14.78,3600.0
2017-05-17 11:35:00,BZH,14.72,14.73,14.7,14.71,10589.0
2017-05-17 11:30:00,BZH,14.76,14.76,14.73,14.73,2100.0
2017-05-17 11:25:00,BZH,14.78,14.83,14.77,14.77,10641.0
2017-05-17 11:20:00,BZH,14.7616,14.8,14.73,14.8,11868.0
2017-05-17 11:15:00,BZH,14.71,14.77,14.71,14.755,6423.0
2017-05-17 11:10:00,BZH,14.71,14.72,14.69,14.71,15187.0
2017-05-17 11:05:00,BZH,14.73,14.73,14.69,14.698,3700.0
2017-05-17 11:00:00,BZH,14.67,14.73,14.67,14.71,10960.0
2017-05-17 10:55:00,BZH,14.73,14.74,14.7,14.71,3900.0
2017-05-17 10:50:00,BZH,14.74,14.74,14.7375,14.74,825.0
2017-05-17 10:45:00,BZH,14.71,14.74,14.71,14.74,2078.0
2017-05-17 10:40:00,BZH,14.71,14.72,14.69,14.72,17306.0
2017-05-17 10:35:00,BZH,14.71,14.75,14.7003,14.71,1100.0
2017-05-17 10:30:00,BZH,14.705,14.74,14.69,14.71,12071.0
2017-05-17 10:25:00,BZH,14.69,14.71,14.6768,14.705,5500.0
2017-05-17 10:20:00,BZH,14.71,14.71,14.69,14.71,4700.0
2017-05-17 10:15:00,BZH,14.69,14.73,14.69,14.73,14591.0
2017-05-17 10:10:00,BZH,14.61,14.68,14.6,14.68,3736.0
2017-05-17 10:05:00,BZH,14.48,14.6,14.48,14.6,4540.0
2017-05-17 10:00:00,BZH,14.607,14.607,14.471,14.492,15991.0
2017-05-17 09:55:00,BZH,14.62,14.62,14.56,14.59,3657.0
2017-05-17 09:50:00,BZH,14.72,14.72,14.58,14.58,17543.0
2017-05-17 09:45:00,BZH,14.83,14.83,14.737,14.737,3202.0
2017-05-17 09:40:00,BZH,14.882,14.882,14.8268,14.8451,3000.0
2017-05-17 09:35:00,BZH,14.83,14.91,14.83,14.91,3608.0
2017-05-16 16:05:00,BZH,15.03,15.03,15.03,15.03,25276.0
2017-05-16 16:00:00,BZH,15.06,15.06,15.025,15.03,37882.0
2017-05-16 15:55:00,BZH,15.05,15.065,15.045,15.06,10361.0
2017-05-16 15:50:00,BZH,15.02,15.06,15.0,15.06,19324.0
2017-05-16 15:45:00,BZH,15.02,15.02,15.005,15.02,6275.0
2017-05-16 15:40:00,BZH,15.015,15.03,15.0,15.01,10641.0
2017-05-16 15:35:00,BZH,14.97,15.02,14.965,15.015,24879.0
2017-05-16 15:30:00,BZH,14.98,14.985,14.975,14.975,2250.0
2017-05-16 15:25:00,BZH,14.9737,14.98,14.9737,14.98,3089.0
2017-05-16 15:20:00,BZH,14.96,14.97,14.955,14.97,3000.0
2017-05-16 15:15:00,BZH,14.97,14.97,14.96,14.96,2411.0
2017-05-16 15:10:00,BZH,14.99,14.99,14.97,14.97,500.0
2017-05-16 15:05:00,BZH,14.97,14.98,14.97,14.98,2368.0
2017-05-16 15:00:00,BZH,14.99,14.99,14.97,14.97,1199.0
2017-05-16 14:55:00,BZH,14.98,14.99,14.96,14.99,2793.0
2017-05-16 14:50:00,BZH,14.97,14.98,14.965,14.975,3465.0
2017-05-16 14:45:00,BZH,14.97,14.975,14.96,14.96,700.0
2017-05-16 14:40:00,BZH,14.99,15.0,14.98,14.98,2497.0
2017-05-16 14:35:00,BZH,14.94,15.0,14.94,14.99,8148.0
2017-05-16 14:30:00,BZH,14.9,14.93,14.89,14.93,3821.0
2017-05-16 14:25:00,BZH,14.9099,14.9099,14.9,14.9,1900.0
2017-05-16 14:20:00,BZH,14.91,14.91,14.9,14.91,1800.0
2017-05-16 14:15:00,BZH,14.9,14.91,14.9,14.9,1789.0
2017-05-16 14:10:00,BZH,14.91,14.91,14.9,14.9,1800.0
2017-05-16 14:05:00,BZH,14.9,14.91,14.9,14.91,1807.0
2017-05-16 14:00:00,BZH,14.88,14.89,14.88,14.89,1700.0
2017-05-16 13:55:00,BZH,14.91,14.91,14.88,14.9,2200.0
2017-05-16 13:50:00,BZH,14.91,14.91,14.91,14.91,700.0
2017-05-16 13:45:00,BZH,14.9,14.9,14.9,14.9,900.0
2017-05-16 13:40:00,BZH,14.9,14.9,14.89,14.89,1200.0
2017-05-16 13:35:00,BZH,14.9,14.9,14.89,14.895,3935.0
2017-05-16 13:30:00,BZH,14.9,14.9,14.89,14.89,1651.0
2017-05-16 13:25:00,BZH,14.9,14.91,14.89,14.89,1800.0
2017-05-16 13:20:00,BZH,14.93,14.93,14.91,14.91,1400.0
2017-05-16 13:15:00,BZH,14.93,14.93,14.92,14.92,14300.0
2017-05-16 13:10:00,BZH,14.92,14.93,14.91,14.93,1400.0
2017-05-16 13:05:00,BZH,14.91,14.9198,14.9,14.91,7683.0
2017-05-16 13:00:00,BZH,14.91,14.92,14.91,14.92,300.0
2017-05-16 12:55:00,BZH,14.9,14.92,14.9,14.92,500.0
2017-05-16 12:50:00,BZH,14.89,14.8907,14.88,14.89,1233.0
2017-05-16 12:45:00,BZH,14.89,14.89,14.87,14.88,2800.0
2017-05-16 12:40:00,BZH,14.88,14.88,14.88,14.88,100.0
2017-05-16 12:35:00,BZH,14.8901,14.9,14.88,14.8964,2879.0
2017-05-16 12:30:00,BZH,14.89,14.895,14.88,14.895,765.0
2017-05-16 12:25:00,BZH,14.91,14.91,14.89,14.89,1171.0
2017-05-16 12:20:00,BZH,14.8849,14.91,14.8801,14.91,2070.0
2017-05-16 12:15:00,BZH,14.86,14.8759,14.86,14.8759,1858.0
2017-05-16 12:10:00,BZH,14.86,14.86,14.86,14.86,300.0
2017-05-16 12:05:00,BZH,14.86,14.87,14.86,14.86,2194.0
2017-05-16 12:00:00,BZH,14.9,14.9,14.86,14.86,1800.0
2017-05-16 11:55:00,BZH,14.8919,14.92,14.8919,14.91,2708.0
2017-05-16 11:50:00,BZH,14.87,14.88,14.855,14.88,2400.0
2017-05-16 11:45:00,BZH,14.85,14.87,14.84,14.87,1400.0
2017-05-16 11:40:00,BZH,14.82,14.83,14.82,14.83,624.0
2017-05-16 11:35:00,BZH,14.83,14.83,14.805,14.81,2200.0
2017-05-16 11:30:00,BZH,14.89,14.89,14.84,14.84,1394.0
2017-05-16 11:25:00,BZH,14.84,14.89,14.84,14.89,2889.0
2017-05-16 11:20:00,BZH,14.92,14.92,14.84,14.84,2800.0
2017-05-16 11:15:00,BZH,14.94,14.94,14.92,14.93,2228.0
2017-05-16 11:10:00,BZH,14.875,14.94,14.875,14.94,3856.0
2017-05-16 11:05:00,BZH,14.84,14.88,14.82,14.88,3095.0
2017-05-16 11:00:00,BZH,14.87,14.87,14.83,14.84,2000.0
2017-05-16 10:55:00,BZH,14.81,14.89,14.81,14.88,2749.0
2017-05-16 10:50:00,BZH,14.79,14.84,14.79,14.84,2164.0
2017-05-16 10:45:00,BZH,14.85,14.85,14.78,14.78,1613.0
2017-05-16 10:40:00,BZH,14.81,14.83,14.81,14.83,1600.0
2017-05-16 10:35:00,BZH,14.8046,14.84,14.8046,14.81,1798.0
2017-05-16 10:30:00,BZH,14.77,14.81,14.75,14.81,8736.0
2017-05-16 10:25:00,BZH,14.85,14.85,14.76,14.7648,3400.0
2017-05-16 10:20:00,BZH,14.87,14.87,14.81,14.84,2975.0
2017-05-16 10:15:00,BZH,14.86,14.88,14.84,14.87,2993.0
2017-05-16 10:10:00,BZH,14.83,14.9,14.83,14.9,1644.0
2017-05-16 10:05:00,BZH,14.84,14.84,14.8,14.84,3022.0
2017-05-16 10:00:00,BZH,14.78,14.81,14.73,14.81,9089.0
2017-05-16 09:55:00,BZH,14.76,14.8022,14.76,14.8022,3642.0
2017-05-16 09:50:00,BZH,14.79,14.79,14.75,14.77,1300.0
2017-05-16 09:45:00,BZH,14.78,14.81,14.77,14.79,3600.0
2017-05-16 09:40:00,BZH,14.91,14.91,14.78,14.78,3600.0
2017-05-16 09:35:00,BZH,14.92,14.94,14.87,14.91,5832.0
2017-05-16 09:30:00,BZH,14.92,14.92,14.92,14.92,200.0
2017-05-15 16:05:00,BZH,14.89,14.89,14.89,14.89,12871.0
2017-05-15 16:00:00,BZH,14.895,14.905,14.89,14.9,29173.0
2017-05-15 15:55:00,BZH,14.875,14.9,14.875,14.895,10642.0
2017-05-15 15:50:00,BZH,14.845,14.9,14.845,14.88,24322.0
2017-05-15 15:45:00,BZH,14.87,14.87,14.84,14.84,9540.0
2017-05-15 15:40:00,BZH,14.91,14.91,14.86,14.87,11035.0
2017-05-15 15:35:00,BZH,14.89,14.91,14.89,14.905,6413.0
2017-05-15 15:30:00,BZH,14.93,14.94,14.89,14.89,8107.0
2017-05-15 15:25:00,BZH,14.93,14.93,14.92,14.93,1200.0
2017-05-15 15:20:00,BZH,14.95,14.96,14.93,14.93,4660.0
2017-05-15 15:15:00,BZH,14.96,14.97,14.95,14.96,1400.0
2017-05-15 15:10:00,BZH,14.955,14.985,14.93,14.96,13759.0
2017-05-15 15:05:00,BZH,14.96,14.96,14.94,14.96,5759.0
2017-05-15 15:00:00,BZH,14.96,14.96,14.95,14.95,4078.0
2017-05-15 14:55:00,BZH,14.97,14.98,14.96,14.96,1800.0
2017-05-15 14:50:00,BZH,14.97,14.99,14.97,14.98,3459.0
2017-05-15 14:45:00,BZH,14.95,14.97,14.95,14.96,6300.0
2017-05-15 14:40:00,BZH,14.93,14.96,14.93,14.96,3200.0
2017-05-15 14:35:00,BZH,14.95,14.95,14.93,14.93,1817.0
2017-05-15 14:30:00,BZH,14.99,14.99,14.95,14.95,5700.0
2017-05-15 14:25:00,BZH,14.99,14.99,14.98,14.99,3200.0
2017-05-15 14:20:00,BZH,14.97,15.0,14.964,15.0,4680.0
2017-05-15 14:15:00,BZH,14.96,14.97,14.96,14.97,3620.0
2017-05-15 14:10:00,BZH,14.96,14.96,14.96,14.96,900.0
2017-05-15 14:05:00,BZH,14.96,14.97,14.955,14.96,5680.0
2017-05-15 14:00:00,BZH,14.91,14.95,14.91,14.95,20811.0
2017-05-15 13:55:00,BZH,14.92,14.925,14.91,14.914,1625.0
2017-05-15 13:50:00,BZH,14.91,14.92,14.9,14.92,2248.0
2017-05-15 13:45:00,BZH,14.91,14.9199,14.91,14.915,1500.0
2017-05-15 13:40:00,BZH,14.91,14.91,14.8925,14.9,2434.0
2017-05-15 13:35:00,BZH,14.91,14.92,14.91,14.915,1500.0
2017-05-15 13:30:00,BZH,14.925,14.93,14.91,14.91,2413.0
2017-05-15 13:25:00,BZH,14.93,14.93,14.92,14.92,200.0
2017-05-15 13:15:00,BZH,14.9,14.92,14.9,14.92,2100.0
2017-05-15 13:05:00,BZH,14.94,14.94,14.88,14.9,6373.0
2017-05-15 13:00:00,BZH,14.93,14.95,14.928,14.94,3239.0
2017-05-15 12:55:00,BZH,14.91,14.92,14.91,14.92,500.0
2017-05-15 12:50:00,BZH,14.84,14.9,14.84,14.9,6013.0
2017-05-15 12:45:00,BZH,14.8,14.82,14.8,14.82,2200.0
2017-05-15 12:40:00,BZH,14.79,14.79,14.79,14.79,100.0
2017-05-15 12:35:00,BZH,14.794,14.8,14.79,14.795,1100.0
2017-05-15 12:30:00,BZH,14.78,14.78,14.78,14.78,1031.0
2017-05-15 12:25:00,BZH,14.77,14.79,14.77,14.79,1005.0
2017-05-15 12:20:00,BZH,14.77,14.77,14.77,14.77,100.0
2017-05-15 12:15:00,BZH,14.77,14.79,14.76,14.79,3017.0
2017-05-15 12:10:00,BZH,14.78,14.78,14.7709,14.78,4400.0
2017-05-15 12:05:00,BZH,14.77,14.78,14.77,14.78,900.0
2017-05-15 12:00:00,BZH,14.77,14.78,14.77,14.78,200.0
2017-05-15 11:55:00,BZH,14.83,14.83,14.77,14.778,6884.0
2017-05-15 11:50:00,BZH,14.87,14.87,14.84,14.85,2539.0
2017-05-15 11:45:00,BZH,14.87,14.87,14.86,14.86,1506.0
2017-05-15 11:40:00,BZH,14.87,14.87,14.86,14.87,1500.0
2017-05-15 11:35:00,BZH,14.89,14.89,14.88,14.88,1000.0
2017-05-15 11:30:00,BZH,14.87,14.88,14.87,14.88,1134.0
2017-05-15 11:25:00,BZH,14.91,14.91,14.85,14.87,7938.0
2017-05-15 11:20:00,BZH,14.92,14.9301,14.92,14.92,3264.0
2017-05-15 11:15:00,BZH,14.96,14.96,14.94,14.94,3123.0
2017-05-15 11:10:00,BZH,14.94,14.97,14.94,14.97,3740.0
2017-05-15 11:05:00,BZH,14.89,14.94,14.89,14.94,1300.0
2017-05-15 11:00:00,BZH,14.88,14.9,14.87,14.87,1700.0
2017-05-15 10:55:00,BZH,14.86,14.89,14.8543,14.89,2800.0
2017-05-15 10:50:00,BZH,14.87,14.87,14.8577,14.87,1800.0
2017-05-15 10:45:00,BZH,14.86,14.87,14.86,14.87,600.0
2017-05-15 10:40:00,BZH,14.87,14.87,14.84,14.84,1500.0
2017-05-15 10:35:00,BZH,14.88,14.88,14.85,14.871,2031.0
2017-05-15 10:30:00,BZH,14.95,14.95,14.89,14.89,3353.0
2017-05-15 10:25:00,BZH,14.915,14.97,14.915,14.96,14797.0
2017-05-15 10:20:00,BZH,14.87,14.9116,14.85,14.9116,4835.0
2017-05-15 10:15:00,BZH,14.84,14.87,14.83,14.87,2500.0
2017-05-15 10:10:00,BZH,14.85,14.85,14.83,14.8433,1200.0
2017-05-15 10:05:00,BZH,14.785,14.88,14.785,14.86,7680.0
2017-05-15 10:00:00,BZH,14.76,14.7852,14.75,14.782,9940.0
2017-05-15 09:55:00,BZH,14.76,14.78,14.74,14.76,5577.0
2017-05-15 09:50:00,BZH,14.75,14.78,14.73,14.74,5300.0
2017-05-15 09:45:00,BZH,14.7506,14.77,14.74,14.77,975.0
2017-05-15 09:40:00,BZH,14.75,14.77,14.73,14.74,4584.0
2017-05-15 09:35:00,BZH,14.69,14.75,14.672,14.75,4075.0
2017-05-12 16:05:00,BZH,14.67,14.67,14.67,14.67,22279.0
2017-05-12 16:00:00,BZH,14.67,14.69,14.66,14.675,21116.0
2017-05-12 15:55:00,BZH,14.68,14.69,14.67,14.67,9851.0
2017-05-12 15:50:00,BZH,14.65,14.69,14.64,14.69,10240.0
2017-05-12 15:45:00,BZH,14.66,14.68,14.655,14.655,7846.0
2017-05-12 15:40:00,BZH,14.65,14.655,14.64,14.645,7115.0
2017-05-12 15:35:00,BZH,14.66,14.665,14.645,14.645,7177.0
2017-05-12 15:30:00,BZH,14.67,14.67,14.65,14.665,2988.0
2017-05-12 15:25:00,BZH,14.67,14.675,14.65,14.67,4930.0
2017-05-12 15:20:00,BZH,14.68,14.7,14.67,14.67,4500.0
2017-05-12 15:15:00,BZH,14.64,14.67,14.63,14.67,12925.0
2017-05-12 15:10:00,BZH,14.65,14.655,14.64,14.645,6507.0
2017-05-12 15:05:00,BZH,14.66,14.67,14.65,14.65,3197.0
2017-05-12 15:00:00,BZH,14.67,14.67,14.65,14.66,3678.0
2017-05-12 14:55:00,BZH,14.69,14.69,14.67,14.67,5037.0
2017-05-12 14:50:00,BZH,14.69,14.6935,14.68,14.68,3936.0
2017-05-12 14:45:00,BZH,14.67,14.7,14.67,14.695,2820.0
2017-05-12 14:40:00,BZH,14.67,14.68,14.66,14.66,2645.0
2017-05-12 14:35:00,BZH,14.635,14.68,14.63,14.68,2414.0
2017-05-12 14:30:00,BZH,14.67,14.67,14.64,14.64,6598.0
2017-05-12 14:25:00,BZH,14.67,14.67,14.66,14.67,2520.0
2017-05-12 14:20:00,BZH,14.69,14.69,14.66,14.67,3812.0
2017-05-12 14:15:00,BZH,14.71,14.71,14.685,14.685,3185.0
2017-05-12 14:10:00,BZH,14.7,14.71,14.695,14.705,6400.0
2017-05-12 14:05:00,BZH,14.7,14.7,14.7,14.7,100.0
2017-05-12 14:00:00,BZH,14.69,14.7,14.69,14.69,600.0
2017-05-12 13:55:00,BZH,14.695,14.705,14.695,14.695,2381.0
2017-05-12 13:50:00,BZH,14.75,14.76,14.7,14.7,11052.0
2017-05-12 13:45:00,BZH,14.74,14.75,14.74,14.75,600.0
2017-05-12 13:40:00,BZH,14.74,14.745,14.74,14.7416,2400.0
2017-05-12 13:35:00,BZH,14.735,14.74,14.73,14.735,800.0
2017-05-12 13:30:00,BZH,14.73,14.74,14.72,14.735,7134.0
2017-05-12 13:20:00,BZH,14.72,14.73,14.72,14.73,700.0
2017-05-12 13:15:00,BZH,14.71,14.72,14.7075,14.72,1300.0
2017-05-12 13:10:00,BZH,14.72,14.72,14.695,14.705,4453.0
2017-05-12 13:05:00,BZH,14.71,14.715,14.7081,14.715,400.0
2017-05-12 13:00:00,BZH,14.715,14.715,14.7028,14.7028,375.0
2017-05-12 12:55:00,BZH,14.74,14.74,14.725,14.73,700.0
2017-05-12 12:50:00,BZH,14.75,14.75,14.745,14.745,700.0
2017-05-12 12:45:00,BZH,14.73,14.75,14.73,14.745,3202.0
2017-05-12 12:40:00,BZH,14.74,14.74,14.7354,14.7354,2583.0
2017-05-12 12:35:00,BZH,14.76,14.76,14.727,14.74,2400.0
2017-05-12 12:30:00,BZH,14.75,14.76,14.745,14.76,1100.0
2017-05-12 12:25:00,BZH,14.752,14.76,14.75,14.75,1955.0
2017-05-12 12:20:00,BZH,14.74,14.76,14.74,14.76,1500.0
2017-05-12 12:15:00,BZH,14.715,14.735,14.715,14.735,700.0
2017-05-12 12:10:00,BZH,14.72,14.73,14.715,14.72,4328.0
2017-05-12 12:05:00,BZH,14.73,14.73,14.72,14.72,2000.0
2017-05-12 12:00:00,BZH,14.76,14.76,14.74,14.74,2700.0
2017-05-12 11:55:00,BZH,14.78,14.78,14.7642,14.77,1565.0
2017-05-12 11:50:00,BZH,14.79,14.8,14.785,14.79,1510.0
2017-05-12 11:45:00,BZH,14.81,14.81,14.79,14.79,3000.0
2017-05-12 11:40:00,BZH,14.77,14.81,14.77,14.81,2164.0
2017-05-12 11:35:00,BZH,14.74,14.77,14.73,14.77,2400.0
2017-05-12 11:30:00,BZH,14.76,14.76,14.74,14.74,2400.0
2017-05-12 11:25:00,BZH,14.78,14.79,14.77,14.77,1400.0
2017-05-12 11:20:00,BZH,14.8,14.8,14.77,14.78,2869.0
2017-05-12 11:15:00,BZH,14.83,14.84,14.8,14.8,4100.0
2017-05-12 11:10:00,BZH,14.76,14.82,14.76,14.82,3600.0
2017-05-12 11:05:00,BZH,14.76,14.76,14.75,14.76,1500.0
2017-05-12 11:00:00,BZH,14.76,14.76,14.73,14.76,3400.0
2017-05-12 10:55:00,BZH,14.78,14.7859,14.76,14.76,2900.0
2017-05-12 10:50:00,BZH,14.77,14.78,14.77,14.78,600.0
2017-05-12 10:45:00,BZH,14.79,14.79,14.74,14.75,2600.0
2017-05-12 10:40:00,BZH,14.7325,14.7969,14.7325,14.79,6620.0
2017-05-12 10:35:00,BZH,14.74,14.7475,14.705,14.73,3665.0
2017-05-12 10:30:00,BZH,14.75,14.755,14.715,14.74,1900.0
2017-05-12 10:25:00,BZH,14.73,14.78,14.73,14.776,2392.0
2017-05-12 10:20:00,BZH,14.6555,14.72,14.6555,14.69,1230.0
2017-05-12 10:15:00,BZH,14.69,14.7,14.64,14.67,3300.0
2017-05-12 10:10:00,BZH,14.7,14.73,14.7,14.7,2500.0
2017-05-12 10:05:00,BZH,14.77,14.775,14.68,14.69,3098.0
2017-05-12 10:00:00,BZH,14.805,14.805,14.75,14.78,4400.0
2017-05-12 09:55:00,BZH,14.72,14.79,14.69,14.79,5328.0
2017-05-12 09:50:00,BZH,14.63,14.7,14.6,14.7,4431.0
2017-05-12 09:45:00,BZH,14.5253,14.6171,14.5253,14.6,4850.0
2017-05-12 09:40:00,BZH,14.64,14.64,14.511,14.5401,7100.0
2017-05-12 09:35:00,BZH,14.7,14.71,14.66,14.67,3019.0
2017-05-11 16:05:00,BZH,14.74,14.74,14.74,14.74,21609.0
2017-05-11 16:00:00,BZH,14.77,14.77,14.74,14.745,27874.0
2017-05-11 15:55:00,BZH,14.765,14.77,14.76,14.765,6327.0
2017-05-11 15:50:00,BZH,14.77,14.78,14.76,14.765,23390.0
2017-05-11 15:45:00,BZH,14.78,14.78,14.77,14.775,2700.0
2017-05-11 15:40:00,BZH,14.79,14.8,14.775,14.775,13468.0
2017-05-11 15:35:00,BZH,14.76,14.79,14.76,14.785,6600.0
2017-05-11 15:30:00,BZH,14.79,14.79,14.76,14.76,5826.0
2017-05-11 15:25:00,BZH,14.8,14.8,14.795,14.795,2300.0
2017-05-11 15:20:00,BZH,14.8,14.81,14.79,14.79,6390.0
2017-05-11 15:15:00,BZH,14.845,14.845,14.8,14.8,10615.0
2017-05-11 15:10:00,BZH,14.82,14.85,14.82,14.85,3780.0
2017-05-11 15:05:00,BZH,14.825,14.83,14.82,14.825,2344.0
2017-05-11 15:00:00,BZH,14.82,14.84,14.8172,14.825,3307.0
2017-05-11 14:55:00,BZH,14.825,14.83,14.805,14.82,3700.0
2017-05-11 14:50:00,BZH,14.83,14.83,14.825,14.825,1300.0
2017-05-11 14:45:00,BZH,14.835,14.85,14.8201,14.8201,8218.0
2017-05-11 14:40:00,BZH,14.825,14.8301,14.82,14.83,7534.0
2017-05-11 14:35:00,BZH,14.815,14.82,14.802,14.82,9723.0
2017-05-11 14:30:00,BZH,14.84,14.8401,14.81,14.81,2700.0
2017-05-11 14:25:00,BZH,14.87,14.87,14.85,14.855,700.0
2017-05-11 14:20:00,BZH,14.83,14.85,14.8275,14.85,2701.0
2017-05-11 14:15:00,BZH,14.83,14.85,14.83,14.84,5170.0
2017-05-11 14:10:00,BZH,14.875,14.88,14.84,14.84,5539.0
2017-05-11 14:05:00,BZH,14.895,14.9,14.87,14.875,9950.0
2017-05-11 14:00:00,BZH,14.89,14.8975,14.8875,14.89,7995.0
2017-05-11 13:55:00,BZH,14.89,14.9,14.885,14.9,3330.0
2017-05-11 13:50:00,BZH,14.87,14.89,14.865,14.885,4200.0
2017-05-11 13:45:00,BZH,14.86,14.87,14.841,14.87,3931.0
2017-05-11 13:40:00,BZH,14.865,14.87,14.86,14.86,2600.0
2017-05-11 13:35:00,BZH,14.86,14.865,14.86,14.865,300.0
2017-05-11 13:30:00,BZH,14.86,14.86,14.855,14.86,1705.0
2017-05-11 13:25:00,BZH,14.86,14.86,14.86,14.86,600.0
2017-05-11 13:20:00,BZH,14.86,14.86,14.84,14.84,1435.0
2017-05-11 13:15:00,BZH,14.86,14.87,14.86,14.86,1500.0
2017-05-11 13:10:00,BZH,14.85,14.863,14.85,14.85,10026.0
2017-05-11 13:05:00,BZH,14.84,14.85,14.84,14.85,800.0
2017-05-11 13:00:00,BZH,14.86,14.87,14.84,14.85,2003.0
2017-05-11 12:55:00,BZH,14.85,14.86,14.85,14.86,2598.0
2017-05-11 12:50:00,BZH,14.86,14.86,14.86,14.86,200.0
2017-05-11 12:45:00,BZH,14.85,14.86,14.85,14.86,700.0
2017-05-11 12:40:00,BZH,14.85,14.85,14.85,14.85,200.0
2017-05-11 12:35:00,BZH,14.86,14.8631,14.84,14.85,3105.0
2017-05-11 12:30:00,BZH,14.85,14.86,14.85,14.86,1200.0
2017-05-11 12:25:00,BZH,14.85,14.85,14.8392,14.8392,450.0
2017-05-11 12:20:00,BZH,14.78,14.84,14.78,14.835,1700.0
2017-05-11 12:15:00,BZH,14.82,14.82,14.764,14.77,3795.0
2017-05-11 12:10:00,BZH,14.86,14.86,14.83,14.83,4061.0
2017-05-11 12:05:00,BZH,14.88,14.88,14.862,14.865,800.0
2017-05-11 12:00:00,BZH,14.8411,14.86,14.8411,14.86,3500.0
2017-05-11 11:55:00,BZH,14.83,14.87,14.82,14.83,20077.0
2017-05-11 11:50:00,BZH,14.8,14.84,14.8,14.84,1006.0
2017-05-11 11:45:00,BZH,14.78,14.81,14.78,14.8,2470.0
2017-05-11 11:40:00,BZH,14.79,14.81,14.78,14.79,12800.0
2017-05-11 11:35:00,BZH,14.75,14.79,14.74,14.78,2648.0
2017-05-11 11:30:00,BZH,14.74,14.7516,14.74,14.7516,3205.0
2017-05-11 11:25:00,BZH,14.7577,14.76,14.74,14.75,4502.0
2017-05-11 11:20:00,BZH,14.746,14.79,14.74,14.76,16068.0
2017-05-11 11:15:00,BZH,14.73,14.75,14.73,14.74,3382.0
2017-05-11 11:10:00,BZH,14.69,14.72,14.69,14.7,4518.0
2017-05-11 11:05:00,BZH,14.65,14.69,14.65,14.69,2129.0
2017-05-11 11:00:00,BZH,14.61,14.64,14.58,14.64,7400.0
2017-05-11 10:55:00,BZH,14.56,14.59,14.55,14.55,3649.0
2017-05-11 10:50:00,BZH,14.63,14.63,14.55,14.5598,10202.0
2017-05-11 10:45:00,BZH,14.63,14.66,14.615,14.625,6769.0
2017-05-11 10:40:00,BZH,14.635,14.66,14.615,14.64,6518.0
2017-05-11 10:35:00,BZH,14.59,14.63,14.585,14.63,600.0
2017-05-11 10:30:00,BZH,14.54,14.565,14.54,14.565,778.0
2017-05-11 10:25:00,BZH,14.59,14.59,14.53,14.53,2472.0
2017-05-11 10:20:00,BZH,14.59,14.61,14.59,14.5903,1853.0
2017-05-11 10:15:00,BZH,14.5947,14.6,14.57,14.5859,3650.0
2017-05-11 10:10:00,BZH,14.54,14.59,14.54,14.59,2572.0
2017-05-11 10:05:00,BZH,14.61,14.61,14.49,14.56,7900.0
2017-05-11 10:00:00,BZH,14.6601,14.675,14.5901,14.6102,6700.0
2017-05-11 09:55:00,BZH,14.64,14.74,14.6376,14.68,5780.0
2017-05-11 09:50:00,BZH,14.615,14.69,14.615,14.63,7601.0
2017-05-11 09:45:00,BZH,14.62,14.65,14.62,14.64,2273.0
2017-05-11 09:40:00,BZH,14.724,14.73,14.62,14.66,5900.0
2017-05-11 09:35:00,BZH,14.57,14.73,14.5646,14.73,7437.0
2017-05-10 16:05:00,BZH,14.6,14.6,14.6,14.6,39853.0
2017-05-10 16:00:00,BZH,14.585,14.61,14.58,14.61,38342.0
2017-05-10 15:55:00,BZH,14.63,14.63,14.585,14.585,19149.0
2017-05-10 15:50:00,BZH,14.57,14.63,14.57,14.63,32817.0
2017-05-10 15:45:00,BZH,14.545,14.58,14.545,14.58,10358.0
2017-05-10 15:40:00,BZH,14.5,14.545,14.5,14.54,16995.0
2017-05-10 15:35:00,BZH,14.55,14.55,14.501,14.51,14650.0
2017-05-10 15:30:00,BZH,14.56,14.56,14.54,14.55,10299.0
2017-05-10 15:25:00,BZH,14.59,14.5942,14.56,14.57,11286.0
2017-05-10 15:20:00,BZH,14.6,14.61,14.59,14.59,8048.0
2017-05-10 15:15:00,BZH,14.61,14.615,14.61,14.61,4581.0
2017-05-10 15:10:00,BZH,14.62,14.62,14.61,14.61,9590.0
2017-05-10 15:05:00,BZH,14.585,14.63,14.58,14.63,12192.0
2017-05-10 15:00:00,BZH,14.59,14.59,14.58,14.58,800.0
2017-05-10 14:55:00,BZH,14.59,14.59,14.58,14.59,6300.0
2017-05-10 14:50:00,BZH,14.582,14.59,14.57,14.585,8710.0
2017-05-10 14:45:00,BZH,14.62,14.62,14.57,14.59,7082.0
2017-05-10 14:40:00,BZH,14.635,14.635,14.61,14.6175,7277.0
2017-05-10 14:35:00,BZH,14.63,14.635,14.625,14.63,3685.0
2017-05-10 14:30:00,BZH,14.66,14.67,14.63,14.63,6538.0
2017-05-10 14:25:00,BZH,14.62,14.66,14.6182,14.6538,8927.0
2017-05-10 14:20:00,BZH,14.62,14.625,14.62,14.62,1311.0
2017-05-10 14:15:00,BZH,14.615,14.62,14.6,14.62,4000.0
2017-05-10 14:10:00,BZH,14.6,14.61,14.595,14.61,2219.0
2017-05-10 14:05:00,BZH,14.61,14.61,14.6,14.61,2868.0
2017-05-10 14:00:00,BZH,14.63,14.64,14.61,14.61,4860.0
2017-05-10 13:55:00,BZH,14.63,14.64,14.62,14.64,3700.0
2017-05-10 13:50:00,BZH,14.6,14.64,14.595,14.64,6038.0
2017-05-10 13:45:00,BZH,14.59,14.5982,14.5882,14.595,1793.0
2017-05-10 13:40:00,BZH,14.59,14.6,14.5882,14.59,1500.0
2017-05-10 13:35:00,BZH,14.55,14.6,14.55,14.59,3901.0
2017-05-10 13:30:00,BZH,14.56,14.57,14.55,14.56,2400.0
2017-05-10 13:25:00,BZH,14.54,14.56,14.53,14.56,3800.0
2017-05-10 13:20:00,BZH,14.54,14.54,14.52,14.53,7188.0
2017-05-10 13:15:00,BZH,14.54,14.55,14.54,14.55,1400.0
2017-05-10 13:10:00,BZH,14.55,14.55,14.53,14.54,4600.0
2017-05-10 13:05:00,BZH,14.52,14.56,14.52,14.56,4798.0
2017-05-10 13:00:00,BZH,14.51,14.53,14.505,14.53,3099.0
2017-05-10 12:55:00,BZH,14.51,14.52,14.51,14.52,900.0
2017-05-10 12:50:00,BZH,14.5,14.52,14.499,14.51,10463.0
2017-05-10 12:45:00,BZH,14.5,14.51,14.49,14.4901,2300.0
2017-05-10 12:40:00,BZH,14.52,14.52,14.51,14.51,2612.0
2017-05-10 12:35:00,BZH,14.49,14.51,14.49,14.51,5568.0
2017-05-10 12:30:00,BZH,14.49,14.515,14.48,14.49,3000.0
2017-05-10 12:25:00,BZH,14.54,14.54,14.5,14.5,3800.0
2017-05-10 12:20:00,BZH,14.53,14.54,14.53,14.54,2351.0
2017-05-10 12:15:00,BZH,14.56,14.565,14.53,14.53,2670.0
2017-05-10 12:10:00,BZH,14.6,14.61,14.56,14.57,4943.0
2017-05-10 12:05:00,BZH,14.6,14.61,14.6,14.6,1400.0
2017-05-10 12:00:00,BZH,14.56,14.6,14.56,14.6,2398.0
2017-05-10 11:55:00,BZH,14.575,14.575,14.52,14.55,6155.0
2017-05-10 11:50:00,BZH,14.61,14.64,14.57,14.58,15469.0
2017-05-10 11:45:00,BZH,14.6,14.62,14.59,14.62,2800.0
2017-05-10 11:40:00,BZH,14.63,14.64,14.59,14.605,3478.0
2017-05-10 11:35:00,BZH,14.67,14.68,14.62,14.62,7300.0
2017-05-10 11:30:00,BZH,14.66,14.67,14.66,14.67,5448.0
2017-05-10 11:25:00,BZH,14.65,14.667,14.65,14.66,3263.0
2017-05-10 11:20:00,BZH,14.66,14.7,14.65,14.66,11868.0
2017-05-10 11:15:00,BZH,14.63,14.66,14.63,14.66,2600.0
2017-05-10 11:10:00,BZH,14.63,14.64,14.62,14.64,4183.0
2017-05-10 11:05:00,BZH,14.62,14.66,14.61,14.63,7039.0
2017-05-10 11:00:00,BZH,14.58,14.635,14.56,14.63,6688.0
2017-05-10 10:55:00,BZH,14.54,14.58,14.531,14.58,6189.0
2017-05-10 10:50:00,BZH,14.5535,14.56,14.54,14.54,8100.0
2017-05-10 10:45:00,BZH,14.56,14.56,14.55,14.56,5740.0
2017-05-10 10:40:00,BZH,14.55,14.5601,14.51,14.5601,9800.0
2017-05-10 10:35:00,BZH,14.54,14.56,14.51,14.56,3231.0
2017-05-10 10:30:00,BZH,14.61,14.61,14.55,14.55,3208.0
2017-05-10 10:25:00,BZH,14.58,14.645,14.58,14.62,9605.0
2017-05-10 10:20:00,BZH,14.653,14.665,14.6,14.6,1800.0
2017-05-10 10:15:00,BZH,14.67,14.7,14.66,14.66,6253.0
2017-05-10 10:10:00,BZH,14.66,14.7,14.64,14.66,12847.0
2017-05-10 10:05:00,BZH,14.52,14.66,14.509,14.6427,9299.0
2017-05-10 10:00:00,BZH,14.49,14.52,14.47,14.52,4440.0
2017-05-10 09:55:00,BZH,14.35,14.47,14.35,14.47,6115.0
2017-05-10 09:50:00,BZH,14.33,14.38,14.32,14.3386,6314.0
2017-05-10 09:45:00,BZH,14.29,14.36,14.29,14.34,1700.0
2017-05-10 09:40:00,BZH,14.38,14.416,14.19,14.21,7150.0
2017-05-10 09:35:00,BZH,14.43,14.49,14.39,14.39,4699.0
2017-05-09 16:05:00,BZH,14.44,14.44,14.44,14.44,27327.0
2017-05-09 16:00:00,BZH,14.44,14.46,14.44,14.44,49361.0
2017-05-09 15:55:00,BZH,14.475,14.48,14.43,14.4446,41640.0
2017-05-09 15:50:00,BZH,14.42,14.48,14.42,14.475,38758.0
2017-05-09 15:45:00,BZH,14.5,14.505,14.42,14.4299,19271.0
2017-05-09 15:40:00,BZH,14.58,14.58,14.495,14.505,33884.0
2017-05-09 15:35:00,BZH,14.6861,14.6861,14.58,14.58,39467.0
2017-05-09 15:30:00,BZH,14.66,14.69,14.66,14.69,11744.0
2017-05-09 15:25:00,BZH,14.64,14.67,14.64,14.665,8910.0
2017-05-09 15:20:00,BZH,14.61,14.64,14.6,14.63,23899.0
2017-05-09 15:15:00,BZH,14.6,14.615,14.59,14.615,6000.0
2017-05-09 15:10:00,BZH,14.59,14.6175,14.585,14.6,15522.0
2017-05-09 15:05:00,BZH,14.555,14.58,14.555,14.58,7535.0
2017-05-09 15:00:00,BZH,14.51,14.55,14.5,14.55,14332.0
2017-05-09 14:55:00,BZH,14.51,14.52,14.51,14.51,1900.0
2017-05-09 14:50:00,BZH,14.5,14.55,14.5,14.51,15315.0
2017-05-09 14:45:00,BZH,14.455,14.5,14.45,14.49,8455.0
2017-05-09 14:40:00,BZH,14.43,14.47,14.425,14.45,7774.0
2017-05-09 14:35:00,BZH,14.44,14.45,14.44,14.44,4800.0
2017-05-09 14:30:00,BZH,14.42,14.44,14.41,14.435,7740.0
2017-05-09 14:25:00,BZH,14.43,14.46,14.42,14.42,11031.0
2017-05-09 14:20:00,BZH,14.45,14.455,14.42,14.43,12800.0
2017-05-09 14:15:00,BZH,14.454,14.46,14.45,14.45,3062.0
2017-05-09 14:10:00,BZH,14.48,14.485,14.45,14.455,5052.0
2017-05-09 14:05:00,BZH,14.491,14.5,14.47,14.48,12862.0
2017-05-09 14:00:00,BZH,14.49,14.495,14.49,14.49,2640.0
2017-05-09 13:55:00,BZH,14.44,14.5,14.44,14.5,7685.0
2017-05-09 13:50:00,BZH,14.44,14.45,14.42,14.44,9100.0
2017-05-09 13:45:00,BZH,14.4136,14.44,14.4136,14.44,2798.0
2017-05-09 13:40:00,BZH,14.42,14.43,14.42,14.42,5118.0
2017-05-09 13:35:00,BZH,14.46,14.465,14.43,14.43,5630.0
2017-05-09 13:30:00,BZH,14.49,14.495,14.45,14.47,27480.0
2017-05-09 13:25:00,BZH,14.5,14.515,14.49,14.4992,8843.0
2017-05-09 13:20:00,BZH,14.48,14.51,14.48,14.5,26173.0
2017-05-09 13:15:00,BZH,14.46,14.48,14.46,14.47,5919.0
2017-05-09 13:10:00,BZH,14.41,14.46,14.41,14.46,8001.0
2017-05-09 13:05:00,BZH,14.38,14.43,14.38,14.4,12629.0
2017-05-09 13:00:00,BZH,14.37,14.39,14.37,14.385,7508.0
2017-05-09 12:55:00,BZH,14.425,14.425,14.37,14.37,4120.0
2017-05-09 12:50:00,BZH,14.45,14.45,14.42,14.43,4402.0
2017-05-09 12:45:00,BZH,14.43,14.46,14.43,14.44,4123.0
2017-05-09 12:40:00,BZH,14.42,14.435,14.41,14.43,5726.0
2017-05-09 12:35:00,BZH,14.4101,14.417,14.4,14.41,2720.0
2017-05-09 12:30:00,BZH,14.4,14.45,14.4,14.4275,3900.0
2017-05-09 12:25:00,BZH,14.49,14.5,14.39,14.4,22134.0
2017-05-09 12:20:00,BZH,14.36,14.5,14.36,14.5,38427.0
2017-05-09 12:15:00,BZH,14.33,14.37,14.33,14.37,3819.0
2017-05-09 12:10:00,BZH,14.37,14.37,14.33,14.33,12304.0
2017-05-09 12:05:00,BZH,14.3458,14.37,14.3458,14.37,4417.0
2017-05-09 12:00:00,BZH,14.335,14.35,14.325,14.34,5399.0
2017-05-09 11:55:00,BZH,14.32,14.33,14.32,14.33,3800.0
2017-05-09 11:50:00,BZH,14.38,14.38,14.33,14.33,11065.0
2017-05-09 11:45:00,BZH,14.355,14.3874,14.35,14.38,5724.0
2017-05-09 11:40:00,BZH,14.29,14.38,14.29,14.359,6820.0
2017-05-09 11:35:00,BZH,14.25,14.28,14.25,14.28,4200.0
2017-05-09 11:30:00,BZH,14.28,14.29,14.24,14.25,4000.0
2017-05-09 11:25:00,BZH,14.26,14.28,14.22,14.27,8800.0
2017-05-09 11:20:00,BZH,14.3571,14.36,14.255,14.26,12290.0
2017-05-09 11:15:00,BZH,14.38,14.38,14.35,14.36,12301.0
2017-05-09 11:10:00,BZH,14.3401,14.4,14.3401,14.3998,17334.0
2017-05-09 11:05:00,BZH,14.205,14.345,14.2,14.34,22113.0
2017-05-09 11:00:00,BZH,14.2449,14.249,14.2,14.21,14067.0
2017-05-09 10:55:00,BZH,14.24,14.26,14.24,14.25,12762.0
2017-05-09 10:50:00,BZH,14.22,14.265,14.21,14.25,12518.0
2017-05-09 10:45:00,BZH,14.17,14.22,14.15,14.21,16061.0
2017-05-09 10:40:00,BZH,14.129,14.185,14.129,14.17,7565.0
2017-05-09 10:35:00,BZH,14.137,14.14,14.12,14.12,8364.0
2017-05-09 10:30:00,BZH,14.14,14.205,14.13,14.14,18453.0
2017-05-09 10:25:00,BZH,14.16,14.2,14.145,14.145,27507.0
2017-05-09 10:20:00,BZH,14.0941,14.17,14.08,14.15,22466.0
2017-05-09 10:15:00,BZH,14.015,14.095,14.015,14.08,9474.0
2017-05-09 10:10:00,BZH,14.0,14.04,14.0,14.01,6700.0
2017-05-09 10:05:00,BZH,14.07,14.07,13.99,14.01,10685.0
2017-05-09 10:00:00,BZH,13.92,14.07,13.92,14.06,11938.0
2017-05-09 09:55:00,BZH,14.03,14.03,13.87,13.915,13828.0
2017-05-09 09:50:00,BZH,13.95,14.05,13.95,14.022,18611.0
2017-05-09 09:45:00,BZH,13.8,13.95,13.79,13.94,23315.0
2017-05-09 09:40:00,BZH,13.7,13.8,13.69,13.8,10680.0
2017-05-09 09:35:00,BZH,13.62,13.75,13.62,13.69,8190.0
2017-05-08 16:05:00,BZH,13.52,13.52,13.52,13.52,26430.0
2017-05-08 16:00:00,BZH,13.51,13.53,13.5,13.53,77654.0
2017-05-08 15:55:00,BZH,13.5,13.51,13.49,13.51,23196.0
2017-05-08 15:50:00,BZH,13.49,13.5,13.49,13.49,12954.0
2017-05-08 15:45:00,BZH,13.49,13.5,13.47,13.485,17139.0
2017-05-08 15:40:00,BZH,13.52,13.52,13.48,13.49,8320.0
2017-05-08 15:35:00,BZH,13.52,13.52,13.5,13.52,14535.0
2017-05-08 15:30:00,BZH,13.535,13.55,13.521,13.521,13355.0
2017-05-08 15:25:00,BZH,13.53,13.55,13.525,13.54,9859.0
2017-05-08 15:20:00,BZH,13.5,13.53,13.5,13.53,16085.0
2017-05-08 15:15:00,BZH,13.5,13.505,13.495,13.5,3745.0
2017-05-08 15:10:00,BZH,13.495,13.505,13.485,13.49,14263.0
2017-05-08 15:05:00,BZH,13.5,13.51,13.49,13.5,6472.0
2017-05-08 15:00:00,BZH,13.53,13.535,13.5,13.5,10221.0
2017-05-08 14:55:00,BZH,13.53,13.535,13.52,13.535,6206.0
2017-05-08 14:50:00,BZH,13.5501,13.56,13.535,13.535,9599.0
2017-05-08 14:45:00,BZH,13.545,13.57,13.54,13.55,13201.0
2017-05-08 14:40:00,BZH,13.51,13.55,13.51,13.545,7235.0
2017-05-08 14:35:00,BZH,13.505,13.525,13.505,13.515,4982.0
2017-05-08 14:30:00,BZH,13.5,13.51,13.5,13.5,1800.0
2017-05-08 14:25:00,BZH,13.53,13.535,13.5,13.51,11349.0
2017-05-08 14:20:00,BZH,13.5101,13.54,13.505,13.52,8240.0
2017-05-08 14:15:00,BZH,13.52,13.52,13.51,13.51,1300.0
2017-05-08 14:10:00,BZH,13.515,13.53,13.51,13.515,10411.0
2017-05-08 14:05:00,BZH,13.43,13.52,13.43,13.52,11797.0
2017-05-08 14:00:00,BZH,13.41,13.44,13.41,13.43,12721.0
2017-05-08 13:55:00,BZH,13.42,13.45,13.42,13.42,4713.0
2017-05-08 13:50:00,BZH,13.4001,13.43,13.39,13.42,8861.0
2017-05-08 13:45:00,BZH,13.38,13.41,13.38,13.4,5789.0
2017-05-08 13:40:00,BZH,13.31,13.38,13.31,13.38,6813.0
2017-05-08 13:35:00,BZH,13.34,13.35,13.32,13.32,11305.0
2017-05-08 13:30:00,BZH,13.37,13.37,13.35,13.35,3951.0
2017-05-08 13:25:00,BZH,13.395,13.4,13.37,13.37,3318.0
2017-05-08 13:20:00,BZH,13.363,13.39,13.36,13.39,7146.0
2017-05-08 13:15:00,BZH,13.39,13.39,13.355,13.355,4219.0
2017-05-08 13:10:00,BZH,13.43,13.43,13.39,13.39,5315.0
2017-05-08 13:05:00,BZH,13.38,13.43,13.38,13.43,4629.0
2017-05-08 13:00:00,BZH,13.37,13.385,13.365,13.38,1600.0
2017-05-08 12:55:00,BZH,13.32,13.37,13.32,13.36,4200.0
2017-05-08 12:50:00,BZH,13.333,13.35,13.3,13.31,21300.0
2017-05-08 12:45:00,BZH,13.3,13.33,13.29,13.33,6204.0
2017-05-08 12:40:00,BZH,13.3,13.3,13.29,13.3,4548.0
2017-05-08 12:35:00,BZH,13.28,13.305,13.27,13.3,7728.0
2017-05-08 12:30:00,BZH,13.255,13.275,13.25,13.27,4483.0
2017-05-08 12:25:00,BZH,13.265,13.265,13.235,13.25,3585.0
2017-05-08 12:20:00,BZH,13.26,13.265,13.245,13.265,2606.0
2017-05-08 12:15:00,BZH,13.25,13.29,13.245,13.27,16358.0
2017-05-08 12:10:00,BZH,13.315,13.315,13.25,13.25,26949.0
2017-05-08 12:05:00,BZH,13.33,13.33,13.31,13.31,9225.0
2017-05-08 12:00:00,BZH,13.36,13.36,13.34,13.34,3499.0
2017-05-08 11:55:00,BZH,13.37,13.38,13.355,13.36,2800.0
2017-05-08 11:50:00,BZH,13.3801,13.39,13.375,13.38,3112.0
2017-05-08 11:45:00,BZH,13.415,13.42,13.38,13.38,2799.0
2017-05-08 11:40:00,BZH,13.41,13.41,13.385,13.41,3509.0
2017-05-08 11:35:00,BZH,13.37,13.41,13.37,13.41,5344.0
2017-05-08 11:30:00,BZH,13.38,13.3901,13.36,13.36,6400.0
2017-05-08 11:25:00,BZH,13.415,13.415,13.39,13.39,7608.0
2017-05-08 11:20:00,BZH,13.4101,13.42,13.41,13.415,2812.0
2017-05-08 11:15:00,BZH,13.42,13.43,13.395,13.41,5555.0
2017-05-08 11:10:00,BZH,13.475,13.475,13.43,13.43,4501.0
2017-05-08 11:05:00,BZH,13.41,13.48,13.41,13.48,4900.0
2017-05-08 11:00:00,BZH,13.39,13.4,13.38,13.4,4467.0
2017-05-08 10:55:00,BZH,13.43,13.44,13.38,13.39,7948.0
2017-05-08 10:50:00,BZH,13.47,13.47,13.43,13.43,2494.0
2017-05-08 10:45:00,BZH,13.44,13.47,13.41,13.47,6878.0
2017-05-08 10:40:00,BZH,13.46,13.4664,13.415,13.44,8020.0
2017-05-08 10:35:00,BZH,13.45,13.46,13.435,13.46,5600.0
2017-05-08 10:30:00,BZH,13.47,13.48,13.46,13.46,3359.0
2017-05-08 10:25:00,BZH,13.4719,13.49,13.46,13.48,8000.0
2017-05-08 10:20:00,BZH,13.5,13.51,13.48,13.48,3851.0
2017-05-08 10:15:00,BZH,13.57,13.57,13.47,13.5,10080.0
2017-05-08 10:10:00,BZH,13.6,13.63,13.57,13.57,12865.0
2017-05-08 10:05:00,BZH,13.5,13.62,13.5,13.6,28528.0
2017-05-08 10:00:00,BZH,13.33,13.502,13.33,13.49,19417.0
2017-05-08 09:55:00,BZH,13.315,13.36,13.3,13.34,8647.0
2017-05-08 09:50:00,BZH,13.38,13.41,13.31,13.31,12603.0
2017-05-08 09:45:00,BZH,13.44,13.46,13.37,13.38,6203.0
2017-05-08 09:40:00,BZH,13.28,13.5,13.28,13.4535,26873.0
2017-05-08 09:35:00,BZH,13.29,13.34,13.26,13.2801,28459.0
2017-05-08 09:00:00,BZH,13.1,13.13,13.1,13.13,2100.0
2017-05-08 08:15:00,BZH,13.09,13.09,13.09,13.09,900.0
2017-05-08 08:05:00,BZH,13.09,13.09,13.09,13.09,100.0
2017-05-05 16:05:00,BZH,13.04,13.04,13.04,13.04,26817.0
2017-05-05 16:00:00,BZH,13.01,13.04,13.0,13.04,45199.0
2017-05-05 15:55:00,BZH,12.98,13.01,12.98,13.0,29629.0
2017-05-05 15:50:00,BZH,12.99,12.99,12.98,12.98,11300.0
2017-05-05 15:45:00,BZH,13.01,13.01,12.985,12.99,18071.0
2017-05-05 15:40:00,BZH,13.07,13.0701,13.01,13.01,15446.0
2017-05-05 15:35:00,BZH,13.09,13.09,13.07,13.07,9686.0
2017-05-05 15:30:00,BZH,13.08,13.09,13.07,13.0899,6350.0
2017-05-05 15:25:00,BZH,13.06,13.08,13.06,13.08,8016.0
2017-05-05 15:20:00,BZH,13.07,13.08,13.03,13.07,8845.0
2017-05-05 15:15:00,BZH,13.08,13.09,13.07,13.07,5816.0
2017-05-05 15:10:00,BZH,13.04,13.1,13.04,13.08,22707.0
2017-05-05 15:05:00,BZH,13.045,13.05,13.03,13.04,10596.0
2017-05-05 15:00:00,BZH,13.02,13.05,13.02,13.04,6929.0
2017-05-05 14:55:00,BZH,13.01,13.02,13.0,13.02,3801.0
2017-05-05 14:50:00,BZH,12.95,13.03,12.95,13.02,18860.0
2017-05-05 14:45:00,BZH,12.94,12.97,12.94,12.95,11360.0
2017-05-05 14:40:00,BZH,12.91,12.95,12.905,12.95,5990.0
2017-05-05 14:35:00,BZH,12.96,12.96,12.92,12.92,6633.0
2017-05-05 14:30:00,BZH,12.895,12.96,12.89,12.96,8782.0
2017-05-05 14:25:00,BZH,12.89,12.895,12.89,12.89,1516.0
2017-05-05 14:20:00,BZH,12.87,12.9,12.865,12.9,5834.0
2017-05-05 14:15:00,BZH,12.88,12.88,12.86,12.86,1861.0
2017-05-05 14:10:00,BZH,12.9,12.905,12.88,12.88,3786.0
2017-05-05 14:05:00,BZH,12.88,12.9043,12.875,12.9043,7243.0
2017-05-05 14:00:00,BZH,12.88,12.89,12.88,12.89,2112.0
2017-05-05 13:55:00,BZH,12.87,12.91,12.87,12.88,7712.0
2017-05-05 13:50:00,BZH,12.85,12.88,12.84,12.87,5387.0
2017-05-05 13:45:00,BZH,12.87,12.87,12.845,12.85,5484.0
2017-05-05 13:40:00,BZH,12.85,12.87,12.84,12.87,3810.0
2017-05-05 13:35:00,BZH,12.82,12.87,12.81,12.85,6981.0
2017-05-05 13:30:00,BZH,12.8,12.82,12.79,12.82,8477.0
2017-05-05 13:25:00,BZH,12.82,12.84,12.81,12.81,6083.0
2017-05-05 13:20:00,BZH,12.87,12.87,12.82,12.82,7300.0
2017-05-05 13:15:00,BZH,12.89,12.92,12.855,12.89,9834.0
2017-05-05 13:10:00,BZH,12.95,12.955,12.89,12.89,5011.0
2017-05-05 13:05:00,BZH,12.94,12.96,12.94,12.95,5252.0
2017-05-05 13:00:00,BZH,12.89,12.95,12.89,12.945,14335.0
2017-05-05 12:55:00,BZH,12.91,12.91,12.895,12.9,3700.0
2017-05-05 12:50:00,BZH,12.85,12.93,12.85,12.9,11440.0
2017-05-05 12:45:00,BZH,12.82,12.85,12.82,12.85,8134.0
2017-05-05 12:40:00,BZH,12.82,12.83,12.82,12.82,4900.0
2017-05-05 12:35:00,BZH,12.815,12.82,12.81,12.82,8567.0
2017-05-05 12:30:00,BZH,12.84,12.84,12.81,12.815,2700.0
2017-05-05 12:25:00,BZH,12.79,12.85,12.79,12.84,14212.0
2017-05-05 12:20:00,BZH,12.79,12.82,12.75,12.82,7495.0
2017-05-05 12:15:00,BZH,12.87,12.87,12.78,12.79,5954.0
2017-05-05 12:10:00,BZH,12.97,12.97,12.84,12.88,13815.0
2017-05-05 12:05:00,BZH,12.98,13.02,12.9602,12.98,12049.0
2017-05-05 12:00:00,BZH,13.039,13.04,12.89,12.98,71801.0
2017-05-05 11:55:00,BZH,12.72,13.043,12.72,13.0208,248631.0
2017-05-05 11:50:00,BZH,12.735,12.75,12.73,12.73,9286.0
2017-05-05 11:45:00,BZH,12.725,12.74,12.71,12.73,7306.0
2017-05-05 11:40:00,BZH,12.725,12.74,12.72,12.73,5974.0
2017-05-05 11:35:00,BZH,12.7,12.7262,12.7,12.7262,4616.0
2017-05-05 11:30:00,BZH,12.725,12.735,12.705,12.705,7611.0
2017-05-05 11:25:00,BZH,12.74,12.7501,12.72,12.73,13231.0
2017-05-05 11:20:00,BZH,12.77,12.78,12.75,12.75,8242.0
2017-05-05 11:15:00,BZH,12.75,12.78,12.75,12.78,4900.0
2017-05-05 11:10:00,BZH,12.78,12.78,12.74,12.76,6032.0
2017-05-05 11:05:00,BZH,12.72,12.785,12.72,12.78,8777.0
2017-05-05 11:00:00,BZH,12.66,12.73,12.66,12.73,10572.0
2017-05-05 10:55:00,BZH,12.66,12.67,12.655,12.66,6690.0
2017-05-05 10:50:00,BZH,12.66,12.66,12.65,12.66,5148.0
2017-05-05 10:45:00,BZH,12.68,12.69,12.63,12.6549,11901.0
2017-05-05 10:40:00,BZH,12.69,12.73,12.68,12.71,8055.0
2017-05-05 10:35:00,BZH,12.77,12.8,12.71,12.71,15809.0
2017-05-05 10:30:00,BZH,12.8,12.8,12.76,12.78,13727.0
2017-05-05 10:25:00,BZH,12.79,12.8,12.77,12.8,8229.0
2017-05-05 10:20:00,BZH,12.699,12.8,12.699,12.79,19923.0
2017-05-05 10:15:00,BZH,12.7,12.7,12.68,12.7,1900.0
2017-05-05 10:10:00,BZH,12.69,12.73,12.68,12.7,5000.0
2017-05-05 10:05:00,BZH,12.61,12.68,12.61,12.68,17600.0
2017-05-05 10:00:00,BZH,12.72,12.72,12.6,12.6299,22122.0
2017-05-05 09:55:00,BZH,12.695,12.77,12.67,12.72,20538.0
2017-05-05 09:50:00,BZH,12.75,12.75,12.69,12.7,16987.0
2017-05-05 09:45:00,BZH,12.74,12.79,12.67,12.75,30154.0
2017-05-05 09:40:00,BZH,13.0,13.0,12.73,12.75,22715.0
2017-05-05 09:35:00,BZH,12.94,13.079,12.94,13.01,9084.0
2017-05-04 16:05:00,BZH,12.94,12.94,12.94,12.94,38294.0
2017-05-04 16:00:00,BZH,12.96,12.9893,12.89,12.94,98332.0
2017-05-04 15:55:00,BZH,12.92,12.97,12.92,12.965,43395.0
2017-05-04 15:50:00,BZH,12.995,13.0,12.9146,12.92,35824.0
2017-05-04 15:45:00,BZH,13.0,13.005,12.98,13.0,21917.0
2017-05-04 15:40:00,BZH,12.995,13.005,12.96,13.0,21830.0
2017-05-04 15:35:00,BZH,12.975,13.02,12.97,13.0,19290.0
2017-05-04 15:30:00,BZH,12.97,12.98,12.95,12.97,20390.0
2017-05-04 15:25:00,BZH,12.96,12.98,12.95,12.98,14400.0
2017-05-04 15:20:00,BZH,12.97,12.98,12.96,12.97,8734.0
2017-05-04 15:15:00,BZH,12.98,12.99,12.97,12.97,11043.0
2017-05-04 15:10:00,BZH,12.965,12.98,12.95,12.97,23553.0
2017-05-04 15:05:00,BZH,12.975,13.005,12.95,12.98,11757.0
2017-05-04 15:00:00,BZH,13.035,13.12,12.97,12.9812,18262.0
2017-05-04 14:55:00,BZH,13.02,13.04,13.02,13.035,4999.0
2017-05-04 14:50:00,BZH,12.96,13.03,12.96,13.01,11700.0
2017-05-04 14:45:00,BZH,12.905,12.98,12.9,12.96,18050.0
2017-05-04 14:40:00,BZH,12.96,12.96,12.9,12.91,18091.0
2017-05-04 14:35:00,BZH,12.99,13.02,12.94,12.95,20173.0
2017-05-04 14:30:00,BZH,13.05,13.05,12.96,12.98,17456.0
2017-05-04 14:25:00,BZH,13.07,13.07,13.05,13.06,4522.0
2017-05-04 14:20:00,BZH,13.1,13.135,13.05,13.08,9300.0
2017-05-04 14:15:00,BZH,13.0782,13.1,13.05,13.07,12056.0
2017-05-04 14:10:00,BZH,13.18,13.18,13.075,13.075,23144.0
2017-05-04 14:05:00,BZH,13.18,13.215,13.18,13.19,6752.0
2017-05-19 16:05:00,BZH,14.99,14.99,14.99,14.99,20441.0
2017-05-04 14:00:00,BZH,13.24,13.24,13.18,13.2,3300.0
2017-05-04 13:55:00,BZH,13.32,13.325,13.22,13.24,16779.0
2017-05-04 13:50:00,BZH,13.24,13.33,13.21,13.32,8816.0
2017-05-04 13:45:00,BZH,13.17,13.26,13.17,13.24,16161.0
2017-05-04 13:40:00,BZH,13.18,13.2,13.1636,13.18,14585.0
2017-05-04 13:35:00,BZH,13.22,13.22,13.16,13.1602,6515.0
2017-05-04 13:30:00,BZH,13.265,13.27,13.19,13.22,11253.0
2017-05-04 13:25:00,BZH,13.29,13.29,13.24,13.26,8919.0
2017-05-04 13:20:00,BZH,13.355,13.36,13.29,13.29,17834.0
2017-05-04 13:15:00,BZH,13.415,13.44,13.32,13.35,38300.0
2017-05-04 13:10:00,BZH,13.47,13.48,13.4,13.4,15350.0
2017-05-04 13:05:00,BZH,13.46,13.5,13.45,13.47,20099.0
2017-05-04 13:00:00,BZH,13.435,13.46,13.42,13.45,4649.0
2017-05-04 12:55:00,BZH,13.47,13.47,13.38,13.42,3900.0
2017-05-04 12:50:00,BZH,13.37,13.45,13.35,13.45,11725.0
2017-05-04 12:45:00,BZH,13.39,13.4,13.32,13.35,4886.0
2017-05-04 12:40:00,BZH,13.36,13.39,13.33,13.37,8250.0
2017-05-04 12:35:00,BZH,13.39,13.405,13.295,13.36,23390.0
2017-05-04 12:30:00,BZH,13.35,13.38,13.34,13.38,4648.0
2017-05-04 12:25:00,BZH,13.31,13.37,13.3,13.34,8699.0
2017-05-04 12:20:00,BZH,13.4,13.4,13.22,13.28,37820.0
2017-05-04 12:15:00,BZH,13.415,13.42,13.38,13.39,3508.0
2017-05-04 12:10:00,BZH,13.46,13.46,13.41,13.42,5878.0
2017-05-04 12:05:00,BZH,13.5,13.515,13.43,13.43,9514.0
2017-05-04 12:00:00,BZH,13.47,13.5,13.45,13.47,16044.0
2017-05-04 11:55:00,BZH,13.39,13.47,13.39,13.47,25595.0
2017-05-04 11:50:00,BZH,13.4,13.4,13.38,13.4,4700.0
2017-05-04 11:45:00,BZH,13.38,13.4,13.375,13.39,7074.0
2017-05-04 11:40:00,BZH,13.45,13.45,13.37,13.378,13203.0
2017-05-04 11:35:00,BZH,13.35,13.445,13.34,13.44,10877.0
2017-05-04 11:30:00,BZH,13.38,13.38,13.28,13.34,27156.0
2017-05-04 11:25:00,BZH,13.42,13.42,13.37,13.3752,10505.0
2017-05-04 11:20:00,BZH,13.37,13.42,13.36,13.42,2300.0
2017-05-04 11:15:00,BZH,13.42,13.45,13.38,13.38,6445.0
2017-05-04 11:10:00,BZH,13.46,13.51,13.41,13.4499,13230.0
2017-05-04 11:05:00,BZH,13.5,13.5,13.43,13.465,10775.0
2017-05-04 11:00:00,BZH,13.41,13.5,13.41,13.48,11306.0
2017-05-04 10:55:00,BZH,13.43,13.52,13.39,13.4,27156.0
2017-05-04 10:50:00,BZH,13.4,13.45,13.4,13.43,12977.0
2017-05-04 10:45:00,BZH,13.5,13.52,13.38,13.39,37984.0
2017-05-04 10:40:00,BZH,13.45,13.52,13.45,13.51,30803.0
2017-05-04 10:35:00,BZH,13.49,13.51,13.43,13.45,17545.0
2017-05-04 10:30:00,BZH,13.42,13.5,13.42,13.49,19275.0
2017-05-04 10:25:00,BZH,13.51,13.51,13.36,13.42,38669.0
2017-05-04 10:20:00,BZH,13.56,13.56,13.45,13.525,23519.0
2017-05-04 10:15:00,BZH,13.43,13.59,13.41,13.59,32938.0
2017-05-04 10:10:00,BZH,13.39,13.51,13.38,13.43,65363.0
2017-05-04 10:05:00,BZH,13.15,13.38,13.15,13.38,25735.0
2017-05-04 10:00:00,BZH,13.23,13.29,13.15,13.18,27610.0
2017-05-04 09:55:00,BZH,13.345,13.36,13.14,13.23,33736.0
2017-05-04 09:50:00,BZH,13.25,13.39,13.14,13.33,73752.0
2017-05-04 09:45:00,BZH,13.05,13.25,13.0,13.25,43577.0
2017-05-04 09:40:00,BZH,12.5,13.03,12.49,13.03,45346.0
2017-05-04 09:35:00,BZH,12.38,12.75,12.38,12.46,94558.0
2017-05-04 09:15:00,BZH,12.05,12.05,12.05,12.05,100.0
2017-05-03 16:05:00,BZH,12.02,12.02,12.02,12.02,20868.0
2017-05-03 16:00:00,BZH,12.015,12.03,12.01,12.02,77948.0
2017-05-03 15:55:00,BZH,11.965,12.02,11.96,12.015,36354.0
2017-05-03 15:50:00,BZH,11.95,11.98,11.945,11.965,19878.0
2017-05-03 15:45:00,BZH,11.935,11.95,11.93,11.95,17097.0
2017-05-03 15:40:00,BZH,11.935,11.94,11.93,11.935,11710.0
2017-05-03 15:35:00,BZH,11.93,11.94,11.92,11.935,17547.0
2017-05-03 15:30:00,BZH,11.935,11.94,11.91,11.93,11900.0
2017-05-03 15:25:00,BZH,11.95,11.96,11.935,11.94,14415.0
2017-05-03 15:20:00,BZH,11.94,11.95,11.94,11.945,2447.0
2017-05-03 15:15:00,BZH,11.955,11.96,11.94,11.94,8365.0
2017-05-03 15:10:00,BZH,11.93,11.95,11.925,11.95,14229.0
2017-05-03 15:05:00,BZH,11.93,11.935,11.915,11.925,8923.0
2017-05-03 15:00:00,BZH,11.935,11.94,11.915,11.93,5613.0
2017-05-03 14:55:00,BZH,11.915,11.945,11.915,11.925,4497.0
2017-05-03 14:50:00,BZH,11.88,11.915,11.8701,11.9133,6152.0
2017-05-03 14:45:00,BZH,11.8901,11.9,11.88,11.88,5335.0
2017-05-03 14:40:00,BZH,11.9001,11.9001,11.89,11.895,6759.0
2017-05-03 14:35:00,BZH,11.945,11.95,11.9,11.91,6571.0
2017-05-03 14:30:00,BZH,11.92,11.94,11.91,11.94,16000.0
2017-05-03 14:25:00,BZH,11.93,11.94,11.91,11.915,7900.0
2017-05-03 14:20:00,BZH,11.965,11.97,11.92,11.92,7000.0
2017-05-03 14:15:00,BZH,11.975,11.98,11.96,11.965,4972.0
2017-05-03 14:10:00,BZH,11.97,11.98,11.96,11.98,3483.0
2017-05-03 14:05:00,BZH,11.98,11.98,11.96,11.97,5218.0
2017-05-03 14:00:00,BZH,11.95,11.98,11.95,11.97,4400.0
2017-05-03 13:55:00,BZH,11.94,11.955,11.94,11.95,3644.0
2017-05-03 13:50:00,BZH,11.92,11.94,11.91,11.94,4912.0
2017-05-03 13:45:00,BZH,11.93,11.935,11.92,11.925,3300.0
2017-05-03 13:40:00,BZH,11.96,11.96,11.94,11.94,3400.0
2017-05-03 13:35:00,BZH,11.96,11.96,11.95,11.96,5606.0
2017-05-03 13:30:00,BZH,11.95,11.97,11.93,11.955,16158.0
2017-05-03 13:25:00,BZH,11.96,11.96,11.95,11.95,1059.0
2017-05-03 13:20:00,BZH,11.97,11.97,11.96,11.96,2200.0
2017-05-03 13:15:00,BZH,11.97,11.98,11.97,11.97,4714.0
2017-05-03 13:10:00,BZH,11.98,11.985,11.97,11.97,2100.0
2017-05-03 13:05:00,BZH,11.965,11.99,11.965,11.99,9268.0
2017-05-03 13:00:00,BZH,11.9608,11.97,11.96,11.965,1900.0
2017-05-03 12:55:00,BZH,11.9631,11.98,11.9631,11.97,4219.0
2017-05-03 12:50:00,BZH,11.97,11.98,11.97,11.97,2000.0
2017-05-03 12:45:00,BZH,11.95,11.97,11.95,11.96,4100.0
2017-05-03 12:40:00,BZH,11.9,11.96,11.9,11.95,7059.0
2017-05-03 12:35:00,BZH,11.96,11.96,11.895,11.905,14768.0
2017-05-03 12:30:00,BZH,11.96,11.98,11.94,11.96,13500.0
2017-05-03 12:25:00,BZH,12.0,12.0,11.96,11.96,9453.0
2017-05-03 12:20:00,BZH,11.99,12.005,11.99,12.0,6110.0
2017-05-03 12:15:00,BZH,12.015,12.015,11.99,11.99,8178.0
2017-05-03 12:10:00,BZH,12.01,12.04,12.01,12.01,6624.0
2017-05-03 12:05:00,BZH,11.995,12.0,11.99,12.0,4140.0
2017-05-03 12:00:00,BZH,12.0,12.01,12.0,12.0,4600.0
2017-05-09 15:25:00,BZH,14.64,14.67,14.64,14.665,8910.0
2017-05-09 15:20:00,BZH,14.61,14.64,14.6,14.63,23899.0
2017-05-09 15:15:00,BZH,14.6,14.615,14.59,14.615,6000.0
2017-05-09 15:10:00,BZH,14.59,14.6175,14.585,14.6,15522.0
2017-05-09 15:05:00,BZH,14.555,14.58,14.555,14.58,7535.0
2017-05-09 15:00:00,BZH,14.51,14.55,14.5,14.55,14332.0
2017-05-09 14:55:00,BZH,14.51,14.52,14.51,14.51,1900.0
2017-05-09 14:50:00,BZH,14.5,14.55,14.5,14.51,15315.0
2017-05-09 14:45:00,BZH,14.455,14.5,14.45,14.49,8455.0
2017-05-09 14:40:00,BZH,14.43,14.47,14.425,14.45,7774.0
2017-05-09 14:35:00,BZH,14.44,14.45,14.44,14.44,4800.0
2017-05-09 14:30:00,BZH,14.42,14.44,14.41,14.435,7740.0
2017-05-09 14:25:00,BZH,14.43,14.46,14.42,14.42,11031.0
2017-05-09 14:20:00,BZH,14.45,14.455,14.42,14.43,12800.0
2017-05-09 14:15:00,BZH,14.454,14.46,14.45,14.45,3062.0
2017-05-09 14:10:00,BZH,14.48,14.485,14.45,14.455,5052.0
2017-05-09 14:05:00,BZH,14.491,14.5,14.47,14.48,12862.0
2017-05-09 14:00:00,BZH,14.49,14.495,14.49,14.49,2640.0
2017-05-09 13:55:00,BZH,14.44,14.5,14.44,14.5,7685.0
2017-05-09 13:50:00,BZH,14.44,14.45,14.42,14.44,9100.0
2017-05-09 13:45:00,BZH,14.4136,14.44,14.4136,14.44,2798.0
2017-05-09 13:40:00,BZH,14.42,14.43,14.42,14.42,5118.0
2017-05-09 13:35:00,BZH,14.46,14.465,14.43,14.43,5630.0
2017-05-09 13:30:00,BZH,14.49,14.495,14.45,14.47,27480.0
2017-05-09 13:25:00,BZH,14.5,14.515,14.49,14.4992,8843.0
2017-05-09 13:20:00,BZH,14.48,14.51,14.48,14.5,26173.0
2017-05-09 13:15:00,BZH,14.46,14.48,14.46,14.47,5919.0
2017-05-09 13:10:00,BZH,14.41,14.46,14.41,14.46,8001.0
2017-05-09 13:05:00,BZH,14.38,14.43,14.38,14.4,12629.0
2017-05-09 13:00:00,BZH,14.37,14.39,14.37,14.385,7508.0
2017-05-09 12:55:00,BZH,14.425,14.425,14.37,14.37,4120.0
2017-05-09 12:50:00,BZH,14.45,14.45,14.42,14.43,4402.0
2017-05-09 12:45:00,BZH,14.43,14.46,14.43,14.44,4123.0
2017-05-09 12:40:00,BZH,14.42,14.435,14.41,14.43,5726.0
2017-05-09 12:35:00,BZH,14.4101,14.417,14.4,14.41,2720.0
2017-05-09 12:30:00,BZH,14.4,14.45,14.4,14.4275,3900.0
2017-05-09 12:25:00,BZH,14.49,14.5,14.39,14.4,22134.0
2017-05-09 12:20:00,BZH,14.36,14.5,14.36,14.5,38427.0
2017-05-09 12:15:00,BZH,14.33,14.37,14.33,14.37,3819.0
2017-05-09 12:10:00,BZH,14.37,14.37,14.33,14.33,12304.0
2017-05-09 12:05:00,BZH,14.3458,14.37,14.3458,14.37,4417.0
2017-05-09 12:00:00,BZH,14.335,14.35,14.325,14.34,5399.0
2017-05-09 11:55:00,BZH,14.32,14.33,14.32,14.33,3800.0
2017-05-09 11:50:00,BZH,14.38,14.38,14.33,14.33,11065.0
2017-05-09 11:45:00,BZH,14.355,14.3874,14.35,14.38,5724.0
2017-05-09 11:40:00,BZH,14.29,14.38,14.29,14.359,6820.0
2017-05-09 11:35:00,BZH,14.25,14.28,14.25,14.28,4200.0
2017-05-09 11:30:00,BZH,14.28,14.29,14.24,14.25,4000.0
2017-05-09 11:25:00,BZH,14.26,14.28,14.22,14.27,8800.0
2017-05-09 11:20:00,BZH,14.3571,14.36,14.255,14.26,12290.0
2017-05-09 11:15:00,BZH,14.38,14.38,14.35,14.36,12301.0
2017-05-09 11:10:00,BZH,14.3401,14.4,14.3401,14.3998,17334.0
2017-05-09 11:05:00,BZH,14.205,14.345,14.2,14.34,22113.0
2017-05-09 11:00:00,BZH,14.2449,14.249,14.2,14.21,14067.0
2017-05-09 10:55:00,BZH,14.24,14.26,14.24,14.25,12762.0
2017-05-09 10:50:00,BZH,14.22,14.265,14.21,14.25,12518.0
2017-05-09 10:45:00,BZH,14.17,14.22,14.15,14.21,16061.0
2017-05-09 10:40:00,BZH,14.129,14.185,14.129,14.17,7565.0
2017-05-09 10:35:00,BZH,14.137,14.14,14.12,14.12,8364.0
2017-05-09 10:30:00,BZH,14.14,14.205,14.13,14.14,18453.0
2017-05-09 10:25:00,BZH,14.16,14.2,14.145,14.145,27507.0
2017-05-09 10:20:00,BZH,14.0941,14.17,14.08,14.15,22466.0
2017-05-09 10:15:00,BZH,14.015,14.095,14.015,14.08,9474.0
2017-05-09 10:10:00,BZH,14.0,14.04,14.0,14.01,6700.0
2017-05-09 10:05:00,BZH,14.07,14.07,13.99,14.01,10685.0
2017-05-09 10:00:00,BZH,13.92,14.07,13.92,14.06,11938.0
2017-05-09 09:55:00,BZH,14.03,14.03,13.87,13.915,13828.0
2017-05-09 09:50:00,BZH,13.95,14.05,13.95,14.022,18611.0
2017-05-09 09:45:00,BZH,13.8,13.95,13.79,13.94,23315.0
2017-05-09 09:40:00,BZH,13.7,13.8,13.69,13.8,10680.0
2017-05-09 09:35:00,BZH,13.62,13.75,13.62,13.69,8190.0
2017-05-08 16:05:00,BZH,13.52,13.52,13.52,13.52,26430.0
2017-05-08 16:00:00,BZH,13.51,13.53,13.5,13.53,77654.0
2017-05-08 15:55:00,BZH,13.5,13.51,13.49,13.51,23196.0
2017-05-08 15:50:00,BZH,13.49,13.5,13.49,13.49,12954.0
2017-05-08 15:45:00,BZH,13.49,13.5,13.47,13.485,17139.0
2017-05-08 15:40:00,BZH,13.52,13.52,13.48,13.49,8320.0
2017-05-08 15:35:00,BZH,13.52,13.52,13.5,13.52,14535.0
2017-05-08 15:30:00,BZH,13.535,13.55,13.521,13.521,13355.0
2017-05-08 15:25:00,BZH,13.53,13.55,13.525,13.54,9859.0
2017-05-08 15:20:00,BZH,13.5,13.53,13.5,13.53,16085.0
2017-05-08 15:15:00,BZH,13.5,13.505,13.495,13.5,3745.0
2017-05-08 15:10:00,BZH,13.495,13.505,13.485,13.49,14263.0
2017-05-08 15:05:00,BZH,13.5,13.51,13.49,13.5,6472.0
2017-05-08 15:00:00,BZH,13.53,13.535,13.5,13.5,10221.0
2017-05-08 14:55:00,BZH,13.53,13.535,13.52,13.535,6206.0
2017-05-08 14:50:00,BZH,13.5501,13.56,13.535,13.535,9599.0
2017-05-08 14:45:00,BZH,13.545,13.57,13.54,13.55,13201.0
2017-05-08 14:40:00,BZH,13.51,13.55,13.51,13.545,7235.0
2017-05-08 14:35:00,BZH,13.505,13.525,13.505,13.515,4982.0
2017-05-08 14:30:00,BZH,13.5,13.51,13.5,13.5,1800.0
2017-05-08 14:25:00,BZH,13.53,13.535,13.5,13.51,11349.0
2017-05-08 14:20:00,BZH,13.5101,13.54,13.505,13.52,8240.0
2017-05-08 14:15:00,BZH,13.52,13.52,13.51,13.51,1300.0
2017-05-08 14:10:00,BZH,13.515,13.53,13.51,13.515,10411.0
2017-05-08 14:05:00,BZH,13.43,13.52,13.43,13.52,11797.0
2017-05-08 14:00:00,BZH,13.41,13.44,13.41,13.43,12721.0
2017-05-08 13:55:00,BZH,13.42,13.45,13.42,13.42,4713.0
2017-05-08 13:50:00,BZH,13.4001,13.43,13.39,13.42,8861.0
2017-05-08 13:45:00,BZH,13.38,13.41,13.38,13.4,5789.0
2017-05-08 13:40:00,BZH,13.31,13.38,13.31,13.38,6813.0
2017-05-08 13:35:00,BZH,13.34,13.35,13.32,13.32,11305.0
2017-05-08 13:30:00,BZH,13.37,13.37,13.35,13.35,3951.0
2017-05-08 13:25:00,BZH,13.395,13.4,13.37,13.37,3318.0
2017-05-08 13:20:00,BZH,13.363,13.39,13.36,13.39,7146.0
2017-05-08 13:15:00,BZH,13.39,13.39,13.355,13.355,4219.0
2017-05-08 13:10:00,BZH,13.43,13.43,13.39,13.39,5315.0
2017-05-08 13:05:00,BZH,13.38,13.43,13.38,13.43,4629.0
2017-05-08 13:00:00,BZH,13.37,13.385,13.365,13.38,1600.0
2017-05-08 12:55:00,BZH,13.32,13.37,13.32,13.36,4200.0
2017-05-08 12:50:00,BZH,13.333,13.35,13.3,13.31,21300.0
2017-05-08 12:45:00,BZH,13.3,13.33,13.29,13.33,6204.0
2017-05-08 12:40:00,BZH,13.3,13.3,13.29,13.3,4548.0
2017-05-08 12:35:00,BZH,13.28,13.305,13.27,13.3,7728.0
2017-05-08 12:30:00,BZH,13.255,13.275,13.25,13.27,4483.0
2017-05-08 12:25:00,BZH,13.265,13.265,13.235,13.25,3585.0
2017-05-08 12:20:00,BZH,13.26,13.265,13.245,13.265,2606.0
2017-05-08 12:15:00,BZH,13.25,13.29,13.245,13.27,16358.0
2017-05-08 12:10:00,BZH,13.315,13.315,13.25,13.25,26949.0
2017-05-08 12:05:00,BZH,13.33,13.33,13.31,13.31,9225.0
2017-05-08 12:00:00,BZH,13.36,13.36,13.34,13.34,3499.0
2017-05-08 11:55:00,BZH,13.37,13.38,13.355,13.36,2800.0
2017-05-08 11:50:00,BZH,13.3801,13.39,13.375,13.38,3112.0
2017-05-08 11:45:00,BZH,13.415,13.42,13.38,13.38,2799.0
2017-05-08 11:40:00,BZH,13.41,13.41,13.385,13.41,3509.0
2017-05-08 11:35:00,BZH,13.37,13.41,13.37,13.41,5344.0
2017-05-08 11:30:00,BZH,13.38,13.3901,13.36,13.36,6400.0
2017-05-08 11:25:00,BZH,13.415,13.415,13.39,13.39,7608.0
2017-05-08 11:20:00,BZH,13.4101,13.42,13.41,13.415,2812.0
2017-05-08 11:15:00,BZH,13.42,13.43,13.395,13.41,5555.0
2017-05-08 11:10:00,BZH,13.475,13.475,13.43,13.43,4501.0
2017-05-08 11:05:00,BZH,13.41,13.48,13.41,13.48,4900.0
2017-05-08 11:00:00,BZH,13.39,13.4,13.38,13.4,4467.0
2017-05-08 10:55:00,BZH,13.43,13.44,13.38,13.39,7948.0
2017-05-08 10:50:00,BZH,13.47,13.47,13.43,13.43,2494.0
2017-05-08 10:45:00,BZH,13.44,13.47,13.41,13.47,6878.0
2017-05-08 10:40:00,BZH,13.46,13.4664,13.415,13.44,8020.0
2017-05-08 10:35:00,BZH,13.45,13.46,13.435,13.46,5600.0
2017-05-08 10:30:00,BZH,13.47,13.48,13.46,13.46,3359.0
2017-05-08 10:25:00,BZH,13.4719,13.49,13.46,13.48,8000.0
2017-05-08 10:20:00,BZH,13.5,13.51,13.48,13.48,3851.0
2017-05-08 10:15:00,BZH,13.57,13.57,13.47,13.5,10080.0
2017-05-08 10:10:00,BZH,13.6,13.63,13.57,13.57,12865.0
2017-05-08 10:05:00,BZH,13.5,13.62,13.5,13.6,28528.0
2017-05-08 10:00:00,BZH,13.33,13.502,13.33,13.49,19417.0
2017-05-08 09:55:00,BZH,13.315,13.36,13.3,13.34,8647.0
2017-05-08 09:50:00,BZH,13.38,13.41,13.31,13.31,12603.0
2017-05-08 09:45:00,BZH,13.44,13.46,13.37,13.38,6203.0
2017-05-08 09:40:00,BZH,13.28,13.5,13.28,13.4535,26873.0
2017-05-08 09:35:00,BZH,13.29,13.34,13.26,13.2801,28459.0
2017-05-08 09:00:00,BZH,13.1,13.13,13.1,13.13,2100.0
2017-05-08 08:15:00,BZH,13.09,13.09,13.09,13.09,900.0
2017-05-08 08:05:00,BZH,13.09,13.09,13.09,13.09,100.0
2017-05-05 16:05:00,BZH,13.04,13.04,13.04,13.04,26817.0
2017-05-05 16:00:00,BZH,13.01,13.04,13.0,13.04,45199.0
2017-05-05 15:55:00,BZH,12.98,13.01,12.98,13.0,29629.0
2017-05-05 15:50:00,BZH,12.99,12.99,12.98,12.98,11300.0
2017-05-05 15:45:00,BZH,13.01,13.01,12.985,12.99,18071.0
2017-05-05 15:40:00,BZH,13.07,13.0701,13.01,13.01,15446.0
2017-05-05 15:35:00,BZH,13.09,13.09,13.07,13.07,9686.0
2017-05-05 15:30:00,BZH,13.08,13.09,13.07,13.0899,6350.0
2017-05-05 15:25:00,BZH,13.06,13.08,13.06,13.08,8016.0
2017-05-05 15:20:00,BZH,13.07,13.08,13.03,13.07,8845.0
2017-05-05 15:15:00,BZH,13.08,13.09,13.07,13.07,5816.0
2017-05-05 15:10:00,BZH,13.04,13.1,13.04,13.08,22707.0
2017-05-05 15:05:00,BZH,13.045,13.05,13.03,13.04,10596.0
2017-05-05 15:00:00,BZH,13.02,13.05,13.02,13.04,6929.0
2017-05-05 14:55:00,BZH,13.01,13.02,13.0,13.02,3801.0
2017-05-05 14:50:00,BZH,12.95,13.03,12.95,13.02,18860.0
2017-05-05 14:45:00,BZH,12.94,12.97,12.94,12.95,11360.0
2017-05-05 14:40:00,BZH,12.91,12.95,12.905,12.95,5990.0
2017-05-05 14:35:00,BZH,12.96,12.96,12.92,12.92,6633.0
2017-05-05 14:30:00,BZH,12.895,12.96,12.89,12.96,8782.0
2017-05-05 14:25:00,BZH,12.89,12.895,12.89,12.89,1516.0
2017-05-05 14:20:00,BZH,12.87,12.9,12.865,12.9,5834.0
2017-05-05 14:15:00,BZH,12.88,12.88,12.86,12.86,1861.0
2017-05-05 14:10:00,BZH,12.9,12.905,12.88,12.88,3786.0
2017-05-05 14:05:00,BZH,12.88,12.9043,12.875,12.9043,7243.0
2017-05-05 14:00:00,BZH,12.88,12.89,12.88,12.89,2112.0
2017-05-05 13:55:00,BZH,12.87,12.91,12.87,12.88,7712.0
2017-05-05 13:50:00,BZH,12.85,12.88,12.84,12.87,5387.0
2017-05-05 13:45:00,BZH,12.87,12.87,12.845,12.85,5484.0
2017-05-05 13:40:00,BZH,12.85,12.87,12.84,12.87,3810.0
2017-05-05 13:35:00,BZH,12.82,12.87,12.81,12.85,6981.0
2017-05-05 13:30:00,BZH,12.8,12.82,12.79,12.82,8477.0
2017-05-05 13:25:00,BZH,12.82,12.84,12.81,12.81,6083.0
2017-05-05 13:20:00,BZH,12.87,12.87,12.82,12.82,7300.0
2017-05-05 13:15:00,BZH,12.89,12.92,12.855,12.89,9834.0
2017-05-05 13:10:00,BZH,12.95,12.955,12.89,12.89,5011.0
2017-05-05 13:05:00,BZH,12.94,12.96,12.94,12.95,5252.0
2017-05-05 13:00:00,BZH,12.89,12.95,12.89,12.945,14335.0
2017-05-05 12:55:00,BZH,12.91,12.91,12.895,12.9,3700.0
2017-05-05 12:50:00,BZH,12.85,12.93,12.85,12.9,11440.0
2017-05-05 12:45:00,BZH,12.82,12.85,12.82,12.85,8134.0
2017-05-05 12:40:00,BZH,12.82,12.83,12.82,12.82,4900.0
2017-05-05 12:35:00,BZH,12.815,12.82,12.81,12.82,8567.0
2017-05-05 12:30:00,BZH,12.84,12.84,12.81,12.815,2700.0
2017-05-05 12:25:00,BZH,12.79,12.85,12.79,12.84,14212.0
2017-05-05 12:20:00,BZH,12.79,12.82,12.75,12.82,7495.0
2017-05-05 12:15:00,BZH,12.87,12.87,12.78,12.79,5954.0
2017-05-05 12:10:00,BZH,12.97,12.97,12.84,12.88,13815.0
2017-05-05 12:05:00,BZH,12.98,13.02,12.9602,12.98,12049.0
2017-05-05 12:00:00,BZH,13.039,13.04,12.89,12.98,71801.0
2017-05-05 11:55:00,BZH,12.72,13.043,12.72,13.0208,248631.0
2017-05-05 11:50:00,BZH,12.735,12.75,12.73,12.73,9286.0
2017-05-05 11:45:00,BZH,12.725,12.74,12.71,12.73,7306.0
2017-05-05 11:40:00,BZH,12.725,12.74,12.72,12.73,5974.0
2017-05-05 11:35:00,BZH,12.7,12.7262,12.7,12.7262,4616.0
2017-05-05 11:30:00,BZH,12.725,12.735,12.705,12.705,7611.0
2017-05-05 11:25:00,BZH,12.74,12.7501,12.72,12.73,13231.0
2017-05-05 11:20:00,BZH,12.77,12.78,12.75,12.75,8242.0
2017-05-05 11:15:00,BZH,12.75,12.78,12.75,12.78,4900.0
2017-05-05 11:10:00,BZH,12.78,12.78,12.74,12.76,6032.0
2017-05-05 11:05:00,BZH,12.72,12.785,12.72,12.78,8777.0
2017-05-05 11:00:00,BZH,12.66,12.73,12.66,12.73,10572.0
2017-05-05 10:55:00,BZH,12.66,12.67,12.655,12.66,6690.0
2017-05-05 10:50:00,BZH,12.66,12.66,12.65,12.66,5148.0
2017-05-05 10:45:00,BZH,12.68,12.69,12.63,12.6549,11901.0
2017-05-05 10:40:00,BZH,12.69,12.73,12.68,12.71,8055.0
2017-05-05 10:35:00,BZH,12.77,12.8,12.71,12.71,15809.0
2017-05-05 10:30:00,BZH,12.8,12.8,12.76,12.78,13727.0
2017-05-05 10:25:00,BZH,12.79,12.8,12.77,12.8,8229.0
2017-05-05 10:20:00,BZH,12.699,12.8,12.699,12.79,19923.0
2017-05-05 10:15:00,BZH,12.7,12.7,12.68,12.7,1900.0
2017-05-05 10:10:00,BZH,12.69,12.73,12.68,12.7,5000.0
2017-05-05 10:05:00,BZH,12.61,12.68,12.61,12.68,17600.0
2017-05-05 10:00:00,BZH,12.72,12.72,12.6,12.6299,22122.0
2017-05-05 09:55:00,BZH,12.695,12.77,12.67,12.72,20538.0
2017-05-05 09:50:00,BZH,12.75,12.75,12.69,12.7,16987.0
2017-05-05 09:45:00,BZH,12.74,12.79,12.67,12.75,30154.0
2017-05-05 09:40:00,BZH,13.0,13.0,12.73,12.75,22715.0
2017-05-05 09:35:00,BZH,12.94,13.079,12.94,13.01,9084.0
2017-05-04 16:05:00,BZH,12.94,12.94,12.94,12.94,38294.0
2017-05-04 16:00:00,BZH,12.96,12.9893,12.89,12.94,98332.0
2017-05-04 15:55:00,BZH,12.92,12.97,12.92,12.965,43395.0
2017-05-04 15:50:00,BZH,12.995,13.0,12.9146,12.92,35824.0
2017-05-04 15:45:00,BZH,13.0,13.005,12.98,13.0,21917.0
2017-05-04 15:40:00,BZH,12.995,13.005,12.96,13.0,21830.0
2017-05-04 15:35:00,BZH,12.975,13.02,12.97,13.0,19290.0
2017-05-04 15:30:00,BZH,12.97,12.98,12.95,12.97,20390.0
2017-05-04 15:25:00,BZH,12.96,12.98,12.95,12.98,14400.0
2017-05-04 15:20:00,BZH,12.97,12.98,12.96,12.97,8734.0
2017-05-04 15:15:00,BZH,12.98,12.99,12.97,12.97,11043.0
2017-05-04 15:10:00,BZH,12.965,12.98,12.95,12.97,23553.0
2017-05-04 15:05:00,BZH,12.975,13.005,12.95,12.98,11757.0
2017-05-04 15:00:00,BZH,13.035,13.12,12.97,12.9812,18262.0
2017-05-04 14:55:00,BZH,13.02,13.04,13.02,13.035,4999.0
2017-05-04 14:50:00,BZH,12.96,13.03,12.96,13.01,11700.0
2017-05-04 14:45:00,BZH,12.905,12.98,12.9,12.96,18050.0
2017-05-04 14:40:00,BZH,12.96,12.96,12.9,12.91,18091.0
2017-05-04 14:35:00,BZH,12.99,13.02,12.94,12.95,20173.0
2017-05-04 14:30:00,BZH,13.05,13.05,12.96,12.98,17456.0
2017-05-04 14:25:00,BZH,13.07,13.07,13.05,13.06,4522.0
2017-05-04 14:20:00,BZH,13.1,13.135,13.05,13.08,9300.0
2017-05-04 14:15:00,BZH,13.0782,13.1,13.05,13.07,12056.0
2017-05-04 14:10:00,BZH,13.18,13.18,13.075,13.075,23144.0
2017-05-04 14:05:00,BZH,13.18,13.215,13.18,13.19,6752.0
2017-05-04 14:00:00,BZH,13.24,13.24,13.18,13.2,3300.0
2017-05-04 13:55:00,BZH,13.32,13.325,13.22,13.24,16779.0
2017-05-04 13:50:00,BZH,13.24,13.33,13.21,13.32,8816.0
2017-05-04 13:45:00,BZH,13.17,13.26,13.17,13.24,16161.0
2017-05-04 13:40:00,BZH,13.18,13.2,13.1636,13.18,14585.0
2017-05-04 13:35:00,BZH,13.22,13.22,13.16,13.1602,6515.0
2017-05-04 13:30:00,BZH,13.265,13.27,13.19,13.22,11253.0
2017-05-04 13:25:00,BZH,13.29,13.29,13.24,13.26,8919.0
2017-05-04 13:20:00,BZH,13.355,13.36,13.29,13.29,17834.0
2017-05-04 13:15:00,BZH,13.415,13.44,13.32,13.35,38300.0
2017-05-04 13:10:00,BZH,13.47,13.48,13.4,13.4,15350.0
2017-05-04 13:05:00,BZH,13.46,13.5,13.45,13.47,20099.0
2017-05-04 13:00:00,BZH,13.435,13.46,13.42,13.45,4649.0
2017-05-04 12:55:00,BZH,13.47,13.47,13.38,13.42,3900.0
2017-05-04 12:50:00,BZH,13.37,13.45,13.35,13.45,11725.0
2017-05-04 12:45:00,BZH,13.39,13.4,13.32,13.35,4886.0
2017-05-04 12:40:00,BZH,13.36,13.39,13.33,13.37,8250.0
2017-05-04 12:35:00,BZH,13.39,13.405,13.295,13.36,23390.0
2017-05-04 12:30:00,BZH,13.35,13.38,13.34,13.38,4648.0
2017-05-04 12:25:00,BZH,13.31,13.37,13.3,13.34,8699.0
2017-05-04 12:20:00,BZH,13.4,13.4,13.22,13.28,37820.0
2017-05-04 12:15:00,BZH,13.415,13.42,13.38,13.39,3508.0
2017-05-04 12:10:00,BZH,13.46,13.46,13.41,13.42,5878.0
2017-05-04 12:05:00,BZH,13.5,13.515,13.43,13.43,9514.0
2017-05-04 12:00:00,BZH,13.47,13.5,13.45,13.47,16044.0
2017-05-04 11:55:00,BZH,13.39,13.47,13.39,13.47,25595.0
2017-05-04 11:50:00,BZH,13.4,13.4,13.38,13.4,4700.0
2017-05-04 11:45:00,BZH,13.38,13.4,13.375,13.39,7074.0
2017-05-04 11:40:00,BZH,13.45,13.45,13.37,13.378,13203.0
2017-05-04 11:35:00,BZH,13.35,13.445,13.34,13.44,10877.0
2017-05-04 11:30:00,BZH,13.38,13.38,13.28,13.34,27156.0
2017-05-04 11:25:00,BZH,13.42,13.42,13.37,13.3752,10505.0
2017-05-04 11:20:00,BZH,13.37,13.42,13.36,13.42,2300.0
2017-05-04 11:15:00,BZH,13.42,13.45,13.38,13.38,6445.0
2017-05-04 11:10:00,BZH,13.46,13.51,13.41,13.4499,13230.0
2017-05-04 11:05:00,BZH,13.5,13.5,13.43,13.465,10775.0
2017-05-04 11:00:00,BZH,13.41,13.5,13.41,13.48,11306.0
2017-05-04 10:55:00,BZH,13.43,13.52,13.39,13.4,27156.0
2017-05-04 10:50:00,BZH,13.4,13.45,13.4,13.43,12977.0
2017-05-04 10:45:00,BZH,13.5,13.52,13.38,13.39,37984.0
2017-05-04 10:40:00,BZH,13.45,13.52,13.45,13.51,30803.0
2017-05-04 10:35:00,BZH,13.49,13.51,13.43,13.45,17545.0
2017-05-04 10:30:00,BZH,13.42,13.5,13.42,13.49,19275.0
2017-05-04 10:25:00,BZH,13.51,13.51,13.36,13.42,38669.0
2017-05-04 10:20:00,BZH,13.56,13.56,13.45,13.525,23519.0
2017-05-04 10:15:00,BZH,13.43,13.59,13.41,13.59,32938.0
2017-05-04 10:10:00,BZH,13.39,13.51,13.38,13.43,65363.0
2017-05-04 10:05:00,BZH,13.15,13.38,13.15,13.38,25735.0
2017-05-04 10:00:00,BZH,13.23,13.29,13.15,13.18,27610.0
2017-05-04 09:55:00,BZH,13.345,13.36,13.14,13.23,33736.0
2017-05-04 09:50:00,BZH,13.25,13.39,13.14,13.33,73752.0
2017-05-04 09:45:00,BZH,13.05,13.25,13.0,13.25,43577.0
2017-05-04 09:40:00,BZH,12.5,13.03,12.49,13.03,45346.0
2017-05-04 09:35:00,BZH,12.38,12.75,12.38,12.46,94558.0
2017-05-04 09:15:00,BZH,12.05,12.05,12.05,12.05,100.0
2017-05-03 16:05:00,BZH,12.02,12.02,12.02,12.02,20868.0
2017-05-03 16:00:00,BZH,12.015,12.03,12.01,12.02,77948.0
2017-05-03 15:55:00,BZH,11.965,12.02,11.96,12.015,36354.0
2017-05-03 15:50:00,BZH,11.95,11.98,11.945,11.965,19878.0
2017-05-03 15:45:00,BZH,11.935,11.95,11.93,11.95,17097.0
2017-05-03 15:40:00,BZH,11.935,11.94,11.93,11.935,11710.0
2017-05-03 15:35:00,BZH,11.93,11.94,11.92,11.935,17547.0
2017-05-03 15:30:00,BZH,11.935,11.94,11.91,11.93,11900.0
2017-05-03 15:25:00,BZH,11.95,11.96,11.935,11.94,14415.0
2017-05-03 15:20:00,BZH,11.94,11.95,11.94,11.945,2447.0
2017-05-03 15:15:00,BZH,11.955,11.96,11.94,11.94,8365.0
2017-05-03 15:10:00,BZH,11.93,11.95,11.925,11.95,14229.0
2017-05-03 15:05:00,BZH,11.93,11.935,11.915,11.925,8923.0
2017-05-03 15:00:00,BZH,11.935,11.94,11.915,11.93,5613.0
2017-05-03 14:55:00,BZH,11.915,11.945,11.915,11.925,4497.0
2017-05-03 14:50:00,BZH,11.88,11.915,11.8701,11.9133,6152.0
2017-05-03 14:45:00,BZH,11.8901,11.9,11.88,11.88,5335.0
2017-05-03 14:40:00,BZH,11.9001,11.9001,11.89,11.895,6759.0
2017-05-03 14:35:00,BZH,11.945,11.95,11.9,11.91,6571.0
2017-05-03 14:30:00,BZH,11.92,11.94,11.91,11.94,16000.0
2017-05-03 14:25:00,BZH,11.93,11.94,11.91,11.915,7900.0
2017-05-03 14:20:00,BZH,11.965,11.97,11.92,11.92,7000.0
2017-05-03 14:15:00,BZH,11.975,11.98,11.96,11.965,4972.0
2017-05-03 14:10:00,BZH,11.97,11.98,11.96,11.98,3483.0
2017-05-03 14:05:00,BZH,11.98,11.98,11.96,11.97,5218.0
2017-05-03 14:00:00,BZH,11.95,11.98,11.95,11.97,4400.0
2017-05-03 13:55:00,BZH,11.94,11.955,11.94,11.95,3644.0
2017-05-03 13:50:00,BZH,11.92,11.94,11.91,11.94,4912.0
2017-05-03 13:45:00,BZH,11.93,11.935,11.92,11.925,3300.0
2017-05-03 13:40:00,BZH,11.96,11.96,11.94,11.94,3400.0
2017-05-03 13:35:00,BZH,11.96,11.96,11.95,11.96,5606.0
2017-05-03 13:30:00,BZH,11.95,11.97,11.93,11.955,16158.0
2017-05-03 13:25:00,BZH,11.96,11.96,11.95,11.95,1059.0
2017-05-03 13:20:00,BZH,11.97,11.97,11.96,11.96,2200.0
2017-05-03 13:15:00,BZH,11.97,11.98,11.97,11.97,4714.0
2017-05-03 13:10:00,BZH,11.98,11.985,11.97,11.97,2100.0
2017-05-03 13:05:00,BZH,11.965,11.99,11.965,11.99,9268.0
2017-05-03 13:00:00,BZH,11.9608,11.97,11.96,11.965,1900.0
2017-05-03 12:55:00,BZH,11.9631,11.98,11.9631,11.97,4219.0
2017-05-03 12:50:00,BZH,11.97,11.98,11.97,11.97,2000.0
2017-05-03 12:45:00,BZH,11.95,11.97,11.95,11.96,4100.0
2017-05-03 12:40:00,BZH,11.9,11.96,11.9,11.95,7059.0
2017-05-03 12:35:00,BZH,11.96,11.96,11.895,11.905,14768.0
2017-05-03 12:30:00,BZH,11.96,11.98,11.94,11.96,13500.0
2017-05-03 12:25:00,BZH,12.0,12.0,11.96,11.96,9453.0
2017-05-03 12:20:00,BZH,11.99,12.005,11.99,12.0,6110.0
2017-05-03 12:15:00,BZH,12.015,12.015,11.99,11.99,8178.0
2017-05-03 12:10:00,BZH,12.01,12.04,12.01,12.01,6624.0
2017-05-03 12:05:00,BZH,11.995,12.0,11.99,12.0,4140.0
2017-05-03 12:00:00,BZH,12.0,12.01,12.0,12.0,4600.0
2017-05-23 16:05:00,BZH,14.28,14.28,14.28,14.28,29994.0
2017-05-23 16:00:00,BZH,14.28,14.29,14.27,14.28,24906.0
2017-05-23 15:55:00,BZH,14.265,14.3,14.235,14.28,44837.0
2017-05-23 15:50:00,BZH,14.27,14.27,14.24,14.26,21343.0
2017-05-23 15:45:00,BZH,14.27,14.29,14.26,14.27,8039.0
2017-05-23 15:40:00,BZH,14.24,14.27,14.24,14.265,8154.0
2017-05-23 15:35:00,BZH,14.27,14.27,14.24,14.25,8066.0
2017-05-23 15:30:00,BZH,14.18,14.28,14.16,14.275,22651.0
2017-05-23 15:25:00,BZH,14.24,14.24,14.18,14.18,11102.0
2017-05-23 15:20:00,BZH,14.25,14.25,14.23,14.249,10594.0
2017-05-23 15:15:00,BZH,14.275,14.275,14.25,14.25,7522.0
2017-05-23 15:10:00,BZH,14.28,14.29,14.27,14.27,5401.0
2017-05-23 15:05:00,BZH,14.29,14.295,14.28,14.28,3100.0
2017-05-23 15:00:00,BZH,14.29,14.29,14.28,14.29,5878.0
2017-05-23 14:55:00,BZH,14.29,14.3,14.28,14.29,3008.0
2017-05-23 14:50:00,BZH,14.29,14.3,14.29,14.3,5105.0
2017-05-23 14:45:00,BZH,14.3,14.3042,14.29,14.29,3500.0
2017-05-23 14:40:00,BZH,14.31,14.33,14.299,14.3,3939.0
2017-05-23 14:35:00,BZH,14.32,14.32,14.3,14.3,6120.0
2017-05-23 14:30:00,BZH,14.33,14.33,14.31,14.31,3004.0
2017-05-23 14:25:00,BZH,14.37,14.37,14.32,14.33,10872.0
2017-05-23 14:20:00,BZH,14.41,14.41,14.38,14.38,3112.0
2017-05-23 14:15:00,BZH,14.43,14.43,14.41,14.41,2839.0
2017-05-23 14:10:00,BZH,14.45,14.45,14.44,14.44,3000.0
2017-05-23 14:05:00,BZH,14.44,14.45,14.43,14.44,3500.0
2017-05-23 14:00:00,BZH,14.45,14.45,14.43,14.44,1998.0
2017-05-23 13:55:00,BZH,14.44,14.46,14.44,14.44,1900.0
2017-05-23 13:50:00,BZH,14.44,14.445,14.44,14.44,1478.0
2017-05-23 13:45:00,BZH,14.45,14.45,14.44,14.44,1200.0
2017-05-23 13:40:00,BZH,14.48,14.48,14.44,14.44,3000.0
2017-05-23 13:35:00,BZH,14.47,14.48,14.46,14.48,2800.0
2017-05-23 13:30:00,BZH,14.45,14.45,14.44,14.45,1600.0
2017-05-23 13:25:00,BZH,14.4184,14.45,14.4184,14.45,1600.0
2017-05-23 13:20:00,BZH,14.37,14.41,14.37,14.41,2300.0
2017-05-23 13:15:00,BZH,14.35,14.37,14.35,14.37,10281.0
2017-05-23 13:10:00,BZH,14.35,14.35,14.35,14.35,800.0
2017-05-23 13:05:00,BZH,14.35,14.35,14.3416,14.35,4200.0
2017-05-23 13:00:00,BZH,14.35,14.35,14.34,14.35,5854.0
2017-05-23 12:55:00,BZH,14.37,14.37,14.35,14.35,6000.0
2017-05-23 12:50:00,BZH,14.39,14.39,14.37,14.37,2200.0
2017-05-23 12:45:00,BZH,14.4,14.4,14.39,14.39,900.0
2017-05-23 12:40:00,BZH,14.375,14.395,14.375,14.385,1500.0
2017-05-23 12:35:00,BZH,14.3701,14.3766,14.37,14.37,2000.0
2017-05-23 12:30:00,BZH,14.39,14.39,14.37,14.37,4800.0
2017-05-23 12:25:00,BZH,14.4,14.41,14.39,14.39,3026.0
2017-05-23 12:20:00,BZH,14.41,14.41,14.38,14.4,5725.0
2017-05-23 12:15:00,BZH,14.42,14.42,14.41,14.4138,600.0
2017-05-23 12:10:00,BZH,14.4,14.425,14.4,14.41,4373.0
2017-05-23 12:05:00,BZH,14.39,14.4,14.39,14.4,3035.0
2017-05-23 12:00:00,BZH,14.41,14.41,14.39,14.39,1100.0
2017-05-23 11:55:00,BZH,14.41,14.42,14.4,14.41,3237.0
2017-05-23 11:50:00,BZH,14.4,14.41,14.38,14.4,3102.0
2017-05-23 11:45:00,BZH,14.44,14.44,14.39,14.39,8500.0
2017-05-23 11:40:00,BZH,14.46,14.46,14.45,14.45,6394.0
2017-05-23 11:35:00,BZH,14.46,14.46,14.45,14.46,900.0
2017-05-23 11:30:00,BZH,14.46,14.47,14.44,14.45,5670.0
2017-05-23 11:25:00,BZH,14.45,14.465,14.45,14.46,1848.0
2017-05-23 11:20:00,BZH,14.46,14.46,14.45,14.45,1144.0
2017-05-23 11:15:00,BZH,14.49,14.5,14.46,14.46,2100.0
2017-05-23 11:10:00,BZH,14.51,14.51,14.47,14.5,8258.0
2017-05-23 11:05:00,BZH,14.53,14.545,14.5,14.52,34660.0
2017-05-23 11:00:00,BZH,14.55,14.56,14.53,14.53,2489.0
2017-05-23 10:55:00,BZH,14.5398,14.58,14.53,14.54,2300.0
2017-05-23 10:50:00,BZH,14.58,14.59,14.53,14.53,9697.0
2017-05-23 10:45:00,BZH,14.57,14.6,14.55,14.58,4328.0
2017-05-23 10:40:00,BZH,14.5,14.55,14.5,14.54,7267.0
2017-05-23 10:35:00,BZH,14.49,14.5,14.48,14.5,8768.0
2017-05-23 10:30:00,BZH,14.5,14.51,14.48,14.48,3100.0
2017-05-23 10:25:00,BZH,14.5,14.5,14.49,14.49,2818.0
2017-05-23 10:20:00,BZH,14.4,14.5,14.39,14.5,9645.0
2017-05-23 10:15:00,BZH,14.45,14.45,14.405,14.405,1800.0
2017-05-23 10:10:00,BZH,14.44,14.49,14.43,14.47,27279.0
2017-05-23 10:05:00,BZH,14.51,14.51,14.4,14.44,44413.0
2017-05-23 10:00:00,BZH,14.56,14.58,14.5,14.5438,10700.0
2017-05-23 09:55:00,BZH,14.6,14.6044,14.55,14.58,2459.0
2017-05-23 09:50:00,BZH,14.63,14.65,14.6,14.6,3103.0
2017-05-23 09:45:00,BZH,14.74,14.74,14.62,14.62,2041.0
2017-05-23 09:40:00,BZH,14.82,14.82,14.69,14.69,3497.0
2017-05-23 09:35:00,BZH,14.81,14.941,14.8,14.867,8976.0
2017-05-22 16:05:00,BZH,14.65,14.65,14.65,14.65,26428.0
2017-05-22 16:00:00,BZH,14.68,14.69,14.66,14.66,47513.0
2017-05-22 15:55:00,BZH,14.68,14.71,14.67,14.69,26291.0
2017-05-22 15:50:00,BZH,14.67,14.68,14.66,14.68,14261.0
2017-05-22 15:45:00,BZH,14.64,14.67,14.64,14.66,12895.0
2017-05-22 15:40:00,BZH,14.65,14.665,14.64,14.64,13830.0
2017-05-22 15:35:00,BZH,14.58,14.65,14.58,14.65,18227.0
2017-05-22 15:30:00,BZH,14.61,14.61,14.58,14.585,11364.0
2017-05-22 15:25:00,BZH,14.59,14.61,14.59,14.61,7937.0
2017-05-22 15:20:00,BZH,14.61,14.61,14.58,14.59,6140.0
2017-05-22 15:15:00,BZH,14.64,14.64,14.61,14.61,10193.0
2017-05-22 15:10:00,BZH,14.59,14.65,14.58,14.64,6791.0
2017-05-22 15:05:00,BZH,14.59,14.6,14.59,14.6,2191.0
2017-05-22 15:00:00,BZH,14.61,14.61,14.6,14.6,3475.0
2017-05-22 14:55:00,BZH,14.61,14.62,14.59,14.62,4399.0
2017-05-22 14:50:00,BZH,14.61,14.63,14.61,14.62,2200.0
2017-05-22 14:45:00,BZH,14.55,14.6,14.55,14.6,3486.0
2017-05-22 14:40:00,BZH,14.56,14.56,14.54,14.55,3800.0
2017-05-22 14:35:00,BZH,14.57,14.57,14.54,14.56,5644.0
