2017-04-19 16:35:00,CAR,29.33,29.33,29.33,29.33,9268.0
2017-04-19 16:05:00,CAR,29.33,29.33,29.33,29.33,542774.0
2017-04-19 16:00:00,CAR,29.35,29.375,29.32,29.33,134131.0
2017-04-20 09:35:00,CAR,29.46,29.46,28.93,29.25,31797.0
2017-04-20 09:40:00,CAR,29.2,29.4,29.2,29.32,16006.0
2017-04-20 09:45:00,CAR,29.3,29.34,29.24,29.31,31834.0
2017-04-20 09:50:00,CAR,29.305,29.36,29.25,29.31,43778.0
2017-04-20 09:55:00,CAR,29.31,29.38,29.245,29.25,78149.0
2017-04-20 10:00:00,CAR,29.24,29.3299,29.235,29.28,50847.0
2017-04-20 10:05:00,CAR,29.285,29.355,29.24,29.325,22950.0
2017-04-20 10:10:00,CAR,29.325,29.41,29.24,29.4,38688.0
2017-04-20 10:15:00,CAR,29.41,29.49,29.28,29.32,53540.0
2017-04-20 10:20:00,CAR,29.315,29.42,29.31,29.39,49647.0
2017-04-20 10:25:00,CAR,29.39,29.43,29.27,29.33,38834.0
2017-04-20 10:30:00,CAR,29.315,29.35,29.25,29.27,16867.0
2017-04-20 10:35:00,CAR,29.27,29.35,29.27,29.3,24983.0
2017-04-20 10:40:00,CAR,29.3,29.3,29.24,29.27,30062.0
2017-04-20 10:45:00,CAR,29.27,29.33,29.245,29.28,12793.0
2017-04-20 10:50:00,CAR,29.29,29.32,29.24,29.27,22514.0
2017-04-20 10:55:00,CAR,29.27,29.35,29.26,29.3,14189.0
2017-04-20 11:00:00,CAR,29.29,29.315,29.25,29.26,14865.0
2017-04-20 11:05:00,CAR,29.265,29.325,29.25,29.3,18835.0
2017-04-20 11:10:00,CAR,29.27,29.39,29.25,29.39,22074.0
2017-04-20 11:15:00,CAR,29.4,29.4,29.34,29.4,13947.0
2017-04-20 11:20:00,CAR,29.39,29.415,29.33,29.415,14616.0
2017-04-20 11:25:00,CAR,29.415,29.53,29.4,29.495,69340.0
2017-04-20 11:30:00,CAR,29.5,29.52,29.48,29.5,41404.0
2017-04-20 11:35:00,CAR,29.495,29.57,29.43,29.46,55383.0
2017-04-20 11:40:00,CAR,29.465,29.595,29.445,29.58,24992.0
2017-04-20 11:45:00,CAR,29.58,29.69,29.55,29.69,23272.0
2017-04-20 11:50:00,CAR,29.68,29.94,29.68,29.8899,61746.0
2017-04-20 11:55:00,CAR,29.88,29.92,29.85,29.905,21058.0
2017-04-20 12:00:00,CAR,29.92,29.955,29.77,29.81,19497.0
2017-04-20 12:05:00,CAR,29.82,29.9,29.77,29.77,13231.0
2017-04-20 12:10:00,CAR,29.765,29.8199,29.74,29.755,22985.0
2017-04-20 12:15:00,CAR,29.75,29.8,29.72,29.72,26381.0
2017-04-20 12:20:00,CAR,29.73,29.78,29.71,29.75,22074.0
2017-04-20 12:25:00,CAR,29.7752,29.78,29.68,29.72,34045.0
2017-04-20 12:30:00,CAR,29.73,29.76,29.67,29.71,17871.0
2017-04-20 12:35:00,CAR,29.7,29.77,29.68,29.72,17946.0
2017-04-20 12:40:00,CAR,29.715,29.75,29.66,29.68,16182.0
2017-04-20 12:45:00,CAR,29.68,29.72,29.66,29.66,13962.0
2017-04-20 12:50:00,CAR,29.65,29.67,29.6,29.67,11572.0
2017-04-20 12:55:00,CAR,29.68,29.71,29.63,29.66,16494.0
2017-04-20 13:00:00,CAR,29.65,29.65,29.51,29.54,11700.0
2017-04-20 13:05:00,CAR,29.55,29.63,29.55,29.63,11814.0
2017-04-20 13:10:00,CAR,29.64,29.67,29.56,29.59,40414.0
2017-04-20 13:15:00,CAR,29.59,29.69,29.57,29.675,15372.0
2017-04-20 13:20:00,CAR,29.67,29.69,29.61,29.61,14733.0
2017-04-20 13:25:00,CAR,29.61,29.655,29.59,29.64,10300.0
2017-04-20 13:30:00,CAR,29.64,29.655,29.6,29.62,14959.0
2017-04-20 13:35:00,CAR,29.63,29.67,29.6,29.63,14164.0
2017-04-20 13:40:00,CAR,29.62,29.65,29.59,29.6,48091.0
2017-04-20 13:45:00,CAR,29.6,29.68,29.59,29.66,44193.0
2017-04-20 13:50:00,CAR,29.66,29.66,29.63,29.65,17619.0
2017-04-20 13:55:00,CAR,29.64,29.66,29.635,29.64,22209.0
2017-04-20 14:00:00,CAR,29.65,29.66,29.585,29.645,20500.0
2017-04-20 14:05:00,CAR,29.65,29.69,29.59,29.655,40165.0
2017-04-20 14:10:00,CAR,29.655,29.67,29.57,29.57,28121.0
2017-04-20 14:15:00,CAR,29.58,29.59,29.46,29.47,19751.0
2017-04-20 14:20:00,CAR,29.47,29.57,29.42,29.54,36489.0
2017-04-20 14:25:00,CAR,29.54,29.58,29.52,29.54,16853.0
2017-04-20 14:30:00,CAR,29.545,29.55,29.47,29.47,64214.0
2017-04-20 14:35:00,CAR,29.48,29.54,29.47,29.49,42664.0
2017-04-20 14:40:00,CAR,29.485,29.58,29.46,29.465,57683.0
2017-04-20 14:45:00,CAR,29.465,29.48,29.4,29.4,56324.0
2017-04-20 14:50:00,CAR,29.4,29.43,29.4,29.415,28917.0
2017-04-20 14:55:00,CAR,29.415,29.48,29.4,29.41,34503.0
2017-04-20 15:00:00,CAR,29.4,29.47,29.4,29.41,21693.0
2017-04-20 15:05:00,CAR,29.41,29.44,29.39,29.44,27893.0
2017-04-20 15:10:00,CAR,29.425,29.45,29.4,29.405,50779.0
2017-04-20 15:15:00,CAR,29.405,29.47,29.4,29.4,45121.0
2017-04-20 15:20:00,CAR,29.4,29.43,29.37,29.38,25677.0
2017-04-20 15:25:00,CAR,29.385,29.42,29.38,29.41,24711.0
2017-04-20 15:30:00,CAR,29.405,29.47,29.37,29.465,45396.0
2017-04-20 15:35:00,CAR,29.47,29.5,29.455,29.48,54902.0
2017-04-20 15:40:00,CAR,29.48,29.48,29.4,29.445,59835.0
2017-04-20 15:45:00,CAR,29.445,29.5,29.445,29.495,55566.0
2017-04-20 15:50:00,CAR,29.5,29.55,29.45,29.55,52221.0
2017-04-20 15:55:00,CAR,29.55,29.58,29.52,29.525,60284.0
2017-04-20 16:00:00,CAR,29.52,29.61,29.5,29.51,95833.0
2017-04-20 16:05:00,CAR,29.5,29.51,29.5,29.51,534161.0
2017-04-20 16:10:00,CAR,29.53,29.53,29.53,29.53,200.0
2017-04-20 16:55:00,CAR,29.51,29.51,29.51,29.51,4896.0
2017-04-21 09:35:00,CAR,29.58,29.692,29.31,29.4,28610.0
2017-04-21 09:40:00,CAR,29.43,29.55,29.38,29.48,47867.0
2017-04-21 09:45:00,CAR,29.4689,29.59,29.4,29.44,36861.0
2017-04-21 09:50:00,CAR,29.44,29.46,29.24,29.2499,34799.0
2017-04-21 09:55:00,CAR,29.25,29.41,29.25,29.34,50900.0
2017-04-21 10:00:00,CAR,29.36,29.42,29.32,29.38,18300.0
2017-04-21 10:05:00,CAR,29.42,29.47,29.33,29.39,18041.0
2017-04-21 10:10:00,CAR,29.38,29.4,29.31,29.37,18429.0
2017-04-21 10:15:00,CAR,29.39,29.455,29.35,29.45,17851.0
2017-04-21 10:20:00,CAR,29.445,29.49,29.41,29.48,26537.0
2017-04-21 10:25:00,CAR,29.49,29.667,29.49,29.667,35590.0
2017-04-21 10:30:00,CAR,29.645,29.75,29.56,29.71,47207.0
2017-04-21 10:35:00,CAR,29.72,29.73,29.63,29.64,25356.0
2017-04-21 10:40:00,CAR,29.64,29.71,29.57,29.69,21625.0
2017-04-21 10:45:00,CAR,29.69,29.76,29.64,29.67,23612.0
2017-04-21 10:50:00,CAR,29.69,29.75,29.66,29.695,7010.0
2017-04-21 10:55:00,CAR,29.68,29.7,29.6,29.66,8500.0
2017-04-21 11:00:00,CAR,29.6659,29.6659,29.52,29.58,14552.0
2017-04-21 11:05:00,CAR,29.56,29.56,29.48,29.54,13500.0
2017-04-21 11:10:00,CAR,29.51,29.54,29.47,29.49,16233.0
2017-04-21 11:15:00,CAR,29.48,29.53,29.44,29.465,21427.0
2017-04-21 11:20:00,CAR,29.47,29.54,29.3801,29.5,29380.0
2017-04-21 11:25:00,CAR,29.5,29.53,29.47,29.48,20660.0
2017-04-21 11:30:00,CAR,29.46,29.52,29.45,29.45,25409.0
2017-04-21 11:35:00,CAR,29.46,29.47,29.44,29.44,12766.0
2017-04-21 11:40:00,CAR,29.435,29.5,29.435,29.495,11051.0
2017-04-21 11:45:00,CAR,29.5,29.55,29.46,29.51,18625.0
2017-04-21 11:50:00,CAR,29.52,29.54,29.5,29.53,13142.0
2017-04-21 11:55:00,CAR,29.51,29.52,29.48,29.5,15641.0
2017-04-21 12:00:00,CAR,29.52,29.54,29.49,29.5,11899.0
2017-04-21 12:05:00,CAR,29.51,29.58,29.5,29.555,15151.0
2017-04-21 12:10:00,CAR,29.54,29.56,29.5,29.56,7900.0
2017-04-21 12:15:00,CAR,29.55,29.62,29.49,29.51,29755.0
2017-04-21 12:20:00,CAR,29.5,29.59,29.5,29.53,36190.0
2017-04-21 12:25:00,CAR,29.51,29.53,29.485,29.5,14300.0
2017-04-21 12:30:00,CAR,29.52,29.57,29.49,29.5,6800.0
2017-04-21 12:35:00,CAR,29.49,29.53,29.49,29.51,15460.0
2017-04-21 12:40:00,CAR,29.51,29.51,29.46,29.5,9834.0
2017-04-21 12:45:00,CAR,29.5,29.54,29.5,29.54,5479.0
2017-04-21 12:50:00,CAR,29.54,29.55,29.5,29.54,8360.0
2017-04-21 12:55:00,CAR,29.55,29.57,29.49,29.51,7037.0
2017-04-21 13:00:00,CAR,29.52,29.56,29.52,29.53,4500.0
2017-04-21 13:05:00,CAR,29.53,29.53,29.45,29.48,4500.0
2017-04-21 13:10:00,CAR,29.48,29.51,29.47,29.49,16691.0
2017-04-21 13:15:00,CAR,29.49,29.49,29.35,29.42,8322.0
2017-04-21 13:20:00,CAR,29.42,29.43,29.35,29.378,11261.0
2017-04-21 13:25:00,CAR,29.38,29.39,29.34,29.36,26458.0
2017-04-21 13:30:00,CAR,29.37,29.37,29.31,29.325,14538.0
2017-04-21 13:35:00,CAR,29.31,29.33,29.2825,29.2825,11228.0
2017-04-21 13:40:00,CAR,29.28,29.29,29.25,29.28,22219.0
2017-04-21 13:45:00,CAR,29.28,29.3,29.25,29.3,17100.0
2017-04-21 13:50:00,CAR,29.29,29.31,29.28,29.29,10900.0
2017-04-21 13:55:00,CAR,29.28,29.29,29.26,29.26,10756.0
2017-04-21 14:00:00,CAR,29.27,29.35,29.27,29.3,29460.0
2017-04-21 14:05:00,CAR,29.3,29.35,29.3,29.35,19538.0
2017-04-21 14:10:00,CAR,29.35,29.36,29.31,29.34,7178.0
2017-04-21 14:15:00,CAR,29.34,29.4,29.33,29.4,6115.0
2017-04-21 14:20:00,CAR,29.4,29.45,29.4,29.42,5778.0
2017-04-21 14:25:00,CAR,29.41,29.48,29.4,29.45,8963.0
2017-04-21 14:30:00,CAR,29.46,29.53,29.46,29.53,4890.0
2017-04-21 14:35:00,CAR,29.51,29.51,29.44,29.45,15081.0
2017-04-21 14:40:00,CAR,29.45,29.45,29.415,29.43,6658.0
2017-04-21 14:45:00,CAR,29.43,29.43,29.36,29.36,10460.0
2017-04-21 14:50:00,CAR,29.3403,29.39,29.34,29.34,10400.0
2017-04-21 14:55:00,CAR,29.35,29.395,29.33,29.39,11650.0
2017-04-21 15:00:00,CAR,29.39,29.39,29.34,29.38,12284.0
2017-04-21 15:05:00,CAR,29.375,29.39,29.32,29.35,7100.0
2017-04-21 15:10:00,CAR,29.35,29.35,29.32,29.33,15725.0
2017-04-21 15:15:00,CAR,29.35,29.43,29.345,29.43,13520.0
2017-04-21 15:20:00,CAR,29.42,29.43,29.38,29.38,18452.0
2017-04-21 15:25:00,CAR,29.38,29.38,29.31,29.32,44832.0
2017-04-21 15:30:00,CAR,29.31,29.39,29.31,29.39,15310.0
2017-04-21 15:35:00,CAR,29.38,29.38,29.335,29.35,27308.0
2017-04-21 15:40:00,CAR,29.36,29.44,29.3599,29.39,21512.0
2017-04-21 15:45:00,CAR,29.39,29.42,29.37,29.37,29848.0
2017-04-21 15:50:00,CAR,29.37,29.4,29.34,29.365,39166.0
2017-04-21 15:55:00,CAR,29.36,29.41,29.345,29.41,58766.0
2017-04-21 16:00:00,CAR,29.405,29.43,29.34,29.4,136096.0
2017-04-21 16:05:00,CAR,29.38,29.38,29.38,29.38,34967.0
2017-04-21 16:20:00,CAR,29.35,29.35,29.35,29.35,200.0
2017-04-21 16:20:00,CAR,29.35,29.35,29.35,29.35,200.0
2017-04-21 16:05:00,CAR,29.38,29.38,29.38,29.38,34967.0
2017-04-21 16:00:00,CAR,29.405,29.43,29.34,29.4,136096.0
2017-04-19 12:35:00,CAR,29.5301,29.64,29.5301,29.64,10294.0
2017-04-19 12:05:00,CAR,29.31,29.38,29.29,29.33,9116.0
2017-04-19 12:00:00,CAR,29.34,29.375,29.28,29.31,16659.0
2017-04-12 11:40:00,CAR,27.86,27.865,27.75,27.8,22417.0
2017-04-12 11:35:00,CAR,27.95,27.96,27.87,27.87,7307.0
2017-04-12 11:30:00,CAR,27.88,27.97,27.88,27.97,9467.0
2017-04-12 11:25:00,CAR,27.9,27.95,27.855,27.87,8900.0
2017-04-12 11:20:00,CAR,28.05,28.05,27.83,27.9,27466.0
2017-04-12 11:15:00,CAR,27.97,28.05,27.89,28.05,14491.0
2017-04-12 11:10:00,CAR,27.84,27.98,27.84,27.977,6120.0
2017-04-12 11:05:00,CAR,27.85,27.86,27.81,27.83,11582.0
2017-04-12 11:00:00,CAR,27.875,27.9,27.85,27.85,10300.0
2017-04-12 10:55:00,CAR,27.94,27.94,27.86,27.87,27553.0
2017-04-12 10:50:00,CAR,28.06,28.07,27.92,27.95,48245.0
2017-04-12 10:45:00,CAR,28.21,28.21,28.05,28.07,36320.0
2017-04-12 10:40:00,CAR,28.36,28.41,28.21,28.21,36214.0
2017-04-12 10:35:00,CAR,28.24,28.39,28.24,28.35,27822.0
2017-04-12 10:30:00,CAR,28.34,28.36,28.21,28.21,11603.0
2017-04-12 10:25:00,CAR,28.37,28.39,28.28,28.33,8286.0
2017-04-12 10:20:00,CAR,28.36,28.41,28.31,28.34,13956.0
2017-04-12 10:15:00,CAR,28.285,28.34,28.22,28.34,14815.0
2017-04-12 10:10:00,CAR,28.4,28.41,28.28,28.28,8872.0
2017-04-12 10:05:00,CAR,28.32,28.4,28.27,28.4,11631.0
2017-04-12 10:00:00,CAR,28.38,28.43,28.3,28.34,14504.0
2017-04-12 09:55:00,CAR,28.32,28.46,28.31,28.37,16200.0
2017-04-12 09:50:00,CAR,28.43,28.475,28.32,28.34,13435.0
2017-04-12 09:45:00,CAR,28.4,28.51,28.38,28.41,10270.0
2017-04-12 09:40:00,CAR,28.27,28.5499,28.22,28.37,9503.0
2017-04-12 09:35:00,CAR,28.43,28.43,28.05,28.34,6677.0
2017-04-11 16:10:00,CAR,28.48,28.48,28.48,28.48,195.0
2017-04-11 16:05:00,CAR,28.55,28.55,28.55,28.55,693921.0
2017-04-11 16:00:00,CAR,28.5,28.55,28.48,28.54,108038.0
2017-04-11 15:55:00,CAR,28.5,28.51,28.48,28.5,96836.0
2017-04-11 15:50:00,CAR,28.51,28.54,28.49,28.5,61318.0
2017-04-11 15:45:00,CAR,28.61,28.61,28.505,28.51,36917.0
2017-04-11 15:40:00,CAR,28.55,28.62,28.53,28.615,35154.0
2017-04-11 15:35:00,CAR,28.5,28.57,28.49,28.55,38193.0
2017-04-11 15:30:00,CAR,28.42,28.5,28.41,28.5,22634.0
2017-04-11 15:25:00,CAR,28.44,28.458,28.41,28.42,20366.0
2017-04-11 15:20:00,CAR,28.42,28.445,28.415,28.43,15753.0
2017-04-11 15:15:00,CAR,28.48,28.49,28.42,28.42,16754.0
2017-04-11 15:10:00,CAR,28.53,28.54,28.47,28.48,24483.0
2017-04-11 15:05:00,CAR,28.56,28.565,28.5,28.53,38233.0
2017-04-11 15:00:00,CAR,28.59,28.61,28.53,28.565,33903.0
2017-04-11 14:55:00,CAR,28.5,28.61,28.49,28.6,53157.0
2017-04-11 14:50:00,CAR,28.44,28.51,28.44,28.51,22077.0
2017-04-11 14:45:00,CAR,28.48,28.5231,28.44,28.45,11419.0
2017-04-11 14:40:00,CAR,28.52,28.549,28.47,28.47,10685.0
2017-04-11 14:35:00,CAR,28.48,28.515,28.47,28.49,12453.0
2017-04-11 14:30:00,CAR,28.5,28.51,28.45,28.49,10800.0
2017-04-11 14:25:00,CAR,28.52,28.52,28.48,28.49,6548.0
2017-04-11 14:20:00,CAR,28.5,28.51,28.47,28.51,5700.0
2017-04-11 14:15:00,CAR,28.555,28.56,28.46,28.49,18875.0
2017-04-11 14:10:00,CAR,28.45,28.57,28.45,28.56,13554.0
2017-04-11 14:05:00,CAR,28.46,28.49,28.435,28.44,8800.0
2017-04-11 14:00:00,CAR,28.47,28.485,28.42,28.46,9889.0
2017-04-11 13:55:00,CAR,28.445,28.48,28.43,28.48,7321.0
2017-04-11 13:50:00,CAR,28.43,28.47,28.43,28.445,7848.0
2017-04-11 13:45:00,CAR,28.52,28.52,28.385,28.41,20252.0
2017-04-11 13:40:00,CAR,28.49,28.6,28.48,28.52,19488.0
2017-04-11 13:35:00,CAR,28.52,28.53,28.46,28.46,42450.0
2017-04-11 13:30:00,CAR,28.48,28.58,28.48,28.49,18100.0
2017-04-11 13:25:00,CAR,28.65,28.66,28.45,28.5,19151.0
2017-04-11 13:20:00,CAR,28.76,28.76,28.65,28.65,12992.0
2017-04-11 13:15:00,CAR,28.66,28.76,28.57,28.76,108250.0
2017-04-11 13:10:00,CAR,28.66,28.71,28.63,28.66,26522.0
2017-04-11 13:05:00,CAR,28.64,28.68,28.62,28.66,10823.0
2017-04-11 13:00:00,CAR,28.66,28.67,28.6189,28.63,13392.0
2017-04-11 12:55:00,CAR,28.4,28.769,28.4,28.66,42805.0
2017-04-11 12:50:00,CAR,28.44,28.44,28.39,28.39,5600.0
2017-04-11 12:45:00,CAR,28.4785,28.48,28.39,28.43,5600.0
2017-04-11 12:40:00,CAR,28.5,28.51,28.44,28.44,5044.0
2017-04-11 12:35:00,CAR,28.5,28.56,28.48,28.53,6296.0
2017-04-11 12:30:00,CAR,28.5,28.53,28.48,28.5,4844.0
2017-04-11 12:25:00,CAR,28.45,28.58,28.45,28.52,7248.0
2017-04-11 12:20:00,CAR,28.43,28.44,28.37,28.44,7500.0
2017-04-11 12:15:00,CAR,28.29,28.44,28.29,28.41,8850.0
2017-04-11 12:10:00,CAR,28.37,28.38,28.3,28.3099,6111.0
2017-04-11 12:05:00,CAR,28.33,28.35,28.28,28.34,11900.0
2017-04-11 12:00:00,CAR,28.34,28.44,28.33,28.33,8502.0
2017-04-11 11:55:00,CAR,28.33,28.36,28.26,28.33,14648.0
2017-04-11 11:50:00,CAR,28.25,28.34,28.23,28.32,11000.0
2017-04-11 11:45:00,CAR,28.27,28.27,28.19,28.26,9300.0
2017-04-11 11:40:00,CAR,28.25,28.3,28.235,28.26,10100.0
2017-04-11 11:35:00,CAR,28.19,28.25,28.16,28.25,13582.0
2017-04-11 11:30:00,CAR,28.16,28.18,28.12,28.15,8745.0
2017-04-11 11:25:00,CAR,28.18,28.23,28.1,28.2,16798.0
2017-04-11 11:20:00,CAR,28.09,28.18,28.07,28.17,17000.0
2017-04-11 11:15:00,CAR,28.12,28.14,28.08,28.11,12100.0
2017-04-11 11:10:00,CAR,28.22,28.22,28.12,28.12,12107.0
2017-04-11 11:05:00,CAR,28.13,28.24,28.1,28.23,12600.0
2017-04-11 11:00:00,CAR,28.14,28.16,28.07,28.12,23095.0
2017-04-11 10:55:00,CAR,28.16,28.17,28.08,28.14,20906.0
2017-04-11 10:50:00,CAR,28.23,28.27,28.17,28.17,10735.0
2017-04-11 10:45:00,CAR,28.31,28.31,28.14,28.25,13266.0
2017-04-11 10:40:00,CAR,28.15,28.31,28.14,28.31,13565.0
2017-04-11 10:35:00,CAR,28.325,28.33,28.12,28.16,14879.0
2017-04-11 10:30:00,CAR,28.18,28.34,28.15,28.34,7600.0
2017-04-11 10:25:00,CAR,28.36,28.37,28.15,28.2,11600.0
2017-04-11 10:20:00,CAR,28.36,28.37,28.26,28.35,8613.0
2017-04-11 10:15:00,CAR,28.43,28.5,28.37,28.39,9554.0
2017-04-11 10:10:00,CAR,28.56,28.59,28.43,28.43,11972.0
2017-04-11 10:05:00,CAR,28.45,28.59,28.41,28.59,17463.0
2017-04-11 10:00:00,CAR,28.34,28.46,28.28,28.46,9096.0
2017-04-11 09:55:00,CAR,28.21,28.37,28.15,28.33,11947.0
2017-04-11 09:50:00,CAR,28.38,28.38,28.21,28.26,9329.0
2017-04-11 09:45:00,CAR,28.41,28.53,28.24,28.39,22637.0
2017-04-11 09:40:00,CAR,28.535,28.55,28.35,28.45,10044.0
2017-04-11 09:35:00,CAR,28.38,28.548,28.37,28.53,12207.0
2017-04-10 16:40:00,CAR,28.44,28.44,28.44,28.44,2504.0
2017-04-10 16:05:00,CAR,28.44,28.44,28.44,28.44,140476.0
2017-04-10 16:00:00,CAR,28.46,28.49,28.44,28.45,104397.0
2017-04-10 15:55:00,CAR,28.5,28.5,28.42,28.45,80856.0
2017-04-10 15:50:00,CAR,28.475,28.51,28.46,28.51,47670.0
2017-04-10 15:45:00,CAR,28.54,28.54,28.47,28.475,31842.0
2017-04-10 15:40:00,CAR,28.47,28.545,28.46,28.54,29623.0
2017-04-10 15:35:00,CAR,28.45,28.47,28.41,28.47,42111.0
2017-04-10 15:30:00,CAR,28.53,28.53,28.445,28.45,26545.0
2017-04-10 15:25:00,CAR,28.47,28.53,28.42,28.53,39579.0
2017-04-10 15:20:00,CAR,28.43,28.485,28.42,28.46,17571.0
2017-04-10 15:15:00,CAR,28.43,28.44,28.37,28.43,15750.0
2017-04-10 15:10:00,CAR,28.45,28.48,28.415,28.43,21432.0
2017-04-10 15:05:00,CAR,28.45,28.48,28.43,28.45,18852.0
2017-04-10 15:00:00,CAR,28.5,28.52,28.46,28.46,13706.0
2017-04-10 14:55:00,CAR,28.461,28.5089,28.435,28.5,18728.0
2017-04-10 14:50:00,CAR,28.44,28.475,28.435,28.46,17603.0
2017-04-10 14:45:00,CAR,28.435,28.45,28.39,28.43,22900.0
2017-04-10 14:40:00,CAR,28.44,28.44,28.41,28.435,20001.0
2017-04-10 14:35:00,CAR,28.42,28.48,28.4,28.44,23215.0
2017-04-10 14:30:00,CAR,28.34,28.45,28.34,28.42,27548.0
2017-04-10 14:25:00,CAR,28.37,28.385,28.315,28.34,23979.0
2017-04-10 14:20:00,CAR,28.38,28.38,28.345,28.36,9458.0
2017-04-10 14:15:00,CAR,28.29,28.38,28.28,28.37,40385.0
2017-04-10 14:10:00,CAR,28.37,28.4,28.272,28.272,26237.0
2017-04-10 14:05:00,CAR,28.54,28.555,28.38,28.38,26535.0
2017-04-10 14:00:00,CAR,28.5,28.55,28.5,28.53,10521.0
2017-04-10 13:55:00,CAR,28.54,28.555,28.46,28.49,17034.0
2017-04-10 13:50:00,CAR,28.55,28.56,28.51,28.54,11419.0
2017-04-10 13:45:00,CAR,28.63,28.635,28.53,28.56,21750.0
2017-04-10 13:40:00,CAR,28.645,28.65,28.59,28.62,33978.0
2017-04-10 13:35:00,CAR,28.575,28.65,28.575,28.65,14860.0
2017-04-10 13:30:00,CAR,28.6,28.6,28.55,28.57,8734.0
2017-04-10 13:25:00,CAR,28.56,28.62,28.56,28.6,18121.0
2017-04-10 13:20:00,CAR,28.62,28.63,28.5375,28.56,31300.0
2017-04-10 13:15:00,CAR,28.61,28.64,28.59,28.61,13744.0
2017-04-10 13:10:00,CAR,28.55,28.62,28.53,28.61,18073.0
2017-04-10 13:05:00,CAR,28.43,28.57,28.4,28.57,12482.0
2017-04-10 13:00:00,CAR,28.44,28.45,28.4,28.43,9231.0
2017-04-10 12:55:00,CAR,28.43,28.49,28.415,28.43,15480.0
2017-04-10 12:50:00,CAR,28.43,28.465,28.4,28.42,24773.0
2017-04-10 12:45:00,CAR,28.405,28.42,28.38,28.42,21577.0
2017-04-10 12:40:00,CAR,28.39,28.43,28.37,28.39,19978.0
2017-04-10 12:35:00,CAR,28.39,28.45,28.34,28.405,20597.0
2017-04-10 12:30:00,CAR,28.34,28.45,28.34,28.38,15461.0
2017-04-10 12:25:00,CAR,28.39,28.45,28.33,28.35,29856.0
2017-04-10 12:20:00,CAR,28.44,28.49,28.37,28.37,26524.0
2017-04-10 12:15:00,CAR,28.66,28.66,28.39,28.43,21052.0
2017-04-10 12:10:00,CAR,28.66,28.68,28.62,28.65,15573.0
2017-04-10 12:05:00,CAR,28.7,28.71,28.59,28.65,38936.0
2017-04-10 12:00:00,CAR,28.62,28.74,28.6,28.6864,34860.0
2017-04-10 11:55:00,CAR,28.71,28.72,28.62,28.63,31737.0
2017-04-10 11:50:00,CAR,28.67,28.7,28.64,28.7,15046.0
2017-04-10 11:45:00,CAR,28.7251,28.77,28.65,28.66,24106.0
2017-04-10 11:40:00,CAR,28.78,28.81,28.73,28.73,15788.0
2017-04-10 11:35:00,CAR,28.96,28.97,28.77,28.77,28615.0
2017-04-10 11:30:00,CAR,28.95,28.96,28.9,28.96,16362.0
2017-04-10 11:25:00,CAR,28.89,29.06,28.8601,28.95,75029.0
2017-04-10 11:20:00,CAR,28.88,28.91,28.84,28.875,17819.0
2017-04-10 11:15:00,CAR,28.88,28.93,28.865,28.88,28647.0
2017-04-10 11:10:00,CAR,28.741,28.89,28.7,28.88,28632.0
2017-04-10 11:05:00,CAR,28.68,28.795,28.68,28.74,34253.0
2017-04-10 11:00:00,CAR,28.715,28.76,28.66,28.68,19937.0
2017-04-10 10:55:00,CAR,28.8,28.85,28.6802,28.715,37383.0
2017-04-10 10:50:00,CAR,28.765,28.81,28.75,28.79,28775.0
2017-04-10 10:45:00,CAR,28.7,28.78,28.61,28.77,24994.0
2017-04-10 10:40:00,CAR,28.77,28.79,28.7,28.7,17353.0
2017-04-10 10:35:00,CAR,28.64,28.84,28.63,28.775,37783.0
2017-04-10 10:30:00,CAR,28.6,28.66,28.59,28.635,22468.0
2017-04-10 10:25:00,CAR,28.6,28.64,28.5,28.57,25256.0
2017-04-10 10:20:00,CAR,28.67,28.67,28.57,28.6,39558.0
2017-04-10 10:15:00,CAR,28.7223,28.75,28.57,28.68,48784.0
2017-04-10 10:10:00,CAR,28.69,28.79,28.6,28.6959,26121.0
2017-04-10 10:05:00,CAR,28.6056,28.73,28.56,28.67,33269.0
2017-04-10 10:00:00,CAR,28.6,28.63,28.45,28.6,47747.0
2017-04-10 09:55:00,CAR,28.53,28.66,28.4,28.5801,41250.0
2017-04-10 09:50:00,CAR,28.23,28.59,28.23,28.501,75174.0
2017-04-10 09:45:00,CAR,28.12,28.39,28.12,28.24,37016.0
2017-04-10 09:40:00,CAR,27.93,28.27,27.83,28.11,59380.0
2017-04-10 09:35:00,CAR,27.6,28.0,27.31,27.98,28367.0
2017-04-07 18:00:00,CAR,27.49,27.49,27.49,27.49,100.0
2017-04-07 16:40:00,CAR,27.49,27.49,27.49,27.49,2901.0
2017-04-07 16:20:00,CAR,27.49,27.49,27.49,27.49,1006.0
2017-04-07 16:05:00,CAR,27.49,27.49,27.49,27.49,1713277.0
2017-04-07 16:00:00,CAR,27.42,27.53,27.42,27.485,138888.0
2017-04-07 15:55:00,CAR,27.43,27.44,27.38,27.42,43102.0
2017-04-07 15:50:00,CAR,27.39,27.46,27.39,27.42,36244.0
2017-04-07 15:45:00,CAR,27.415,27.42,27.37,27.385,20301.0
2017-04-07 15:40:00,CAR,27.385,27.425,27.37,27.415,26130.0
2017-04-07 15:35:00,CAR,27.47,27.505,27.37,27.385,31612.0
2017-04-07 15:30:00,CAR,27.5,27.54,27.43,27.47,26613.0
2017-04-07 15:25:00,CAR,27.47,27.53,27.45,27.515,24630.0
2017-04-07 15:20:00,CAR,27.43,27.48,27.43,27.47,10317.0
2017-04-07 15:15:00,CAR,27.38,27.425,27.36,27.42,46933.0
2017-04-07 15:10:00,CAR,27.4,27.44,27.37,27.375,29959.0
2017-04-07 15:05:00,CAR,27.41,27.465,27.39,27.3965,13858.0
2017-04-07 15:00:00,CAR,27.46,27.51,27.42,27.425,9943.0
2017-04-07 14:55:00,CAR,27.53,27.53,27.4275,27.45,14586.0
2017-04-07 14:50:00,CAR,27.46,27.55,27.46,27.53,14278.0
2017-04-07 14:45:00,CAR,27.51,27.51,27.46,27.46,19605.0
2017-04-07 14:40:00,CAR,27.44,27.53,27.44,27.52,16612.0
2017-04-07 14:35:00,CAR,27.49,27.5,27.45,27.45,22118.0
2017-04-07 14:30:00,CAR,27.56,27.565,27.48,27.4911,14340.0
2017-04-07 14:25:00,CAR,27.5,27.57,27.49,27.57,13501.0
2017-04-07 14:20:00,CAR,27.54,27.55,27.5,27.5,22664.0
2017-04-07 14:15:00,CAR,27.605,27.62,27.55,27.55,14884.0
2017-04-07 14:10:00,CAR,27.62,27.62,27.58,27.61,14412.0
2017-04-07 14:05:00,CAR,27.65,27.69,27.61,27.62,9443.0
2017-04-07 14:00:00,CAR,27.66,27.69,27.64,27.64,12411.0
2017-04-07 13:55:00,CAR,27.72,27.72,27.635,27.65,19498.0
2017-04-07 13:50:00,CAR,27.73,27.73,27.7,27.721,6801.0
2017-04-07 13:45:00,CAR,27.78,27.78,27.72,27.73,3700.0
2017-04-07 13:40:00,CAR,27.76,27.77,27.73,27.77,8000.0
2017-04-07 13:35:00,CAR,27.78,27.83,27.765,27.78,7690.0
2017-04-07 13:30:00,CAR,27.76,27.77,27.72,27.77,10776.0
2017-04-07 13:25:00,CAR,27.78,27.78,27.72,27.77,19470.0
2017-04-07 13:20:00,CAR,27.8,27.84,27.785,27.785,6000.0
2017-04-07 13:15:00,CAR,27.78,27.85,27.78,27.805,6336.0
2017-04-07 13:10:00,CAR,27.8,27.8,27.75,27.77,12994.0
2017-04-07 13:05:00,CAR,27.88,27.92,27.8,27.8,13569.0
2017-04-07 13:00:00,CAR,27.81,27.9,27.81,27.88,18442.0
2017-04-07 12:55:00,CAR,27.76,27.82,27.76,27.82,7441.0
2017-04-07 12:50:00,CAR,27.73,27.77,27.71,27.76,10251.0
2017-04-07 12:45:00,CAR,27.66,27.74,27.66,27.73,8052.0
2017-04-07 12:40:00,CAR,27.69,27.71,27.63,27.67,17244.0
2017-04-07 12:35:00,CAR,27.61,27.68,27.61,27.68,8300.0
2017-04-07 12:30:00,CAR,27.6,27.64,27.59,27.62,11939.0
2017-04-07 12:25:00,CAR,27.63,27.63,27.59,27.6,5000.0
2017-04-07 12:20:00,CAR,27.72,27.725,27.58,27.63,15185.0
2017-04-07 12:15:00,CAR,27.66,27.71,27.64,27.71,12200.0
2017-04-07 12:10:00,CAR,27.705,27.705,27.63,27.67,14400.0
2017-04-07 12:05:00,CAR,27.6,27.72,27.6,27.71,14178.0
2017-04-07 12:00:00,CAR,27.57,27.6158,27.56,27.59,12509.0
2017-04-07 11:55:00,CAR,27.555,27.5799,27.54,27.575,17152.0
2017-04-07 11:50:00,CAR,27.63,27.64,27.52,27.56,58843.0
2017-04-07 11:45:00,CAR,27.75,27.75,27.635,27.64,22639.0
2017-04-07 11:40:00,CAR,27.72,27.75,27.71,27.73,12652.0
2017-04-07 11:35:00,CAR,27.75,27.8,27.725,27.73,25825.0
2017-04-07 11:30:00,CAR,27.7,27.79,27.68,27.75,19076.0
2017-04-07 11:25:00,CAR,27.68,27.73,27.59,27.7,41266.0
2017-04-07 11:20:00,CAR,27.74,27.75,27.66,27.67,22589.0
2017-04-07 11:15:00,CAR,27.76,27.77,27.695,27.75,29464.0
2017-04-07 11:10:00,CAR,27.9,27.9,27.77,27.77,14220.0
2017-04-07 11:05:00,CAR,27.87,27.935,27.86,27.91,10505.0
2017-04-07 11:00:00,CAR,27.89,27.91,27.85,27.875,10990.0
2017-04-07 10:55:00,CAR,27.84,27.9,27.8,27.88,23417.0
2017-04-07 10:50:00,CAR,27.89,27.925,27.8,27.84,15004.0
2017-04-07 10:45:00,CAR,27.89,27.97,27.89,27.89,53159.0
2017-04-07 10:40:00,CAR,28.055,28.055,27.81,27.9003,29020.0
2017-04-07 10:35:00,CAR,28.17,28.1999,28.0,28.04,42704.0
2017-04-07 10:30:00,CAR,28.23,28.25,28.16,28.19,31537.0
2017-04-07 10:25:00,CAR,28.21,28.29,28.17,28.24,24613.0
2017-04-07 10:20:00,CAR,28.265,28.28,28.14,28.19,41844.0
2017-04-07 10:15:00,CAR,28.37,28.38,28.2,28.27,24640.0
2017-04-07 10:10:00,CAR,28.34,28.38,28.2,28.34,67060.0
2017-04-07 10:05:00,CAR,28.27,28.43,28.23,28.29,31949.0
2017-04-07 10:00:00,CAR,28.23,28.35,28.19,28.27,74681.0
2017-04-07 09:55:00,CAR,28.305,28.36,28.17,28.22,134244.0
2017-04-07 09:50:00,CAR,28.08,28.37,28.05,28.305,125699.0
2017-04-07 09:45:00,CAR,27.97,28.12,27.9,28.09,47051.0
2017-04-07 09:40:00,CAR,27.6,27.99,27.5,27.95,42262.0
2017-04-07 09:35:00,CAR,27.64,27.71,27.555,27.61,19159.0
2017-04-07 09:25:00,CAR,27.61,27.61,27.61,27.61,200.0
2017-04-06 16:40:00,CAR,27.66,27.66,27.66,27.66,5241.0
2017-04-06 16:35:00,CAR,27.547,27.547,27.547,27.547,300.0
2017-04-06 16:10:00,CAR,27.54,27.54,27.54,27.54,300.0
2017-04-06 16:05:00,CAR,27.66,27.66,27.66,27.66,67306.0
2017-04-06 16:00:00,CAR,27.575,27.7,27.57,27.66,125725.0
2017-04-06 15:55:00,CAR,27.58,27.61,27.55,27.58,85764.0
2017-04-06 15:50:00,CAR,27.645,27.66,27.5875,27.595,77490.0
2017-04-06 15:45:00,CAR,27.63,27.65,27.62,27.645,31952.0
2017-04-06 15:40:00,CAR,27.58,27.64,27.57,27.62,27174.0
2017-04-06 15:35:00,CAR,27.61,27.61,27.545,27.59,23969.0
2017-04-06 15:30:00,CAR,27.595,27.63,27.59,27.6,29971.0
2017-04-06 15:25:00,CAR,27.62,27.65,27.54,27.6,25665.0
2017-04-06 15:20:00,CAR,27.605,27.61,27.57,27.61,18364.0
2017-04-06 15:15:00,CAR,27.57,27.62,27.55,27.6,24679.0
2017-04-06 15:10:00,CAR,27.47,27.56,27.44,27.56,23905.0
2017-04-06 15:05:00,CAR,27.505,27.54,27.48,27.48,24161.0
2017-04-06 15:00:00,CAR,27.51,27.52,27.43,27.5,43590.0
2017-04-06 14:55:00,CAR,27.51,27.59,27.51,27.515,41787.0
2017-04-06 14:50:00,CAR,27.6088,27.64,27.51,27.521,72938.0
2017-04-06 14:45:00,CAR,27.495,27.6,27.495,27.6,15950.0
2017-04-06 14:40:00,CAR,27.495,27.56,27.43,27.505,45870.0
2017-04-06 14:35:00,CAR,27.35,27.49,27.33,27.48,31499.0
2017-04-06 14:30:00,CAR,27.44,27.46,27.345,27.355,21561.0
2017-04-06 14:25:00,CAR,27.56,27.56,27.435,27.45,18146.0
2017-04-06 14:20:00,CAR,27.57,27.575,27.53,27.56,8914.0
2017-04-06 14:15:00,CAR,27.565,27.585,27.55,27.57,9300.0
2017-04-06 14:10:00,CAR,27.54,27.6,27.52,27.577,7200.0
2017-04-06 14:05:00,CAR,27.62,27.63,27.515,27.53,24003.0
2017-04-06 14:00:00,CAR,27.64,27.64,27.55,27.61,29328.0
2017-04-06 13:55:00,CAR,27.65,27.705,27.64,27.64,38460.0
2017-04-06 13:50:00,CAR,27.65,27.69,27.64,27.655,9050.0
2017-04-06 13:45:00,CAR,27.64,27.6625,27.62,27.65,15193.0
2017-04-06 13:40:00,CAR,27.7,27.71,27.62,27.65,8219.0
2017-04-06 13:35:00,CAR,27.6,27.71,27.6,27.7,22589.0
2017-04-06 13:30:00,CAR,27.61,27.67,27.61,27.61,6664.0
2017-04-06 13:25:00,CAR,27.65,27.66,27.6,27.62,11400.0
2017-04-06 13:20:00,CAR,27.61,27.66,27.61,27.62,9436.0
2017-04-06 13:15:00,CAR,27.55,27.6,27.53,27.59,9509.0
2017-04-06 13:10:00,CAR,27.54,27.58,27.52,27.55,9819.0
2017-04-06 13:05:00,CAR,27.5,27.54,27.47,27.53,4700.0
2017-04-06 13:00:00,CAR,27.45,27.52,27.42,27.5,4007.0
2017-04-06 12:55:00,CAR,27.43,27.47,27.43,27.45,2408.0
2017-04-06 12:50:00,CAR,27.44,27.44,27.395,27.44,4566.0
2017-04-06 12:45:00,CAR,27.49,27.51,27.42,27.46,3434.0
2017-04-06 12:40:00,CAR,27.47,27.49,27.425,27.48,12830.0
2017-04-06 12:35:00,CAR,27.54,27.55,27.45,27.4899,3608.0
2017-04-06 12:30:00,CAR,27.53,27.55,27.52,27.535,3800.0
2017-04-06 12:25:00,CAR,27.54,27.57,27.51,27.528,6300.0
2017-04-06 12:20:00,CAR,27.49,27.55,27.475,27.55,5495.0
2017-04-06 12:15:00,CAR,27.47,27.53,27.47,27.48,4962.0
2017-04-06 12:10:00,CAR,27.48,27.54,27.44,27.46,5890.0
2017-04-06 12:05:00,CAR,27.5,27.58,27.44,27.48,28158.0
2017-04-06 12:00:00,CAR,27.49,27.52,27.4354,27.49,10789.0
2017-04-06 11:55:00,CAR,27.45,27.5,27.423,27.5,6800.0
2017-04-06 11:50:00,CAR,27.45,27.47,27.42,27.44,6815.0
2017-04-06 11:45:00,CAR,27.51,27.52,27.44,27.4402,10245.0
2017-04-06 11:40:00,CAR,27.4901,27.59,27.48,27.52,9334.0
2017-04-06 11:35:00,CAR,27.52,27.52,27.4,27.47,11930.0
2017-04-06 11:30:00,CAR,27.535,27.561,27.51,27.515,11947.0
2017-04-06 11:25:00,CAR,27.4,27.55,27.4,27.53,15800.0
2017-04-06 11:20:00,CAR,27.41,27.43,27.35,27.39,10950.0
2017-04-06 11:15:00,CAR,27.41,27.46,27.39,27.4,25036.0
2017-04-06 11:10:00,CAR,27.25,27.42,27.25,27.4,11191.0
2017-04-06 11:05:00,CAR,27.15,27.26,27.07,27.2375,62920.0
2017-04-06 11:00:00,CAR,27.19,27.255,27.135,27.14,8500.0
2017-04-06 10:55:00,CAR,27.15,27.18,27.115,27.16,13997.0
2017-04-06 10:50:00,CAR,27.16,27.2,27.08,27.17,12683.0
2017-04-06 10:45:00,CAR,27.26,27.26,27.095,27.17,11383.0
2017-04-06 10:40:00,CAR,27.26,27.43,27.25,27.25,27816.0
2017-04-06 10:35:00,CAR,27.2,27.34,27.14,27.29,25549.0
2017-04-06 10:30:00,CAR,27.05,27.2,27.0,27.2,59062.0
2017-04-06 10:25:00,CAR,26.97,27.17,26.96,27.04,52740.0
2017-04-06 10:20:00,CAR,26.94,27.01,26.89,26.95,56288.0
2017-04-06 10:15:00,CAR,27.01,27.06,26.91,26.94,82318.0
2017-04-06 10:10:00,CAR,27.035,27.1,26.981,26.981,72783.0
2017-04-06 10:05:00,CAR,26.79,27.05,26.77,27.035,71700.0
2017-04-06 10:00:00,CAR,26.64,26.84,26.64,26.79,94015.0
2017-04-06 09:55:00,CAR,26.71,26.72,26.51,26.64,215641.0
2017-04-06 09:50:00,CAR,26.96,26.96,26.72,26.725,207321.0
2017-04-06 09:45:00,CAR,27.22,27.25,26.96,26.96,59866.0
2017-04-06 09:40:00,CAR,27.07,27.27,27.04,27.235,38805.0
2017-04-06 09:35:00,CAR,27.13,27.18,27.0,27.07,69342.0
2017-04-06 09:30:00,CAR,27.2,27.2,27.2,27.2,1659.0
2017-04-06 09:25:00,CAR,27.2,27.2,27.2,27.2,300.0
2017-04-06 09:00:00,CAR,27.21,27.21,27.21,27.21,500.0
2017-04-06 08:30:00,CAR,27.25,27.25,27.25,27.25,1990.0
2017-04-05 19:05:00,CAR,27.2,27.2,27.2,27.2,400.0
2017-04-05 17:45:00,CAR,27.1,27.1,27.1,27.1,800.0
2017-04-05 17:25:00,CAR,27.1,27.1,27.1,27.1,990.0
2017-04-05 16:30:00,CAR,27.1,27.1,27.1,27.1,4886.0
2017-04-05 16:05:00,CAR,27.1,27.1,27.1,27.1,117060.0
2017-04-05 16:00:00,CAR,27.15,27.17,27.07,27.1,119432.0
2017-04-05 15:55:00,CAR,27.09,27.19,27.08,27.16,106828.0
2017-04-05 15:50:00,CAR,27.13,27.18,27.07,27.08,45209.0
2017-04-05 15:45:00,CAR,27.14,27.17,27.03,27.13,92152.0
2017-04-05 15:40:00,CAR,27.095,27.17,27.07,27.14,56746.0
2017-04-05 15:35:00,CAR,27.35,27.37,27.06,27.1,73735.0
2017-04-05 15:30:00,CAR,27.33,27.35,27.22,27.35,46567.0
2017-04-05 15:25:00,CAR,27.42,27.46,27.27,27.33,56888.0
2017-04-05 15:20:00,CAR,27.45,27.47,27.39,27.4,30377.0
2017-04-05 15:15:00,CAR,27.59,27.61,27.44,27.45,36062.0
2017-04-05 15:10:00,CAR,27.67,27.69,27.57,27.6,27783.0
2017-04-05 15:05:00,CAR,27.65,27.72,27.63,27.66,33497.0
2017-04-05 15:00:00,CAR,27.735,27.745,27.63,27.66,12051.0
2017-04-05 14:55:00,CAR,27.82,27.83,27.69,27.73,87624.0
2017-04-05 14:50:00,CAR,27.885,27.885,27.8,27.83,43569.0
2017-04-05 14:45:00,CAR,27.91,27.91,27.87,27.89,79573.0
2017-04-05 14:40:00,CAR,27.9,27.93,27.87,27.92,29891.0
2017-04-05 14:35:00,CAR,28.0,28.0,27.89,27.9,44051.0
2017-04-05 14:30:00,CAR,28.0,28.03,27.99,28.0,15692.0
2017-04-05 14:25:00,CAR,28.09,28.09,28.0,28.0,9929.0
2017-04-05 14:20:00,CAR,28.11,28.11,28.075,28.094,6995.0
2017-04-05 14:15:00,CAR,28.145,28.17,28.09,28.09,11690.0
2017-04-05 14:10:00,CAR,28.16,28.21,28.14,28.14,7659.0
2017-04-05 14:05:00,CAR,28.21,28.23,28.15,28.1601,33087.0
2017-04-05 14:00:00,CAR,28.205,28.25,28.205,28.21,9600.0
2017-04-05 13:55:00,CAR,28.27,28.27,28.19,28.21,52015.0
2017-04-05 13:50:00,CAR,28.27,28.27,28.25,28.27,9157.0
2017-04-05 13:45:00,CAR,28.28,28.28,28.25,28.27,7295.0
2017-04-05 13:40:00,CAR,28.27,28.29,28.265,28.29,49408.0
2017-04-05 13:35:00,CAR,28.275,28.29,28.25,28.26,8450.0
2017-04-05 13:30:00,CAR,28.29,28.2901,28.275,28.275,5700.0
2017-04-05 13:25:00,CAR,28.265,28.302,28.25,28.29,59005.0
2017-04-05 13:20:00,CAR,28.25,28.3299,28.23,28.27,30088.0
2017-04-05 13:15:00,CAR,28.24,28.26,28.23,28.25,13507.0
2017-04-05 13:10:00,CAR,28.23,28.24,28.21,28.235,3947.0
2017-04-05 13:05:00,CAR,28.17,28.23,28.16,28.23,15975.0
2017-04-05 13:00:00,CAR,28.17,28.19,28.135,28.19,12984.0
2017-04-05 12:55:00,CAR,28.1352,28.18,28.13,28.18,5510.0
2017-04-05 12:50:00,CAR,28.04,28.14,28.04,28.14,16433.0
2017-04-05 12:45:00,CAR,28.05,28.05,28.02,28.04,6100.0
2017-04-05 12:40:00,CAR,28.06,28.07,28.04,28.05,5500.0
2017-04-05 12:35:00,CAR,28.04,28.08,28.035,28.06,5506.0
2017-04-05 12:30:00,CAR,28.09,28.09,28.05,28.05,6250.0
2017-04-05 12:25:00,CAR,28.028,28.09,28.025,28.09,11532.0
2017-04-05 12:20:00,CAR,28.01,28.05,28.005,28.03,8707.0
2017-04-05 12:15:00,CAR,28.01,28.05,28.01,28.02,5731.0
2017-04-05 12:10:00,CAR,28.06,28.06,28.02,28.02,6155.0
2017-04-05 12:05:00,CAR,28.025,28.06,27.98,28.06,14515.0
2017-04-05 12:00:00,CAR,28.03,28.07,28.0,28.02,18182.0
2017-04-05 11:55:00,CAR,28.03,28.07,28.0,28.03,24933.0
2017-04-05 11:50:00,CAR,28.065,28.1,28.03,28.03,10520.0
2017-04-05 11:45:00,CAR,28.01,28.08,28.005,28.06,10747.0
2017-04-05 11:40:00,CAR,28.0,28.03,27.97,28.01,11994.0
2017-04-05 11:35:00,CAR,27.87,28.01,27.85,27.99,21886.0
2017-04-05 11:30:00,CAR,27.88,27.905,27.82,27.88,33801.0
2017-04-05 11:25:00,CAR,27.91,27.92,27.86,27.9,22320.0
2017-04-05 11:20:00,CAR,27.94,27.94,27.87,27.92,35529.0
2017-04-05 11:15:00,CAR,27.9,27.94,27.895,27.93,10023.0
2017-04-05 11:10:00,CAR,27.93,27.97,27.89,27.9,32688.0
2017-04-05 11:05:00,CAR,28.01,28.02,27.91,27.94,20465.0
2017-04-05 11:00:00,CAR,28.04,28.09,28.01,28.03,11354.0
2017-04-05 10:55:00,CAR,28.02,28.03,27.965,28.025,11600.0
2017-04-05 10:50:00,CAR,28.08,28.12,28.02,28.0202,34460.0
2017-04-05 10:45:00,CAR,28.065,28.1133,28.06,28.09,17238.0
2017-04-05 10:40:00,CAR,28.14,28.17,28.05,28.07,39219.0
2017-04-05 10:35:00,CAR,28.1,28.14,28.055,28.14,52989.0
2017-04-05 10:30:00,CAR,27.92,28.14,27.895,28.14,17999.0
2017-04-05 10:25:00,CAR,27.96,28.0,27.92,27.92,14650.0
2017-04-05 10:20:00,CAR,27.965,28.055,27.9401,27.98,20140.0
2017-04-05 10:15:00,CAR,28.21,28.21,27.97,27.97,23535.0
2017-04-05 10:10:00,CAR,28.2,28.24,28.17,28.21,11189.0
2017-04-05 10:05:00,CAR,28.19,28.21,28.1,28.19,22619.0
2017-04-05 10:00:00,CAR,28.28,28.31,28.1,28.2,35842.0
2017-04-05 09:55:00,CAR,28.18,28.37,28.18,28.28,19980.0
2017-04-05 09:50:00,CAR,28.04,28.2469,28.01,28.15,62534.0
2017-04-05 09:45:00,CAR,27.96,28.14,27.95,28.03,113919.0
2017-04-05 09:40:00,CAR,27.955,28.05,27.91,27.95,62452.0
2017-04-05 09:35:00,CAR,27.91,28.08,27.9,27.98,50483.0
2017-04-05 09:30:00,CAR,27.9,27.94,27.9,27.94,5500.0
2017-04-04 16:45:00,CAR,27.92,27.92,27.92,27.92,700.0
2017-04-04 16:05:00,CAR,27.92,27.92,27.92,27.92,92961.0
2017-04-04 16:00:00,CAR,27.935,27.96,27.9,27.925,99748.0
2017-04-04 15:55:00,CAR,27.895,27.96,27.895,27.9302,72301.0
2017-04-04 15:50:00,CAR,27.89,27.905,27.89,27.895,50317.0
2017-04-04 15:45:00,CAR,27.9,27.905,27.88,27.89,26264.0
2017-04-04 15:40:00,CAR,27.915,27.915,27.89,27.905,32848.0
2017-04-04 15:35:00,CAR,27.97,28.0,27.91,27.915,31699.0
2017-04-04 15:30:00,CAR,27.96,27.98,27.94,27.965,41483.0
2017-04-04 15:25:00,CAR,27.975,27.98,27.875,27.96,61059.0
2017-04-04 15:20:00,CAR,27.88,27.99,27.85,27.98,56074.0
2017-04-04 15:15:00,CAR,27.845,27.9,27.845,27.88,41266.0
2017-04-04 15:10:00,CAR,27.765,27.85,27.765,27.85,18696.0
2017-04-04 15:05:00,CAR,27.76,27.78,27.75,27.77,18000.0
2017-04-04 15:00:00,CAR,27.75,27.79,27.72,27.76,28977.0
2017-04-04 14:55:00,CAR,27.73,27.76,27.73,27.75,16563.0
2017-04-04 14:50:00,CAR,27.695,27.74,27.675,27.73,41711.0
2017-04-04 14:45:00,CAR,27.655,27.705,27.62,27.69,30310.0
2017-04-04 14:40:00,CAR,27.665,27.7,27.645,27.655,66163.0
2017-04-04 14:35:00,CAR,27.625,27.66,27.59,27.66,15951.0
2017-04-04 14:30:00,CAR,27.61,27.65,27.61,27.62,12922.0
2017-04-04 14:25:00,CAR,27.56,27.6,27.54,27.6,15082.0
2017-04-04 14:20:00,CAR,27.52,27.56,27.52,27.55,8254.0
2017-04-04 14:15:00,CAR,27.54,27.54,27.51,27.51,7100.0
2017-04-24 09:30:00,CAR,29.97,29.98,29.97,29.98,400.0
2017-04-24 09:35:00,CAR,29.94,30.319,29.94,30.09,48069.0
2017-04-24 09:40:00,CAR,30.12,30.15,29.92,30.145,36521.0
2017-04-24 09:45:00,CAR,30.145,30.145,29.955,30.03,27791.0
2017-04-24 09:50:00,CAR,30.0,30.06,29.91,29.97,21839.0
2017-04-24 09:55:00,CAR,29.97,30.06,29.91,29.91,25690.0
2017-04-24 10:00:00,CAR,29.98,30.18,29.975,30.15,24617.0
2017-04-24 10:05:00,CAR,30.165,30.45,30.16,30.42,44348.0
2017-04-24 10:10:00,CAR,30.42,30.62,30.4,30.55,82650.0
2017-04-24 10:15:00,CAR,30.555,30.69,30.51,30.68,44312.0
2017-04-24 10:20:00,CAR,30.7,30.74,30.62,30.705,45336.0
2017-04-24 10:25:00,CAR,30.71,30.8,30.69,30.7194,49285.0
2017-04-24 10:30:00,CAR,30.7217,30.82,30.71,30.82,30697.0
2017-04-24 10:35:00,CAR,30.83,30.89,30.77,30.88,27969.0
2017-04-24 10:40:00,CAR,30.86,30.9,30.76,30.76,48846.0
2017-04-24 10:45:00,CAR,30.75,30.75,30.61,30.61,48896.0
2017-04-24 10:50:00,CAR,30.61,30.8,30.58,30.8,21034.0
2017-04-24 10:55:00,CAR,30.8,30.84,30.74,30.7801,22924.0
2017-04-24 11:00:00,CAR,30.7864,30.9,30.78,30.83,38739.0
2017-04-24 11:05:00,CAR,30.83,30.85,30.73,30.82,15171.0
2017-04-24 11:10:00,CAR,30.79,30.795,30.6346,30.71,14526.0
2017-04-24 11:15:00,CAR,30.71,30.73,30.62,30.63,20926.0
2017-04-24 11:20:00,CAR,30.63,30.63,30.485,30.56,32164.0
2017-04-24 11:25:00,CAR,30.58,30.64,30.51,30.605,17505.0
2017-04-24 11:30:00,CAR,30.61,30.72,30.59,30.655,16414.0
2017-04-24 11:35:00,CAR,30.64,30.71,30.551,30.65,13144.0
2017-04-24 11:40:00,CAR,30.64,30.7,30.61,30.7,14700.0
2017-04-24 11:45:00,CAR,30.7,30.73,30.67,30.73,15808.0
2017-04-24 11:50:00,CAR,30.7,30.72,30.63,30.65,14821.0
2017-04-24 11:55:00,CAR,30.66,30.68,30.57,30.68,40983.0
2017-04-24 12:00:00,CAR,30.7,30.7095,30.585,30.67,22011.0
2017-04-24 12:05:00,CAR,30.71,30.71,30.59,30.65,18300.0
2017-04-24 12:10:00,CAR,30.66,30.69,30.61,30.64,23145.0
2017-04-24 12:15:00,CAR,30.63,30.6905,30.63,30.64,15127.0
2017-04-24 12:20:00,CAR,30.6,30.63,30.56,30.57,20516.0
2017-04-24 12:25:00,CAR,30.563,30.6,30.55,30.59,13055.0
2017-04-24 12:30:00,CAR,30.59,30.65,30.58,30.58,10200.0
2017-04-24 12:35:00,CAR,30.5801,30.64,30.5801,30.62,5278.0
2017-04-24 12:40:00,CAR,30.65,30.67,30.59,30.6196,5159.0
2017-04-24 12:45:00,CAR,30.62,30.66,30.56,30.6,6320.0
2017-04-24 12:50:00,CAR,30.6,30.63,30.57,30.59,6144.0
2017-04-24 12:55:00,CAR,30.59,30.67,30.59,30.65,800.0
2017-04-24 13:00:00,CAR,30.66,30.66,30.6,30.64,6998.0
2017-04-24 13:05:00,CAR,30.61,30.66,30.61,30.65,2800.0
2017-04-24 13:10:00,CAR,30.6155,30.67,30.6155,30.66,4200.0
2017-04-24 13:15:00,CAR,30.655,30.6997,30.64,30.6997,6524.0
2017-04-24 13:20:00,CAR,30.67,30.69,30.64,30.66,3074.0
2017-04-24 13:25:00,CAR,30.67,30.71,30.63,30.66,9963.0
2017-04-24 13:30:00,CAR,30.65,30.7,30.65,30.68,5150.0
2017-04-24 13:35:00,CAR,30.68,30.68,30.63,30.66,3500.0
2017-04-24 13:40:00,CAR,30.66,30.67,30.6,30.62,9496.0
2017-04-24 13:45:00,CAR,30.61,30.62,30.57,30.59,15622.0
2017-04-24 13:50:00,CAR,30.58,30.64,30.57,30.6,15017.0
2017-04-24 13:55:00,CAR,30.6,30.6,30.56,30.58,6400.0
2017-04-24 14:00:00,CAR,30.58,30.59,30.56,30.58,7123.0
2017-04-24 14:05:00,CAR,30.58,30.58,30.55,30.56,5124.0
2017-04-24 14:10:00,CAR,30.56,30.6,30.53,30.59,11582.0
2017-04-24 14:15:00,CAR,30.59,30.61,30.53,30.57,10064.0
2017-04-24 14:20:00,CAR,30.58,30.64,30.56,30.64,13057.0
2017-04-24 14:25:00,CAR,30.64,30.67,30.59,30.6,13368.0
2017-04-24 14:30:00,CAR,30.6,30.62,30.58,30.61,7845.0
2017-04-24 14:35:00,CAR,30.6,30.62,30.58,30.62,11495.0
2017-04-24 14:40:00,CAR,30.61,30.615,30.55,30.58,16706.0
2017-04-24 14:45:00,CAR,30.58,30.62,30.58,30.58,6701.0
2017-04-24 14:50:00,CAR,30.58,30.58,30.55,30.55,9184.0
2017-04-24 14:55:00,CAR,30.55,30.6,30.545,30.6,50716.0
2017-04-24 15:00:00,CAR,30.6,30.62,30.58,30.6,38093.0
2017-04-24 15:05:00,CAR,30.59,30.605,30.57,30.58,16828.0
2017-04-24 15:10:00,CAR,30.59,30.605,30.57,30.585,19454.0
2017-04-24 15:15:00,CAR,30.589,30.6,30.57,30.585,10200.0
2017-04-24 15:20:00,CAR,30.59,30.6,30.52,30.52,35424.0
2017-04-24 15:25:00,CAR,30.52,30.58,30.51,30.53,55429.0
2017-04-24 15:30:00,CAR,30.53,30.56,30.51,30.535,22279.0
2017-04-24 15:35:00,CAR,30.535,30.56,30.535,30.54,33640.0
2017-04-24 15:40:00,CAR,30.535,30.54,30.5,30.515,36251.0
2017-04-24 15:45:00,CAR,30.52,30.535,30.465,30.52,57050.0
2017-04-24 15:50:00,CAR,30.52,30.575,30.51,30.57,65938.0
2017-04-24 15:55:00,CAR,30.57,30.57,30.5,30.5599,140621.0
2017-04-24 16:00:00,CAR,30.55,30.57,30.48,30.535,177970.0
2017-04-24 16:05:00,CAR,30.52,30.52,30.52,30.52,317680.0
2017-04-24 16:35:00,CAR,30.52,30.52,30.52,30.52,4196.0
2017-04-24 16:35:00,CAR,30.52,30.52,30.52,30.52,4196.0
2017-04-24 16:05:00,CAR,30.52,30.52,30.52,30.52,317680.0
2017-04-24 16:00:00,CAR,30.55,30.57,30.48,30.535,177970.0
2017-04-17 11:25:00,CAR,28.38,28.38,28.32,28.36,9935.0
2017-04-17 11:20:00,CAR,28.395,28.4,28.34,28.38,12840.0
2017-04-17 11:15:00,CAR,28.48,28.48,28.38,28.3925,9445.0
2017-04-17 11:10:00,CAR,28.41,28.49,28.41,28.49,7100.0
2017-04-17 11:05:00,CAR,28.37,28.41,28.35,28.4,7963.0
2017-04-17 11:00:00,CAR,28.37,28.41,28.31,28.36,9234.0
2017-04-17 10:55:00,CAR,28.35,28.4,28.28,28.36,11689.0
2017-04-17 10:50:00,CAR,28.25,28.42,28.23,28.3797,9320.0
2017-04-17 10:45:00,CAR,28.39,28.4,28.25,28.25,12089.0
2017-04-17 10:40:00,CAR,28.41,28.48,28.27,28.38,28407.0
2017-04-17 10:35:00,CAR,28.48,28.59,28.41,28.41,24043.0
2017-04-17 10:30:00,CAR,28.42,28.46,28.36,28.45,9500.0
2017-04-17 10:25:00,CAR,28.47,28.505,28.38,28.45,12900.0
2017-04-17 10:20:00,CAR,28.44,28.57,28.4,28.47,31325.0
2017-04-17 10:15:00,CAR,28.72,28.74,28.39,28.49,33400.0
2017-04-17 10:10:00,CAR,28.63,28.76,28.62,28.76,36956.0
2017-04-17 10:05:00,CAR,28.62,28.69,28.52,28.62,38581.0
2017-04-17 10:00:00,CAR,28.68,28.72,28.43,28.62,28100.0
2017-04-17 09:55:00,CAR,28.2953,28.69,28.2953,28.67,42397.0
2017-04-17 09:50:00,CAR,28.1,28.3,28.09,28.3,23490.0
2017-04-17 09:45:00,CAR,28.22,28.22,28.02,28.06,32809.0
2017-04-17 09:40:00,CAR,28.29,28.48,28.14,28.2,50974.0
2017-04-17 09:35:00,CAR,27.75,28.31,27.63,28.31,38940.0
2017-04-17 09:30:00,CAR,27.77,27.77,27.77,27.77,200.0
2017-04-13 16:05:00,CAR,27.76,27.76,27.76,27.76,35931.0
2017-04-13 16:00:00,CAR,27.81,27.82,27.75,27.76,72655.0
2017-04-13 15:55:00,CAR,27.86,27.86,27.79,27.81,54603.0
2017-04-13 15:50:00,CAR,27.81,27.88,27.81,27.86,44020.0
2017-04-13 15:45:00,CAR,27.83,27.84,27.78,27.82,23424.0
2017-04-13 15:40:00,CAR,27.85,27.87,27.8,27.84,22502.0
2017-04-13 15:35:00,CAR,27.93,27.99,27.84,27.8546,21748.0
2017-04-13 15:30:00,CAR,27.98,27.98,27.93,27.94,16024.0
2017-04-13 15:25:00,CAR,27.97,27.99,27.96,27.99,16429.0
2017-04-13 15:20:00,CAR,28.01,28.02,27.89,27.97,8875.0
2017-04-13 15:15:00,CAR,28.0,28.03,27.99,28.01,13566.0
2017-04-13 15:10:00,CAR,28.08,28.1,28.0,28.0,10900.0
2017-04-13 15:05:00,CAR,28.09,28.12,28.055,28.08,11846.0
2017-04-13 15:00:00,CAR,28.07,28.12,28.04,28.1,9007.0
2017-04-13 14:55:00,CAR,28.08,28.1,28.045,28.06,9423.0
2017-04-13 14:50:00,CAR,28.07,28.1,28.05,28.1,5881.0
2017-04-13 14:45:00,CAR,28.0,28.065,28.0,28.05,2787.0
2017-04-13 14:40:00,CAR,28.04,28.09,27.99,28.01,6785.0
2017-04-13 14:35:00,CAR,28.05,28.1,28.02,28.02,7393.0
2017-04-13 14:30:00,CAR,28.02,28.07,28.01,28.065,6842.0
2017-04-13 14:25:00,CAR,27.99,28.08,27.99,28.0,7886.0
2017-04-13 14:20:00,CAR,28.0,28.01,27.98,27.99,7400.0
2017-04-13 14:15:00,CAR,28.03,28.05,28.01,28.01,6888.0
2017-04-13 14:10:00,CAR,27.92,28.04,27.9,28.04,5503.0
2017-04-13 14:05:00,CAR,27.82,27.905,27.8,27.9,9594.0
2017-04-13 14:00:00,CAR,27.79,27.81,27.79,27.8,3800.0
2017-04-13 13:55:00,CAR,27.77,27.8,27.76,27.78,7598.0
2017-04-13 13:50:00,CAR,27.79,27.81,27.72,27.77,22509.0
2017-04-13 13:45:00,CAR,27.89,27.91,27.82,27.82,17034.0
2017-04-13 13:40:00,CAR,27.88,27.9025,27.88,27.9025,2700.0
2017-04-13 13:35:00,CAR,27.85,27.89,27.85,27.87,4751.0
2017-04-13 13:30:00,CAR,27.8,27.85,27.8,27.85,2500.0
2017-04-13 13:25:00,CAR,27.77,27.8,27.75,27.8,5650.0
2017-04-13 13:20:00,CAR,27.7506,27.79,27.75,27.77,3464.0
2017-04-13 13:15:00,CAR,27.73,27.77,27.72,27.77,8914.0
2017-04-13 13:10:00,CAR,27.68,27.75,27.64,27.75,8404.0
2017-04-13 13:05:00,CAR,27.6603,27.69,27.65,27.68,10597.0
2017-04-13 13:00:00,CAR,27.75,27.75,27.64,27.64,27440.0
2017-04-13 12:55:00,CAR,27.705,27.78,27.705,27.76,7899.0
2017-04-13 12:50:00,CAR,27.77,27.77,27.68,27.7,16900.0
2017-04-13 12:45:00,CAR,27.8,27.8,27.75,27.77,11282.0
2017-04-13 12:40:00,CAR,27.8772,27.8772,27.78,27.78,18963.0
2017-04-13 12:35:00,CAR,27.87,27.91,27.86,27.87,9312.0
2017-04-13 12:30:00,CAR,27.83,27.88,27.83,27.88,6130.0
2017-04-13 12:25:00,CAR,27.87,27.89,27.81,27.81,7844.0
2017-04-13 12:20:00,CAR,27.87,27.9,27.84,27.88,8440.0
2017-04-13 12:15:00,CAR,27.865,27.9,27.865,27.87,22261.0
2017-04-13 12:10:00,CAR,27.95,27.97,27.84,27.85,19655.0
2017-04-13 12:05:00,CAR,28.03,28.03,27.94,27.95,5542.0
2017-04-13 12:00:00,CAR,28.15,28.15,28.03,28.05,9300.0
2017-04-13 11:55:00,CAR,28.16,28.2,28.15,28.15,16973.0
2017-04-13 11:50:00,CAR,28.17,28.17,28.13,28.17,4400.0
2017-04-13 11:45:00,CAR,28.18,28.18,28.14,28.17,5900.0
2017-04-13 11:40:00,CAR,28.17,28.21,28.15,28.17,17893.0
2017-04-13 11:35:00,CAR,28.15,28.1771,28.12,28.1771,5666.0
2017-04-13 11:30:00,CAR,28.22,28.24,28.15,28.15,14644.0
2017-04-13 11:25:00,CAR,28.21,28.27,28.2,28.21,13099.0
2017-04-13 11:20:00,CAR,28.22,28.25,28.19,28.21,25317.0
2017-04-13 11:15:00,CAR,28.23,28.27,28.22,28.225,11508.0
2017-04-13 11:10:00,CAR,28.18,28.24,28.17,28.23,67614.0
2017-04-13 11:05:00,CAR,28.07,28.2,28.07,28.175,19718.0
2017-04-13 11:00:00,CAR,28.165,28.165,28.08,28.08,6073.0
2017-04-13 10:55:00,CAR,28.05,28.17,28.05,28.17,12925.0
2017-04-13 10:50:00,CAR,28.13,28.15,28.02,28.03,18429.0
2017-04-13 10:45:00,CAR,28.01,28.15,28.0,28.14,19848.0
2017-04-13 10:40:00,CAR,27.98,28.04,27.95,28.0,39494.0
2017-04-13 10:35:00,CAR,27.91,28.01,27.9,27.98,8093.0
2017-04-13 10:30:00,CAR,27.96,27.99,27.89,27.91,12501.0
2017-04-13 10:25:00,CAR,27.97,28.01,27.87,27.96,16821.0
2017-04-13 10:20:00,CAR,27.999,28.1,27.95,28.02,14913.0
2017-04-13 10:15:00,CAR,28.0027,28.08,27.96,27.99,10444.0
2017-04-13 10:10:00,CAR,28.02,28.04,27.96,28.01,7630.0
2017-04-13 10:05:00,CAR,27.93,28.06,27.89,28.03,13203.0
2017-04-13 10:00:00,CAR,27.98,28.01,27.89,27.9,14107.0
2017-04-13 09:55:00,CAR,27.96,28.07,27.96,27.98,7200.0
2017-04-13 09:50:00,CAR,27.91,27.93,27.78,27.93,11570.0
2017-04-13 09:45:00,CAR,28.02,28.14,27.9,27.91,12201.0
2017-04-13 09:40:00,CAR,27.86,28.035,27.78,28.035,11046.0
2017-04-13 09:35:00,CAR,27.83,28.005,27.83,27.89,25746.0
2017-04-12 16:05:00,CAR,27.88,27.88,27.88,27.88,77164.0
2017-04-12 16:00:00,CAR,27.87,27.895,27.85,27.88,108847.0
2017-04-12 15:55:00,CAR,27.82,27.87,27.81,27.87,68702.0
2017-04-12 15:50:00,CAR,27.78,27.85,27.77,27.81,55256.0
2017-04-12 15:45:00,CAR,27.78,27.82,27.77,27.79,44923.0
2017-04-12 15:40:00,CAR,27.855,27.855,27.78,27.78,37084.0
2017-04-12 15:35:00,CAR,27.7856,27.86,27.785,27.85,32784.0
2017-04-12 15:30:00,CAR,27.8,27.815,27.76,27.77,20072.0
2017-04-12 15:25:00,CAR,27.77,27.8699,27.77,27.805,23293.0
2017-04-12 15:20:00,CAR,27.82,27.83,27.78,27.78,18206.0
2017-04-12 15:15:00,CAR,27.86,27.92,27.8,27.82,11800.0
2017-04-12 15:10:00,CAR,27.86,27.87,27.83,27.85,7932.0
2017-04-12 15:05:00,CAR,27.87,27.91,27.87,27.88,9125.0
2017-04-12 15:00:00,CAR,27.88,27.88,27.84,27.88,6400.0
2017-04-12 14:55:00,CAR,27.87,27.9,27.81,27.87,12043.0
2017-04-12 14:50:00,CAR,27.88,27.89,27.85,27.86,8000.0
2017-04-12 14:45:00,CAR,27.86,27.91,27.86,27.89,18800.0
2017-04-12 14:40:00,CAR,27.96,27.96,27.87,27.87,5500.0
2017-04-12 14:35:00,CAR,27.94,28.0,27.93,27.97,7659.0
2017-04-12 14:30:00,CAR,27.96,27.97,27.92,27.94,10200.0
2017-04-12 14:25:00,CAR,27.97,27.99,27.95,27.97,5600.0
2017-04-12 14:20:00,CAR,28.0,28.02,27.95,27.99,7100.0
2017-04-12 14:15:00,CAR,28.0,28.035,27.99,28.01,9296.0
2017-04-12 14:10:00,CAR,28.015,28.05,27.99,28.02,7440.0
2017-04-12 14:05:00,CAR,28.07,28.1,28.0,28.02,6281.0
2017-04-12 14:00:00,CAR,28.0,28.06,27.98,28.06,7700.0
2017-04-12 13:55:00,CAR,28.05,28.06,28.0,28.0,9040.0
2017-04-12 13:50:00,CAR,28.05,28.0601,28.0,28.0601,10400.0
2017-04-12 13:45:00,CAR,27.97,28.07,27.96,28.05,18210.0
2017-04-12 13:40:00,CAR,27.88,27.97,27.88,27.97,6888.0
2017-04-12 13:35:00,CAR,27.92,27.92,27.85,27.9,5588.0
2017-04-12 13:30:00,CAR,27.9,27.91,27.86,27.91,5500.0
2017-04-12 13:25:00,CAR,27.8982,27.8982,27.87,27.89,11638.0
2017-04-12 13:20:00,CAR,27.89,27.91,27.88,27.89,8720.0
2017-04-12 13:15:00,CAR,27.88,27.9,27.85,27.89,11901.0
2017-04-12 13:10:00,CAR,27.83,27.88,27.79,27.8711,5450.0
2017-04-12 13:05:00,CAR,27.8,27.86,27.78,27.84,4900.0
2017-04-12 13:00:00,CAR,27.77,27.8,27.77,27.79,9300.0
2017-04-12 12:55:00,CAR,27.88,27.89,27.8,27.8,8442.0
2017-04-12 12:50:00,CAR,27.88,27.92,27.86,27.88,6300.0
2017-04-12 12:45:00,CAR,27.83,27.88,27.82,27.86,6700.0
2017-04-12 12:40:00,CAR,27.82,27.85,27.82,27.83,7720.0
2017-04-12 12:35:00,CAR,27.85,27.86,27.82,27.82,6633.0
2017-04-12 12:30:00,CAR,27.8505,27.9,27.81,27.83,12378.0
2017-04-12 12:25:00,CAR,27.93,27.95,27.85,27.87,15570.0
2017-04-12 12:20:00,CAR,27.96,27.97,27.94,27.94,6899.0
2017-04-12 12:15:00,CAR,27.89,27.97,27.89,27.9698,7000.0
2017-04-12 12:10:00,CAR,27.87,27.89,27.85,27.89,10282.0
2017-04-12 12:05:00,CAR,27.8499,27.87,27.83,27.86,7730.0
2017-04-12 12:00:00,CAR,27.79,27.83,27.76,27.82,13893.0
2017-04-12 11:55:00,CAR,27.8,27.82,27.76,27.78,20071.0
2017-04-12 11:50:00,CAR,27.81,27.82,27.77,27.8,13170.0
2017-04-12 11:45:00,CAR,27.791,27.88,27.791,27.81,7400.0
2017-04-12 11:40:00,CAR,27.86,27.865,27.75,27.8,22417.0
2017-04-12 11:35:00,CAR,27.95,27.96,27.87,27.87,7307.0
2017-04-12 11:30:00,CAR,27.88,27.97,27.88,27.97,9467.0
2017-04-12 11:25:00,CAR,27.9,27.95,27.855,27.87,8900.0
2017-04-12 11:20:00,CAR,28.05,28.05,27.83,27.9,27466.0
2017-04-12 11:15:00,CAR,27.97,28.05,27.89,28.05,14491.0
2017-04-12 11:10:00,CAR,27.84,27.98,27.84,27.977,6120.0
2017-04-12 11:05:00,CAR,27.85,27.86,27.81,27.83,11582.0
2017-04-12 11:00:00,CAR,27.875,27.9,27.85,27.85,10300.0
2017-04-12 10:55:00,CAR,27.94,27.94,27.86,27.87,27553.0
2017-04-12 10:50:00,CAR,28.06,28.07,27.92,27.95,48245.0
2017-04-12 10:45:00,CAR,28.21,28.21,28.05,28.07,36320.0
2017-04-12 10:40:00,CAR,28.36,28.41,28.21,28.21,36214.0
2017-04-12 10:35:00,CAR,28.24,28.39,28.24,28.35,27822.0
2017-04-12 10:30:00,CAR,28.34,28.36,28.21,28.21,11603.0
2017-04-12 10:25:00,CAR,28.37,28.39,28.28,28.33,8286.0
2017-04-12 10:20:00,CAR,28.36,28.41,28.31,28.34,13956.0
2017-04-12 10:15:00,CAR,28.285,28.34,28.22,28.34,14815.0
2017-04-12 10:10:00,CAR,28.4,28.41,28.28,28.28,8872.0
2017-04-12 10:05:00,CAR,28.32,28.4,28.27,28.4,11631.0
2017-04-12 10:00:00,CAR,28.38,28.43,28.3,28.34,14504.0
2017-04-12 09:55:00,CAR,28.32,28.46,28.31,28.37,16200.0
2017-04-12 09:50:00,CAR,28.43,28.475,28.32,28.34,13435.0
2017-04-12 09:45:00,CAR,28.4,28.51,28.38,28.41,10270.0
2017-04-12 09:40:00,CAR,28.27,28.5499,28.22,28.37,9503.0
2017-04-12 09:35:00,CAR,28.43,28.43,28.05,28.34,6677.0
2017-04-11 16:10:00,CAR,28.48,28.48,28.48,28.48,195.0
2017-04-11 16:05:00,CAR,28.55,28.55,28.55,28.55,693921.0
2017-04-11 16:00:00,CAR,28.5,28.55,28.48,28.54,108038.0
2017-04-11 15:55:00,CAR,28.5,28.51,28.48,28.5,96836.0
2017-04-11 15:50:00,CAR,28.51,28.54,28.49,28.5,61318.0
2017-04-11 15:45:00,CAR,28.61,28.61,28.505,28.51,36917.0
2017-04-11 15:40:00,CAR,28.55,28.62,28.53,28.615,35154.0
2017-04-11 15:35:00,CAR,28.5,28.57,28.49,28.55,38193.0
2017-04-11 15:30:00,CAR,28.42,28.5,28.41,28.5,22634.0
2017-04-11 15:25:00,CAR,28.44,28.458,28.41,28.42,20366.0
2017-04-11 15:20:00,CAR,28.42,28.445,28.415,28.43,15753.0
2017-04-11 15:15:00,CAR,28.48,28.49,28.42,28.42,16754.0
2017-04-11 15:10:00,CAR,28.53,28.54,28.47,28.48,24483.0
2017-04-11 15:05:00,CAR,28.56,28.565,28.5,28.53,38233.0
2017-04-11 15:00:00,CAR,28.59,28.61,28.53,28.565,33903.0
2017-04-11 14:55:00,CAR,28.5,28.61,28.49,28.6,53157.0
2017-04-11 14:50:00,CAR,28.44,28.51,28.44,28.51,22077.0
2017-04-11 14:45:00,CAR,28.48,28.5231,28.44,28.45,11419.0
2017-04-11 14:40:00,CAR,28.52,28.549,28.47,28.47,10685.0
2017-04-11 14:35:00,CAR,28.48,28.515,28.47,28.49,12453.0
2017-04-11 14:30:00,CAR,28.5,28.51,28.45,28.49,10800.0
2017-04-11 14:25:00,CAR,28.52,28.52,28.48,28.49,6548.0
2017-04-11 14:20:00,CAR,28.5,28.51,28.47,28.51,5700.0
2017-04-11 14:15:00,CAR,28.555,28.56,28.46,28.49,18875.0
2017-04-11 14:10:00,CAR,28.45,28.57,28.45,28.56,13554.0
2017-04-11 14:05:00,CAR,28.46,28.49,28.435,28.44,8800.0
2017-04-11 14:00:00,CAR,28.47,28.485,28.42,28.46,9889.0
2017-04-11 13:55:00,CAR,28.445,28.48,28.43,28.48,7321.0
2017-04-11 13:50:00,CAR,28.43,28.47,28.43,28.445,7848.0
2017-04-11 13:45:00,CAR,28.52,28.52,28.385,28.41,20252.0
2017-04-11 13:40:00,CAR,28.49,28.6,28.48,28.52,19488.0
2017-04-11 13:35:00,CAR,28.52,28.53,28.46,28.46,42450.0
2017-04-11 13:30:00,CAR,28.48,28.58,28.48,28.49,18100.0
2017-04-11 13:25:00,CAR,28.65,28.66,28.45,28.5,19151.0
2017-04-11 13:20:00,CAR,28.76,28.76,28.65,28.65,12992.0
2017-04-11 13:15:00,CAR,28.66,28.76,28.57,28.76,108250.0
2017-04-11 13:10:00,CAR,28.66,28.71,28.63,28.66,26522.0
2017-04-11 13:05:00,CAR,28.64,28.68,28.62,28.66,10823.0
2017-04-11 13:00:00,CAR,28.66,28.67,28.6189,28.63,13392.0
2017-04-11 12:55:00,CAR,28.4,28.769,28.4,28.66,42805.0
2017-04-11 12:50:00,CAR,28.44,28.44,28.39,28.39,5600.0
2017-04-11 12:45:00,CAR,28.4785,28.48,28.39,28.43,5600.0
2017-04-11 12:40:00,CAR,28.5,28.51,28.44,28.44,5044.0
2017-04-11 12:35:00,CAR,28.5,28.56,28.48,28.53,6296.0
2017-04-11 12:30:00,CAR,28.5,28.53,28.48,28.5,4844.0
2017-04-11 12:25:00,CAR,28.45,28.58,28.45,28.52,7248.0
2017-04-11 12:20:00,CAR,28.43,28.44,28.37,28.44,7500.0
2017-04-11 12:15:00,CAR,28.29,28.44,28.29,28.41,8850.0
2017-04-11 12:10:00,CAR,28.37,28.38,28.3,28.3099,6111.0
2017-04-11 12:05:00,CAR,28.33,28.35,28.28,28.34,11900.0
2017-04-11 12:00:00,CAR,28.34,28.44,28.33,28.33,8502.0
2017-04-11 11:55:00,CAR,28.33,28.36,28.26,28.33,14648.0
2017-04-11 11:50:00,CAR,28.25,28.34,28.23,28.32,11000.0
2017-04-11 11:45:00,CAR,28.27,28.27,28.19,28.26,9300.0
2017-04-11 11:40:00,CAR,28.25,28.3,28.235,28.26,10100.0
2017-04-11 11:35:00,CAR,28.19,28.25,28.16,28.25,13582.0
2017-04-11 11:30:00,CAR,28.16,28.18,28.12,28.15,8745.0
2017-04-11 11:25:00,CAR,28.18,28.23,28.1,28.2,16798.0
2017-04-11 11:20:00,CAR,28.09,28.18,28.07,28.17,17000.0
2017-04-11 11:15:00,CAR,28.12,28.14,28.08,28.11,12100.0
2017-04-11 11:10:00,CAR,28.22,28.22,28.12,28.12,12107.0
2017-04-11 11:05:00,CAR,28.13,28.24,28.1,28.23,12600.0
2017-04-11 11:00:00,CAR,28.14,28.16,28.07,28.12,23095.0
2017-04-11 10:55:00,CAR,28.16,28.17,28.08,28.14,20906.0
2017-04-11 10:50:00,CAR,28.23,28.27,28.17,28.17,10735.0
2017-04-11 10:45:00,CAR,28.31,28.31,28.14,28.25,13266.0
2017-04-11 10:40:00,CAR,28.15,28.31,28.14,28.31,13565.0
2017-04-11 10:35:00,CAR,28.325,28.33,28.12,28.16,14879.0
2017-04-11 10:30:00,CAR,28.18,28.34,28.15,28.34,7600.0
2017-04-11 10:25:00,CAR,28.36,28.37,28.15,28.2,11600.0
2017-04-11 10:20:00,CAR,28.36,28.37,28.26,28.35,8613.0
2017-04-11 10:15:00,CAR,28.43,28.5,28.37,28.39,9554.0
2017-04-11 10:10:00,CAR,28.56,28.59,28.43,28.43,11972.0
2017-04-11 10:05:00,CAR,28.45,28.59,28.41,28.59,17463.0
2017-04-11 10:00:00,CAR,28.34,28.46,28.28,28.46,9096.0
2017-04-11 09:55:00,CAR,28.21,28.37,28.15,28.33,11947.0
2017-04-11 09:50:00,CAR,28.38,28.38,28.21,28.26,9329.0
2017-04-11 09:45:00,CAR,28.41,28.53,28.24,28.39,22637.0
2017-04-11 09:40:00,CAR,28.535,28.55,28.35,28.45,10044.0
2017-04-11 09:35:00,CAR,28.38,28.548,28.37,28.53,12207.0
2017-04-10 16:40:00,CAR,28.44,28.44,28.44,28.44,2504.0
2017-04-10 16:05:00,CAR,28.44,28.44,28.44,28.44,140476.0
2017-04-10 16:00:00,CAR,28.46,28.49,28.44,28.45,104397.0
2017-04-10 15:55:00,CAR,28.5,28.5,28.42,28.45,80856.0
2017-04-10 15:50:00,CAR,28.475,28.51,28.46,28.51,47670.0
2017-04-10 15:45:00,CAR,28.54,28.54,28.47,28.475,31842.0
2017-04-10 15:40:00,CAR,28.47,28.545,28.46,28.54,29623.0
2017-04-10 15:35:00,CAR,28.45,28.47,28.41,28.47,42111.0
2017-04-10 15:30:00,CAR,28.53,28.53,28.445,28.45,26545.0
2017-04-10 15:25:00,CAR,28.47,28.53,28.42,28.53,39579.0
2017-04-10 15:20:00,CAR,28.43,28.485,28.42,28.46,17571.0
2017-04-10 15:15:00,CAR,28.43,28.44,28.37,28.43,15750.0
2017-04-10 15:10:00,CAR,28.45,28.48,28.415,28.43,21432.0
2017-04-10 15:05:00,CAR,28.45,28.48,28.43,28.45,18852.0
2017-04-10 15:00:00,CAR,28.5,28.52,28.46,28.46,13706.0
2017-04-10 14:55:00,CAR,28.461,28.5089,28.435,28.5,18728.0
2017-04-10 14:50:00,CAR,28.44,28.475,28.435,28.46,17603.0
2017-04-10 14:45:00,CAR,28.435,28.45,28.39,28.43,22900.0
2017-04-10 14:40:00,CAR,28.44,28.44,28.41,28.435,20001.0
2017-04-10 14:35:00,CAR,28.42,28.48,28.4,28.44,23215.0
2017-04-10 14:30:00,CAR,28.34,28.45,28.34,28.42,27548.0
2017-04-10 14:25:00,CAR,28.37,28.385,28.315,28.34,23979.0
2017-04-10 14:20:00,CAR,28.38,28.38,28.345,28.36,9458.0
2017-04-10 14:15:00,CAR,28.29,28.38,28.28,28.37,40385.0
2017-04-10 14:10:00,CAR,28.37,28.4,28.272,28.272,26237.0
2017-04-10 14:05:00,CAR,28.54,28.555,28.38,28.38,26535.0
2017-04-10 14:00:00,CAR,28.5,28.55,28.5,28.53,10521.0
2017-04-10 13:55:00,CAR,28.54,28.555,28.46,28.49,17034.0
2017-04-10 13:50:00,CAR,28.55,28.56,28.51,28.54,11419.0
2017-04-10 13:45:00,CAR,28.63,28.635,28.53,28.56,21750.0
2017-04-10 13:40:00,CAR,28.645,28.65,28.59,28.62,33978.0
2017-04-10 13:35:00,CAR,28.575,28.65,28.575,28.65,14860.0
2017-04-10 13:30:00,CAR,28.6,28.6,28.55,28.57,8734.0
2017-04-10 13:25:00,CAR,28.56,28.62,28.56,28.6,18121.0
2017-04-10 13:20:00,CAR,28.62,28.63,28.5375,28.56,31300.0
2017-04-10 13:15:00,CAR,28.61,28.64,28.59,28.61,13744.0
2017-04-10 13:10:00,CAR,28.55,28.62,28.53,28.61,18073.0
2017-04-10 13:05:00,CAR,28.43,28.57,28.4,28.57,12482.0
2017-04-10 13:00:00,CAR,28.44,28.45,28.4,28.43,9231.0
2017-04-10 12:55:00,CAR,28.43,28.49,28.415,28.43,15480.0
2017-04-10 12:50:00,CAR,28.43,28.465,28.4,28.42,24773.0
2017-04-10 12:45:00,CAR,28.405,28.42,28.38,28.42,21577.0
2017-04-10 12:40:00,CAR,28.39,28.43,28.37,28.39,19978.0
2017-04-10 12:35:00,CAR,28.39,28.45,28.34,28.405,20597.0
2017-04-10 12:30:00,CAR,28.34,28.45,28.34,28.38,15461.0
2017-04-10 12:25:00,CAR,28.39,28.45,28.33,28.35,29856.0
2017-04-10 12:20:00,CAR,28.44,28.49,28.37,28.37,26524.0
2017-04-10 12:15:00,CAR,28.66,28.66,28.39,28.43,21052.0
2017-04-10 12:10:00,CAR,28.66,28.68,28.62,28.65,15573.0
2017-04-10 12:05:00,CAR,28.7,28.71,28.59,28.65,38936.0
2017-04-10 12:00:00,CAR,28.62,28.74,28.6,28.6864,34860.0
2017-04-10 11:55:00,CAR,28.71,28.72,28.62,28.63,31737.0
2017-04-10 11:50:00,CAR,28.67,28.7,28.64,28.7,15046.0
2017-04-10 11:45:00,CAR,28.7251,28.77,28.65,28.66,24106.0
2017-04-10 11:40:00,CAR,28.78,28.81,28.73,28.73,15788.0
2017-04-10 11:35:00,CAR,28.96,28.97,28.77,28.77,28615.0
2017-04-10 11:30:00,CAR,28.95,28.96,28.9,28.96,16362.0
2017-04-10 11:25:00,CAR,28.89,29.06,28.8601,28.95,75029.0
2017-04-10 11:20:00,CAR,28.88,28.91,28.84,28.875,17819.0
2017-04-10 11:15:00,CAR,28.88,28.93,28.865,28.88,28647.0
2017-04-10 11:10:00,CAR,28.741,28.89,28.7,28.88,28632.0
2017-04-10 11:05:00,CAR,28.68,28.795,28.68,28.74,34253.0
2017-04-10 11:00:00,CAR,28.715,28.76,28.66,28.68,19937.0
2017-04-10 10:55:00,CAR,28.8,28.85,28.6802,28.715,37383.0
2017-04-10 10:50:00,CAR,28.765,28.81,28.75,28.79,28775.0
2017-04-10 10:45:00,CAR,28.7,28.78,28.61,28.77,24994.0
2017-04-10 10:40:00,CAR,28.77,28.79,28.7,28.7,17353.0
2017-04-10 10:35:00,CAR,28.64,28.84,28.63,28.775,37783.0
2017-04-10 10:30:00,CAR,28.6,28.66,28.59,28.635,22468.0
2017-04-10 10:25:00,CAR,28.6,28.64,28.5,28.57,25256.0
2017-04-10 10:20:00,CAR,28.67,28.67,28.57,28.6,39558.0
2017-04-10 10:15:00,CAR,28.7223,28.75,28.57,28.68,48784.0
2017-04-10 10:10:00,CAR,28.69,28.79,28.6,28.6959,26121.0
2017-04-10 10:05:00,CAR,28.6056,28.73,28.56,28.67,33269.0
2017-04-10 10:00:00,CAR,28.6,28.63,28.45,28.6,47747.0
2017-04-10 09:55:00,CAR,28.53,28.66,28.4,28.5801,41250.0
2017-04-10 09:50:00,CAR,28.23,28.59,28.23,28.501,75174.0
2017-04-10 09:45:00,CAR,28.12,28.39,28.12,28.24,37016.0
2017-04-10 09:40:00,CAR,27.93,28.27,27.83,28.11,59380.0
2017-04-10 09:35:00,CAR,27.6,28.0,27.31,27.98,28367.0
2017-04-07 18:00:00,CAR,27.49,27.49,27.49,27.49,100.0
2017-04-07 16:40:00,CAR,27.49,27.49,27.49,27.49,2901.0
2017-04-07 16:20:00,CAR,27.49,27.49,27.49,27.49,1006.0
2017-04-07 16:05:00,CAR,27.49,27.49,27.49,27.49,1713277.0
2017-04-07 16:00:00,CAR,27.42,27.53,27.42,27.485,138888.0
2017-04-07 15:55:00,CAR,27.43,27.44,27.38,27.42,43102.0
2017-04-07 15:50:00,CAR,27.39,27.46,27.39,27.42,36244.0
2017-04-07 15:45:00,CAR,27.415,27.42,27.37,27.385,20301.0
2017-04-07 15:40:00,CAR,27.385,27.425,27.37,27.415,26130.0
2017-04-07 15:35:00,CAR,27.47,27.505,27.37,27.385,31612.0
2017-04-07 15:30:00,CAR,27.5,27.54,27.43,27.47,26613.0
2017-04-07 15:25:00,CAR,27.47,27.53,27.45,27.515,24630.0
2017-04-07 15:20:00,CAR,27.43,27.48,27.43,27.47,10317.0
2017-04-07 15:15:00,CAR,27.38,27.425,27.36,27.42,46933.0
2017-04-07 15:10:00,CAR,27.4,27.44,27.37,27.375,29959.0
2017-04-07 15:05:00,CAR,27.41,27.465,27.39,27.3965,13858.0
2017-04-07 15:00:00,CAR,27.46,27.51,27.42,27.425,9943.0
2017-04-07 14:55:00,CAR,27.53,27.53,27.4275,27.45,14586.0
2017-04-07 14:50:00,CAR,27.46,27.55,27.46,27.53,14278.0
2017-04-07 14:45:00,CAR,27.51,27.51,27.46,27.46,19605.0
2017-04-07 14:40:00,CAR,27.44,27.53,27.44,27.52,16612.0
2017-04-07 14:35:00,CAR,27.49,27.5,27.45,27.45,22118.0
2017-04-07 14:30:00,CAR,27.56,27.565,27.48,27.4911,14340.0
2017-04-07 14:25:00,CAR,27.5,27.57,27.49,27.57,13501.0
2017-04-07 14:20:00,CAR,27.54,27.55,27.5,27.5,22664.0
2017-04-07 14:15:00,CAR,27.605,27.62,27.55,27.55,14884.0
2017-04-07 14:10:00,CAR,27.62,27.62,27.58,27.61,14412.0
2017-04-07 14:05:00,CAR,27.65,27.69,27.61,27.62,9443.0
2017-04-07 14:00:00,CAR,27.66,27.69,27.64,27.64,12411.0
2017-04-07 13:55:00,CAR,27.72,27.72,27.635,27.65,19498.0
2017-04-07 13:50:00,CAR,27.73,27.73,27.7,27.721,6801.0
2017-04-07 13:45:00,CAR,27.78,27.78,27.72,27.73,3700.0
2017-04-07 13:40:00,CAR,27.76,27.77,27.73,27.77,8000.0
2017-04-07 13:35:00,CAR,27.78,27.83,27.765,27.78,7690.0
2017-04-07 13:30:00,CAR,27.76,27.77,27.72,27.77,10776.0
2017-04-07 13:25:00,CAR,27.78,27.78,27.72,27.77,19470.0
2017-04-07 13:20:00,CAR,27.8,27.84,27.785,27.785,6000.0
2017-04-07 13:15:00,CAR,27.78,27.85,27.78,27.805,6336.0
2017-04-07 13:10:00,CAR,27.8,27.8,27.75,27.77,12994.0
2017-04-07 13:05:00,CAR,27.88,27.92,27.8,27.8,13569.0
2017-04-07 13:00:00,CAR,27.81,27.9,27.81,27.88,18442.0
2017-04-07 12:55:00,CAR,27.76,27.82,27.76,27.82,7441.0
2017-04-07 12:50:00,CAR,27.73,27.77,27.71,27.76,10251.0
2017-04-07 12:45:00,CAR,27.66,27.74,27.66,27.73,8052.0
2017-04-07 12:40:00,CAR,27.69,27.71,27.63,27.67,17244.0
2017-04-07 12:35:00,CAR,27.61,27.68,27.61,27.68,8300.0
2017-04-07 12:30:00,CAR,27.6,27.64,27.59,27.62,11939.0
2017-04-07 12:25:00,CAR,27.63,27.63,27.59,27.6,5000.0
2017-04-07 12:20:00,CAR,27.72,27.725,27.58,27.63,15185.0
2017-04-07 12:15:00,CAR,27.66,27.71,27.64,27.71,12200.0
2017-04-07 12:10:00,CAR,27.705,27.705,27.63,27.67,14400.0
2017-04-07 12:05:00,CAR,27.6,27.72,27.6,27.71,14178.0
2017-04-07 12:00:00,CAR,27.57,27.6158,27.56,27.59,12509.0
2017-04-07 11:55:00,CAR,27.555,27.5799,27.54,27.575,17152.0
2017-04-07 11:50:00,CAR,27.63,27.64,27.52,27.56,58843.0
2017-04-07 11:45:00,CAR,27.75,27.75,27.635,27.64,22639.0
2017-04-07 11:40:00,CAR,27.72,27.75,27.71,27.73,12652.0
2017-04-07 11:35:00,CAR,27.75,27.8,27.725,27.73,25825.0
2017-04-07 11:30:00,CAR,27.7,27.79,27.68,27.75,19076.0
2017-04-07 11:25:00,CAR,27.68,27.73,27.59,27.7,41266.0
2017-04-07 11:20:00,CAR,27.74,27.75,27.66,27.67,22589.0
2017-04-07 11:15:00,CAR,27.76,27.77,27.695,27.75,29464.0
2017-04-07 11:10:00,CAR,27.9,27.9,27.77,27.77,14220.0
2017-04-07 11:05:00,CAR,27.87,27.935,27.86,27.91,10505.0
2017-04-07 11:00:00,CAR,27.89,27.91,27.85,27.875,10990.0
2017-04-07 10:55:00,CAR,27.84,27.9,27.8,27.88,23417.0
2017-04-07 10:50:00,CAR,27.89,27.925,27.8,27.84,15004.0
2017-04-07 10:45:00,CAR,27.89,27.97,27.89,27.89,53159.0
2017-04-07 10:40:00,CAR,28.055,28.055,27.81,27.9003,29020.0
2017-04-07 10:35:00,CAR,28.17,28.1999,28.0,28.04,42704.0
2017-04-07 10:30:00,CAR,28.23,28.25,28.16,28.19,31537.0
2017-04-07 10:25:00,CAR,28.21,28.29,28.17,28.24,24613.0
2017-04-07 10:20:00,CAR,28.265,28.28,28.14,28.19,41844.0
2017-04-07 10:15:00,CAR,28.37,28.38,28.2,28.27,24640.0
2017-04-07 10:10:00,CAR,28.34,28.38,28.2,28.34,67060.0
2017-04-07 10:05:00,CAR,28.27,28.43,28.23,28.29,31949.0
2017-04-07 10:00:00,CAR,28.23,28.35,28.19,28.27,74681.0
2017-04-07 09:55:00,CAR,28.305,28.36,28.17,28.22,134244.0
2017-04-07 09:50:00,CAR,28.08,28.37,28.05,28.305,125699.0
2017-04-07 09:45:00,CAR,27.97,28.12,27.9,28.09,47051.0
2017-04-07 09:40:00,CAR,27.6,27.99,27.5,27.95,42262.0
2017-04-07 09:35:00,CAR,27.64,27.71,27.555,27.61,19159.0
2017-04-07 09:25:00,CAR,27.61,27.61,27.61,27.61,200.0
2017-04-06 16:40:00,CAR,27.66,27.66,27.66,27.66,5241.0
2017-04-06 16:35:00,CAR,27.547,27.547,27.547,27.547,300.0
2017-04-06 16:10:00,CAR,27.54,27.54,27.54,27.54,300.0
2017-04-06 16:05:00,CAR,27.66,27.66,27.66,27.66,67306.0
2017-04-06 16:00:00,CAR,27.575,27.7,27.57,27.66,125725.0
2017-04-06 15:55:00,CAR,27.58,27.61,27.55,27.58,85764.0
2017-04-06 15:50:00,CAR,27.645,27.66,27.5875,27.595,77490.0
2017-04-06 15:45:00,CAR,27.63,27.65,27.62,27.645,31952.0
2017-04-06 15:40:00,CAR,27.58,27.64,27.57,27.62,27174.0
2017-04-06 15:35:00,CAR,27.61,27.61,27.545,27.59,23969.0
2017-04-06 15:30:00,CAR,27.595,27.63,27.59,27.6,29971.0
2017-04-06 15:25:00,CAR,27.62,27.65,27.54,27.6,25665.0
2017-04-06 15:20:00,CAR,27.605,27.61,27.57,27.61,18364.0
2017-04-06 15:15:00,CAR,27.57,27.62,27.55,27.6,24679.0
2017-04-06 15:10:00,CAR,27.47,27.56,27.44,27.56,23905.0
2017-04-06 15:05:00,CAR,27.505,27.54,27.48,27.48,24161.0
2017-04-06 15:00:00,CAR,27.51,27.52,27.43,27.5,43590.0
2017-04-06 14:55:00,CAR,27.51,27.59,27.51,27.515,41787.0
2017-04-06 14:50:00,CAR,27.6088,27.64,27.51,27.521,72938.0
2017-04-06 14:45:00,CAR,27.495,27.6,27.495,27.6,15950.0
2017-04-06 14:40:00,CAR,27.495,27.56,27.43,27.505,45870.0
2017-04-06 14:35:00,CAR,27.35,27.49,27.33,27.48,31499.0
2017-04-06 14:30:00,CAR,27.44,27.46,27.345,27.355,21561.0
2017-04-06 14:25:00,CAR,27.56,27.56,27.435,27.45,18146.0
2017-04-06 14:20:00,CAR,27.57,27.575,27.53,27.56,8914.0
2017-04-06 14:15:00,CAR,27.565,27.585,27.55,27.57,9300.0
2017-04-06 14:10:00,CAR,27.54,27.6,27.52,27.577,7200.0
2017-04-06 14:05:00,CAR,27.62,27.63,27.515,27.53,24003.0
2017-04-06 14:00:00,CAR,27.64,27.64,27.55,27.61,29328.0
2017-04-06 13:55:00,CAR,27.65,27.705,27.64,27.64,38460.0
2017-04-06 13:50:00,CAR,27.65,27.69,27.64,27.655,9050.0
2017-04-06 13:45:00,CAR,27.64,27.6625,27.62,27.65,15193.0
2017-04-06 13:40:00,CAR,27.7,27.71,27.62,27.65,8219.0
2017-04-06 13:35:00,CAR,27.6,27.71,27.6,27.7,22589.0
2017-04-06 13:30:00,CAR,27.61,27.67,27.61,27.61,6664.0
2017-04-06 13:25:00,CAR,27.65,27.66,27.6,27.62,11400.0
2017-04-06 13:20:00,CAR,27.61,27.66,27.61,27.62,9436.0
2017-04-06 13:15:00,CAR,27.55,27.6,27.53,27.59,9509.0
2017-04-06 13:10:00,CAR,27.54,27.58,27.52,27.55,9819.0
2017-04-06 13:05:00,CAR,27.5,27.54,27.47,27.53,4700.0
2017-04-06 13:00:00,CAR,27.45,27.52,27.42,27.5,4007.0
2017-04-06 12:55:00,CAR,27.43,27.47,27.43,27.45,2408.0
2017-04-06 12:50:00,CAR,27.44,27.44,27.395,27.44,4566.0
2017-04-06 12:45:00,CAR,27.49,27.51,27.42,27.46,3434.0
2017-04-06 12:40:00,CAR,27.47,27.49,27.425,27.48,12830.0
2017-04-06 12:35:00,CAR,27.54,27.55,27.45,27.4899,3608.0
2017-04-06 12:30:00,CAR,27.53,27.55,27.52,27.535,3800.0
2017-04-06 12:25:00,CAR,27.54,27.57,27.51,27.528,6300.0
2017-04-06 12:20:00,CAR,27.49,27.55,27.475,27.55,5495.0
2017-04-06 12:15:00,CAR,27.47,27.53,27.47,27.48,4962.0
2017-04-06 12:10:00,CAR,27.48,27.54,27.44,27.46,5890.0
2017-04-06 12:05:00,CAR,27.5,27.58,27.44,27.48,28158.0
2017-04-06 12:00:00,CAR,27.49,27.52,27.4354,27.49,10789.0
2017-04-06 11:55:00,CAR,27.45,27.5,27.423,27.5,6800.0
2017-04-06 11:50:00,CAR,27.45,27.47,27.42,27.44,6815.0
2017-04-06 11:45:00,CAR,27.51,27.52,27.44,27.4402,10245.0
2017-04-06 11:40:00,CAR,27.4901,27.59,27.48,27.52,9334.0
2017-04-06 11:35:00,CAR,27.52,27.52,27.4,27.47,11930.0
2017-04-06 11:30:00,CAR,27.535,27.561,27.51,27.515,11947.0
2017-04-06 11:25:00,CAR,27.4,27.55,27.4,27.53,15800.0
2017-04-06 11:20:00,CAR,27.41,27.43,27.35,27.39,10950.0
2017-04-06 11:15:00,CAR,27.41,27.46,27.39,27.4,25036.0
2017-04-06 11:10:00,CAR,27.25,27.42,27.25,27.4,11191.0
2017-04-06 11:05:00,CAR,27.15,27.26,27.07,27.2375,62920.0
2017-04-06 11:00:00,CAR,27.19,27.255,27.135,27.14,8500.0
2017-04-06 10:55:00,CAR,27.15,27.18,27.115,27.16,13997.0
2017-04-06 10:50:00,CAR,27.16,27.2,27.08,27.17,12683.0
2017-04-06 10:45:00,CAR,27.26,27.26,27.095,27.17,11383.0
2017-04-06 10:40:00,CAR,27.26,27.43,27.25,27.25,27816.0
2017-04-06 10:35:00,CAR,27.2,27.34,27.14,27.29,25549.0
2017-04-06 10:30:00,CAR,27.05,27.2,27.0,27.2,59062.0
2017-04-06 10:25:00,CAR,26.97,27.17,26.96,27.04,52740.0
2017-04-06 10:20:00,CAR,26.94,27.01,26.89,26.95,56288.0
2017-04-06 10:15:00,CAR,27.01,27.06,26.91,26.94,82318.0
2017-04-06 10:10:00,CAR,27.035,27.1,26.981,26.981,72783.0
2017-04-06 10:05:00,CAR,26.79,27.05,26.77,27.035,71700.0
2017-04-06 10:00:00,CAR,26.64,26.84,26.64,26.79,94015.0
2017-04-06 09:55:00,CAR,26.71,26.72,26.51,26.64,215641.0
2017-04-06 09:50:00,CAR,26.96,26.96,26.72,26.725,207321.0
2017-04-06 09:45:00,CAR,27.22,27.25,26.96,26.96,59866.0
2017-04-06 09:40:00,CAR,27.07,27.27,27.04,27.235,38805.0
2017-04-06 09:35:00,CAR,27.13,27.18,27.0,27.07,69342.0
2017-04-06 09:30:00,CAR,27.2,27.2,27.2,27.2,1659.0
2017-04-06 09:25:00,CAR,27.2,27.2,27.2,27.2,300.0
2017-04-06 09:00:00,CAR,27.21,27.21,27.21,27.21,500.0
2017-04-06 08:30:00,CAR,27.25,27.25,27.25,27.25,1990.0
2017-04-05 19:05:00,CAR,27.2,27.2,27.2,27.2,400.0
2017-04-05 17:45:00,CAR,27.1,27.1,27.1,27.1,800.0
2017-04-05 17:25:00,CAR,27.1,27.1,27.1,27.1,990.0
2017-04-05 16:30:00,CAR,27.1,27.1,27.1,27.1,4886.0
2017-04-05 16:05:00,CAR,27.1,27.1,27.1,27.1,117060.0
2017-04-05 16:00:00,CAR,27.15,27.17,27.07,27.1,119432.0
2017-04-05 15:55:00,CAR,27.09,27.19,27.08,27.16,106828.0
2017-04-05 15:50:00,CAR,27.13,27.18,27.07,27.08,45209.0
2017-04-05 15:45:00,CAR,27.14,27.17,27.03,27.13,92152.0
2017-04-05 15:40:00,CAR,27.095,27.17,27.07,27.14,56746.0
2017-04-05 15:35:00,CAR,27.35,27.37,27.06,27.1,73735.0
2017-04-05 15:30:00,CAR,27.33,27.35,27.22,27.35,46567.0
2017-04-05 15:25:00,CAR,27.42,27.46,27.27,27.33,56888.0
2017-04-05 15:20:00,CAR,27.45,27.47,27.39,27.4,30377.0
2017-04-05 15:15:00,CAR,27.59,27.61,27.44,27.45,36062.0
2017-04-05 15:10:00,CAR,27.67,27.69,27.57,27.6,27783.0
2017-04-05 15:05:00,CAR,27.65,27.72,27.63,27.66,33497.0
2017-04-05 15:00:00,CAR,27.735,27.745,27.63,27.66,12051.0
2017-04-05 14:55:00,CAR,27.82,27.83,27.69,27.73,87624.0
2017-04-05 14:50:00,CAR,27.885,27.885,27.8,27.83,43569.0
2017-04-05 14:45:00,CAR,27.91,27.91,27.87,27.89,79573.0
2017-04-05 14:40:00,CAR,27.9,27.93,27.87,27.92,29891.0
2017-04-05 14:35:00,CAR,28.0,28.0,27.89,27.9,44051.0
2017-04-05 14:30:00,CAR,28.0,28.03,27.99,28.0,15692.0
2017-04-05 14:25:00,CAR,28.09,28.09,28.0,28.0,9929.0
2017-04-05 14:20:00,CAR,28.11,28.11,28.075,28.094,6995.0
2017-04-05 14:15:00,CAR,28.145,28.17,28.09,28.09,11690.0
2017-04-25 09:35:00,CAR,30.43,30.62,30.43,30.51,20392.0
2017-04-25 09:40:00,CAR,30.56,30.69,30.56,30.66,68995.0
2017-04-25 09:45:00,CAR,30.65,30.79,30.605,30.735,53612.0
2017-04-25 09:50:00,CAR,30.76,30.85,30.745,30.81,13766.0
2017-04-25 09:55:00,CAR,30.81,30.85,30.79,30.83,16758.0
2017-04-25 10:00:00,CAR,30.83,30.895,30.82,30.856,11887.0
2017-04-25 10:05:00,CAR,30.9,30.94,30.88,30.9142,13951.0
2017-04-25 10:10:00,CAR,30.94,31.03,30.935,31.01,20961.0
2017-04-25 10:15:00,CAR,31.05,31.23,31.045,31.22,38160.0
2017-04-25 10:20:00,CAR,31.22,31.22,31.0,31.06,32056.0
2017-04-25 10:25:00,CAR,31.07,31.135,31.02,31.05,23508.0
2017-04-25 10:30:00,CAR,31.07,31.13,31.025,31.025,10613.0
2017-04-25 10:35:00,CAR,31.04,31.05,30.96,30.99,21902.0
2017-04-25 10:40:00,CAR,30.985,31.01,30.88,30.89,15563.0
2017-04-25 10:45:00,CAR,30.8821,30.91,30.84,30.84,15737.0
2017-04-25 10:50:00,CAR,30.84,30.89,30.8,30.87,12304.0
2017-04-25 10:55:00,CAR,30.86,30.87,30.76,30.77,25033.0
2017-04-25 11:00:00,CAR,30.79,30.81,30.71,30.71,11661.0
2017-04-25 11:05:00,CAR,30.7101,30.72,30.63,30.64,45605.0
2017-04-25 11:10:00,CAR,30.64,30.92,30.64,30.9,31408.0
2017-04-25 11:15:00,CAR,30.9,31.0,30.9,30.95,14883.0
2017-04-25 11:20:00,CAR,30.98,31.06,30.97,31.02,21738.0
2017-04-25 11:25:00,CAR,31.02,31.09,31.01,31.03,17466.0
2017-04-25 11:30:00,CAR,31.04,31.11,30.96,30.96,21045.0
2017-04-25 11:35:00,CAR,30.941,31.08,30.935,31.02,16112.0
2017-04-25 11:40:00,CAR,31.01,31.025,30.96,31.0,12044.0
2017-04-25 11:45:00,CAR,30.99,31.01,30.94,30.98,11827.0
2017-04-25 11:50:00,CAR,30.99,31.03,30.95,30.96,10976.0
2017-04-25 11:55:00,CAR,30.975,31.04,30.97,31.02,13822.0
2017-04-25 12:00:00,CAR,31.03,31.06,31.01,31.05,10585.0
2017-04-25 12:05:00,CAR,31.05,31.08,31.0275,31.0275,12300.0
2017-04-25 12:10:00,CAR,31.03,31.05,31.01,31.03,12640.0
2017-04-25 12:15:00,CAR,31.04,31.05,31.0,31.01,11318.0
2017-04-25 12:20:00,CAR,31.01,31.045,31.01,31.03,13799.0
2017-04-25 12:25:00,CAR,31.03,31.05,31.015,31.03,48977.0
2017-04-25 12:30:00,CAR,31.03,31.045,31.02,31.04,56641.0
2017-04-25 12:35:00,CAR,31.05,31.11,31.05,31.07,22707.0
2017-04-25 12:40:00,CAR,31.07,31.1,31.04,31.075,10647.0
2017-04-25 12:45:00,CAR,31.05,31.0511,31.01,31.01,6253.0
