2017-04-20 08:00:00,CBI,31.415,31.415,30.91,30.91,0
2017-04-20 08:05:00,CBI,30.91,30.91,29.95,29.95,0
2017-04-20 08:10:00,CBI,29.95,29.95,29.95,29.95,0
2017-04-20 08:15:00,CBI,29.95,29.955,29.95,29.955,0
2017-04-20 08:20:00,CBI,29.955,29.955,29.955,29.955,0
2017-04-20 08:25:00,CBI,29.955,29.955,29.955,29.955,0
2017-04-20 08:30:00,CBI,29.955,29.955,29.955,29.955,0
2017-04-20 08:35:00,CBI,29.955,29.955,29.95,29.95,0
2017-04-20 08:40:00,CBI,29.95,29.95,29.95,29.95,0
2017-04-20 08:45:00,CBI,29.95,29.95,29.95,29.95,0
2017-04-20 08:50:00,CBI,29.95,29.95,29.95,29.95,0
2017-04-20 08:55:00,CBI,29.95,29.95,29.95,29.95,0
2017-04-20 09:00:00,CBI,29.95,29.95,29.95,29.95,0
2017-04-20 09:05:00,CBI,29.95,29.95,29.95,29.95,0
2017-04-20 09:10:00,CBI,29.95,29.95,29.95,29.95,0
2017-04-20 09:15:00,CBI,29.95,29.95,29.95,29.95,0
2017-04-20 09:20:00,CBI,29.95,29.95,29.95,29.95,0
2017-04-20 09:25:00,CBI,29.95,29.95,29.945,29.945,0
2017-04-20 09:30:00,CBI,29.945,29.955,29.945,29.955,0
2017-04-20 09:35:00,CBI,29.955,30.095,29.92,30.07,36114.0
2017-04-20 09:40:00,CBI,30.07,30.14,30.065,30.085,8578.0
2017-04-20 09:45:00,CBI,30.085,30.105,30.035,30.045,10859.0
2017-04-20 09:50:00,CBI,30.045,30.095,29.92,30.005,16600.0
2017-04-20 09:55:00,CBI,30.005,30.04,29.885,29.89,15361.0
2017-04-20 10:00:00,CBI,29.89,29.92,29.81,29.815,10963.0
2017-04-20 10:05:00,CBI,29.815,29.91,29.815,29.86,12211.0
2017-04-20 10:10:00,CBI,29.86,29.925,29.81,29.92,24693.0
2017-04-20 10:15:00,CBI,29.92,29.985,29.895,29.925,7646.0
2017-04-20 10:20:00,CBI,29.925,29.95,29.865,29.89,8123.0
2017-04-20 10:25:00,CBI,29.89,29.915,29.83,29.83,12470.0
2017-04-20 10:30:00,CBI,29.83,29.915,29.805,29.815,26065.0
2017-04-20 10:35:00,CBI,29.815,29.87,29.805,29.815,19841.0
2017-04-20 10:40:00,CBI,29.815,29.825,29.735,29.76,19162.0
2017-04-20 10:45:00,CBI,29.76,29.805,29.745,29.8,5611.0
2017-04-20 10:50:00,CBI,29.8,29.815,29.78,29.785,5193.0
2017-04-20 10:55:00,CBI,29.785,29.855,29.785,29.855,10926.0
2017-04-20 11:00:00,CBI,29.855,29.885,29.835,29.88,12573.0
2017-04-20 11:05:00,CBI,29.88,29.905,29.78,29.78,7751.0
2017-04-20 11:10:00,CBI,29.78,29.885,29.73,29.885,31343.0
2017-04-20 11:15:00,CBI,29.885,29.895,29.835,29.865,5403.0
2017-04-20 11:20:00,CBI,29.865,29.87,29.815,29.86,5498.0
2017-04-20 11:25:00,CBI,29.86,29.92,29.845,29.895,6657.0
2017-04-20 11:30:00,CBI,29.895,29.95,29.895,29.95,4528.0
2017-04-20 11:35:00,CBI,29.95,29.955,29.9,29.925,6961.0
2017-04-20 11:40:00,CBI,29.925,30.045,29.925,30.015,24382.0
2017-04-20 11:45:00,CBI,30.015,30.04,29.965,30.03,6727.0
2017-04-20 11:50:00,CBI,30.03,30.115,30.01,30.1,12257.0
2017-04-20 11:55:00,CBI,30.1,30.17,30.1,30.145,10287.0
2017-04-20 12:00:00,CBI,30.145,30.175,30.14,30.15,14191.0
2017-04-20 12:05:00,CBI,30.15,30.235,30.15,30.175,8096.0
2017-04-20 12:10:00,CBI,30.175,30.195,30.14,30.195,5592.0
2017-04-20 12:15:00,CBI,30.195,30.24,30.195,30.23,4338.0
2017-04-20 12:20:00,CBI,30.23,30.23,30.185,30.2,4702.0
2017-04-20 12:25:00,CBI,30.2,30.2,30.14,30.14,3028.0
2017-04-20 12:30:00,CBI,30.14,30.19,30.125,30.135,8223.0
2017-04-20 12:35:00,CBI,30.135,30.195,30.12,30.165,6621.0
2017-04-20 12:40:00,CBI,30.165,30.195,30.135,30.185,5891.0
2017-04-20 12:45:00,CBI,30.185,30.21,30.185,30.21,6393.0
2017-04-20 12:50:00,CBI,30.21,30.225,30.175,30.21,6308.0
2017-04-20 12:55:00,CBI,30.21,30.24,30.175,30.195,7087.0
2017-04-20 13:00:00,CBI,30.195,30.195,30.155,30.17,5231.0
2017-04-20 13:05:00,CBI,30.17,30.225,30.165,30.22,7875.0
2017-04-20 13:10:00,CBI,30.22,30.225,30.17,30.185,5325.0
2017-04-20 13:15:00,CBI,30.185,30.195,30.16,30.175,6740.0
2017-04-20 13:20:00,CBI,30.175,30.175,30.11,30.125,5914.0
2017-04-20 13:25:00,CBI,30.125,30.14,30.105,30.115,4331.0
2017-04-20 13:30:00,CBI,30.115,30.155,30.11,30.145,12342.0
2017-04-20 13:35:00,CBI,30.145,30.155,30.13,30.135,8597.0
2017-04-20 13:40:00,CBI,30.135,30.185,30.135,30.16,6008.0
2017-04-20 13:45:00,CBI,30.16,30.195,30.15,30.16,3310.0
2017-04-20 13:50:00,CBI,30.16,30.215,30.16,30.21,16512.0
2017-04-20 13:55:00,CBI,30.21,30.245,30.2,30.23,5250.0
2017-04-20 14:00:00,CBI,30.23,30.245,30.225,30.235,4891.0
2017-04-20 14:05:00,CBI,30.235,30.245,30.225,30.24,5701.0
2017-04-20 14:10:00,CBI,30.24,30.245,30.21,30.21,6771.0
2017-04-20 14:15:00,CBI,30.21,30.225,30.175,30.195,8267.0
2017-04-20 14:20:00,CBI,30.195,30.195,30.15,30.18,4038.0
2017-04-20 14:25:00,CBI,30.18,30.185,30.165,30.165,5618.0
2017-04-20 14:30:00,CBI,30.165,30.175,30.145,30.15,6599.0
2017-04-20 14:35:00,CBI,30.15,30.205,30.135,30.205,12270.0
2017-04-20 14:40:00,CBI,30.205,30.205,30.165,30.165,11077.0
2017-04-20 14:45:00,CBI,30.165,30.18,30.14,30.14,3887.0
2017-04-20 14:50:00,CBI,30.14,30.185,30.13,30.175,8993.0
2017-04-20 14:55:00,CBI,30.175,30.185,30.125,30.15,32313.0
2017-04-20 15:00:00,CBI,30.15,30.165,30.135,30.15,7697.0
2017-04-20 15:05:00,CBI,30.15,30.175,30.135,30.17,12203.0
2017-04-20 15:10:00,CBI,30.17,30.205,30.165,30.205,7416.0
2017-04-20 15:15:00,CBI,30.205,30.225,30.175,30.19,13260.0
2017-04-20 15:20:00,CBI,30.19,30.19,30.16,30.165,6752.0
2017-04-20 15:25:00,CBI,30.165,30.165,30.125,30.145,14972.0
2017-04-20 15:30:00,CBI,30.145,30.155,30.135,30.14,15104.0
2017-04-20 15:35:00,CBI,30.14,30.185,30.14,30.165,17671.0
2017-04-20 15:40:00,CBI,30.165,30.165,30.135,30.145,18927.0
2017-04-20 15:45:00,CBI,30.145,30.185,30.145,30.175,20051.0
2017-04-20 15:50:00,CBI,30.175,30.175,30.105,30.105,24779.0
2017-04-20 15:55:00,CBI,30.105,30.115,30.085,30.115,41448.0
2017-04-20 16:00:00,CBI,30.115,30.125,30.095,30.105,74216.0
2017-04-20 16:05:00,CBI,30.105,30.105,30.105,30.105,84977.0
2017-04-20 16:10:00,CBI,30.105,30.345,30.105,30.345,17.0
2017-04-20 16:15:00,CBI,30.345,30.345,30.345,30.345,0.0
2017-04-20 16:20:00,CBI,30.345,30.345,30.345,30.345,0.0
2017-04-20 16:25:00,CBI,30.345,30.345,30.345,30.345,0.0
2017-04-20 16:30:00,CBI,30.345,30.345,30.34,30.34,944.0
2017-04-20 16:35:00,CBI,30.34,30.34,30.34,30.34,0.0
2017-04-20 16:40:00,CBI,30.34,30.34,30.34,30.34,0.0
2017-04-20 16:45:00,CBI,30.34,30.34,30.34,30.34,0.0
2017-04-20 16:50:00,CBI,30.34,30.34,30.34,30.34,0.0
2017-04-20 16:55:00,CBI,30.34,30.34,30.34,30.34,0.0
2017-04-20 17:00:00,CBI,30.34,30.34,30.34,30.34,0.0
2017-04-20 17:05:00,CBI,30.34,30.34,30.34,30.34,0.0
2017-04-20 17:10:00,CBI,30.34,30.34,30.34,30.34,0.0
2017-04-20 17:15:00,CBI,30.34,30.34,30.34,30.34,0.0
2017-04-20 17:20:00,CBI,30.34,30.34,30.34,30.34,0.0
2017-04-20 17:25:00,CBI,30.34,30.34,30.34,30.34,0.0
2017-04-20 17:30:00,CBI,30.34,30.34,30.34,30.34,0.0
2017-04-20 17:35:00,CBI,30.34,30.34,30.045,30.095,0.0
2017-04-20 17:40:00,CBI,30.095,30.195,30.095,30.195,0.0
2017-04-20 17:45:00,CBI,30.195,30.195,30.195,30.195,0.0
2017-04-20 17:50:00,CBI,30.195,30.195,30.19,30.19,0.0
2017-04-20 17:55:00,CBI,30.19,30.19,30.19,30.19,0.0
2017-04-20 18:00:00,CBI,30.19,30.19,30.19,30.19,0.0
2017-04-20 18:05:00,CBI,30.19,30.19,30.19,30.19,0.0
2017-04-20 18:10:00,CBI,30.19,30.19,30.19,30.19,0.0
2017-04-20 18:15:00,CBI,30.19,30.19,30.19,30.19,0.0
2017-04-20 18:20:00,CBI,30.19,30.19,30.19,30.19,0.0
2017-04-20 18:25:00,CBI,30.19,30.19,30.19,30.19,0.0
2017-04-20 18:30:00,CBI,30.19,30.19,30.19,30.19,0.0
2017-04-20 18:35:00,CBI,30.19,30.19,30.19,30.19,0.0
2017-04-20 18:40:00,CBI,30.19,30.19,30.19,30.19,0.0
2017-04-20 18:45:00,CBI,30.19,30.19,30.19,30.19,0.0
2017-04-20 18:50:00,CBI,30.19,30.19,30.19,30.19,0.0
2017-04-20 18:55:00,CBI,30.19,30.19,30.19,30.19,0.0
2017-04-20 19:00:00,CBI,30.19,30.19,30.19,30.19,0.0
2017-04-20 19:05:00,CBI,30.19,30.19,30.19,30.19,0.0
2017-04-20 19:10:00,CBI,30.19,30.19,30.19,30.19,0.0
2017-04-20 19:15:00,CBI,30.19,30.19,30.19,30.19,0.0
2017-04-20 19:20:00,CBI,30.19,30.19,30.19,30.19,0.0
2017-04-20 19:25:00,CBI,30.19,30.19,30.19,30.19,0.0
2017-04-20 19:30:00,CBI,30.19,30.19,30.19,30.19,0.0
2017-04-20 19:35:00,CBI,30.19,30.19,30.19,30.19,0.0
2017-04-20 19:40:00,CBI,30.19,30.19,30.19,30.19,0.0
2017-04-20 19:45:00,CBI,30.19,30.19,30.19,30.19,0.0
2017-04-20 19:50:00,CBI,30.19,30.19,30.19,30.19,0.0
2017-04-20 19:55:00,CBI,30.19,30.19,30.19,30.19,0.0
2017-04-20 20:00:00,CBI,30.19,30.19,30.175,30.175,0.0
2017-04-20 20:05:00,CBI,30.175,30.175,30.075,30.095,0.0
2017-04-20 20:10:00,CBI,30.095,30.095,30.095,30.095,0.0
2017-04-20 20:15:00,CBI,30.095,30.095,30.095,30.095,0.0
2017-04-20 20:20:00,CBI,30.095,30.095,30.095,30.095,0.0
2017-04-20 20:25:00,CBI,30.095,30.095,30.095,30.095,0.0
2017-04-20 20:30:00,CBI,30.095,30.095,30.095,30.095,0.0
2017-04-20 20:35:00,CBI,30.095,30.095,30.095,30.095,0.0
2017-04-20 20:40:00,CBI,30.095,30.095,30.095,30.095,0.0
2017-04-20 20:45:00,CBI,30.095,30.095,30.095,30.095,0.0
2017-04-20 20:50:00,CBI,30.095,30.095,30.095,30.095,0.0
2017-04-20 20:55:00,CBI,30.095,30.095,30.095,30.095,0.0
2017-04-21 08:00:00,CBI,29.97,29.97,29.97,29.97,0.0
2017-04-21 08:05:00,CBI,29.97,30.215,29.97,30.215,0.0
2017-04-21 08:10:00,CBI,30.215,30.215,30.215,30.215,0.0
2017-04-21 08:15:00,CBI,30.215,30.215,30.215,30.215,0.0
2017-04-21 08:20:00,CBI,30.215,30.215,30.215,30.215,0.0
2017-04-21 08:25:00,CBI,30.215,30.215,30.215,30.215,0.0
2017-04-21 08:30:00,CBI,30.215,30.22,30.215,30.22,0.0
2017-04-21 08:35:00,CBI,30.22,30.22,30.215,30.215,0.0
2017-04-21 08:40:00,CBI,30.215,30.215,30.215,30.215,0.0
2017-04-21 08:45:00,CBI,30.215,30.23,30.215,30.23,0.0
2017-04-21 08:50:00,CBI,30.23,30.23,30.23,30.23,0.0
2017-04-21 08:55:00,CBI,30.23,30.23,30.23,30.23,0.0
2017-04-21 09:00:00,CBI,30.23,30.23,30.23,30.23,0.0
2017-04-21 09:05:00,CBI,30.23,30.23,30.23,30.23,0.0
2017-04-21 09:10:00,CBI,30.23,30.23,30.23,30.23,0.0
2017-04-21 09:15:00,CBI,30.23,30.23,30.23,30.23,0.0
2017-04-21 09:20:00,CBI,30.23,30.23,30.23,30.23,0.0
2017-04-21 09:25:00,CBI,30.23,30.235,30.23,30.23,0.0
2017-04-21 09:30:00,CBI,30.23,30.24,30.185,30.19,0.0
2017-04-21 09:35:00,CBI,30.19,30.19,29.96,29.975,44225.0
2017-04-21 09:40:00,CBI,29.975,30.045,29.97,30.035,2903.0
2017-04-21 09:45:00,CBI,30.035,30.16,29.995,30.135,6652.0
2017-04-21 09:50:00,CBI,30.135,30.135,30.01,30.03,3607.0
2017-04-21 09:55:00,CBI,30.03,30.03,29.965,29.975,9638.0
2017-04-21 10:00:00,CBI,29.975,30.005,29.965,29.995,8630.0
2017-04-21 10:05:00,CBI,29.995,30.02,29.96,29.975,4931.0
2017-04-21 10:10:00,CBI,29.975,29.99,29.845,29.855,8478.0
2017-04-21 10:20:00,CBI,29.855,29.905,29.83,29.9,10302.0
2017-04-21 10:25:00,CBI,29.9,29.935,29.875,29.905,63800.0
2017-04-21 10:30:00,CBI,29.905,29.905,29.835,29.855,10411.0
2017-04-21 10:35:00,CBI,29.855,29.915,29.845,29.9,13103.0
2017-04-21 10:40:00,CBI,29.9,29.905,29.84,29.86,15755.0
2017-04-21 10:45:00,CBI,29.86,29.915,29.855,29.915,8165.0
2017-04-21 10:50:00,CBI,29.915,29.945,29.85,29.86,11326.0
2017-04-21 10:55:00,CBI,29.86,29.885,29.86,29.875,1477.0
2017-04-21 11:00:00,CBI,29.875,29.885,29.84,29.865,39278.0
2017-04-21 11:05:00,CBI,29.865,29.88,29.84,29.85,6133.0
2017-04-21 11:10:00,CBI,29.85,29.875,29.755,29.765,40159.0
2017-04-21 11:15:00,CBI,29.765,29.765,29.685,29.7,23910.0
2017-04-21 11:20:00,CBI,29.7,29.775,29.685,29.745,16199.0
2017-04-21 11:25:00,CBI,29.745,29.755,29.715,29.715,4981.0
2017-04-21 11:30:00,CBI,29.715,29.78,29.685,29.7,5827.0
2017-04-21 11:35:00,CBI,29.7,29.765,29.68,29.765,6244.0
2017-04-21 11:40:00,CBI,29.765,29.765,29.705,29.715,3370.0
2017-04-21 11:45:00,CBI,29.715,29.755,29.71,29.75,4771.0
2017-04-21 11:50:00,CBI,29.75,29.77,29.725,29.77,2825.0
2017-04-21 11:55:00,CBI,29.77,29.845,29.755,29.835,22789.0
2017-04-21 12:00:00,CBI,29.835,29.865,29.8,29.825,6041.0
2017-04-21 12:05:00,CBI,29.825,29.85,29.78,29.84,10632.0
2017-04-21 12:10:00,CBI,29.84,29.87,29.78,29.85,6867.0
2017-04-21 12:15:00,CBI,29.85,29.9,29.845,29.85,9851.0
2017-04-21 12:20:00,CBI,29.85,29.86,29.82,29.845,5558.0
2017-04-21 12:25:00,CBI,29.845,29.875,29.835,29.875,2274.0
2017-04-21 12:30:00,CBI,29.875,29.89,29.83,29.84,6781.0
2017-04-21 12:35:00,CBI,29.84,29.915,29.84,29.91,9746.0
2017-04-21 12:40:00,CBI,29.91,29.91,29.87,29.9,2151.0
2017-04-21 12:45:00,CBI,29.9,29.905,29.885,29.9,3215.0
2017-04-21 12:50:00,CBI,29.9,29.925,29.88,29.92,14067.0
2017-04-21 12:55:00,CBI,29.92,29.97,29.92,29.96,3729.0
2017-04-21 13:00:00,CBI,29.96,29.97,29.94,29.95,5790.0
2017-04-21 13:05:00,CBI,29.95,29.955,29.91,29.91,3356.0
2017-04-21 13:10:00,CBI,29.91,29.935,29.91,29.915,3957.0
2017-04-21 13:15:00,CBI,29.915,29.92,29.805,29.855,9100.0
2017-04-21 13:20:00,CBI,29.855,29.855,29.78,29.795,5469.0
2017-04-21 13:25:00,CBI,29.795,29.845,29.785,29.845,3236.0
2017-04-21 13:30:00,CBI,29.845,29.88,29.825,29.83,14548.0
2017-04-21 13:35:00,CBI,29.83,29.86,29.825,29.845,5675.0
2017-04-21 13:40:00,CBI,29.845,29.865,29.825,29.845,10031.0
2017-04-21 13:45:00,CBI,29.845,29.885,29.84,29.875,3538.0
2017-04-21 13:50:00,CBI,29.875,29.875,29.855,29.865,1981.0
2017-04-21 13:55:00,CBI,29.865,29.895,29.855,29.87,8668.0
2017-04-21 14:00:00,CBI,29.87,29.955,29.87,29.945,5189.0
2017-04-21 14:05:00,CBI,29.945,29.955,29.925,29.955,10406.0
2017-04-21 14:10:00,CBI,29.955,29.975,29.94,29.97,10272.0
2017-04-21 14:15:00,CBI,29.97,30.015,29.97,30.015,11982.0
2017-04-21 14:20:00,CBI,30.015,30.03,30.005,30.025,7168.0
2017-04-21 14:25:00,CBI,30.025,30.055,30.025,30.055,7538.0
2017-04-21 14:30:00,CBI,30.055,30.095,30.045,30.065,15587.0
2017-04-21 14:35:00,CBI,30.065,30.075,30.055,30.06,11260.0
2017-04-21 14:40:00,CBI,30.06,30.105,30.06,30.1,10242.0
2017-04-21 14:45:00,CBI,30.1,30.1,30.03,30.03,9126.0
2017-04-21 14:50:00,CBI,30.03,30.045,30.015,30.02,9944.0
2017-04-21 14:55:00,CBI,30.02,30.02,29.955,29.975,9401.0
2017-04-21 15:00:00,CBI,29.975,30.005,29.965,29.975,9795.0
2017-04-21 15:05:00,CBI,29.975,29.975,29.945,29.945,6529.0
2017-04-21 15:10:00,CBI,29.945,29.955,29.925,29.94,8738.0
2017-04-21 15:15:00,CBI,29.94,29.955,29.925,29.955,8292.0
2017-04-21 15:20:00,CBI,29.955,29.97,29.935,29.955,5813.0
2017-04-21 15:25:00,CBI,29.955,29.955,29.925,29.935,10166.0
2017-04-21 15:30:00,CBI,29.935,29.955,29.925,29.955,11108.0
2017-04-21 15:35:00,CBI,29.955,29.955,29.915,29.925,25434.0
2017-04-21 15:40:00,CBI,29.925,29.955,29.915,29.935,29128.0
2017-04-21 15:45:00,CBI,29.935,29.965,29.935,29.965,21782.0
2017-04-21 15:50:00,CBI,29.965,29.995,29.965,29.995,13879.0
2017-04-21 15:55:00,CBI,29.995,29.995,29.945,29.945,38194.0
2017-04-21 16:00:00,CBI,29.945,29.965,29.945,29.945,93991.0
2017-04-21 16:05:00,CBI,29.945,29.945,29.93,29.93,39913.0
2017-04-21 16:10:00,CBI,29.93,29.93,29.86,29.86,300.0
2017-04-21 16:15:00,CBI,29.86,29.955,29.86,29.955,500.0
2017-04-21 16:20:00,CBI,29.955,29.955,29.95,29.955,885.0
2017-04-21 16:25:00,CBI,29.955,29.955,29.95,29.955,0.0
2017-04-21 16:30:00,CBI,29.955,29.955,29.95,29.95,0.0
2017-04-21 16:35:00,CBI,29.95,29.955,29.95,29.95,0.0
2017-04-21 16:40:00,CBI,29.95,29.955,29.95,29.955,0.0
2017-04-21 16:45:00,CBI,29.955,29.955,29.85,29.85,600.0
2017-04-21 16:50:00,CBI,29.85,29.955,29.85,29.955,0.0
2017-04-21 16:55:00,CBI,29.955,29.955,29.955,29.955,0.0
2017-04-21 17:00:00,CBI,29.955,29.955,29.955,29.955,0.0
2017-04-21 17:05:00,CBI,29.955,29.955,29.955,29.955,0.0
2017-04-21 17:10:00,CBI,29.955,29.955,29.95,29.955,0.0
2017-04-21 17:15:00,CBI,29.955,29.955,29.925,29.93,0.0
2017-04-21 17:20:00,CBI,29.93,29.93,29.925,29.925,0.0
2017-04-21 17:25:00,CBI,29.925,29.925,29.925,29.925,0.0
2017-04-21 17:30:00,CBI,29.925,29.925,29.925,29.925,0.0
2017-04-21 17:35:00,CBI,29.925,30.02,29.925,29.93,900.0
2017-04-21 17:40:00,CBI,29.93,29.955,29.93,29.955,0.0
2017-04-21 17:45:00,CBI,29.955,29.955,29.955,29.955,0.0
2017-04-21 17:50:00,CBI,29.955,29.955,29.955,29.955,0.0
2017-04-21 17:55:00,CBI,29.955,29.955,29.955,29.955,0.0
2017-04-21 18:00:00,CBI,29.955,29.955,29.955,29.955,0.0
2017-04-21 18:05:00,CBI,29.955,29.985,29.955,29.985,0.0
2017-04-21 18:10:00,CBI,29.985,29.985,29.985,29.985,0.0
2017-04-21 18:15:00,CBI,29.985,29.985,29.985,29.985,0.0
2017-04-21 18:20:00,CBI,29.985,29.985,29.985,29.985,0.0
2017-04-21 18:25:00,CBI,29.985,29.985,29.985,29.985,0.0
2017-04-21 18:30:00,CBI,29.985,29.985,29.985,29.985,0.0
2017-04-21 18:35:00,CBI,29.985,29.985,29.985,29.985,0.0
2017-04-21 18:40:00,CBI,29.985,29.985,29.985,29.985,0.0
2017-04-21 18:45:00,CBI,29.985,29.985,29.985,29.985,0.0
2017-04-21 18:50:00,CBI,29.985,29.985,29.985,29.985,0.0
2017-04-21 18:55:00,CBI,29.985,29.985,29.985,29.985,0.0
2017-04-21 19:00:00,CBI,29.985,29.985,29.985,29.985,0.0
2017-04-21 19:05:00,CBI,29.985,29.985,29.985,29.985,0.0
2017-04-21 19:10:00,CBI,29.985,29.985,29.985,29.985,0.0
2017-04-21 19:15:00,CBI,29.985,29.985,29.985,29.985,0.0
2017-04-21 19:20:00,CBI,29.985,29.985,29.985,29.985,0.0
2017-04-21 19:25:00,CBI,29.985,29.985,29.985,29.985,42.0
2017-04-21 19:30:00,CBI,29.985,29.985,29.985,29.985,0.0
2017-04-21 19:35:00,CBI,29.985,29.985,29.985,29.985,0.0
2017-04-21 19:40:00,CBI,29.985,29.985,29.985,29.985,0.0
2017-04-21 19:45:00,CBI,29.985,29.985,29.985,29.985,0.0
2017-04-21 19:50:00,CBI,29.985,29.985,29.985,29.985,0.0
2017-04-21 19:55:00,CBI,29.985,29.985,29.985,29.985,0.0
2017-04-21 20:00:00,CBI,29.985,29.985,29.985,29.985,0.0
2017-04-21 20:05:00,CBI,29.985,29.985,29.985,29.985,0.0
2017-04-21 20:10:00,CBI,29.985,29.985,29.985,29.985,0.0
2017-04-21 20:15:00,CBI,29.985,29.985,29.985,29.985,0.0
2017-04-21 20:20:00,CBI,29.985,29.985,29.985,29.985,0.0
2017-04-21 20:25:00,CBI,29.985,29.985,29.985,29.985,0.0
2017-04-21 20:30:00,CBI,29.985,29.985,29.985,29.985,0.0
2017-04-21 20:35:00,CBI,29.985,29.985,29.985,29.985,0.0
2017-04-21 20:40:00,CBI,29.985,29.985,29.985,29.985,0.0
2017-04-21 20:45:00,CBI,29.985,29.985,29.985,29.985,0.0
2017-04-21 20:50:00,CBI,29.985,29.985,29.985,29.985,0.0
2017-04-21 20:55:00,CBI,29.985,29.985,29.985,29.985,0.0
2017-04-22 08:00:00,CBI,29.985,29.985,29.985,29.985,0.0
2017-04-22 08:05:00,CBI,29.985,29.985,29.985,29.985,0.0
2017-04-22 08:10:00,CBI,29.985,29.985,29.985,29.985,0.0
2017-04-22 08:15:00,CBI,29.985,29.985,29.985,29.985,0.0
2017-04-22 08:20:00,CBI,29.985,29.985,29.985,29.985,0.0
2017-04-22 08:25:00,CBI,29.985,29.985,29.985,29.985,0.0
2017-04-22 08:30:00,CBI,29.985,29.985,29.985,29.985,0.0
2017-04-22 08:35:00,CBI,29.985,29.985,29.985,29.985,0.0
2017-04-22 08:40:00,CBI,29.985,29.985,29.985,29.985,0.0
2017-04-22 08:45:00,CBI,29.985,29.985,29.985,29.985,0.0
2017-04-22 08:50:00,CBI,29.985,29.985,29.985,29.985,0.0
2017-04-22 08:55:00,CBI,29.985,29.985,29.985,29.985,0.0
2017-04-22 09:00:00,CBI,29.985,29.985,29.985,29.985,0.0
2017-04-22 09:05:00,CBI,29.985,29.985,29.985,29.985,0.0
2017-04-22 09:10:00,CBI,29.985,29.985,29.985,29.985,0.0
2017-04-22 09:15:00,CBI,29.985,29.985,29.985,29.985,0.0
2017-04-22 09:20:00,CBI,29.985,29.985,29.985,29.985,0.0
2017-04-22 09:25:00,CBI,29.985,29.985,29.985,29.985,0.0
2017-04-22 09:30:00,CBI,29.985,29.985,29.985,29.985,0.0
2017-04-22 09:35:00,CBI,29.985,29.985,29.985,29.985,0.0
2017-04-22 09:40:00,CBI,29.985,29.985,29.985,29.985,0.0
2017-04-22 09:45:00,CBI,29.985,29.985,29.985,29.985,0.0
2017-04-22 09:50:00,CBI,29.985,29.985,29.985,29.985,0.0
2017-04-22 09:55:00,CBI,29.985,29.985,29.985,29.985,0.0
2017-04-22 10:00:00,CBI,29.985,29.985,29.985,29.985,0.0
2017-04-22 10:05:00,CBI,29.985,29.985,29.985,29.985,0.0
2017-04-22 10:10:00,CBI,29.985,29.985,29.985,29.985,0.0
2017-04-22 10:15:00,CBI,29.985,29.985,29.985,29.985,0.0
2017-04-22 10:20:00,CBI,29.985,29.985,29.985,29.985,0.0
2017-04-22 10:25:00,CBI,29.985,29.985,29.985,29.985,0.0
2017-04-22 10:30:00,CBI,29.985,29.985,29.985,29.985,0.0
2017-04-22 10:35:00,CBI,29.985,29.985,29.985,29.985,0.0
2017-04-22 10:40:00,CBI,29.985,29.985,29.985,29.985,0.0
2017-04-22 10:45:00,CBI,29.985,29.985,29.985,29.985,0.0
2017-04-22 10:50:00,CBI,29.985,29.985,29.985,29.985,0.0
2017-04-22 10:55:00,CBI,29.985,29.985,29.985,29.985,0.0
2017-04-22 11:00:00,CBI,29.985,29.985,29.985,29.985,0.0
2017-04-22 11:05:00,CBI,29.985,29.985,29.985,29.985,0.0
2017-04-22 11:10:00,CBI,29.985,29.985,29.985,29.985,0.0
2017-04-22 11:15:00,CBI,29.985,29.985,29.985,29.985,0.0
2017-04-22 11:20:00,CBI,29.985,29.985,29.985,29.985,0.0
2017-04-22 11:25:00,CBI,29.985,29.985,29.985,29.985,0.0
2017-04-22 11:30:00,CBI,29.985,29.985,29.985,29.985,0.0
2017-04-22 11:35:00,CBI,29.985,29.985,29.985,29.985,0.0
2017-04-22 11:40:00,CBI,29.985,29.985,29.985,29.985,0.0
2017-04-22 11:45:00,CBI,29.985,29.985,29.985,29.985,0.0
2017-04-22 11:50:00,CBI,29.985,29.985,29.985,29.985,0.0
2017-04-22 11:55:00,CBI,29.985,29.985,29.985,29.985,0.0
2017-04-22 12:00:00,CBI,29.985,29.985,29.985,29.985,0.0
2017-04-22 12:05:00,CBI,29.985,29.985,29.985,29.985,0.0
2017-04-22 12:10:00,CBI,29.985,29.985,29.985,29.985,0.0
2017-04-22 12:15:00,CBI,29.985,29.985,29.985,29.985,0.0
2017-04-22 12:20:00,CBI,29.985,29.985,29.985,29.985,0.0
2017-04-22 12:25:00,CBI,29.985,29.985,29.985,29.985,0.0
2017-04-22 12:30:00,CBI,29.985,29.985,29.985,29.985,0.0
2017-04-22 12:35:00,CBI,29.985,29.985,29.985,29.985,0.0
2017-04-22 12:40:00,CBI,29.985,29.985,29.985,29.985,0.0
2017-04-22 12:45:00,CBI,29.985,29.985,29.985,29.985,0.0
2017-04-22 12:50:00,CBI,29.985,29.985,29.985,29.985,0.0
2017-04-22 12:55:00,CBI,29.985,29.985,29.985,29.985,0.0
2017-04-22 13:00:00,CBI,29.985,29.985,29.985,29.985,0.0
2017-04-22 13:05:00,CBI,29.985,29.985,29.985,29.985,0.0
2017-04-22 13:10:00,CBI,29.985,29.985,29.985,29.985,0.0
2017-04-22 13:15:00,CBI,29.985,29.985,29.985,29.985,0.0
2017-04-22 13:20:00,CBI,29.985,29.985,29.985,29.985,0.0
2017-04-22 13:25:00,CBI,29.985,29.985,29.985,29.985,0.0
2017-04-22 13:30:00,CBI,29.985,29.985,29.985,29.985,0.0
2017-04-22 13:35:00,CBI,29.985,29.985,29.985,29.985,0.0
2017-04-22 13:40:00,CBI,29.985,29.985,29.985,29.985,0.0
2017-04-22 13:45:00,CBI,29.985,29.985,29.985,29.985,0.0
2017-04-22 13:50:00,CBI,29.985,29.985,29.985,29.985,0.0
2017-04-22 13:55:00,CBI,29.985,29.985,29.985,29.985,0.0
2017-04-22 14:00:00,CBI,29.985,29.985,29.985,29.985,0.0
2017-04-22 14:05:00,CBI,29.985,29.985,29.985,29.985,0.0
2017-04-22 14:10:00,CBI,29.985,29.985,29.985,29.985,0.0
2017-04-22 14:15:00,CBI,29.985,29.985,29.985,29.985,0.0
2017-04-22 14:20:00,CBI,29.985,29.985,29.985,29.985,0.0
2017-04-22 14:25:00,CBI,29.985,29.985,29.985,29.985,0.0
2017-04-22 14:30:00,CBI,29.985,29.985,29.985,29.985,0.0
2017-04-22 14:35:00,CBI,29.985,29.985,29.985,29.985,0.0
2017-04-22 14:40:00,CBI,29.985,29.985,29.985,29.985,0.0
2017-04-22 14:45:00,CBI,29.985,29.985,29.985,29.985,0.0
2017-04-22 14:50:00,CBI,29.985,29.985,29.985,29.985,0.0
2017-04-22 14:55:00,CBI,29.985,29.985,29.985,29.985,0.0
2017-04-22 15:00:00,CBI,29.985,29.985,29.985,29.985,0.0
2017-04-22 15:05:00,CBI,29.985,29.985,29.985,29.985,0.0
2017-04-22 15:10:00,CBI,29.985,29.985,29.985,29.985,0.0
2017-04-22 15:15:00,CBI,29.985,29.985,29.985,29.985,0.0
2017-04-22 15:20:00,CBI,29.985,29.985,29.985,29.985,0.0
2017-04-22 15:25:00,CBI,29.985,29.985,29.985,29.985,0.0
2017-04-22 15:30:00,CBI,29.985,29.985,29.985,29.985,0.0
2017-04-22 15:35:00,CBI,29.985,29.985,29.985,29.985,0.0
2017-04-22 15:40:00,CBI,29.985,29.985,29.985,29.985,0.0
2017-04-22 15:45:00,CBI,29.985,29.985,29.985,29.985,0.0
2017-04-22 15:50:00,CBI,29.985,29.985,29.985,29.985,0.0
2017-04-22 15:55:00,CBI,29.985,29.985,29.985,29.985,0.0
2017-04-22 16:00:00,CBI,29.985,29.985,29.985,29.985,0.0
2017-04-22 16:05:00,CBI,29.985,29.985,29.985,29.985,0.0
2017-04-22 16:10:00,CBI,29.985,29.985,29.985,29.985,0.0
2017-04-22 16:15:00,CBI,29.985,29.985,29.985,29.985,0.0
2017-04-22 16:20:00,CBI,29.985,29.985,29.985,29.985,0.0
2017-04-22 16:25:00,CBI,29.985,29.985,29.985,29.985,0.0
2017-04-22 16:30:00,CBI,29.985,29.985,29.985,29.985,0.0
2017-04-22 16:35:00,CBI,29.985,29.985,29.985,29.985,0.0
2017-04-22 16:40:00,CBI,29.985,29.985,29.985,29.985,0.0
2017-04-22 16:45:00,CBI,29.985,29.985,29.985,29.985,0.0
2017-04-22 16:50:00,CBI,29.985,29.985,29.985,29.985,0.0
2017-04-22 16:55:00,CBI,29.985,29.985,29.985,29.985,0.0
2017-04-22 17:00:00,CBI,29.985,29.985,29.985,29.985,0.0
2017-04-22 17:05:00,CBI,29.985,29.985,29.985,29.985,0.0
2017-04-22 17:10:00,CBI,29.985,29.985,29.985,29.985,0.0
2017-04-22 17:15:00,CBI,29.985,29.985,29.985,29.985,0.0
2017-04-22 17:20:00,CBI,29.985,29.985,29.985,29.985,0.0
2017-04-22 17:25:00,CBI,29.985,29.985,29.985,29.985,0.0
2017-04-22 17:30:00,CBI,29.985,29.985,29.985,29.985,0.0
2017-04-22 17:35:00,CBI,29.985,29.985,29.985,29.985,0.0
2017-04-22 17:40:00,CBI,29.985,29.985,29.985,29.985,0.0
2017-04-22 17:45:00,CBI,29.985,29.985,29.985,29.985,0.0
2017-04-22 17:50:00,CBI,29.985,29.985,29.985,29.985,0.0
2017-04-22 17:55:00,CBI,29.985,29.985,29.985,29.985,0.0
2017-04-22 18:00:00,CBI,29.985,29.985,29.985,29.985,0.0
2017-04-22 18:05:00,CBI,29.985,29.985,29.985,29.985,0.0
2017-04-22 18:10:00,CBI,29.985,29.985,29.985,29.985,0.0
2017-04-22 18:15:00,CBI,29.985,29.985,29.985,29.985,0.0
2017-04-22 18:20:00,CBI,29.985,29.985,29.985,29.985,0.0
2017-04-22 18:25:00,CBI,29.985,29.985,29.985,29.985,0.0
2017-04-22 18:30:00,CBI,29.985,29.985,29.985,29.985,0.0
2017-04-22 18:35:00,CBI,29.985,29.985,29.985,29.985,0.0
2017-04-22 18:40:00,CBI,29.985,29.985,29.985,29.985,0.0
2017-04-22 18:45:00,CBI,29.985,29.985,29.985,29.985,0.0
2017-04-22 18:50:00,CBI,29.985,29.985,29.985,29.985,0.0
2017-04-22 18:55:00,CBI,29.985,29.985,29.985,29.985,0.0
2017-04-22 19:00:00,CBI,29.985,29.985,29.985,29.985,0.0
2017-04-22 19:05:00,CBI,29.985,29.985,29.985,29.985,0.0
2017-04-22 19:10:00,CBI,29.985,29.985,29.985,29.985,0.0
2017-04-22 19:15:00,CBI,29.985,29.985,29.985,29.985,0.0
2017-04-22 19:20:00,CBI,29.985,29.985,29.985,29.985,0.0
2017-04-22 19:25:00,CBI,29.985,29.985,29.985,29.985,0.0
2017-04-22 19:30:00,CBI,29.985,29.985,29.985,29.985,0.0
2017-04-22 19:35:00,CBI,29.985,29.985,29.985,29.985,0.0
2017-04-22 19:40:00,CBI,29.985,29.985,29.985,29.985,0.0
2017-04-22 19:45:00,CBI,29.985,29.985,29.985,29.985,0.0
2017-04-22 19:50:00,CBI,29.985,29.985,29.985,29.985,0.0
2017-04-22 19:55:00,CBI,29.985,29.985,29.985,29.985,0.0
2017-04-22 20:00:00,CBI,29.985,29.985,29.985,29.985,0.0
2017-04-22 20:05:00,CBI,29.985,29.985,29.985,29.985,0.0
2017-04-22 20:10:00,CBI,29.985,29.985,29.985,29.985,0.0
2017-04-22 20:15:00,CBI,29.985,29.985,29.985,29.985,0.0
2017-04-22 20:20:00,CBI,29.985,29.985,29.985,29.985,0.0
2017-04-22 20:25:00,CBI,29.985,29.985,29.985,29.985,0.0
2017-04-22 20:30:00,CBI,29.985,29.985,29.985,29.985,0.0
2017-04-22 20:35:00,CBI,29.985,29.985,29.985,29.985,0.0
2017-04-22 20:40:00,CBI,29.985,29.985,29.985,29.985,0.0
2017-04-22 20:45:00,CBI,29.985,29.985,29.985,29.985,0.0
2017-04-22 20:50:00,CBI,29.985,29.985,29.985,29.985,0.0
2017-04-22 20:55:00,CBI,29.985,29.985,29.985,29.985,0.0
2017-04-23 08:00:00,CBI,29.985,29.985,29.985,29.985,0.0
2017-04-23 08:05:00,CBI,29.985,29.985,29.985,29.985,0.0
2017-04-23 08:10:00,CBI,29.985,29.985,29.985,29.985,0.0
2017-04-23 08:15:00,CBI,29.985,29.985,29.985,29.985,0.0
2017-04-23 08:20:00,CBI,29.985,29.985,29.985,29.985,0.0
2017-04-23 08:25:00,CBI,29.985,29.985,29.985,29.985,0.0
2017-04-23 08:30:00,CBI,29.985,29.985,29.985,29.985,0.0
2017-04-23 08:35:00,CBI,29.985,29.985,29.985,29.985,0.0
2017-04-23 08:40:00,CBI,29.985,29.985,29.985,29.985,0.0
2017-04-23 08:45:00,CBI,29.985,29.985,29.985,29.985,0.0
2017-04-23 08:50:00,CBI,29.985,29.985,29.985,29.985,0.0
2017-04-23 08:55:00,CBI,29.985,29.985,29.985,29.985,0.0
2017-04-23 09:00:00,CBI,29.985,29.985,29.985,29.985,0.0
2017-04-23 09:05:00,CBI,29.985,29.985,29.985,29.985,0.0
2017-04-23 09:10:00,CBI,29.985,29.985,29.985,29.985,0.0
2017-04-23 09:15:00,CBI,29.985,29.985,29.985,29.985,0.0
2017-04-23 09:20:00,CBI,29.985,29.985,29.985,29.985,0.0
2017-04-23 09:25:00,CBI,29.985,29.985,29.985,29.985,0.0
2017-04-23 09:30:00,CBI,29.985,29.985,29.985,29.985,0.0
2017-04-23 09:35:00,CBI,29.985,29.985,29.985,29.985,0.0
2017-04-23 09:40:00,CBI,29.985,29.985,29.985,29.985,0.0
2017-04-23 09:45:00,CBI,29.985,29.985,29.985,29.985,0.0
2017-04-23 09:50:00,CBI,29.985,29.985,29.985,29.985,0.0
2017-04-23 09:55:00,CBI,29.985,29.985,29.985,29.985,0.0
2017-04-23 10:00:00,CBI,29.985,29.985,29.985,29.985,0.0
2017-04-23 10:05:00,CBI,29.985,29.985,29.985,29.985,0.0
2017-04-23 10:10:00,CBI,29.985,29.985,29.985,29.985,0.0
2017-04-23 10:15:00,CBI,29.985,29.985,29.985,29.985,0.0
2017-04-23 10:20:00,CBI,29.985,29.985,29.985,29.985,0.0
2017-04-23 10:25:00,CBI,29.985,29.985,29.985,29.985,0.0
2017-04-23 10:30:00,CBI,29.985,29.985,29.985,29.985,0.0
2017-04-23 10:35:00,CBI,29.985,29.985,29.985,29.985,0.0
2017-04-23 10:40:00,CBI,29.985,29.985,29.985,29.985,0.0
2017-04-23 10:45:00,CBI,29.985,29.985,29.985,29.985,0.0
2017-04-23 10:50:00,CBI,29.985,29.985,29.985,29.985,0.0
2017-04-23 10:55:00,CBI,29.985,29.985,29.985,29.985,0.0
2017-04-23 11:00:00,CBI,29.985,29.985,29.985,29.985,0.0
2017-04-23 11:05:00,CBI,29.985,29.985,29.985,29.985,0.0
2017-04-23 11:10:00,CBI,29.985,29.985,29.985,29.985,0.0
2017-04-23 11:15:00,CBI,29.985,29.985,29.985,29.985,0.0
2017-04-23 11:20:00,CBI,29.985,29.985,29.985,29.985,0.0
2017-04-23 11:25:00,CBI,29.985,29.985,29.985,29.985,0.0
2017-04-23 11:30:00,CBI,29.985,29.985,29.985,29.985,0.0
2017-04-23 11:35:00,CBI,29.985,29.985,29.985,29.985,0.0
2017-04-23 11:40:00,CBI,29.985,29.985,29.985,29.985,0.0
2017-04-23 11:45:00,CBI,29.985,29.985,29.985,29.985,0.0
2017-04-23 11:50:00,CBI,29.985,29.985,29.985,29.985,0.0
2017-04-23 11:55:00,CBI,29.985,29.985,29.985,29.985,0.0
2017-04-23 12:00:00,CBI,29.985,29.985,29.985,29.985,0.0
2017-04-23 12:05:00,CBI,29.985,29.985,29.985,29.985,0.0
2017-04-23 12:10:00,CBI,29.985,29.985,29.985,29.985,0.0
2017-04-23 12:15:00,CBI,29.985,29.985,29.985,29.985,0.0
2017-04-23 12:20:00,CBI,29.985,29.985,29.985,29.985,0.0
2017-04-23 12:25:00,CBI,29.985,29.985,29.985,29.985,0.0
2017-04-23 12:30:00,CBI,29.985,29.985,29.985,29.985,0.0
2017-04-23 12:35:00,CBI,29.985,29.985,29.985,29.985,0.0
2017-04-23 12:40:00,CBI,29.985,29.985,29.985,29.985,0.0
2017-04-23 12:45:00,CBI,29.985,29.985,29.985,29.985,0.0
2017-04-23 12:50:00,CBI,29.985,29.985,29.985,29.985,0.0
2017-04-23 12:55:00,CBI,29.985,29.985,29.985,29.985,0.0
2017-04-23 13:00:00,CBI,29.985,29.985,29.985,29.985,0.0
2017-04-23 13:05:00,CBI,29.985,29.985,29.985,29.985,0.0
2017-04-23 13:10:00,CBI,29.985,29.985,29.985,29.985,0.0
2017-04-23 13:15:00,CBI,29.985,29.985,29.985,29.985,0.0
2017-04-23 13:20:00,CBI,29.985,29.985,29.985,29.985,0.0
2017-04-23 13:25:00,CBI,29.985,29.985,29.985,29.985,0.0
2017-04-23 13:30:00,CBI,29.985,29.985,29.985,29.985,0.0
2017-04-23 13:35:00,CBI,29.985,29.985,29.985,29.985,0.0
2017-04-23 13:40:00,CBI,29.985,29.985,29.985,29.985,0.0
2017-04-23 13:45:00,CBI,29.985,29.985,29.985,29.985,0.0
2017-04-23 13:50:00,CBI,29.985,29.985,29.985,29.985,0.0
2017-04-23 13:55:00,CBI,29.985,29.985,29.985,29.985,0.0
2017-04-23 14:00:00,CBI,29.985,29.985,29.985,29.985,0.0
2017-04-23 14:05:00,CBI,29.985,29.985,29.985,29.985,0.0
2017-04-23 14:10:00,CBI,29.985,29.985,29.985,29.985,0.0
2017-04-23 14:15:00,CBI,29.985,29.985,29.985,29.985,0.0
2017-04-23 14:20:00,CBI,29.985,29.985,29.985,29.985,0.0
2017-04-23 14:25:00,CBI,29.985,29.985,29.985,29.985,0.0
2017-04-23 14:30:00,CBI,29.985,29.985,29.985,29.985,0.0
2017-04-23 14:35:00,CBI,29.985,29.985,29.985,29.985,0.0
2017-04-23 14:40:00,CBI,29.985,29.985,29.985,29.985,0.0
2017-04-23 14:45:00,CBI,29.985,29.985,29.985,29.985,0.0
2017-04-23 14:50:00,CBI,29.985,29.985,29.985,29.985,0.0
2017-04-23 14:55:00,CBI,29.985,29.985,29.985,29.985,0.0
2017-04-23 15:00:00,CBI,29.985,29.985,29.985,29.985,0.0
2017-04-23 15:05:00,CBI,29.985,29.985,29.985,29.985,0.0
2017-04-23 15:10:00,CBI,29.985,29.985,29.985,29.985,0.0
2017-04-23 15:15:00,CBI,29.985,29.985,29.985,29.985,0.0
2017-04-23 15:20:00,CBI,29.985,29.985,29.985,29.985,0.0
2017-04-23 15:25:00,CBI,29.985,29.985,29.985,29.985,0.0
2017-04-23 15:30:00,CBI,29.985,29.985,29.985,29.985,0.0
2017-04-23 15:35:00,CBI,29.985,29.985,29.985,29.985,0.0
2017-04-23 15:40:00,CBI,29.985,29.985,29.985,29.985,0.0
2017-04-23 15:45:00,CBI,29.985,29.985,29.985,29.985,0.0
2017-04-23 15:50:00,CBI,29.985,29.985,29.985,29.985,0.0
2017-04-23 15:55:00,CBI,29.985,29.985,29.985,29.985,0.0
2017-04-23 16:00:00,CBI,29.985,29.985,29.985,29.985,0.0
2017-04-23 16:05:00,CBI,29.985,29.985,29.985,29.985,0.0
2017-04-23 16:10:00,CBI,29.985,29.985,29.985,29.985,0.0
2017-04-23 16:15:00,CBI,29.985,29.985,29.985,29.985,0.0
2017-04-23 16:20:00,CBI,29.985,29.985,29.985,29.985,0.0
2017-04-23 16:25:00,CBI,29.985,29.985,29.985,29.985,0.0
2017-04-23 16:30:00,CBI,29.985,29.985,29.985,29.985,0.0
2017-04-23 16:35:00,CBI,29.985,29.985,29.985,29.985,0.0
2017-04-23 16:40:00,CBI,29.985,29.985,29.985,29.985,0.0
2017-04-23 16:45:00,CBI,29.985,29.985,29.985,29.985,0.0
2017-04-23 16:50:00,CBI,29.985,29.985,29.985,29.985,0.0
2017-04-23 16:55:00,CBI,29.985,29.985,29.985,29.985,0.0
2017-04-23 17:00:00,CBI,29.985,29.985,29.985,29.985,0.0
2017-04-23 17:05:00,CBI,29.985,29.985,29.985,29.985,0.0
2017-04-23 17:10:00,CBI,29.985,29.985,29.985,29.985,0.0
2017-04-23 17:15:00,CBI,29.985,29.985,29.985,29.985,0.0
2017-04-23 17:20:00,CBI,29.985,29.985,29.985,29.985,0.0
2017-04-23 17:25:00,CBI,29.985,29.985,29.985,29.985,0.0
2017-04-23 17:30:00,CBI,29.985,29.985,29.985,29.985,0.0
2017-04-23 17:35:00,CBI,29.985,29.985,29.985,29.985,0.0
2017-04-23 17:40:00,CBI,29.985,29.985,29.985,29.985,0.0
2017-04-23 17:45:00,CBI,29.985,29.985,29.985,29.985,0.0
2017-04-23 17:50:00,CBI,29.985,29.985,29.985,29.985,0.0
2017-04-23 17:55:00,CBI,29.985,29.985,29.985,29.985,0.0
2017-04-23 18:00:00,CBI,29.985,29.985,29.985,29.985,0.0
2017-04-23 18:05:00,CBI,29.985,29.985,29.985,29.985,0.0
2017-04-23 18:10:00,CBI,29.985,29.985,29.985,29.985,0.0
2017-04-23 18:15:00,CBI,29.985,29.985,29.985,29.985,0.0
2017-04-23 18:20:00,CBI,29.985,29.985,29.985,29.985,0.0
2017-04-23 18:25:00,CBI,29.985,29.985,29.985,29.985,0.0
2017-04-23 18:30:00,CBI,29.985,29.985,29.985,29.985,0.0
2017-04-23 18:35:00,CBI,29.985,29.985,29.985,29.985,0.0
2017-04-23 18:40:00,CBI,29.985,29.985,29.985,29.985,0.0
2017-04-23 18:45:00,CBI,29.985,29.985,29.985,29.985,0.0
2017-04-23 18:50:00,CBI,29.985,29.985,29.985,29.985,0.0
2017-04-23 18:55:00,CBI,29.985,29.985,29.985,29.985,0.0
2017-04-23 19:00:00,CBI,29.985,29.985,29.985,29.985,0.0
2017-04-23 19:05:00,CBI,29.985,29.985,29.985,29.985,0.0
2017-04-23 19:10:00,CBI,29.985,29.985,29.985,29.985,0.0
2017-04-23 19:15:00,CBI,29.985,29.985,29.985,29.985,0.0
2017-04-23 19:20:00,CBI,29.985,29.985,29.985,29.985,0.0
2017-04-23 19:25:00,CBI,29.985,29.985,29.985,29.985,0.0
2017-04-23 19:30:00,CBI,29.985,29.985,29.985,29.985,0.0
2017-04-23 19:35:00,CBI,29.985,29.985,29.985,29.985,0.0
2017-04-23 19:40:00,CBI,29.985,29.985,29.985,29.985,0.0
2017-04-23 19:45:00,CBI,29.985,29.985,29.985,29.985,0.0
2017-04-23 19:50:00,CBI,29.985,29.985,29.985,29.985,0.0
2017-04-23 19:55:00,CBI,29.985,29.985,29.985,29.985,0.0
2017-04-23 20:00:00,CBI,29.985,29.985,29.985,29.985,0.0
2017-04-23 20:05:00,CBI,29.985,29.985,29.985,29.985,0.0
2017-04-23 20:10:00,CBI,29.985,29.985,29.985,29.985,0.0
2017-04-23 20:15:00,CBI,29.985,29.985,29.985,29.985,0.0
2017-04-23 20:20:00,CBI,29.985,29.985,29.985,29.985,0.0
2017-04-23 20:25:00,CBI,29.985,29.985,29.985,29.985,0.0
2017-04-23 20:30:00,CBI,29.985,29.985,29.985,29.985,0.0
2017-04-23 20:35:00,CBI,29.985,29.985,29.985,29.985,0.0
2017-04-23 20:40:00,CBI,29.985,29.985,29.985,29.985,0.0
2017-04-23 20:45:00,CBI,29.985,29.985,29.985,29.985,0.0
2017-04-23 20:50:00,CBI,29.985,29.985,29.985,29.985,0.0
2017-04-23 20:55:00,CBI,29.985,29.985,29.985,29.985,0.0
2017-05-22 08:00:00,CBI,21.895,21.895,21.895,21.895,0
2017-05-22 08:00:00,CBI,21.895,21.895,21.895,21.895,0
2017-05-22 08:05:00,CBI,21.895,21.895,20.87,21.0,100.0
2017-05-22 08:05:00,CBI,21.895,21.895,20.87,21.0,100.0
2017-05-22 08:10:00,CBI,21.0,21.0,21.0,21.0,0.0
2017-05-22 08:10:00,CBI,21.0,21.0,21.0,21.0,0.0
2017-05-22 08:15:00,CBI,21.0,21.115,20.995,20.995,300.0
2017-05-22 08:15:00,CBI,21.0,21.115,20.995,20.995,300.0
2017-05-22 08:20:00,CBI,20.995,20.995,20.865,20.865,200.0
2017-05-22 08:20:00,CBI,20.995,20.995,20.865,20.865,200.0
2017-05-22 08:25:00,CBI,20.865,20.965,20.865,20.865,200.0
2017-05-22 08:25:00,CBI,20.865,20.965,20.865,20.865,200.0
2017-05-22 08:30:00,CBI,20.865,20.89,20.865,20.89,14.0
2017-05-22 08:30:00,CBI,20.865,20.89,20.865,20.89,14.0
2017-05-22 08:35:00,CBI,20.89,20.89,20.89,20.89,0.0
2017-05-22 08:35:00,CBI,20.89,20.89,20.89,20.89,0.0
2017-05-22 08:40:00,CBI,20.89,20.915,20.89,20.915,0.0
2017-05-22 08:40:00,CBI,20.89,20.915,20.89,20.915,0.0
2017-05-22 08:45:00,CBI,20.915,20.915,20.915,20.915,0.0
2017-05-22 08:45:00,CBI,20.915,20.915,20.915,20.915,0.0
2017-05-22 08:50:00,CBI,20.915,20.915,20.915,20.915,0.0
2017-05-22 08:50:00,CBI,20.915,20.915,20.915,20.915,0.0
2017-05-22 08:55:00,CBI,20.915,20.915,20.915,20.915,250.0
2017-05-22 08:55:00,CBI,20.915,20.915,20.915,20.915,250.0
2017-05-22 09:00:00,CBI,20.915,21.04,20.915,20.925,1950.0
2017-05-22 09:00:00,CBI,20.915,21.04,20.915,20.925,1950.0
2017-05-22 09:05:00,CBI,20.925,20.95,20.925,20.95,1200.0
2017-05-22 09:05:00,CBI,20.925,20.95,20.925,20.95,1200.0
2017-05-22 09:10:00,CBI,20.95,21.075,20.95,20.95,100.0
2017-05-22 09:10:00,CBI,20.95,21.075,20.95,20.95,100.0
2017-05-22 09:15:00,CBI,20.95,20.95,20.95,20.95,0.0
2017-05-22 09:15:00,CBI,20.95,20.95,20.95,20.95,0.0
2017-05-22 09:20:00,CBI,20.95,20.95,20.95,20.95,0.0
2017-05-22 09:20:00,CBI,20.95,20.95,20.95,20.95,0.0
2017-05-22 09:25:00,CBI,20.95,21.08,20.945,20.955,1180.0
2017-05-22 09:25:00,CBI,20.95,21.08,20.945,20.955,1180.0
2017-05-22 09:30:00,CBI,20.955,20.96,20.955,20.96,0.0
2017-05-22 09:30:00,CBI,20.955,20.96,20.955,20.96,0.0
2017-05-22 09:35:00,CBI,20.96,21.055,20.885,20.96,127625.0
2017-05-22 09:35:00,CBI,20.96,21.055,20.885,20.96,127625.0
2017-05-22 09:40:00,CBI,20.96,20.96,20.715,20.725,89329.0
2017-05-22 09:40:00,CBI,20.96,20.96,20.715,20.725,89329.0
2017-05-22 09:45:00,CBI,20.725,20.765,20.475,20.76,86264.0
2017-05-22 09:45:00,CBI,20.725,20.765,20.475,20.76,86264.0
2017-05-22 09:50:00,CBI,20.76,20.795,20.505,20.55,75316.0
2017-05-22 09:50:00,CBI,20.76,20.795,20.505,20.55,75316.0
2017-05-22 09:55:00,CBI,20.55,20.61,20.51,20.6,73938.0
2017-05-22 09:55:00,CBI,20.55,20.61,20.51,20.6,73938.0
2017-05-22 10:00:00,CBI,20.6,20.745,20.6,20.715,37028.0
2017-05-22 10:00:00,CBI,20.6,20.745,20.6,20.715,37028.0
2017-05-22 10:05:00,CBI,20.715,20.765,20.605,20.705,43520.0
2017-05-22 10:05:00,CBI,20.715,20.765,20.605,20.705,43520.0
2017-05-22 10:10:00,CBI,20.705,20.745,20.585,20.595,41510.0
2017-05-22 10:10:00,CBI,20.705,20.745,20.585,20.595,41510.0
2017-05-22 10:15:00,CBI,20.595,20.6,20.545,20.545,43464.0
2017-05-22 10:15:00,CBI,20.595,20.6,20.545,20.545,43464.0
2017-05-22 10:20:00,CBI,20.545,20.595,20.545,20.555,20849.0
2017-05-22 10:20:00,CBI,20.545,20.595,20.545,20.555,20849.0
2017-05-22 10:25:00,CBI,20.555,20.615,20.555,20.565,22051.0
2017-05-22 10:25:00,CBI,20.555,20.615,20.555,20.565,22051.0
2017-05-22 10:30:00,CBI,20.565,20.635,20.545,20.605,31360.0
2017-05-22 10:30:00,CBI,20.565,20.635,20.545,20.605,31360.0
2017-05-22 10:35:00,CBI,20.605,20.615,20.395,20.425,101749.0
2017-05-22 10:35:00,CBI,20.605,20.615,20.395,20.425,101749.0
2017-05-22 10:40:00,CBI,20.425,20.48,20.215,20.365,117200.0
2017-05-22 10:40:00,CBI,20.425,20.48,20.215,20.365,117200.0
2017-05-22 10:45:00,CBI,20.365,20.425,20.305,20.425,38405.0
2017-05-22 10:45:00,CBI,20.365,20.425,20.305,20.425,38405.0
2017-05-22 10:50:00,CBI,20.425,20.445,20.145,20.225,89298.0
2017-05-22 10:50:00,CBI,20.425,20.445,20.145,20.225,89298.0
2017-05-22 10:55:00,CBI,20.225,20.3,20.15,20.175,43761.0
2017-05-22 10:55:00,CBI,20.225,20.3,20.15,20.175,43761.0
2017-05-22 11:00:00,CBI,20.175,20.22,20.16,20.22,44444.0
2017-05-22 11:00:00,CBI,20.175,20.22,20.16,20.22,44444.0
2017-05-22 11:05:00,CBI,20.22,20.235,20.155,20.175,54223.0
2017-05-22 11:05:00,CBI,20.22,20.235,20.155,20.175,54223.0
2017-05-22 11:10:00,CBI,20.175,20.225,20.155,20.175,22909.0
2017-05-22 11:10:00,CBI,20.175,20.225,20.155,20.175,22909.0
2017-05-22 11:15:00,CBI,20.175,20.34,20.175,20.34,22655.0
2017-05-22 11:15:00,CBI,20.175,20.34,20.175,20.34,22655.0
2017-05-22 11:20:00,CBI,20.34,20.435,20.305,20.435,58045.0
2017-05-22 11:20:00,CBI,20.34,20.435,20.305,20.435,58045.0
2017-05-22 11:25:00,CBI,20.435,20.46,20.365,20.365,37682.0
2017-05-22 11:25:00,CBI,20.435,20.46,20.365,20.365,37682.0
2017-05-22 11:30:00,CBI,20.365,20.395,20.355,20.395,22114.0
2017-05-22 11:30:00,CBI,20.365,20.395,20.355,20.395,22114.0
2017-05-22 11:35:00,CBI,20.395,20.4,20.345,20.39,36755.0
2017-05-22 11:35:00,CBI,20.395,20.4,20.345,20.39,36755.0
2017-05-22 11:40:00,CBI,20.39,20.395,20.335,20.385,25063.0
2017-05-22 11:40:00,CBI,20.39,20.395,20.335,20.385,25063.0
2017-05-22 11:45:00,CBI,20.385,20.415,20.375,20.405,33061.0
2017-05-22 11:45:00,CBI,20.385,20.415,20.375,20.405,33061.0
2017-05-22 11:50:00,CBI,20.405,20.415,20.395,20.405,7896.0
2017-05-22 11:50:00,CBI,20.405,20.415,20.395,20.405,7896.0
2017-05-22 11:55:00,CBI,20.405,20.405,20.385,20.395,21401.0
2017-05-22 11:55:00,CBI,20.405,20.405,20.385,20.395,21401.0
2017-05-22 12:00:00,CBI,20.395,20.495,20.395,20.475,35702.0
2017-05-22 12:00:00,CBI,20.395,20.495,20.395,20.475,35702.0
2017-05-22 12:05:00,CBI,20.475,20.475,20.435,20.445,25561.0
2017-05-22 12:05:00,CBI,20.475,20.475,20.435,20.445,25561.0
2017-05-22 12:10:00,CBI,20.445,20.445,20.415,20.445,25867.0
2017-05-22 12:10:00,CBI,20.445,20.445,20.415,20.445,25867.0
2017-05-22 12:15:00,CBI,20.445,20.5,20.435,20.475,33090.0
2017-05-22 12:15:00,CBI,20.445,20.5,20.435,20.475,33090.0
2017-05-22 12:20:00,CBI,20.475,20.495,20.455,20.475,24596.0
2017-05-22 12:20:00,CBI,20.475,20.495,20.455,20.475,24596.0
2017-05-22 12:25:00,CBI,20.475,20.475,20.425,20.425,23175.0
2017-05-22 12:25:00,CBI,20.475,20.475,20.425,20.425,23175.0
2017-05-22 12:30:00,CBI,20.425,20.425,20.345,20.355,15542.0
2017-05-22 12:30:00,CBI,20.425,20.425,20.345,20.355,15542.0
2017-05-22 12:35:00,CBI,20.355,20.355,20.305,20.325,18967.0
2017-05-22 12:35:00,CBI,20.355,20.355,20.305,20.325,18967.0
2017-05-22 12:40:00,CBI,20.325,20.325,20.275,20.275,25178.0
2017-05-22 12:40:00,CBI,20.325,20.325,20.275,20.275,25178.0
2017-05-22 12:45:00,CBI,20.275,20.285,20.225,20.235,33988.0
2017-05-22 12:45:00,CBI,20.275,20.285,20.225,20.235,33988.0
2017-05-22 12:50:00,CBI,20.235,20.235,20.215,20.215,10253.0
2017-05-22 12:50:00,CBI,20.235,20.235,20.215,20.215,10253.0
2017-05-22 12:55:00,CBI,20.215,20.215,20.135,20.155,61128.0
2017-05-22 12:55:00,CBI,20.215,20.215,20.135,20.155,61128.0
2017-05-22 13:00:00,CBI,20.155,20.195,20.135,20.195,32127.0
2017-05-22 13:00:00,CBI,20.155,20.195,20.135,20.195,32127.0
2017-05-22 13:05:00,CBI,20.195,20.335,20.195,20.335,46524.0
2017-05-22 13:05:00,CBI,20.195,20.335,20.195,20.335,46524.0
2017-05-22 13:10:00,CBI,20.335,20.365,20.315,20.36,28724.0
2017-05-22 13:10:00,CBI,20.335,20.365,20.315,20.36,28724.0
2017-05-22 13:15:00,CBI,20.36,20.36,20.315,20.325,19755.0
2017-05-22 13:15:00,CBI,20.36,20.36,20.315,20.325,19755.0
2017-05-22 13:20:00,CBI,20.325,20.375,20.315,20.355,20951.0
2017-05-22 13:20:00,CBI,20.325,20.375,20.315,20.355,20951.0
2017-05-22 13:25:00,CBI,20.355,20.38,20.325,20.355,27015.0
2017-05-22 13:25:00,CBI,20.355,20.38,20.325,20.355,27015.0
2017-05-22 13:30:00,CBI,20.355,20.365,20.335,20.355,18006.0
2017-05-22 13:30:00,CBI,20.355,20.365,20.335,20.355,18006.0
2017-05-22 13:35:00,CBI,20.355,20.365,20.325,20.335,23484.0
2017-05-22 13:35:00,CBI,20.355,20.365,20.325,20.335,23484.0
2017-05-22 13:40:00,CBI,20.335,20.345,20.325,20.325,14899.0
2017-05-22 13:40:00,CBI,20.335,20.345,20.325,20.325,14899.0
2017-05-22 13:45:00,CBI,20.325,20.335,20.325,20.335,11050.0
2017-05-22 13:45:00,CBI,20.325,20.335,20.325,20.335,11050.0
2017-05-22 13:50:00,CBI,20.335,20.335,20.305,20.33,22966.0
2017-05-22 13:50:00,CBI,20.335,20.335,20.305,20.33,22966.0
2017-05-22 13:55:00,CBI,20.33,20.345,20.33,20.345,9323.0
2017-05-22 13:55:00,CBI,20.33,20.345,20.33,20.345,9323.0
2017-05-22 14:00:00,CBI,20.345,20.365,20.345,20.355,19234.0
2017-05-22 14:00:00,CBI,20.345,20.365,20.345,20.355,19234.0
2017-05-22 14:05:00,CBI,20.355,20.445,20.335,20.425,42663.0
2017-05-22 14:05:00,CBI,20.355,20.445,20.335,20.425,42663.0
2017-05-22 14:10:00,CBI,20.425,20.49,20.425,20.475,23023.0
2017-05-22 14:10:00,CBI,20.425,20.49,20.425,20.475,23023.0
2017-05-22 14:15:00,CBI,20.475,20.475,20.425,20.425,25962.0
2017-05-22 14:15:00,CBI,20.475,20.475,20.425,20.425,25962.0
2017-05-22 14:20:00,CBI,20.425,20.44,20.405,20.435,16871.0
2017-05-22 14:20:00,CBI,20.425,20.44,20.405,20.435,16871.0
2017-05-22 14:25:00,CBI,20.435,20.455,20.425,20.425,19884.0
2017-05-22 14:25:00,CBI,20.435,20.455,20.425,20.425,19884.0
2017-05-22 14:30:00,CBI,20.425,20.425,20.395,20.395,17755.0
2017-05-22 14:30:00,CBI,20.425,20.425,20.395,20.395,17755.0
2017-05-22 14:35:00,CBI,20.395,20.395,20.38,20.395,22776.0
2017-05-22 14:35:00,CBI,20.395,20.395,20.38,20.395,22776.0
2017-05-24 08:00:00,CBI,19.6,19.6,19.5,19.5,0.0
2017-05-24 08:05:00,CBI,19.5,19.95,19.5,19.95,0.0
2017-05-24 08:10:00,CBI,19.95,19.95,19.95,19.95,0.0
2017-05-24 08:15:00,CBI,19.95,19.95,19.95,19.95,0.0
2017-05-24 08:20:00,CBI,19.95,19.95,19.95,19.95,0.0
2017-05-24 08:25:00,CBI,19.95,19.95,19.95,19.95,0.0
2017-05-24 08:30:00,CBI,19.95,19.95,19.95,19.95,1364.0
2017-05-24 08:35:00,CBI,19.95,19.95,19.95,19.95,200.0
2017-05-24 08:40:00,CBI,19.95,19.95,19.95,19.95,0.0
2017-05-24 08:45:00,CBI,19.95,19.95,19.95,19.95,0.0
2017-05-24 08:50:00,CBI,19.95,19.95,19.95,19.95,0.0
2017-05-24 08:55:00,CBI,19.95,19.95,19.95,19.95,100.0
2017-05-24 09:00:00,CBI,19.95,19.95,19.95,19.95,0.0
2017-05-24 09:05:00,CBI,19.95,19.95,19.95,19.95,0.0
2017-05-24 09:10:00,CBI,19.95,19.95,19.95,19.95,0.0
2017-05-24 09:15:00,CBI,19.95,20.055,19.95,20.055,0.0
2017-05-24 09:20:00,CBI,20.055,20.075,19.915,20.075,500.0
2017-05-24 09:25:00,CBI,20.075,20.08,20.07,20.07,0.0
2017-05-24 09:30:00,CBI,20.07,20.07,20.01,20.04,0.0
2017-05-24 09:35:00,CBI,20.04,20.13,19.93,20.115,75043.0
2017-05-24 09:40:00,CBI,20.115,20.22,20.06,20.095,43806.0
2017-05-24 09:45:00,CBI,20.095,20.12,20.06,20.11,17054.0
2017-05-24 09:50:00,CBI,20.11,20.145,20.075,20.125,38294.0
2017-05-24 09:55:00,CBI,20.125,20.125,20.06,20.095,22872.0
2017-05-24 10:00:00,CBI,20.095,20.165,20.07,20.135,46327.0
2017-05-24 10:05:00,CBI,20.135,20.185,20.095,20.1,74758.0
2017-05-24 10:10:00,CBI,20.1,20.12,20.035,20.05,44765.0
2017-05-24 10:15:00,CBI,20.05,20.065,20.015,20.065,33613.0
2017-05-24 10:20:00,CBI,20.065,20.065,20.005,20.005,41805.0
2017-05-24 10:25:00,CBI,20.005,20.055,19.995,20.055,32777.0
2017-05-24 10:30:00,CBI,20.055,20.065,20.025,20.06,18241.0
2017-05-24 10:35:00,CBI,20.06,20.12,20.03,20.035,41907.0
2017-05-24 10:40:00,CBI,20.035,20.115,20.035,20.06,40752.0
2017-05-24 10:45:00,CBI,20.06,20.105,20.06,20.075,18613.0
2017-05-24 10:50:00,CBI,20.075,20.105,20.055,20.065,26810.0
2017-05-24 10:55:00,CBI,20.065,20.065,20.005,20.035,22597.0
2017-05-24 11:00:00,CBI,20.035,20.035,20.015,20.015,14989.0
2017-05-24 11:05:00,CBI,20.015,20.045,20.005,20.045,19839.0
2017-05-24 11:10:00,CBI,20.045,20.045,20.025,20.035,17186.0
2017-05-24 11:15:00,CBI,20.035,20.04,20.025,20.025,19427.0
2017-05-24 11:20:00,CBI,20.025,20.075,20.015,20.075,26649.0
2017-05-24 11:25:00,CBI,20.075,20.075,20.035,20.045,30780.0
2017-05-24 11:30:00,CBI,20.045,20.055,20.035,20.045,14762.0
2017-05-24 11:35:00,CBI,20.045,20.065,20.015,20.015,46501.0
2017-05-24 11:40:00,CBI,20.015,20.015,19.925,19.975,35738.0
2017-05-24 11:45:00,CBI,19.975,19.975,19.925,19.965,20001.0
2017-05-24 11:50:00,CBI,19.965,19.965,19.895,19.915,28656.0
2017-05-24 11:55:00,CBI,19.915,19.915,19.825,19.875,183066.0
2017-05-24 12:00:00,CBI,19.875,19.935,19.85,19.935,55750.0
2017-05-24 12:05:00,CBI,19.935,20.005,19.935,20.005,39459.0
2017-05-24 12:10:00,CBI,20.005,20.045,20.005,20.045,32849.0
2017-05-24 12:15:00,CBI,20.045,20.045,19.995,20.015,24549.0
2017-05-24 12:20:00,CBI,20.015,20.045,20.0,20.035,20784.0
2017-05-24 12:25:00,CBI,20.035,20.085,20.035,20.055,39559.0
2017-05-24 12:30:00,CBI,20.055,20.135,20.04,20.125,21541.0
2017-05-24 12:35:00,CBI,20.125,20.135,20.115,20.135,10146.0
2017-05-24 12:40:00,CBI,20.135,20.135,20.105,20.115,39385.0
2017-05-24 12:45:00,CBI,20.115,20.115,20.045,20.075,35141.0
2017-05-24 12:50:00,CBI,20.075,20.095,20.055,20.055,19839.0
2017-05-24 12:55:00,CBI,20.055,20.105,20.055,20.085,13934.0
2017-05-24 13:00:00,CBI,20.085,20.095,20.075,20.085,13819.0
2017-05-24 13:05:00,CBI,20.085,20.085,20.055,20.075,18589.0
2017-05-24 13:10:00,CBI,20.075,20.105,20.075,20.105,14708.0
2017-05-24 13:15:00,CBI,20.105,20.115,20.105,20.115,10984.0
2017-05-24 13:20:00,CBI,20.115,20.115,20.105,20.115,12851.0
2017-05-25 09:30:00,CBI,20.435,20.435,20.415,20.415,0
2017-05-25 09:35:00,CBI,20.415,20.415,20.23,20.27,51130.0
2017-05-25 09:40:00,CBI,20.27,20.27,20.165,20.25,12737.0
2017-05-25 09:45:00,CBI,20.25,20.295,20.18,20.295,18318.0
2017-05-25 09:50:00,CBI,20.295,20.355,20.275,20.33,22663.0
2017-05-25 09:55:00,CBI,20.33,20.365,20.3,20.35,51348.0
2017-05-25 10:00:00,CBI,20.35,20.395,20.35,20.39,24123.0
2017-05-25 10:05:00,CBI,20.39,20.39,20.25,20.26,29558.0
2017-05-25 10:10:00,CBI,20.26,20.3,20.235,20.295,27202.0
2017-05-25 10:15:00,CBI,20.295,20.39,20.285,20.375,34328.0
2017-05-25 10:20:00,CBI,20.375,20.385,20.345,20.345,27012.0
2017-05-25 10:25:00,CBI,20.345,20.355,20.295,20.295,35913.0
2017-05-25 10:30:00,CBI,20.295,20.385,20.275,20.355,36414.0
2017-05-25 10:35:00,CBI,20.355,20.415,20.345,20.415,29527.0
2017-05-25 10:40:00,CBI,20.415,20.465,20.405,20.465,35484.0
2017-05-25 10:45:00,CBI,20.465,20.465,20.385,20.385,25713.0
2017-05-25 10:50:00,CBI,20.385,20.405,20.365,20.375,24454.0
2017-05-25 10:55:00,CBI,20.375,20.395,20.365,20.365,31641.0
2017-05-25 11:00:00,CBI,20.365,20.365,20.255,20.255,30256.0
2017-05-25 11:05:00,CBI,20.255,20.275,20.235,20.275,40020.0
2017-05-25 11:10:00,CBI,20.275,20.325,20.275,20.315,20416.0
2017-05-25 11:15:00,CBI,20.315,20.325,20.285,20.285,27605.0
2017-05-25 11:20:00,CBI,20.285,20.315,20.265,20.275,16697.0
2017-05-25 11:25:00,CBI,20.275,20.285,20.185,20.225,42559.0
2017-05-25 11:30:00,CBI,20.225,20.275,20.205,20.275,23174.0
2017-05-25 11:35:00,CBI,20.275,20.275,20.17,20.175,34927.0
2017-05-25 11:40:00,CBI,20.175,20.175,20.115,20.115,30775.0
2017-05-25 11:45:00,CBI,20.115,20.115,20.055,20.065,28534.0
2017-05-25 11:50:00,CBI,20.065,20.135,20.055,20.095,35254.0
2017-05-25 11:55:00,CBI,20.095,20.105,20.025,20.025,16310.0
2017-05-25 12:00:00,CBI,20.025,20.025,19.985,19.985,32069.0
2017-05-25 12:05:00,CBI,19.985,20.045,19.965,19.995,38414.0
2017-05-25 12:10:00,CBI,19.995,19.995,19.94,19.945,15262.0
2017-05-25 12:15:00,CBI,19.945,19.945,19.895,19.91,29455.0
2017-05-25 12:20:00,CBI,19.91,19.915,19.885,19.905,19635.0
2017-05-25 12:25:00,CBI,19.905,19.955,19.875,19.945,23936.0
2017-05-25 12:30:00,CBI,19.945,19.955,19.925,19.925,41560.0
2017-05-25 12:35:00,CBI,19.925,19.965,19.905,19.905,77149.0
2017-05-25 12:40:00,CBI,19.905,19.925,19.885,19.885,24473.0
2017-05-25 12:45:00,CBI,19.885,19.885,19.845,19.865,30029.0
2017-05-25 12:50:00,CBI,19.865,19.905,19.865,19.865,15291.0
2017-05-25 12:55:00,CBI,19.865,19.865,19.815,19.815,19520.0
2017-05-25 13:00:00,CBI,19.815,19.815,19.745,19.79,44589.0
2017-05-25 13:05:00,CBI,19.79,19.795,19.735,19.735,37524.0
2017-05-25 13:10:00,CBI,19.735,19.745,19.71,19.715,13388.0
2017-05-25 13:15:00,CBI,19.715,19.715,19.625,19.665,56317.0
2017-05-25 13:20:00,CBI,19.665,19.665,19.605,19.645,93286.0
2017-05-25 13:25:00,CBI,19.645,19.71,19.645,19.655,27705.0
2017-05-25 13:30:00,CBI,19.655,19.695,19.645,19.655,30808.0
2017-05-25 13:35:00,CBI,19.655,19.685,19.635,19.635,24020.0
2017-05-25 13:40:00,CBI,19.635,19.675,19.625,19.655,24020.0
2017-05-25 13:45:00,CBI,19.655,19.665,19.635,19.645,25681.0
2017-05-25 13:50:00,CBI,19.645,19.645,19.575,19.585,27487.0
2017-05-25 13:55:00,CBI,19.585,19.605,19.575,19.585,21714.0
2017-05-25 14:00:00,CBI,19.585,19.595,19.535,19.535,15061.0
2017-05-25 14:05:00,CBI,19.535,19.545,19.515,19.525,25299.0
2017-05-25 14:10:00,CBI,19.525,19.525,19.41,19.425,55801.0
2017-05-25 14:15:00,CBI,19.425,19.425,19.335,19.375,40861.0
2017-05-25 14:20:00,CBI,19.375,19.405,19.375,19.395,22311.0
2017-05-25 14:25:00,CBI,19.395,19.475,19.395,19.435,22090.0
2017-05-25 14:30:00,CBI,19.435,19.445,19.405,19.425,25408.0
2017-05-25 14:35:00,CBI,19.425,19.505,19.415,19.505,28164.0
2017-05-25 14:40:00,CBI,19.505,19.525,19.495,19.515,15672.0
2017-05-25 14:45:00,CBI,19.515,19.56,19.505,19.535,39611.0
2017-05-25 14:50:00,CBI,19.535,19.545,19.485,19.485,19908.0
2017-05-25 14:55:00,CBI,19.485,19.525,19.485,19.525,22966.0
2017-05-25 15:00:00,CBI,19.525,19.565,19.525,19.545,27195.0
2017-05-25 15:05:00,CBI,19.545,19.595,19.535,19.565,21609.0
2017-05-25 15:10:00,CBI,19.565,19.565,19.535,19.535,19967.0
2017-05-25 15:15:00,CBI,19.535,19.545,19.525,19.535,25758.0
2017-05-25 15:20:00,CBI,19.535,19.545,19.525,19.535,16257.0
2017-05-25 15:25:00,CBI,19.535,19.555,19.53,19.545,32284.0
2017-05-25 15:30:00,CBI,19.545,19.545,19.545,19.545,13565.0
2017-05-25 15:35:00,CBI,19.545,19.555,19.545,19.545,28921.0
2017-05-25 15:40:00,CBI,19.545,19.545,19.475,19.485,52925.0
2017-05-25 15:45:00,CBI,19.485,19.485,19.435,19.435,56729.0
2017-05-25 15:50:00,CBI,19.435,19.495,19.435,19.485,70446.0
2017-05-25 15:55:00,CBI,19.485,19.485,19.445,19.485,87413.0
2017-05-25 16:00:00,CBI,19.485,19.485,19.435,19.445,135891.0
2017-05-25 16:05:00,CBI,19.445,19.445,19.445,19.445,102037.0
2017-05-25 16:10:00,CBI,19.445,19.445,19.435,19.44,0.0
2017-05-25 16:15:00,CBI,19.44,19.45,19.405,19.44,100.0
2017-05-25 16:20:00,CBI,19.44,19.445,19.435,19.44,193.0
2017-05-25 16:25:00,CBI,19.44,19.45,19.435,19.445,0.0
2017-05-25 16:30:00,CBI,19.445,19.45,19.44,19.445,0.0
2017-05-25 16:35:00,CBI,19.445,19.795,19.415,19.79,4865.0
2017-05-25 16:40:00,CBI,19.79,19.85,19.79,19.85,0.0
2017-05-25 16:45:00,CBI,19.85,19.85,19.725,19.725,0.0
2017-05-25 16:50:00,CBI,19.725,19.725,19.725,19.725,0.0
2017-05-25 16:55:00,CBI,19.725,19.725,19.725,19.725,0.0
2017-05-25 17:00:00,CBI,19.725,19.725,19.725,19.725,0.0
2017-05-25 17:05:00,CBI,19.725,19.725,19.725,19.725,0.0
2017-05-25 17:10:00,CBI,19.725,19.725,19.725,19.725,0.0
2017-05-25 17:15:00,CBI,19.725,19.725,19.725,19.725,0.0
2017-05-25 17:20:00,CBI,19.725,19.725,19.575,19.575,0.0
2017-05-25 17:25:00,CBI,19.575,19.575,19.575,19.575,0.0
2017-05-25 17:30:00,CBI,19.575,19.575,19.575,19.575,0.0
2017-05-25 17:35:00,CBI,19.575,19.575,19.575,19.575,0.0
2017-05-25 17:40:00,CBI,19.575,19.575,19.575,19.575,0.0
2017-05-25 17:45:00,CBI,19.575,19.575,19.575,19.575,0.0
2017-05-25 17:50:00,CBI,19.575,19.575,19.575,19.575,0.0
2017-05-25 17:55:00,CBI,19.575,19.575,19.575,19.575,0.0
2017-05-25 18:00:00,CBI,19.575,19.575,19.575,19.575,0.0
2017-05-25 18:05:00,CBI,19.575,19.575,19.575,19.575,0.0
2017-05-25 18:10:00,CBI,19.575,19.575,19.575,19.575,0.0
2017-05-25 18:15:00,CBI,19.575,19.575,19.575,19.575,0.0
2017-05-25 18:20:00,CBI,19.575,19.575,19.575,19.575,0.0
2017-05-25 18:25:00,CBI,19.575,19.575,19.575,19.575,0.0
2017-05-25 18:30:00,CBI,19.575,19.575,19.575,19.575,0.0
2017-05-25 18:35:00,CBI,19.575,19.575,19.575,19.575,0.0
2017-05-25 18:40:00,CBI,19.575,19.575,19.575,19.575,0.0
2017-05-25 18:45:00,CBI,19.575,19.575,19.575,19.575,0.0
2017-05-25 18:50:00,CBI,19.575,19.575,19.575,19.575,0.0
2017-05-25 18:55:00,CBI,19.575,19.575,19.575,19.575,0.0
2017-05-25 19:00:00,CBI,19.575,19.735,19.46,19.46,100.0
2017-05-25 19:05:00,CBI,19.46,19.46,19.46,19.46,0.0
2017-05-25 19:10:00,CBI,19.46,19.46,19.46,19.46,0.0
2017-05-25 19:15:00,CBI,19.46,19.46,19.46,19.46,0.0
2017-05-25 19:20:00,CBI,19.46,19.46,19.46,19.46,0.0
2017-05-25 19:25:00,CBI,19.46,19.46,19.46,19.46,0.0
2017-05-25 19:30:00,CBI,19.46,19.46,19.46,19.46,0.0
2017-05-25 19:35:00,CBI,19.46,19.46,19.46,19.46,0.0
2017-05-25 19:40:00,CBI,19.46,19.46,19.46,19.46,0.0
2017-05-25 19:45:00,CBI,19.46,19.46,19.46,19.46,0.0
2017-05-25 19:50:00,CBI,19.46,19.46,19.46,19.46,0.0
2017-05-25 19:55:00,CBI,19.46,19.46,19.46,19.46,0.0
2017-05-25 20:00:00,CBI,19.46,19.46,19.46,19.46,0.0
2017-05-25 20:05:00,CBI,19.46,19.46,19.46,19.46,0.0
2017-05-25 20:10:00,CBI,19.46,19.46,19.46,19.46,0.0
2017-05-25 20:15:00,CBI,19.46,19.46,19.46,19.46,0.0
2017-05-25 20:20:00,CBI,19.46,19.46,19.46,19.46,0.0
2017-05-25 20:25:00,CBI,19.46,19.46,19.46,19.46,0.0
2017-05-25 20:30:00,CBI,19.46,19.46,19.46,19.46,0.0
2017-05-25 20:35:00,CBI,19.46,19.46,19.46,19.46,0.0
2017-05-25 20:40:00,CBI,19.46,19.46,19.46,19.46,0.0
2017-05-25 20:45:00,CBI,19.46,19.46,19.46,19.46,0.0
2017-05-25 20:50:00,CBI,19.46,19.46,19.46,19.46,0.0
2017-05-25 20:55:00,CBI,19.46,19.46,19.46,19.46,0.0
2017-05-26 08:00:00,CBI,21.02,21.02,21.02,21.02,0.0
2017-05-26 08:05:00,CBI,21.02,21.02,19.39,19.785,50.0
2017-05-26 08:10:00,CBI,19.785,19.785,19.785,19.785,0.0
2017-05-26 08:15:00,CBI,19.785,19.785,19.785,19.785,0.0
2017-05-26 08:20:00,CBI,19.785,19.785,19.785,19.785,0.0
2017-05-26 08:25:00,CBI,19.785,19.785,19.785,19.785,0.0
2017-05-26 08:30:00,CBI,19.785,19.785,19.785,19.785,0.0
2017-05-26 08:35:00,CBI,19.785,19.785,19.785,19.785,0.0
2017-05-26 08:40:00,CBI,19.785,19.785,19.785,19.785,0.0
2017-05-26 08:45:00,CBI,19.785,19.785,19.785,19.785,0.0
2017-05-26 08:50:00,CBI,19.785,19.785,19.785,19.785,0.0
2017-05-26 08:55:00,CBI,19.785,19.785,19.785,19.785,0.0
2017-05-26 09:00:00,CBI,19.785,19.8,19.785,19.8,0.0
2017-05-26 09:05:00,CBI,19.8,19.8,19.8,19.8,0.0
2017-05-26 09:10:00,CBI,19.8,19.8,19.8,19.8,0.0
2017-05-26 09:15:00,CBI,19.8,19.8,19.8,19.8,0.0
2017-05-26 09:20:00,CBI,19.8,19.8,19.775,19.775,0.0
2017-05-26 09:25:00,CBI,19.775,19.775,19.62,19.62,0.0
2017-05-26 09:30:00,CBI,19.62,19.625,19.49,19.49,0.0
2017-05-26 09:35:00,CBI,19.49,19.595,19.435,19.51,45670.0
2017-05-26 09:40:00,CBI,19.51,19.525,19.365,19.37,33454.0
2017-05-26 09:45:00,CBI,19.37,19.465,19.365,19.465,34143.0
2017-05-26 09:50:00,CBI,19.465,19.575,19.43,19.565,46416.0
2017-05-26 09:55:00,CBI,19.565,19.755,19.515,19.7,62908.0
2017-05-26 10:00:00,CBI,19.7,19.7,19.615,19.63,25558.0
2017-05-26 10:05:00,CBI,19.63,19.66,19.605,19.645,14094.0
2017-05-26 10:10:00,CBI,19.645,19.645,19.56,19.595,55463.0
2017-05-26 10:15:00,CBI,19.595,19.695,19.565,19.68,33419.0
2017-05-26 10:20:00,CBI,19.68,19.71,19.63,19.705,21354.0
2017-05-26 10:25:00,CBI,19.705,19.79,19.705,19.76,20734.0
2017-05-26 10:30:00,CBI,19.76,19.765,19.72,19.745,25502.0
2017-05-26 10:35:00,CBI,19.745,19.775,19.73,19.745,29094.0
2017-05-26 10:40:00,CBI,19.745,19.76,19.715,19.75,15063.0
2017-05-26 10:45:00,CBI,19.75,19.755,19.655,19.655,7477.0
2017-05-26 10:50:00,CBI,19.655,19.665,19.615,19.615,15500.0
2017-05-26 10:55:00,CBI,19.615,19.635,19.59,19.61,14247.0
2017-05-26 11:00:00,CBI,19.61,19.61,19.52,19.53,15228.0
2017-05-26 11:05:00,CBI,19.53,19.58,19.525,19.56,11169.0
2017-05-26 11:10:00,CBI,19.56,19.605,19.56,19.6,17080.0
2017-05-26 11:15:00,CBI,19.6,19.615,19.545,19.55,19435.0
2017-05-26 11:20:00,CBI,19.55,19.57,19.525,19.525,7162.0
2017-05-26 11:25:00,CBI,19.525,19.595,19.525,19.585,18172.0
2017-05-26 11:30:00,CBI,19.585,19.585,19.545,19.555,11146.0
2017-05-26 11:35:00,CBI,19.555,19.565,19.505,19.505,12245.0
2017-05-26 11:40:00,CBI,19.505,19.525,19.495,19.51,28398.0
2017-05-26 11:45:00,CBI,19.51,19.515,19.495,19.5,10360.0
2017-05-26 11:50:00,CBI,19.5,19.515,19.495,19.505,10021.0
2017-05-26 11:55:00,CBI,19.505,19.505,19.485,19.485,6908.0
2017-05-26 12:00:00,CBI,19.485,19.505,19.475,19.5,30850.0
2017-05-26 12:05:00,CBI,19.5,19.555,19.5,19.555,17460.0
2017-05-26 12:10:00,CBI,19.555,19.635,19.555,19.615,19463.0
2017-05-26 12:15:00,CBI,19.615,19.655,19.615,19.645,16410.0
2017-05-26 12:20:00,CBI,19.645,19.645,19.635,19.645,6815.0
2017-05-26 12:25:00,CBI,19.645,19.695,19.645,19.69,18657.0
2017-05-26 12:30:00,CBI,19.69,19.7,19.675,19.695,10974.0
2017-05-26 12:35:00,CBI,19.695,19.695,19.66,19.66,8296.0
2017-05-26 12:40:00,CBI,19.66,19.705,19.66,19.7,7553.0
2017-05-26 12:45:00,CBI,19.7,19.715,19.685,19.69,11398.0
2017-05-26 12:50:00,CBI,19.69,19.695,19.675,19.675,14748.0
2017-05-26 12:55:00,CBI,19.675,19.685,19.635,19.635,12322.0
2017-05-26 13:00:00,CBI,19.635,19.635,19.61,19.63,7200.0
2017-05-26 13:05:00,CBI,19.63,19.635,19.595,19.605,8305.0
2017-05-26 13:10:00,CBI,19.605,19.62,19.595,19.605,7137.0
2017-05-26 13:15:00,CBI,19.605,19.625,19.605,19.605,10283.0
2017-05-26 13:20:00,CBI,19.605,19.615,19.585,19.585,11005.0
2017-05-26 13:25:00,CBI,19.585,19.595,19.565,19.565,6987.0
2017-05-26 13:30:00,CBI,19.565,19.565,19.545,19.555,14279.0
2017-05-26 13:35:00,CBI,19.555,19.585,19.555,19.585,9900.0
2017-05-26 13:40:00,CBI,19.585,19.585,19.565,19.565,8527.0
2017-05-26 13:45:00,CBI,19.565,19.585,19.565,19.565,10983.0
2017-05-26 13:50:00,CBI,19.565,19.565,19.555,19.555,3943.0
2017-05-26 13:55:00,CBI,19.555,19.555,19.535,19.545,8064.0
2017-05-26 14:00:00,CBI,19.545,19.545,19.535,19.545,8320.0
2017-05-26 14:05:00,CBI,19.545,19.555,19.535,19.545,11120.0
2017-05-26 14:10:00,CBI,19.545,19.545,19.535,19.545,7751.0
2017-05-26 14:15:00,CBI,19.545,19.555,19.535,19.535,57081.0
2017-05-26 14:20:00,CBI,19.535,19.545,19.525,19.535,9938.0
2017-05-26 14:25:00,CBI,19.535,19.555,19.525,19.545,11155.0
2017-05-26 14:30:00,CBI,19.545,19.575,19.545,19.575,8699.0
2017-05-26 14:35:00,CBI,19.575,19.575,19.555,19.555,5858.0
2017-05-26 14:40:00,CBI,19.555,19.575,19.555,19.575,9438.0
2017-05-26 14:45:00,CBI,19.575,19.575,19.565,19.565,5811.0
2017-05-26 14:50:00,CBI,19.565,19.565,19.555,19.565,17519.0
2017-05-26 14:55:00,CBI,19.565,19.585,19.555,19.585,8615.0
2017-05-26 15:00:00,CBI,19.585,19.585,19.575,19.58,11880.0
2017-05-26 15:05:00,CBI,19.58,19.605,19.575,19.605,10113.0
2017-05-26 15:10:00,CBI,19.605,19.615,19.595,19.605,20287.0
2017-05-26 15:15:00,CBI,19.605,19.605,19.605,19.605,10106.0
2017-05-26 15:20:00,CBI,19.605,19.675,19.595,19.665,41406.0
2017-05-26 15:25:00,CBI,19.665,19.685,19.66,19.675,20342.0
2017-05-26 15:30:00,CBI,19.675,19.715,19.675,19.715,33847.0
2017-05-26 15:35:00,CBI,19.715,19.715,19.705,19.705,18695.0
2017-05-26 15:40:00,CBI,19.705,19.705,19.695,19.695,28655.0
2017-05-26 15:45:00,CBI,19.695,19.705,19.695,19.705,52098.0
2017-05-26 15:50:00,CBI,19.705,19.725,19.705,19.725,52950.0
2017-05-26 15:55:00,CBI,19.725,19.745,19.725,19.745,70545.0
2017-05-26 16:00:00,CBI,19.745,19.745,19.725,19.725,116916.0
2017-05-26 16:05:00,CBI,19.725,19.725,19.725,19.725,74694.0
2017-05-26 16:10:00,CBI,19.725,19.725,19.7,19.705,0.0
2017-05-26 16:15:00,CBI,19.705,19.725,19.705,19.72,0.0
2017-05-26 16:20:00,CBI,19.72,19.725,19.72,19.72,0.0
2017-05-26 16:25:00,CBI,19.72,19.725,19.72,19.725,1881.0
2017-05-26 16:30:00,CBI,19.725,19.725,19.72,19.725,0.0
2017-05-26 16:35:00,CBI,19.725,19.725,19.565,19.675,10947.0
2017-05-26 16:40:00,CBI,19.675,19.675,19.675,19.675,0.0
2017-05-26 16:45:00,CBI,19.675,19.675,19.675,19.675,0.0
2017-05-26 16:50:00,CBI,19.675,19.675,19.675,19.675,600.0
2017-05-26 16:55:00,CBI,19.675,19.675,19.675,19.675,0.0
2017-05-26 17:00:00,CBI,19.675,19.675,19.675,19.675,0.0
2017-05-26 17:05:00,CBI,19.675,19.675,19.675,19.675,0.0
2017-05-26 17:10:00,CBI,19.675,19.705,19.675,19.695,0.0
2017-05-26 17:15:00,CBI,19.695,19.7,19.69,19.695,0.0
2017-05-26 17:20:00,CBI,19.695,19.695,19.69,19.695,0.0
2017-05-26 17:25:00,CBI,19.695,19.695,19.695,19.695,0.0
2017-05-26 17:30:00,CBI,19.695,19.695,19.695,19.695,0.0
2017-05-26 17:35:00,CBI,19.695,19.695,19.695,19.695,0.0
2017-05-26 17:40:00,CBI,19.695,19.695,19.695,19.695,0.0
2017-05-26 17:45:00,CBI,19.695,19.695,19.695,19.695,0.0
2017-05-26 17:50:00,CBI,19.695,19.695,19.695,19.695,0.0
2017-05-26 17:55:00,CBI,19.695,19.695,19.695,19.695,0.0
2017-05-26 18:00:00,CBI,19.695,19.695,19.695,19.695,0.0
2017-05-26 18:05:00,CBI,19.695,19.695,19.695,19.695,0.0
2017-05-26 18:10:00,CBI,19.695,19.695,19.695,19.695,0.0
2017-05-26 18:15:00,CBI,19.695,19.695,19.695,19.695,0.0
2017-05-26 18:20:00,CBI,19.695,19.695,19.695,19.695,0.0
2017-05-26 18:25:00,CBI,19.695,19.695,19.695,19.695,0.0
2017-05-26 18:30:00,CBI,19.695,19.695,19.695,19.695,0.0
2017-05-26 18:35:00,CBI,19.695,19.695,19.695,19.695,0.0
2017-05-26 18:40:00,CBI,19.695,19.695,19.695,19.695,0.0
2017-05-26 18:45:00,CBI,19.695,19.695,19.695,19.695,0.0
2017-05-26 18:50:00,CBI,19.695,19.695,19.695,19.695,0.0
2017-05-26 18:55:00,CBI,19.695,19.695,19.695,19.695,0.0
2017-05-26 19:00:00,CBI,19.695,19.695,19.695,19.695,0.0
2017-05-26 19:05:00,CBI,19.695,19.695,19.695,19.695,25.0
2017-05-26 19:10:00,CBI,19.695,19.695,19.695,19.695,0.0
2017-05-26 19:15:00,CBI,19.695,19.695,19.695,19.695,0.0
2017-05-26 19:20:00,CBI,19.695,19.695,19.695,19.695,0.0
2017-05-26 19:25:00,CBI,19.695,19.695,19.695,19.695,0.0
2017-05-26 19:30:00,CBI,19.695,19.695,19.695,19.695,0.0
2017-05-26 19:35:00,CBI,19.695,19.695,19.695,19.695,0.0
2017-05-26 19:40:00,CBI,19.695,19.695,19.695,19.695,0.0
2017-05-26 19:45:00,CBI,19.695,19.695,19.695,19.695,0.0
2017-05-26 19:50:00,CBI,19.695,19.695,19.695,19.695,0.0
2017-05-26 19:55:00,CBI,19.695,19.695,19.695,19.695,0.0
2017-05-26 20:00:00,CBI,19.695,19.695,19.695,19.695,0.0
2017-05-26 20:05:00,CBI,19.695,19.695,19.695,19.695,0.0
2017-05-26 20:10:00,CBI,19.695,19.695,19.695,19.695,0.0
2017-05-26 20:15:00,CBI,19.695,19.695,19.695,19.695,0.0
2017-05-26 20:20:00,CBI,19.695,19.695,19.695,19.695,0.0
2017-05-26 20:25:00,CBI,19.695,19.695,19.695,19.695,0.0
2017-05-26 20:30:00,CBI,19.695,19.695,19.695,19.695,0.0
2017-05-26 20:35:00,CBI,19.695,19.695,19.695,19.695,0.0
2017-05-26 20:40:00,CBI,19.695,19.695,19.695,19.695,0.0
2017-05-26 20:45:00,CBI,19.695,19.695,19.695,19.695,0.0
2017-05-26 20:50:00,CBI,19.695,19.695,19.695,19.695,0.0
2017-05-26 20:55:00,CBI,19.695,19.695,19.695,19.695,0.0
2017-05-27 08:00:00,CBI,19.695,19.695,19.695,19.695,0.0
2017-05-27 08:05:00,CBI,19.695,19.695,19.695,19.695,0.0
2017-05-27 08:10:00,CBI,19.695,19.695,19.695,19.695,0.0
2017-05-27 08:15:00,CBI,19.695,19.695,19.695,19.695,0.0
2017-05-27 08:20:00,CBI,19.695,19.695,19.695,19.695,0.0
2017-05-27 08:25:00,CBI,19.695,19.695,19.695,19.695,0.0
2017-05-27 08:30:00,CBI,19.695,19.695,19.695,19.695,0.0
2017-05-27 08:35:00,CBI,19.695,19.695,19.695,19.695,0.0
2017-05-27 08:40:00,CBI,19.695,19.695,19.695,19.695,0.0
2017-05-27 08:45:00,CBI,19.695,19.695,19.695,19.695,0.0
2017-05-27 08:50:00,CBI,19.695,19.695,19.695,19.695,0.0
2017-05-27 08:55:00,CBI,19.695,19.695,19.695,19.695,0.0
2017-05-27 09:00:00,CBI,19.695,19.695,19.695,19.695,0.0
2017-05-27 09:05:00,CBI,19.695,19.695,19.695,19.695,0.0
2017-05-27 09:10:00,CBI,19.695,19.695,19.695,19.695,0.0
2017-05-27 09:15:00,CBI,19.695,19.695,19.695,19.695,0.0
2017-05-27 09:20:00,CBI,19.695,19.695,19.695,19.695,0.0
2017-05-27 09:25:00,CBI,19.695,19.695,19.695,19.695,0.0
2017-05-27 09:30:00,CBI,19.695,19.695,19.695,19.695,0.0
2017-05-27 09:35:00,CBI,19.695,19.695,19.695,19.695,0.0
2017-05-27 09:40:00,CBI,19.695,19.695,19.695,19.695,0.0
2017-05-27 09:45:00,CBI,19.695,19.695,19.695,19.695,0.0
2017-05-27 09:50:00,CBI,19.695,19.695,19.695,19.695,0.0
2017-05-27 09:55:00,CBI,19.695,19.695,19.695,19.695,0.0
2017-05-27 10:00:00,CBI,19.695,19.695,19.695,19.695,0.0
2017-05-27 10:05:00,CBI,19.695,19.695,19.695,19.695,0.0
2017-05-27 10:10:00,CBI,19.695,19.695,19.695,19.695,0.0
2017-05-27 10:15:00,CBI,19.695,19.695,19.695,19.695,0.0
2017-05-27 10:20:00,CBI,19.695,19.695,19.695,19.695,0.0
2017-05-27 10:25:00,CBI,19.695,19.695,19.695,19.695,0.0
2017-05-27 10:30:00,CBI,19.695,19.695,19.695,19.695,0.0
2017-05-27 10:35:00,CBI,19.695,19.695,19.695,19.695,0.0
2017-05-27 10:40:00,CBI,19.695,19.695,19.695,19.695,0.0
2017-05-27 10:45:00,CBI,19.695,19.695,19.695,19.695,0.0
2017-05-27 10:50:00,CBI,19.695,19.695,19.695,19.695,0.0
2017-05-27 10:55:00,CBI,19.695,19.695,19.695,19.695,0.0
2017-05-27 11:00:00,CBI,19.695,19.695,19.695,19.695,0.0
2017-05-27 11:05:00,CBI,19.695,19.695,19.695,19.695,0.0
2017-05-27 11:10:00,CBI,19.695,19.695,19.695,19.695,0.0
2017-05-27 11:15:00,CBI,19.695,19.695,19.695,19.695,0.0
2017-05-27 11:20:00,CBI,19.695,19.695,19.695,19.695,0.0
2017-05-27 11:25:00,CBI,19.695,19.695,19.695,19.695,0.0
2017-05-27 11:30:00,CBI,19.695,19.695,19.695,19.695,0.0
2017-05-27 11:35:00,CBI,19.695,19.695,19.695,19.695,0.0
2017-05-27 11:40:00,CBI,19.695,19.695,19.695,19.695,0.0
2017-05-27 11:45:00,CBI,19.695,19.695,19.695,19.695,0.0
2017-05-27 11:50:00,CBI,19.695,19.695,19.695,19.695,0.0
2017-05-27 11:55:00,CBI,19.695,19.695,19.695,19.695,0.0
2017-05-27 12:00:00,CBI,19.695,19.695,19.695,19.695,0.0
2017-05-27 12:05:00,CBI,19.695,19.695,19.695,19.695,0.0
2017-05-27 12:10:00,CBI,19.695,19.695,19.695,19.695,0.0
2017-05-27 12:15:00,CBI,19.695,19.695,19.695,19.695,0.0
2017-05-27 12:20:00,CBI,19.695,19.695,19.695,19.695,0.0
2017-05-27 12:25:00,CBI,19.695,19.695,19.695,19.695,0.0
2017-05-27 12:30:00,CBI,19.695,19.695,19.695,19.695,0.0
2017-05-27 12:35:00,CBI,19.695,19.695,19.695,19.695,0.0
2017-05-27 12:40:00,CBI,19.695,19.695,19.695,19.695,0.0
2017-05-27 12:45:00,CBI,19.695,19.695,19.695,19.695,0.0
2017-05-27 12:50:00,CBI,19.695,19.695,19.695,19.695,0.0
2017-05-27 12:55:00,CBI,19.695,19.695,19.695,19.695,0.0
2017-05-27 13:00:00,CBI,19.695,19.695,19.695,19.695,0.0
2017-05-27 13:05:00,CBI,19.695,19.695,19.695,19.695,0.0
2017-05-27 13:10:00,CBI,19.695,19.695,19.695,19.695,0.0
2017-05-27 13:15:00,CBI,19.695,19.695,19.695,19.695,0.0
2017-05-27 13:20:00,CBI,19.695,19.695,19.695,19.695,0.0
2017-05-27 13:25:00,CBI,19.695,19.695,19.695,19.695,0.0
2017-05-27 13:30:00,CBI,19.695,19.695,19.695,19.695,0.0
2017-05-27 13:35:00,CBI,19.695,19.695,19.695,19.695,0.0
2017-05-27 13:40:00,CBI,19.695,19.695,19.695,19.695,0.0
2017-05-27 13:45:00,CBI,19.695,19.695,19.695,19.695,0.0
2017-05-27 13:50:00,CBI,19.695,19.695,19.695,19.695,0.0
2017-05-27 13:55:00,CBI,19.695,19.695,19.695,19.695,0.0
2017-05-27 14:00:00,CBI,19.695,19.695,19.695,19.695,0.0
2017-05-27 14:05:00,CBI,19.695,19.695,19.695,19.695,0.0
2017-05-27 14:10:00,CBI,19.695,19.695,19.695,19.695,0.0
2017-05-27 14:15:00,CBI,19.695,19.695,19.695,19.695,0.0
2017-05-27 14:20:00,CBI,19.695,19.695,19.695,19.695,0.0
2017-05-27 14:25:00,CBI,19.695,19.695,19.695,19.695,0.0
2017-05-27 14:30:00,CBI,19.695,19.695,19.695,19.695,0.0
2017-05-27 14:35:00,CBI,19.695,19.695,19.695,19.695,0.0
2017-05-27 14:40:00,CBI,19.695,19.695,19.695,19.695,0.0
2017-05-27 14:45:00,CBI,19.695,19.695,19.695,19.695,0.0
2017-05-27 14:50:00,CBI,19.695,19.695,19.695,19.695,0.0
2017-05-27 14:55:00,CBI,19.695,19.695,19.695,19.695,0.0
2017-05-27 15:00:00,CBI,19.695,19.695,19.695,19.695,0.0
2017-05-27 15:05:00,CBI,19.695,19.695,19.695,19.695,0.0
2017-05-27 15:10:00,CBI,19.695,19.695,19.695,19.695,0.0
2017-05-27 15:15:00,CBI,19.695,19.695,19.695,19.695,0.0
2017-05-27 15:20:00,CBI,19.695,19.695,19.695,19.695,0.0
2017-05-27 15:25:00,CBI,19.695,19.695,19.695,19.695,0.0
2017-05-27 15:30:00,CBI,19.695,19.695,19.695,19.695,0.0
2017-05-27 15:35:00,CBI,19.695,19.695,19.695,19.695,0.0
2017-05-27 15:40:00,CBI,19.695,19.695,19.695,19.695,0.0
2017-05-27 15:45:00,CBI,19.695,19.695,19.695,19.695,0.0
2017-05-27 15:50:00,CBI,19.695,19.695,19.695,19.695,0.0
2017-05-27 15:55:00,CBI,19.695,19.695,19.695,19.695,0.0
2017-05-27 16:00:00,CBI,19.695,19.695,19.695,19.695,0.0
2017-05-27 16:05:00,CBI,19.695,19.695,19.695,19.695,0.0
2017-05-27 16:10:00,CBI,19.695,19.695,19.695,19.695,0.0
2017-05-27 16:15:00,CBI,19.695,19.695,19.695,19.695,0.0
2017-05-27 16:20:00,CBI,19.695,19.695,19.695,19.695,0.0
2017-05-27 16:25:00,CBI,19.695,19.695,19.695,19.695,0.0
2017-05-27 16:30:00,CBI,19.695,19.695,19.695,19.695,0.0
2017-05-27 16:35:00,CBI,19.695,19.695,19.695,19.695,0.0
2017-05-27 16:40:00,CBI,19.695,19.695,19.695,19.695,0.0
2017-05-27 16:45:00,CBI,19.695,19.695,19.695,19.695,0.0
2017-05-27 16:50:00,CBI,19.695,19.695,19.695,19.695,0.0
2017-05-27 16:55:00,CBI,19.695,19.695,19.695,19.695,0.0
2017-05-27 17:00:00,CBI,19.695,19.695,19.695,19.695,0.0
2017-05-27 17:05:00,CBI,19.695,19.695,19.695,19.695,0.0
2017-05-27 17:10:00,CBI,19.695,19.695,19.695,19.695,0.0
2017-05-27 17:15:00,CBI,19.695,19.695,19.695,19.695,0.0
2017-05-27 17:20:00,CBI,19.695,19.695,19.695,19.695,0.0
2017-05-27 17:25:00,CBI,19.695,19.695,19.695,19.695,0.0
2017-05-27 17:30:00,CBI,19.695,19.695,19.695,19.695,0.0
2017-05-27 17:35:00,CBI,19.695,19.695,19.695,19.695,0.0
2017-05-27 17:40:00,CBI,19.695,19.695,19.695,19.695,0.0
2017-05-27 17:45:00,CBI,19.695,19.695,19.695,19.695,0.0
2017-05-27 17:50:00,CBI,19.695,19.695,19.695,19.695,0.0
2017-05-27 17:55:00,CBI,19.695,19.695,19.695,19.695,0.0
2017-05-27 18:00:00,CBI,19.695,19.695,19.695,19.695,0.0
2017-05-27 18:05:00,CBI,19.695,19.695,19.695,19.695,0.0
2017-05-27 18:10:00,CBI,19.695,19.695,19.695,19.695,0.0
2017-05-27 18:15:00,CBI,19.695,19.695,19.695,19.695,0.0
2017-05-27 18:20:00,CBI,19.695,19.695,19.695,19.695,0.0
2017-05-27 18:25:00,CBI,19.695,19.695,19.695,19.695,0.0
2017-05-27 18:30:00,CBI,19.695,19.695,19.695,19.695,0.0
2017-05-27 18:35:00,CBI,19.695,19.695,19.695,19.695,0.0
2017-05-27 18:40:00,CBI,19.695,19.695,19.695,19.695,0.0
2017-05-27 18:45:00,CBI,19.695,19.695,19.695,19.695,0.0
2017-05-27 18:50:00,CBI,19.695,19.695,19.695,19.695,0.0
2017-05-27 18:55:00,CBI,19.695,19.695,19.695,19.695,0.0
2017-05-27 19:00:00,CBI,19.695,19.695,19.695,19.695,0.0
2017-05-27 19:05:00,CBI,19.695,19.695,19.695,19.695,0.0
2017-05-27 19:10:00,CBI,19.695,19.695,19.695,19.695,0.0
2017-05-27 19:15:00,CBI,19.695,19.695,19.695,19.695,0.0
2017-05-27 19:20:00,CBI,19.695,19.695,19.695,19.695,0.0
2017-05-27 19:25:00,CBI,19.695,19.695,19.695,19.695,0.0
2017-05-27 19:30:00,CBI,19.695,19.695,19.695,19.695,0.0
2017-05-27 19:35:00,CBI,19.695,19.695,19.695,19.695,0.0
2017-05-27 19:40:00,CBI,19.695,19.695,19.695,19.695,0.0
2017-05-27 19:45:00,CBI,19.695,19.695,19.695,19.695,0.0
2017-05-27 19:50:00,CBI,19.695,19.695,19.695,19.695,0.0
2017-05-27 19:55:00,CBI,19.695,19.695,19.695,19.695,0.0
2017-05-27 20:00:00,CBI,19.695,19.695,19.695,19.695,0.0
2017-05-27 20:05:00,CBI,19.695,19.695,19.695,19.695,0.0
2017-05-27 20:10:00,CBI,19.695,19.695,19.695,19.695,0.0
2017-05-27 20:15:00,CBI,19.695,19.695,19.695,19.695,0.0
2017-05-27 20:20:00,CBI,19.695,19.695,19.695,19.695,0.0
2017-05-27 20:25:00,CBI,19.695,19.695,19.695,19.695,0.0
2017-05-27 20:30:00,CBI,19.695,19.695,19.695,19.695,0.0
2017-05-27 20:35:00,CBI,19.695,19.695,19.695,19.695,0.0
2017-05-27 20:40:00,CBI,19.695,19.695,19.695,19.695,0.0
2017-05-27 20:45:00,CBI,19.695,19.695,19.695,19.695,0.0
2017-05-27 20:50:00,CBI,19.695,19.695,19.695,19.695,0.0
2017-05-27 20:55:00,CBI,19.695,19.695,19.695,19.695,0.0
2017-05-28 08:00:00,CBI,19.695,19.695,19.695,19.695,0.0
2017-05-28 08:05:00,CBI,19.695,19.695,19.695,19.695,0.0
2017-05-28 08:10:00,CBI,19.695,19.695,19.695,19.695,0.0
2017-05-28 08:15:00,CBI,19.695,19.695,19.695,19.695,0.0
2017-05-28 08:20:00,CBI,19.695,19.695,19.695,19.695,0.0
2017-05-28 08:25:00,CBI,19.695,19.695,19.695,19.695,0.0
2017-05-28 08:30:00,CBI,19.695,19.695,19.695,19.695,0.0
2017-05-28 08:35:00,CBI,19.695,19.695,19.695,19.695,0.0
2017-05-28 08:40:00,CBI,19.695,19.695,19.695,19.695,0.0
2017-05-28 08:45:00,CBI,19.695,19.695,19.695,19.695,0.0
2017-05-28 08:50:00,CBI,19.695,19.695,19.695,19.695,0.0
2017-05-28 08:55:00,CBI,19.695,19.695,19.695,19.695,0.0
2017-05-28 09:00:00,CBI,19.695,19.695,19.695,19.695,0.0
2017-05-28 09:05:00,CBI,19.695,19.695,19.695,19.695,0.0
2017-05-28 09:10:00,CBI,19.695,19.695,19.695,19.695,0.0
2017-05-28 09:15:00,CBI,19.695,19.695,19.695,19.695,0.0
2017-05-28 09:20:00,CBI,19.695,19.695,19.695,19.695,0.0
2017-05-28 09:25:00,CBI,19.695,19.695,19.695,19.695,0.0
2017-05-28 09:30:00,CBI,19.695,19.695,19.695,19.695,0.0
2017-05-28 09:35:00,CBI,19.695,19.695,19.695,19.695,0.0
2017-05-28 09:40:00,CBI,19.695,19.695,19.695,19.695,0.0
2017-05-28 09:45:00,CBI,19.695,19.695,19.695,19.695,0.0
2017-05-28 09:50:00,CBI,19.695,19.695,19.695,19.695,0.0
2017-05-28 09:55:00,CBI,19.695,19.695,19.695,19.695,0.0
2017-05-28 10:00:00,CBI,19.695,19.695,19.695,19.695,0.0
2017-05-28 10:05:00,CBI,19.695,19.695,19.695,19.695,0.0
2017-05-28 10:10:00,CBI,19.695,19.695,19.695,19.695,0.0
2017-05-28 10:15:00,CBI,19.695,19.695,19.695,19.695,0.0
2017-05-28 10:20:00,CBI,19.695,19.695,19.695,19.695,0.0
2017-05-28 10:25:00,CBI,19.695,19.695,19.695,19.695,0.0
2017-05-28 10:30:00,CBI,19.695,19.695,19.695,19.695,0.0
2017-05-28 10:35:00,CBI,19.695,19.695,19.695,19.695,0.0
2017-05-28 10:40:00,CBI,19.695,19.695,19.695,19.695,0.0
2017-05-28 10:45:00,CBI,19.695,19.695,19.695,19.695,0.0
2017-05-28 10:50:00,CBI,19.695,19.695,19.695,19.695,0.0
2017-05-28 10:55:00,CBI,19.695,19.695,19.695,19.695,0.0
2017-05-28 11:00:00,CBI,19.695,19.695,19.695,19.695,0.0
2017-05-28 11:05:00,CBI,19.695,19.695,19.695,19.695,0.0
2017-05-28 11:10:00,CBI,19.695,19.695,19.695,19.695,0.0
2017-05-28 11:15:00,CBI,19.695,19.695,19.695,19.695,0.0
2017-05-28 11:20:00,CBI,19.695,19.695,19.695,19.695,0.0
2017-05-28 11:25:00,CBI,19.695,19.695,19.695,19.695,0.0
2017-05-28 11:30:00,CBI,19.695,19.695,19.695,19.695,0.0
2017-05-28 11:35:00,CBI,19.695,19.695,19.695,19.695,0.0
2017-05-28 11:40:00,CBI,19.695,19.695,19.695,19.695,0.0
2017-05-28 11:45:00,CBI,19.695,19.695,19.695,19.695,0.0
2017-05-28 11:50:00,CBI,19.695,19.695,19.695,19.695,0.0
2017-05-28 11:55:00,CBI,19.695,19.695,19.695,19.695,0.0
2017-05-28 12:00:00,CBI,19.695,19.695,19.695,19.695,0.0
2017-05-28 12:05:00,CBI,19.695,19.695,19.695,19.695,0.0
2017-05-28 12:10:00,CBI,19.695,19.695,19.695,19.695,0.0
2017-05-28 12:15:00,CBI,19.695,19.695,19.695,19.695,0.0
2017-05-28 12:20:00,CBI,19.695,19.695,19.695,19.695,0.0
2017-05-28 12:25:00,CBI,19.695,19.695,19.695,19.695,0.0
2017-05-28 12:30:00,CBI,19.695,19.695,19.695,19.695,0.0
2017-05-28 12:35:00,CBI,19.695,19.695,19.695,19.695,0.0
2017-05-28 12:40:00,CBI,19.695,19.695,19.695,19.695,0.0
2017-05-28 12:45:00,CBI,19.695,19.695,19.695,19.695,0.0
2017-05-28 12:50:00,CBI,19.695,19.695,19.695,19.695,0.0
2017-05-28 12:55:00,CBI,19.695,19.695,19.695,19.695,0.0
2017-05-28 13:00:00,CBI,19.695,19.695,19.695,19.695,0.0
2017-05-28 13:05:00,CBI,19.695,19.695,19.695,19.695,0.0
2017-05-28 13:10:00,CBI,19.695,19.695,19.695,19.695,0.0
2017-05-28 13:15:00,CBI,19.695,19.695,19.695,19.695,0.0
2017-05-28 13:20:00,CBI,19.695,19.695,19.695,19.695,0.0
2017-05-28 13:25:00,CBI,19.695,19.695,19.695,19.695,0.0
2017-05-28 13:30:00,CBI,19.695,19.695,19.695,19.695,0.0
2017-05-28 13:35:00,CBI,19.695,19.695,19.695,19.695,0.0
2017-05-28 13:40:00,CBI,19.695,19.695,19.695,19.695,0.0
2017-05-28 13:45:00,CBI,19.695,19.695,19.695,19.695,0.0
2017-05-28 13:50:00,CBI,19.695,19.695,19.695,19.695,0.0
2017-05-28 13:55:00,CBI,19.695,19.695,19.695,19.695,0.0
2017-05-28 14:00:00,CBI,19.695,19.695,19.695,19.695,0.0
2017-05-28 14:05:00,CBI,19.695,19.695,19.695,19.695,0.0
2017-05-28 14:10:00,CBI,19.695,19.695,19.695,19.695,0.0
2017-05-28 14:15:00,CBI,19.695,19.695,19.695,19.695,0.0
2017-05-28 14:20:00,CBI,19.695,19.695,19.695,19.695,0.0
2017-05-28 14:25:00,CBI,19.695,19.695,19.695,19.695,0.0
2017-05-28 14:30:00,CBI,19.695,19.695,19.695,19.695,0.0
2017-05-28 14:35:00,CBI,19.695,19.695,19.695,19.695,0.0
2017-05-28 14:40:00,CBI,19.695,19.695,19.695,19.695,0.0
2017-05-28 14:45:00,CBI,19.695,19.695,19.695,19.695,0.0
2017-05-28 14:50:00,CBI,19.695,19.695,19.695,19.695,0.0
2017-05-28 14:55:00,CBI,19.695,19.695,19.695,19.695,0.0
2017-05-28 15:00:00,CBI,19.695,19.695,19.695,19.695,0.0
2017-05-28 15:05:00,CBI,19.695,19.695,19.695,19.695,0.0
2017-05-28 15:10:00,CBI,19.695,19.695,19.695,19.695,0.0
2017-05-28 15:15:00,CBI,19.695,19.695,19.695,19.695,0.0
2017-05-28 15:20:00,CBI,19.695,19.695,19.695,19.695,0.0
2017-05-28 15:25:00,CBI,19.695,19.695,19.695,19.695,0.0
2017-05-28 15:30:00,CBI,19.695,19.695,19.695,19.695,0.0
2017-05-28 15:35:00,CBI,19.695,19.695,19.695,19.695,0.0
2017-05-28 15:40:00,CBI,19.695,19.695,19.695,19.695,0.0
2017-05-28 15:45:00,CBI,19.695,19.695,19.695,19.695,0.0
2017-05-28 15:50:00,CBI,19.695,19.695,19.695,19.695,0.0
2017-05-28 15:55:00,CBI,19.695,19.695,19.695,19.695,0.0
2017-05-28 16:00:00,CBI,19.695,19.695,19.695,19.695,0.0
2017-05-28 16:05:00,CBI,19.695,19.695,19.695,19.695,0.0
2017-05-28 16:10:00,CBI,19.695,19.695,19.695,19.695,0.0
2017-05-28 16:15:00,CBI,19.695,19.695,19.695,19.695,0.0
2017-05-28 16:20:00,CBI,19.695,19.695,19.695,19.695,0.0
2017-05-28 16:25:00,CBI,19.695,19.695,19.695,19.695,0.0
2017-05-28 16:30:00,CBI,19.695,19.695,19.695,19.695,0.0
2017-05-28 16:35:00,CBI,19.695,19.695,19.695,19.695,0.0
2017-05-28 16:40:00,CBI,19.695,19.695,19.695,19.695,0.0
2017-05-28 16:45:00,CBI,19.695,19.695,19.695,19.695,0.0
2017-05-28 16:50:00,CBI,19.695,19.695,19.695,19.695,0.0
2017-05-28 16:55:00,CBI,19.695,19.695,19.695,19.695,0.0
2017-05-28 17:00:00,CBI,19.695,19.695,19.695,19.695,0.0
2017-05-28 17:05:00,CBI,19.695,19.695,19.695,19.695,0.0
2017-05-28 17:10:00,CBI,19.695,19.695,19.695,19.695,0.0
2017-05-28 17:15:00,CBI,19.695,19.695,19.695,19.695,0.0
2017-05-28 17:20:00,CBI,19.695,19.695,19.695,19.695,0.0
2017-05-28 17:25:00,CBI,19.695,19.695,19.695,19.695,0.0
2017-05-28 17:30:00,CBI,19.695,19.695,19.695,19.695,0.0
2017-05-28 17:35:00,CBI,19.695,19.695,19.695,19.695,0.0
2017-05-28 17:40:00,CBI,19.695,19.695,19.695,19.695,0.0
2017-05-28 17:45:00,CBI,19.695,19.695,19.695,19.695,0.0
2017-05-28 17:50:00,CBI,19.695,19.695,19.695,19.695,0.0
2017-05-28 17:55:00,CBI,19.695,19.695,19.695,19.695,0.0
2017-05-28 18:00:00,CBI,19.695,19.695,19.695,19.695,0.0
2017-05-28 18:05:00,CBI,19.695,19.695,19.695,19.695,0.0
2017-05-28 18:10:00,CBI,19.695,19.695,19.695,19.695,0.0
2017-05-28 18:15:00,CBI,19.695,19.695,19.695,19.695,0.0
2017-05-28 18:20:00,CBI,19.695,19.695,19.695,19.695,0.0
2017-05-28 18:25:00,CBI,19.695,19.695,19.695,19.695,0.0
2017-05-28 18:30:00,CBI,19.695,19.695,19.695,19.695,0.0
2017-05-28 18:35:00,CBI,19.695,19.695,19.695,19.695,0.0
2017-05-28 18:40:00,CBI,19.695,19.695,19.695,19.695,0.0
2017-05-28 18:45:00,CBI,19.695,19.695,19.695,19.695,0.0
2017-05-28 18:50:00,CBI,19.695,19.695,19.695,19.695,0.0
2017-05-28 18:55:00,CBI,19.695,19.695,19.695,19.695,0.0
2017-05-28 19:00:00,CBI,19.695,19.695,19.695,19.695,0.0
2017-05-28 19:05:00,CBI,19.695,19.695,19.695,19.695,0.0
2017-05-28 19:10:00,CBI,19.695,19.695,19.695,19.695,0.0
2017-05-28 19:15:00,CBI,19.695,19.695,19.695,19.695,0.0
2017-05-28 19:20:00,CBI,19.695,19.695,19.695,19.695,0.0
2017-05-28 19:25:00,CBI,19.695,19.695,19.695,19.695,0.0
2017-05-28 19:30:00,CBI,19.695,19.695,19.695,19.695,0.0
2017-05-28 19:35:00,CBI,19.695,19.695,19.695,19.695,0.0
2017-05-28 19:40:00,CBI,19.695,19.695,19.695,19.695,0.0
2017-05-28 19:45:00,CBI,19.695,19.695,19.695,19.695,0.0
2017-05-28 19:50:00,CBI,19.695,19.695,19.695,19.695,0.0
2017-05-28 19:55:00,CBI,19.695,19.695,19.695,19.695,0.0
2017-05-28 20:00:00,CBI,19.695,19.695,19.695,19.695,0.0
2017-05-28 20:05:00,CBI,19.695,19.695,19.695,19.695,0.0
2017-05-28 20:10:00,CBI,19.695,19.695,19.695,19.695,0.0
2017-05-28 20:15:00,CBI,19.695,19.695,19.695,19.695,0.0
2017-05-28 20:20:00,CBI,19.695,19.695,19.695,19.695,0.0
2017-05-28 20:25:00,CBI,19.695,19.695,19.695,19.695,0.0
2017-05-28 20:30:00,CBI,19.695,19.695,19.695,19.695,0.0
2017-05-28 20:35:00,CBI,19.695,19.695,19.695,19.695,0.0
2017-05-28 20:40:00,CBI,19.695,19.695,19.695,19.695,0.0
2017-05-28 20:45:00,CBI,19.695,19.695,19.695,19.695,0.0
2017-05-28 20:50:00,CBI,19.695,19.695,19.695,19.695,0.0
2017-05-28 20:55:00,CBI,19.695,19.695,19.695,19.695,0.0
2017-05-29 08:00:00,CBI,19.695,19.695,19.695,19.695,0.0
2017-05-29 08:05:00,CBI,19.695,19.695,19.695,19.695,0.0
2017-05-29 08:10:00,CBI,19.695,19.695,19.695,19.695,0.0
2017-05-29 08:15:00,CBI,19.695,19.695,19.695,19.695,0.0
2017-05-29 08:20:00,CBI,19.695,19.695,19.695,19.695,0.0
2017-05-29 08:25:00,CBI,19.695,19.695,19.695,19.695,0.0
2017-05-29 08:30:00,CBI,19.695,19.695,19.695,19.695,0.0
2017-05-29 08:35:00,CBI,19.695,19.695,19.695,19.695,0.0
2017-05-29 08:40:00,CBI,19.695,19.695,19.695,19.695,0.0
2017-05-29 08:45:00,CBI,19.695,19.695,19.695,19.695,0.0
2017-05-29 08:50:00,CBI,19.695,19.695,19.695,19.695,0.0
2017-05-29 08:55:00,CBI,19.695,19.695,19.695,19.695,0.0
2017-05-29 09:00:00,CBI,19.695,19.695,19.695,19.695,0.0
2017-05-29 09:05:00,CBI,19.695,19.695,19.695,19.695,0.0
2017-05-29 09:10:00,CBI,19.695,19.695,19.695,19.695,0.0
2017-05-29 09:15:00,CBI,19.695,19.695,19.695,19.695,0.0
2017-05-29 09:20:00,CBI,19.695,19.695,19.695,19.695,0.0
2017-05-29 09:25:00,CBI,19.695,19.695,19.695,19.695,0.0
2017-05-29 09:30:00,CBI,19.695,19.695,19.695,19.695,0.0
2017-05-29 09:35:00,CBI,19.695,19.695,19.695,19.695,0.0
2017-05-29 09:40:00,CBI,19.695,19.695,19.695,19.695,0.0
2017-05-29 09:45:00,CBI,19.695,19.695,19.695,19.695,0.0
2017-05-29 09:50:00,CBI,19.695,19.695,19.695,19.695,0.0
2017-05-29 09:55:00,CBI,19.695,19.695,19.695,19.695,0.0
2017-05-29 10:00:00,CBI,19.695,19.695,19.695,19.695,0.0
2017-05-29 10:05:00,CBI,19.695,19.695,19.695,19.695,0.0
2017-05-29 10:10:00,CBI,19.695,19.695,19.695,19.695,0.0
2017-05-29 10:15:00,CBI,19.695,19.695,19.695,19.695,0.0
2017-05-29 10:20:00,CBI,19.695,19.695,19.695,19.695,0.0
2017-05-29 10:25:00,CBI,19.695,19.695,19.695,19.695,0.0
2017-05-29 10:30:00,CBI,19.695,19.695,19.695,19.695,0.0
2017-05-29 10:35:00,CBI,19.695,19.695,19.695,19.695,0.0
2017-05-29 10:40:00,CBI,19.695,19.695,19.695,19.695,0.0
2017-05-29 10:45:00,CBI,19.695,19.695,19.695,19.695,0.0
2017-05-29 10:50:00,CBI,19.695,19.695,19.695,19.695,0.0
2017-05-29 10:55:00,CBI,19.695,19.695,19.695,19.695,0.0
2017-05-29 11:00:00,CBI,19.695,19.695,19.695,19.695,0.0
2017-05-29 11:05:00,CBI,19.695,19.695,19.695,19.695,0.0
2017-05-29 11:10:00,CBI,19.695,19.695,19.695,19.695,0.0
2017-05-29 11:15:00,CBI,19.695,19.695,19.695,19.695,0.0
2017-05-29 11:20:00,CBI,19.695,19.695,19.695,19.695,0.0
2017-05-29 11:25:00,CBI,19.695,19.695,19.695,19.695,0.0
2017-05-29 11:30:00,CBI,19.695,19.695,19.695,19.695,0.0
2017-05-29 11:35:00,CBI,19.695,19.695,19.695,19.695,0.0
2017-05-29 11:40:00,CBI,19.695,19.695,19.695,19.695,0.0
2017-05-29 11:45:00,CBI,19.695,19.695,19.695,19.695,0.0
2017-05-29 11:50:00,CBI,19.695,19.695,19.695,19.695,0.0
2017-05-29 11:55:00,CBI,19.695,19.695,19.695,19.695,0.0
2017-05-29 12:00:00,CBI,19.695,19.695,19.695,19.695,0.0
2017-05-29 12:05:00,CBI,19.695,19.695,19.695,19.695,0.0
2017-05-29 12:10:00,CBI,19.695,19.695,19.695,19.695,0.0
2017-05-29 12:15:00,CBI,19.695,19.695,19.695,19.695,0.0
2017-05-29 12:20:00,CBI,19.695,19.695,19.695,19.695,0.0
2017-05-29 12:25:00,CBI,19.695,19.695,19.695,19.695,0.0
2017-05-29 12:30:00,CBI,19.695,19.695,19.695,19.695,0.0
2017-05-29 12:35:00,CBI,19.695,19.695,19.695,19.695,0.0
2017-05-29 12:40:00,CBI,19.695,19.695,19.695,19.695,0.0
2017-05-29 12:45:00,CBI,19.695,19.695,19.695,19.695,0.0
2017-05-29 12:50:00,CBI,19.695,19.695,19.695,19.695,0.0
2017-05-29 12:55:00,CBI,19.695,19.695,19.695,19.695,0.0
2017-05-29 13:00:00,CBI,19.695,19.695,19.695,19.695,0.0
2017-05-29 13:05:00,CBI,19.695,19.695,19.695,19.695,0.0
2017-05-29 13:10:00,CBI,19.695,19.695,19.695,19.695,0.0
2017-05-29 13:15:00,CBI,19.695,19.695,19.695,19.695,0.0
2017-05-29 13:20:00,CBI,19.695,19.695,19.695,19.695,0.0
2017-05-29 13:25:00,CBI,19.695,19.695,19.695,19.695,0.0
2017-05-29 13:30:00,CBI,19.695,19.695,19.695,19.695,0.0
2017-05-29 13:35:00,CBI,19.695,19.695,19.695,19.695,0.0
2017-05-29 13:40:00,CBI,19.695,19.695,19.695,19.695,0.0
2017-05-29 13:45:00,CBI,19.695,19.695,19.695,19.695,0.0
2017-05-29 13:50:00,CBI,19.695,19.695,19.695,19.695,0.0
2017-05-29 13:55:00,CBI,19.695,19.695,19.695,19.695,0.0
2017-05-29 14:00:00,CBI,19.695,19.695,19.695,19.695,0.0
2017-05-29 14:05:00,CBI,19.695,19.695,19.695,19.695,0.0
2017-05-29 14:10:00,CBI,19.695,19.695,19.695,19.695,0.0
2017-05-29 14:15:00,CBI,19.695,19.695,19.695,19.695,0.0
2017-05-29 14:20:00,CBI,19.695,19.695,19.695,19.695,0.0
2017-05-29 14:25:00,CBI,19.695,19.695,19.695,19.695,0.0
2017-05-29 14:30:00,CBI,19.695,19.695,19.695,19.695,0.0
2017-05-29 14:35:00,CBI,19.695,19.695,19.695,19.695,0.0
2017-05-29 14:40:00,CBI,19.695,19.695,19.695,19.695,0.0
2017-05-29 14:45:00,CBI,19.695,19.695,19.695,19.695,0.0
2017-05-29 14:50:00,CBI,19.695,19.695,19.695,19.695,0.0
2017-05-29 14:55:00,CBI,19.695,19.695,19.695,19.695,0.0
2017-05-29 15:00:00,CBI,19.695,19.695,19.695,19.695,0.0
2017-05-29 15:05:00,CBI,19.695,19.695,19.695,19.695,0.0
2017-05-29 15:10:00,CBI,19.695,19.695,19.695,19.695,0.0
2017-05-29 15:15:00,CBI,19.695,19.695,19.695,19.695,0.0
2017-05-29 15:20:00,CBI,19.695,19.695,19.695,19.695,0.0
2017-05-29 15:25:00,CBI,19.695,19.695,19.695,19.695,0.0
2017-05-29 15:30:00,CBI,19.695,19.695,19.695,19.695,0.0
2017-05-29 15:35:00,CBI,19.695,19.695,19.695,19.695,0.0
2017-05-29 15:40:00,CBI,19.695,19.695,19.695,19.695,0.0
2017-05-29 15:45:00,CBI,19.695,19.695,19.695,19.695,0.0
2017-05-29 15:50:00,CBI,19.695,19.695,19.695,19.695,0.0
2017-05-29 15:55:00,CBI,19.695,19.695,19.695,19.695,0.0
2017-05-29 16:00:00,CBI,19.695,19.695,19.695,19.695,0.0
2017-05-29 16:05:00,CBI,19.695,19.695,19.695,19.695,0.0
2017-05-29 16:10:00,CBI,19.695,19.695,19.695,19.695,0.0
2017-05-29 16:15:00,CBI,19.695,19.695,19.695,19.695,0.0
2017-05-29 16:20:00,CBI,19.695,19.695,19.695,19.695,0.0
2017-05-29 16:25:00,CBI,19.695,19.695,19.695,19.695,0.0
2017-05-29 16:30:00,CBI,19.695,19.695,19.695,19.695,0.0
2017-05-29 16:35:00,CBI,19.695,19.695,19.695,19.695,0.0
2017-05-29 16:40:00,CBI,19.695,19.695,19.695,19.695,0.0
2017-05-29 16:45:00,CBI,19.695,19.695,19.695,19.695,0.0
2017-05-29 16:50:00,CBI,19.695,19.695,19.695,19.695,0.0
2017-05-29 16:55:00,CBI,19.695,19.695,19.695,19.695,0.0
2017-05-29 17:00:00,CBI,19.695,19.695,19.695,19.695,0.0
2017-05-29 17:05:00,CBI,19.695,19.695,19.695,19.695,0.0
2017-05-29 17:10:00,CBI,19.695,19.695,19.695,19.695,0.0
2017-05-29 17:15:00,CBI,19.695,19.695,19.695,19.695,0.0
2017-05-29 17:20:00,CBI,19.695,19.695,19.695,19.695,0.0
2017-05-29 17:25:00,CBI,19.695,19.695,19.695,19.695,0.0
2017-05-29 17:30:00,CBI,19.695,19.695,19.695,19.695,0.0
2017-05-29 17:35:00,CBI,19.695,19.695,19.695,19.695,0.0
2017-05-29 17:40:00,CBI,19.695,19.695,19.695,19.695,0.0
2017-05-29 17:45:00,CBI,19.695,19.695,19.695,19.695,0.0
2017-05-29 17:50:00,CBI,19.695,19.695,19.695,19.695,0.0
2017-05-29 17:55:00,CBI,19.695,19.695,19.695,19.695,0.0
2017-05-29 18:00:00,CBI,19.695,19.695,19.695,19.695,0.0
2017-05-29 18:05:00,CBI,19.695,19.695,19.695,19.695,0.0
2017-05-29 18:10:00,CBI,19.695,19.695,19.695,19.695,0.0
2017-05-29 18:15:00,CBI,19.695,19.695,19.695,19.695,0.0
2017-05-29 18:20:00,CBI,19.695,19.695,19.695,19.695,0.0
2017-05-29 18:25:00,CBI,19.695,19.695,19.695,19.695,0.0
2017-05-29 18:30:00,CBI,19.695,19.695,19.695,19.695,0.0
2017-05-29 18:35:00,CBI,19.695,19.695,19.695,19.695,0.0
2017-05-29 18:40:00,CBI,19.695,19.695,19.695,19.695,0.0
2017-05-29 18:45:00,CBI,19.695,19.695,19.695,19.695,0.0
2017-05-29 18:50:00,CBI,19.695,19.695,19.695,19.695,0.0
2017-05-29 18:55:00,CBI,19.695,19.695,19.695,19.695,0.0
2017-05-29 19:00:00,CBI,19.695,19.695,19.695,19.695,0.0
2017-05-29 19:05:00,CBI,19.695,19.695,19.695,19.695,0.0
2017-05-29 19:10:00,CBI,19.695,19.695,19.695,19.695,0.0
2017-05-29 19:15:00,CBI,19.695,19.695,19.695,19.695,0.0
2017-05-29 19:20:00,CBI,19.695,19.695,19.695,19.695,0.0
2017-05-29 19:25:00,CBI,19.695,19.695,19.695,19.695,0.0
2017-05-29 19:30:00,CBI,19.695,19.695,19.695,19.695,0.0
2017-05-29 19:35:00,CBI,19.695,19.695,19.695,19.695,0.0
2017-05-29 19:40:00,CBI,19.695,19.695,19.695,19.695,0.0
2017-05-29 19:45:00,CBI,19.695,19.695,19.695,19.695,0.0
2017-05-29 19:50:00,CBI,19.695,19.695,19.695,19.695,0.0
2017-05-29 19:55:00,CBI,19.695,19.695,19.695,19.695,0.0
2017-05-29 20:00:00,CBI,19.695,19.695,19.695,19.695,0.0
2017-05-29 20:05:00,CBI,19.695,19.695,19.695,19.695,0.0
2017-05-29 20:10:00,CBI,19.695,19.695,19.695,19.695,0.0
2017-05-29 20:15:00,CBI,19.695,19.695,19.695,19.695,0.0
2017-05-29 20:20:00,CBI,19.695,19.695,19.695,19.695,0.0
2017-05-29 20:25:00,CBI,19.695,19.695,19.695,19.695,0.0
2017-05-29 20:30:00,CBI,19.695,19.695,19.695,19.695,0.0
2017-05-29 20:35:00,CBI,19.695,19.695,19.695,19.695,0.0
2017-05-29 20:40:00,CBI,19.695,19.695,19.695,19.695,0.0
2017-05-29 20:45:00,CBI,19.695,19.695,19.695,19.695,0.0
2017-05-29 20:50:00,CBI,19.695,19.695,19.695,19.695,0.0
2017-05-29 20:55:00,CBI,19.695,19.695,19.695,19.695,0.0
2017-05-30 08:00:00,CBI,19.36,19.36,19.36,19.36,0.0
2017-05-30 08:05:00,CBI,19.36,19.535,19.36,19.535,250.0
2017-05-30 08:10:00,CBI,19.535,19.535,19.535,19.535,0.0
2017-05-30 08:15:00,CBI,19.535,19.535,19.535,19.535,0.0
2017-05-30 08:20:00,CBI,19.535,19.66,19.535,19.66,0.0
2017-05-30 08:25:00,CBI,19.66,19.66,19.66,19.66,0.0
2017-05-30 08:30:00,CBI,19.66,19.66,19.66,19.66,0.0
2017-05-30 08:35:00,CBI,19.66,19.66,19.66,19.66,52.0
2017-05-30 08:40:00,CBI,19.66,19.66,19.66,19.66,0.0
2017-05-30 08:45:00,CBI,19.66,19.66,19.66,19.66,0.0
2017-05-30 08:50:00,CBI,19.66,19.66,19.66,19.66,0.0
2017-05-30 08:55:00,CBI,19.66,19.66,19.66,19.66,0.0
2017-05-30 09:00:00,CBI,19.66,19.66,19.66,19.66,1.0
