2017-05-19 18:25:00,CSIQ,12.95,12.95,12.95,12.95,120.0
2017-05-19 18:05:00,CSIQ,12.95,12.95,12.95,12.95,1000.0
2017-05-19 17:10:00,CSIQ,12.95,12.95,12.95,12.95,703.0
2017-05-19 17:05:00,CSIQ,12.95,12.95,12.95,12.95,397.0
2017-05-19 17:00:00,CSIQ,12.95,12.95,12.95,12.95,3600.0
2017-05-19 16:05:00,CSIQ,12.98,12.98,12.98,12.98,25920.0
2017-05-19 16:00:00,CSIQ,12.9844,12.99,12.96,12.98,51901.0
2017-05-19 15:55:00,CSIQ,12.99,13.01,12.97,12.9893,25617.0
2017-05-19 15:50:00,CSIQ,12.99,13.0,12.97,12.99,16041.0
2017-05-19 15:45:00,CSIQ,13.02,13.04,12.99,12.99,19806.0
2017-05-19 15:40:00,CSIQ,12.98,13.02,12.98,13.02,7254.0
2017-05-19 15:35:00,CSIQ,13.0,13.0,12.97,13.0,13698.0
2017-05-19 15:30:00,CSIQ,13.01,13.02,13.0,13.005,5300.0
2017-05-19 15:25:00,CSIQ,12.99,13.02,12.99,13.01,9611.0
2017-05-19 15:20:00,CSIQ,12.97,13.01,12.97,12.99,13352.0
2017-05-19 15:15:00,CSIQ,12.975,12.98,12.96,12.97,13959.0
2017-05-19 15:10:00,CSIQ,13.01,13.01,12.97,12.9734,5371.0
2017-05-19 15:05:00,CSIQ,13.03,13.03,13.0,13.01,5920.0
2017-05-19 15:00:00,CSIQ,13.06,13.065,13.0099,13.03,11151.0
2017-05-19 14:55:00,CSIQ,13.08,13.09,13.06,13.0649,13782.0
2017-05-19 14:50:00,CSIQ,13.11,13.11,13.075,13.075,5840.0
2017-05-19 14:45:00,CSIQ,13.12,13.13,13.11,13.12,5759.0
2017-05-19 14:40:00,CSIQ,13.13,13.13,13.12,13.12,7743.0
2017-05-19 14:35:00,CSIQ,13.1299,13.14,13.12,13.1358,4650.0
2017-05-19 14:30:00,CSIQ,13.086,13.14,13.085,13.121,22907.0
2017-05-19 14:25:00,CSIQ,13.06,13.09,13.06,13.08,8916.0
2017-05-19 14:20:00,CSIQ,13.05,13.08,13.05,13.06,11041.0
2017-05-19 14:15:00,CSIQ,13.02,13.05,13.02,13.05,5014.0
2017-05-19 14:10:00,CSIQ,13.02,13.02,13.0,13.02,5000.0
2017-05-19 14:05:00,CSIQ,13.02,13.04,13.02,13.03,4653.0
2017-05-19 14:00:00,CSIQ,13.0,13.04,13.0,13.02,3900.0
2017-05-19 13:55:00,CSIQ,13.0,13.02,13.0,13.0015,8300.0
2017-05-19 13:50:00,CSIQ,13.01,13.01,12.98,13.0,10400.0
2017-05-19 13:45:00,CSIQ,13.0,13.01,12.96,13.0,24171.0
2017-05-19 13:40:00,CSIQ,13.02,13.033,13.0,13.01,7124.0
2017-05-19 13:35:00,CSIQ,13.05,13.05,13.0,13.01,8099.0
2017-05-19 13:30:00,CSIQ,13.04,13.05,13.04,13.05,2007.0
2017-05-19 13:25:00,CSIQ,13.07,13.07,13.01,13.03,6896.0
2017-05-19 13:20:00,CSIQ,13.02,13.085,13.0,13.06,27492.0
2017-05-19 13:15:00,CSIQ,12.98,13.04,12.98,13.011,37632.0
2017-05-19 13:10:00,CSIQ,12.95,12.98,12.95,12.98,12350.0
2017-05-19 13:05:00,CSIQ,12.95,12.96,12.93,12.94,4186.0
2017-05-19 13:00:00,CSIQ,12.95,12.965,12.94,12.96,4865.0
2017-05-19 12:55:00,CSIQ,12.93,12.95,12.92,12.95,1600.0
2017-05-19 12:50:00,CSIQ,12.92,12.93,12.92,12.93,900.0
2017-05-19 12:45:00,CSIQ,12.93,12.94,12.915,12.915,1900.0
2017-05-19 12:40:00,CSIQ,12.95,12.9542,12.94,12.94,2100.0
2017-05-19 12:35:00,CSIQ,12.92,12.94,12.92,12.94,4600.0
2017-05-19 12:30:00,CSIQ,12.9179,12.9284,12.9,12.92,2736.0
2017-05-19 12:25:00,CSIQ,12.905,12.9101,12.8854,12.91,3811.0
2017-05-19 12:20:00,CSIQ,13.0,13.0,12.9,12.9078,15130.0
2017-05-19 12:15:00,CSIQ,12.965,13.0,12.96,12.99,25148.0
2017-05-19 12:10:00,CSIQ,12.95,12.97,12.94,12.96,2800.0
2017-05-19 12:05:00,CSIQ,12.93,12.96,12.93,12.953,19582.0
2017-05-19 12:00:00,CSIQ,12.84,12.92,12.83,12.92,13336.0
2017-05-19 11:55:00,CSIQ,12.82,12.855,12.76,12.83,22900.0
2017-05-19 11:50:00,CSIQ,12.7883,12.83,12.7883,12.82,7558.0
2017-05-19 11:45:00,CSIQ,12.74,12.78,12.73,12.78,4850.0
2017-05-19 11:40:00,CSIQ,12.7556,12.7556,12.73,12.74,5815.0
2017-05-19 11:35:00,CSIQ,12.755,12.77,12.72,12.75,9217.0
2017-05-19 11:30:00,CSIQ,12.71,12.76,12.71,12.76,5774.0
2017-05-19 11:25:00,CSIQ,12.69,12.71,12.68,12.693,4394.0
2017-05-19 11:20:00,CSIQ,12.745,12.75,12.69,12.69,8655.0
2017-05-19 11:15:00,CSIQ,12.72,12.76,12.72,12.75,6941.0
2017-05-19 11:10:00,CSIQ,12.72,12.7299,12.71,12.725,8392.0
2017-05-19 11:05:00,CSIQ,12.765,12.765,12.71,12.72,16020.0
2017-05-19 11:00:00,CSIQ,12.798,12.8,12.76,12.76,4850.0
2017-05-19 10:55:00,CSIQ,12.79,12.82,12.79,12.79,8468.0
2017-05-19 10:50:00,CSIQ,12.765,12.79,12.765,12.79,8462.0
2017-05-19 10:45:00,CSIQ,12.81,12.81,12.74,12.77,11055.0
2017-05-19 10:40:00,CSIQ,12.8201,12.83,12.79,12.823,4600.0
2017-05-19 10:35:00,CSIQ,12.92,12.94,12.8359,12.8359,19954.0
2017-05-19 10:30:00,CSIQ,12.89,12.9399,12.869,12.9,14871.0
2017-05-19 10:25:00,CSIQ,12.92,12.935,12.86,12.89,10447.0
2017-05-19 10:20:00,CSIQ,12.94,13.005,12.9144,12.9144,67110.0
2017-05-19 10:15:00,CSIQ,12.87,12.95,12.87,12.93,29450.0
2017-05-19 10:10:00,CSIQ,12.9,12.9,12.8471,12.86,10992.0
2017-05-19 10:05:00,CSIQ,12.89,12.91,12.89,12.9,2740.0
2017-05-19 10:00:00,CSIQ,12.85,12.91,12.84,12.9,12545.0
2017-05-19 09:55:00,CSIQ,12.9,12.9,12.8333,12.8592,13849.0
2017-05-19 09:50:00,CSIQ,12.93,12.98,12.87,12.91,38761.0
2017-05-19 09:45:00,CSIQ,12.79,12.936,12.7596,12.936,42268.0
2017-05-19 09:40:00,CSIQ,12.69,12.84,12.6501,12.7422,46534.0
2017-05-19 09:35:00,CSIQ,12.62,12.7,12.575,12.69,15846.0
2017-05-18 16:05:00,CSIQ,12.53,12.53,12.53,12.53,18811.0
2017-05-18 16:00:00,CSIQ,12.49,12.53,12.46,12.53,93409.0
2017-05-18 15:55:00,CSIQ,12.46,12.5,12.455,12.48,24116.0
2017-05-18 15:50:00,CSIQ,12.43,12.46,12.43,12.46,30019.0
2017-05-18 15:45:00,CSIQ,12.415,12.45,12.4,12.44,20890.0
2017-05-18 15:40:00,CSIQ,12.42,12.425,12.41,12.41,13037.0
2017-05-18 15:35:00,CSIQ,12.39,12.4399,12.39,12.41,17532.0
2017-05-18 15:30:00,CSIQ,12.37,12.39,12.365,12.385,13516.0
2017-05-18 15:25:00,CSIQ,12.35,12.365,12.35,12.365,9291.0
2017-05-18 15:20:00,CSIQ,12.3492,12.36,12.345,12.355,9619.0
2017-05-18 15:15:00,CSIQ,12.325,12.3686,12.32,12.35,32006.0
2017-05-18 15:10:00,CSIQ,12.2722,12.33,12.26,12.325,27102.0
2017-05-18 15:05:00,CSIQ,12.26,12.28,12.25,12.27,4600.0
2017-05-18 15:00:00,CSIQ,12.258,12.28,12.258,12.28,5948.0
2017-05-18 14:55:00,CSIQ,12.2867,12.29,12.26,12.26,1767.0
2017-05-18 14:50:00,CSIQ,12.28,12.3,12.27,12.3,3237.0
2017-05-18 14:45:00,CSIQ,12.28,12.311,12.275,12.285,5500.0
2017-05-18 14:40:00,CSIQ,12.29,12.29,12.27,12.27,2780.0
2017-05-18 14:35:00,CSIQ,12.29,12.315,12.29,12.29,21109.0
2017-05-18 14:30:00,CSIQ,12.299,12.32,12.29,12.29,4593.0
2017-05-18 14:25:00,CSIQ,12.2752,12.3,12.27,12.29,3900.0
2017-05-18 14:20:00,CSIQ,12.26,12.2885,12.26,12.27,2400.0
2017-05-18 14:15:00,CSIQ,12.29,12.29,12.24,12.27,5800.0
2017-05-18 14:10:00,CSIQ,12.25,12.31,12.2499,12.31,4513.0
2017-05-18 14:05:00,CSIQ,12.24,12.265,12.235,12.26,3540.0
2017-05-18 14:00:00,CSIQ,12.216,12.2443,12.215,12.23,4760.0
2017-05-18 13:55:00,CSIQ,12.2001,12.23,12.2,12.2135,4800.0
2017-05-18 13:50:00,CSIQ,12.21,12.22,12.2,12.2,1460.0
2017-05-18 13:45:00,CSIQ,12.21,12.21,12.21,12.21,100.0
2017-05-18 13:40:00,CSIQ,12.21,12.215,12.18,12.2,3700.0
2017-05-18 13:35:00,CSIQ,12.23,12.23,12.19,12.21,10921.0
2017-05-18 13:30:00,CSIQ,12.26,12.26,12.22,12.23,8943.0
2017-05-18 13:25:00,CSIQ,12.26,12.27,12.25,12.26,4300.0
2017-05-18 13:20:00,CSIQ,12.25,12.27,12.24,12.27,2177.0
2017-05-18 13:15:00,CSIQ,12.22,12.259,12.22,12.25,17499.0
2017-05-18 13:10:00,CSIQ,12.2,12.23,12.2,12.2272,1900.0
2017-05-18 13:05:00,CSIQ,12.21,12.23,12.2,12.2,5292.0
2017-05-18 13:00:00,CSIQ,12.1973,12.2,12.18,12.1999,5000.0
2017-05-18 12:55:00,CSIQ,12.17,12.2,12.17,12.2,3553.0
2017-05-18 12:50:00,CSIQ,12.15,12.17,12.145,12.17,7300.0
2017-05-18 12:45:00,CSIQ,12.16,12.1642,12.16,12.1642,640.0
2017-05-18 12:40:00,CSIQ,12.2,12.2,12.16,12.16,8600.0
2017-05-18 12:35:00,CSIQ,12.21,12.22,12.2,12.21,3111.0
2017-05-18 12:30:00,CSIQ,12.2,12.21,12.2,12.21,7200.0
2017-05-18 12:25:00,CSIQ,12.16,12.2,12.16,12.2,5000.0
2017-05-18 12:20:00,CSIQ,12.19,12.19,12.17,12.17,3984.0
2017-05-18 12:15:00,CSIQ,12.15,12.18,12.13,12.18,6661.0
2017-05-18 12:10:00,CSIQ,12.1249,12.14,12.12,12.12,4800.0
2017-05-18 12:05:00,CSIQ,12.12,12.159,12.12,12.13,8070.0
2017-05-18 12:00:00,CSIQ,12.09,12.14,12.09,12.12,4785.0
2017-05-18 11:55:00,CSIQ,12.11,12.1125,12.1,12.1,8254.0
2017-05-18 11:50:00,CSIQ,12.08,12.125,12.071,12.12,9541.0
2017-05-18 11:45:00,CSIQ,12.13,12.13,12.07,12.07,16593.0
2017-05-18 11:40:00,CSIQ,12.21,12.21,12.13,12.13,25867.0
2017-05-18 11:35:00,CSIQ,12.18,12.2199,12.18,12.21,4569.0
2017-05-18 11:30:00,CSIQ,12.19,12.191,12.18,12.18,5248.0
2017-05-18 11:25:00,CSIQ,12.15,12.2061,12.14,12.2061,4911.0
2017-05-18 11:20:00,CSIQ,12.14,12.16,12.135,12.14,9200.0
2017-05-18 11:15:00,CSIQ,12.14,12.1656,12.12,12.1301,19196.0
2017-05-18 11:10:00,CSIQ,12.14,12.14,12.13,12.13,1900.0
2017-05-18 11:05:00,CSIQ,12.11,12.14,12.1,12.12,15600.0
2017-05-18 11:00:00,CSIQ,12.12,12.12,12.1,12.1092,2200.0
2017-05-18 10:55:00,CSIQ,12.12,12.1242,12.1,12.12,5044.0
2017-05-18 10:50:00,CSIQ,12.11,12.1237,12.07,12.1,13327.0
2017-05-18 10:45:00,CSIQ,12.165,12.165,12.11,12.12,26884.0
2017-05-18 10:40:00,CSIQ,12.15,12.1799,12.145,12.17,12829.0
2017-05-18 10:35:00,CSIQ,12.14,12.1568,12.12,12.145,32340.0
2017-05-18 10:30:00,CSIQ,12.15,12.17,12.13,12.14,12380.0
2017-05-18 10:25:00,CSIQ,12.2,12.21,12.15,12.16,26150.0
2017-05-18 10:20:00,CSIQ,12.2402,12.25,12.2,12.21,15063.0
2017-05-18 10:15:00,CSIQ,12.22,12.26,12.21,12.26,4302.0
2017-05-18 10:10:00,CSIQ,12.196,12.23,12.18,12.21,20075.0
2017-05-18 10:05:00,CSIQ,12.13,12.19,12.11,12.18,15540.0
2017-05-18 10:00:00,CSIQ,12.14,12.17,12.1397,12.15,7310.0
2017-05-18 09:55:00,CSIQ,12.2299,12.2399,12.12,12.15,24151.0
2017-05-18 09:50:00,CSIQ,12.322,12.33,12.21,12.21,7371.0
2017-05-18 09:45:00,CSIQ,12.37,12.38,12.3021,12.33,28696.0
2017-05-18 09:40:00,CSIQ,12.36,12.4566,12.3512,12.37,43605.0
2017-05-18 09:35:00,CSIQ,12.25,12.3566,12.21,12.3566,28717.0
2017-05-18 09:20:00,CSIQ,12.26,12.26,12.26,12.26,600.0
2017-05-18 09:15:00,CSIQ,12.26,12.26,12.26,12.26,500.0
2017-05-18 08:35:00,CSIQ,12.26,12.26,12.26,12.26,1000.0
2017-05-18 08:30:00,CSIQ,12.26,12.26,12.26,12.26,3000.0
2017-05-18 08:10:00,CSIQ,12.26,12.26,12.26,12.26,500.0
2017-05-18 05:40:00,CSIQ,12.26,12.26,12.26,12.26,600.0
2017-05-17 19:05:00,CSIQ,12.34,12.34,12.34,12.34,2000.0
2017-05-17 17:05:00,CSIQ,12.26,12.26,12.26,12.26,900.0
2017-05-17 16:40:00,CSIQ,12.34,12.34,12.34,12.34,185.0
2017-05-17 16:05:00,CSIQ,12.28,12.28,12.28,12.28,32829.0
2017-05-17 16:00:00,CSIQ,12.3036,12.32,12.25,12.27,84611.0
2017-05-17 15:55:00,CSIQ,12.35,12.3587,12.3,12.3,48831.0
2017-05-17 15:50:00,CSIQ,12.39,12.405,12.35,12.35,38514.0
2017-05-17 15:45:00,CSIQ,12.425,12.435,12.39,12.4,32318.0
2017-05-17 15:40:00,CSIQ,12.445,12.45,12.43,12.43,20213.0
2017-05-17 15:35:00,CSIQ,12.43,12.4599,12.42,12.44,31149.0
2017-05-17 15:30:00,CSIQ,12.38,12.445,12.38,12.42,28194.0
2017-05-17 15:25:00,CSIQ,12.35,12.4,12.3434,12.38,29376.0
2017-05-17 15:20:00,CSIQ,12.34,12.36,12.32,12.35,7954.0
2017-05-17 15:15:00,CSIQ,12.311,12.325,12.298,12.32,16000.0
2017-05-17 15:10:00,CSIQ,12.32,12.3299,12.31,12.32,10000.0
2017-05-17 15:05:00,CSIQ,12.302,12.325,12.302,12.32,4522.0
2017-05-17 15:00:00,CSIQ,12.28,12.3,12.28,12.3,4725.0
2017-05-17 14:55:00,CSIQ,12.2085,12.28,12.2054,12.28,9144.0
2017-05-17 14:50:00,CSIQ,12.27,12.27,12.19,12.2,28375.0
2017-05-17 14:45:00,CSIQ,12.3,12.3,12.2639,12.27,17607.0
2017-05-17 14:40:00,CSIQ,12.26,12.305,12.25,12.3,16545.0
2017-05-17 14:35:00,CSIQ,12.28,12.2895,12.27,12.27,7515.0
2017-05-17 14:30:00,CSIQ,12.29,12.3,12.2794,12.28,8888.0
2017-05-17 14:25:00,CSIQ,12.28,12.33,12.28,12.28,18362.0
2017-05-17 14:20:00,CSIQ,12.35,12.36,12.25,12.27,68293.0
2017-05-17 14:15:00,CSIQ,12.425,12.43,12.355,12.355,26709.0
2017-05-17 14:10:00,CSIQ,12.425,12.4299,12.4,12.425,15117.0
2017-05-17 14:05:00,CSIQ,12.4,12.436,12.4,12.425,16132.0
2017-05-17 14:00:00,CSIQ,12.415,12.42,12.395,12.405,15841.0
2017-05-17 13:55:00,CSIQ,12.4493,12.4493,12.41,12.41,10664.0
2017-05-17 13:50:00,CSIQ,12.44,12.458,12.42,12.458,20795.0
2017-05-17 13:45:00,CSIQ,12.4681,12.48,12.435,12.44,16782.0
2017-05-17 13:40:00,CSIQ,12.49,12.5,12.46,12.46,19468.0
2017-05-17 13:35:00,CSIQ,12.49,12.496,12.47,12.496,17590.0
2017-05-17 13:30:00,CSIQ,12.51,12.52,12.47,12.49,37329.0
2017-05-17 13:25:00,CSIQ,12.53,12.54,12.52,12.52,6927.0
2017-05-17 13:20:00,CSIQ,12.569,12.569,12.54,12.54,1909.0
2017-05-17 13:15:00,CSIQ,12.58,12.58,12.55,12.56,1539.0
2017-05-17 13:10:00,CSIQ,12.56,12.58,12.56,12.57,3100.0
2017-05-17 13:05:00,CSIQ,12.56,12.56,12.54,12.56,12300.0
2017-05-17 13:00:00,CSIQ,12.5365,12.55,12.5365,12.5496,2100.0
2017-05-17 12:55:00,CSIQ,12.53,12.53,12.52,12.53,5430.0
2017-05-17 12:50:00,CSIQ,12.53,12.54,12.53,12.53,8300.0
2017-05-17 12:45:00,CSIQ,12.52,12.54,12.52,12.53,1600.0
2017-05-17 12:40:00,CSIQ,12.55,12.55,12.54,12.54,1100.0
2017-05-17 12:35:00,CSIQ,12.53,12.54,12.52,12.53,10800.0
2017-05-17 12:30:00,CSIQ,12.53,12.54,12.52,12.52,2640.0
2017-05-17 12:25:00,CSIQ,12.52,12.5445,12.52,12.5445,9419.0
2017-05-17 12:20:00,CSIQ,12.57,12.57,12.52,12.52,11917.0
2017-05-17 12:15:00,CSIQ,12.58,12.6,12.57,12.5701,2632.0
2017-05-17 12:10:00,CSIQ,12.59,12.6,12.58,12.58,2950.0
2017-05-17 12:05:00,CSIQ,12.605,12.6076,12.59,12.59,3302.0
2017-05-17 12:00:00,CSIQ,12.5835,12.64,12.58,12.6001,4700.0
2017-05-17 11:55:00,CSIQ,12.58,12.61,12.56,12.59,7721.0
2017-05-17 11:50:00,CSIQ,12.58,12.59,12.5699,12.58,3331.0
2017-05-17 11:45:00,CSIQ,12.56,12.59,12.56,12.59,2516.0
2017-05-17 11:40:00,CSIQ,12.53,12.56,12.53,12.56,4573.0
2017-05-17 11:35:00,CSIQ,12.54,12.5415,12.52,12.52,6594.0
2017-05-17 11:30:00,CSIQ,12.5797,12.59,12.53,12.53,17839.0
2017-05-17 11:25:00,CSIQ,12.57,12.6,12.56,12.583,6500.0
2017-05-17 11:20:00,CSIQ,12.61,12.6126,12.56,12.5857,15834.0
2017-05-17 11:15:00,CSIQ,12.5701,12.63,12.55,12.6056,18474.0
2017-05-17 11:10:00,CSIQ,12.59,12.6,12.58,12.58,8085.0
2017-05-17 11:05:00,CSIQ,12.6299,12.6299,12.58,12.59,13511.0
2017-05-17 11:00:00,CSIQ,12.65,12.65,12.61,12.6299,10689.0
2017-05-17 10:55:00,CSIQ,12.66,12.7,12.65,12.65,9418.0
2017-05-17 10:50:00,CSIQ,12.69,12.69,12.67,12.67,2785.0
2017-05-17 10:45:00,CSIQ,12.72,12.72,12.69,12.69,3888.0
2017-05-17 10:40:00,CSIQ,12.75,12.75,12.7124,12.7202,4850.0
2017-05-17 10:35:00,CSIQ,12.65,12.7599,12.65,12.759,8789.0
2017-05-17 10:30:00,CSIQ,12.6,12.64,12.58,12.64,22306.0
2017-05-17 10:25:00,CSIQ,12.67,12.67,12.6,12.6,21526.0
2017-05-17 10:20:00,CSIQ,12.68,12.691,12.67,12.68,5961.0
2017-05-17 10:15:00,CSIQ,12.7223,12.7223,12.68,12.69,8577.0
2017-05-17 10:10:00,CSIQ,12.69,12.74,12.67,12.73,9302.0
2017-05-17 10:05:00,CSIQ,12.65,12.7,12.6453,12.7,8855.0
2017-05-17 10:00:00,CSIQ,12.67,12.68,12.64,12.6524,13472.0
2017-05-17 09:55:00,CSIQ,12.6583,12.73,12.6583,12.68,11340.0
2017-05-17 09:50:00,CSIQ,12.635,12.66,12.615,12.66,10038.0
2017-05-17 09:45:00,CSIQ,12.766,12.766,12.6,12.615,26059.0
2017-05-17 09:40:00,CSIQ,12.76,12.8198,12.74,12.77,17962.0
2017-05-17 09:35:00,CSIQ,12.72,12.89,12.69,12.87,24929.0
2017-05-17 08:10:00,CSIQ,12.94,12.94,12.94,12.94,100.0
2017-05-16 16:05:00,CSIQ,12.94,12.94,12.94,12.94,24670.0
2017-05-16 16:00:00,CSIQ,12.945,12.95,12.92,12.95,74868.0
2017-05-16 15:55:00,CSIQ,12.92,12.95,12.915,12.94,51949.0
2017-05-16 15:50:00,CSIQ,12.95,12.95,12.92,12.9299,11356.0
2017-05-16 15:45:00,CSIQ,12.925,12.97,12.92,12.95,12597.0
2017-05-16 15:40:00,CSIQ,12.91,12.93,12.9,12.924,27934.0
2017-05-16 15:35:00,CSIQ,12.92,12.92,12.91,12.91,2000.0
2017-05-16 15:30:00,CSIQ,12.9,12.92,12.8923,12.92,14476.0
2017-05-16 15:25:00,CSIQ,12.88,12.92,12.88,12.91,9233.0
2017-05-16 15:20:00,CSIQ,12.91,12.91,12.88,12.88,3208.0
2017-05-16 15:15:00,CSIQ,12.915,12.92,12.88,12.92,16294.0
2017-05-16 15:10:00,CSIQ,12.92,12.9224,12.9101,12.9101,4095.0
2017-05-16 15:05:00,CSIQ,12.88,12.93,12.88,12.92,8281.0
2017-05-16 15:00:00,CSIQ,12.87,12.89,12.86,12.87,24805.0
2017-05-16 14:55:00,CSIQ,12.885,12.885,12.86,12.88,2600.0
2017-05-16 14:50:00,CSIQ,12.86,12.9,12.86,12.89,2400.0
2017-05-16 14:45:00,CSIQ,12.87,12.88,12.86,12.86,3123.0
2017-05-16 14:40:00,CSIQ,12.86,12.88,12.86,12.87,8900.0
2017-05-16 14:35:00,CSIQ,12.8,12.87,12.8,12.87,5100.0
2017-05-16 14:30:00,CSIQ,12.81,12.81,12.79,12.8,32174.0
2017-05-16 14:25:00,CSIQ,12.81,12.83,12.81,12.8199,3055.0
2017-05-16 14:20:00,CSIQ,12.82,12.825,12.81,12.82,3811.0
2017-05-16 14:15:00,CSIQ,12.84,12.85,12.82,12.83,1100.0
2017-05-16 14:10:00,CSIQ,12.84,12.84,12.82,12.83,3089.0
2017-05-16 14:05:00,CSIQ,12.816,12.85,12.816,12.85,5726.0
2017-05-16 14:00:00,CSIQ,12.83,12.83,12.8,12.82,5000.0
2017-05-16 13:55:00,CSIQ,12.845,12.8499,12.83,12.8301,3563.0
2017-05-16 13:50:00,CSIQ,12.84,12.86,12.84,12.85,4865.0
2017-05-16 13:45:00,CSIQ,12.84,12.85,12.835,12.8401,2999.0
2017-05-16 13:40:00,CSIQ,12.86,12.87,12.85,12.85,2500.0
2017-05-16 13:35:00,CSIQ,12.87,12.875,12.85,12.86,3000.0
2017-05-16 13:30:00,CSIQ,12.88,12.88,12.87,12.87,3230.0
2017-05-16 13:25:00,CSIQ,12.8501,12.91,12.85,12.9,13526.0
2017-05-16 13:20:00,CSIQ,12.92,12.92,12.86,12.86,3963.0
2017-05-16 13:15:00,CSIQ,12.9,12.91,12.895,12.91,5587.0
2017-05-16 13:10:00,CSIQ,12.9,12.91,12.9,12.9,4400.0
2017-05-16 13:05:00,CSIQ,12.91,12.92,12.9,12.91,8794.0
2017-05-16 13:00:00,CSIQ,12.92,12.93,12.91,12.92,3241.0
2017-05-16 12:55:00,CSIQ,12.9416,12.946,12.9,12.91,3556.0
2017-05-16 12:50:00,CSIQ,12.94,12.96,12.92,12.93,19575.0
2017-05-16 12:45:00,CSIQ,12.95,12.96,12.94,12.94,2000.0
2017-05-16 12:40:00,CSIQ,12.9,12.95,12.9,12.93,3401.0
2017-05-16 12:35:00,CSIQ,12.95,12.95,12.9,12.9091,7075.0
2017-05-16 12:30:00,CSIQ,12.92,12.95,12.91,12.95,6930.0
2017-05-16 12:25:00,CSIQ,12.92,12.93,12.905,12.93,2650.0
2017-05-16 12:20:00,CSIQ,12.89,12.89,12.88,12.89,1400.0
2017-05-16 12:15:00,CSIQ,12.88,12.91,12.88,12.9,6774.0
2017-05-16 12:10:00,CSIQ,12.91,12.93,12.88,12.9,5480.0
2017-05-16 12:05:00,CSIQ,12.92,12.93,12.89,12.9,2700.0
2017-05-16 12:00:00,CSIQ,12.91,12.9279,12.91,12.92,3520.0
2017-05-16 11:55:00,CSIQ,12.9,12.92,12.9,12.91,8266.0
2017-05-16 11:50:00,CSIQ,12.83,12.89,12.83,12.89,9600.0
2017-05-16 11:45:00,CSIQ,12.82,12.86,12.82,12.86,1600.0
2017-05-16 11:40:00,CSIQ,12.8327,12.84,12.8,12.84,12989.0
2017-05-16 11:35:00,CSIQ,12.87,12.88,12.8201,12.8201,6418.0
2017-05-16 11:30:00,CSIQ,12.87,12.89,12.86,12.8714,2746.0
2017-05-16 11:25:00,CSIQ,12.85,12.89,12.83,12.88,4884.0
2017-05-16 11:20:00,CSIQ,12.88,12.88,12.83,12.83,5860.0
2017-05-16 11:15:00,CSIQ,12.891,12.91,12.8601,12.8601,7579.0
2017-05-16 11:10:00,CSIQ,12.9,12.92,12.89,12.89,15124.0
2017-05-16 11:05:00,CSIQ,12.82,12.91,12.81,12.9,13857.0
2017-05-16 11:00:00,CSIQ,12.79,12.83,12.79,12.82,12948.0
2017-05-16 10:55:00,CSIQ,12.77,12.7899,12.73,12.7797,8956.0
2017-05-16 10:50:00,CSIQ,12.739,12.78,12.72,12.78,12167.0
2017-05-16 10:45:00,CSIQ,12.72,12.73,12.71,12.73,18750.0
2017-05-16 10:40:00,CSIQ,12.7499,12.7499,12.7,12.73,33903.0
2017-05-16 10:35:00,CSIQ,12.72,12.75,12.71,12.7433,35664.0
2017-05-16 10:30:00,CSIQ,12.7199,12.75,12.69,12.7397,38829.0
2017-05-16 10:25:00,CSIQ,12.79,12.8,12.71,12.715,44518.0
2017-05-16 10:20:00,CSIQ,12.7599,12.793,12.75,12.79,32429.0
2017-05-16 10:15:00,CSIQ,12.7348,12.7599,12.73,12.7595,13714.0
2017-05-16 10:10:00,CSIQ,12.71,12.74,12.7098,12.73,25513.0
2017-05-16 10:05:00,CSIQ,12.79,12.79,12.71,12.71,39040.0
2017-05-16 10:00:00,CSIQ,12.79,12.81,12.75,12.7899,42872.0
2017-05-16 09:55:00,CSIQ,12.78,12.8499,12.779,12.7984,41320.0
2017-05-16 09:50:00,CSIQ,12.87,12.89,12.7,12.77,149775.0
2017-05-16 09:45:00,CSIQ,12.965,12.99,12.86,12.87,86011.0
2017-05-16 09:40:00,CSIQ,13.13,13.13,12.95,12.96,63364.0
2017-05-16 09:35:00,CSIQ,13.1,13.21,13.1,13.125,53290.0
2017-05-16 08:05:00,CSIQ,13.54,13.54,13.46,13.46,226.0
2017-05-15 16:30:00,CSIQ,13.24,13.24,13.24,13.24,1728.0
2017-05-15 16:05:00,CSIQ,13.24,13.24,13.24,13.24,26037.0
2017-05-15 16:00:00,CSIQ,13.261,13.27,13.23,13.24,93116.0
2017-05-15 15:55:00,CSIQ,13.3,13.32,13.265,13.265,33880.0
2017-05-15 15:50:00,CSIQ,13.27,13.315,13.27,13.3,15219.0
2017-05-15 15:45:00,CSIQ,13.31,13.31,13.26,13.26,18910.0
2017-05-15 15:40:00,CSIQ,13.35,13.35,13.28,13.3,26422.0
2017-05-15 15:35:00,CSIQ,13.37,13.38,13.345,13.35,14331.0
2017-05-15 15:30:00,CSIQ,13.39,13.39,13.37,13.37,20747.0
2017-05-15 15:25:00,CSIQ,13.355,13.38,13.355,13.38,4544.0
2017-05-15 15:20:00,CSIQ,13.37,13.3742,13.35,13.35,8434.0
2017-05-15 15:15:00,CSIQ,13.38,13.38,13.38,13.38,1300.0
2017-05-15 15:10:00,CSIQ,13.38,13.39,13.3701,13.38,3993.0
2017-05-15 15:05:00,CSIQ,13.41,13.41,13.38,13.38,9200.0
2017-05-15 15:00:00,CSIQ,13.4198,13.425,13.41,13.41,700.0
2017-05-15 14:55:00,CSIQ,13.43,13.43,13.41,13.4232,3350.0
2017-05-15 14:50:00,CSIQ,13.43,13.45,13.43,13.43,2680.0
2017-05-15 14:45:00,CSIQ,13.45,13.45,13.43,13.43,1700.0
2017-05-15 14:40:00,CSIQ,13.44,13.44,13.4153,13.4272,2000.0
2017-05-15 14:35:00,CSIQ,13.45,13.46,13.44,13.44,1900.0
2017-05-15 14:30:00,CSIQ,13.5,13.5,13.44,13.44,12002.0
2017-05-15 14:25:00,CSIQ,13.535,13.535,13.51,13.51,4700.0
2017-05-15 14:20:00,CSIQ,13.52,13.54,13.52,13.54,7939.0
2017-05-15 14:15:00,CSIQ,13.52,13.52,13.51,13.52,1300.0
2017-05-15 14:10:00,CSIQ,13.5127,13.515,13.51,13.51,3800.0
2017-05-15 14:05:00,CSIQ,13.515,13.52,13.515,13.52,1114.0
2017-05-15 14:00:00,CSIQ,13.51,13.52,13.5058,13.51,3164.0
2017-05-15 13:55:00,CSIQ,13.5,13.52,13.5,13.51,2100.0
2017-05-15 13:50:00,CSIQ,13.51,13.51,13.48,13.5,5178.0
2017-05-15 13:45:00,CSIQ,13.49,13.5,13.48,13.49,4540.0
2017-05-15 13:40:00,CSIQ,13.47,13.495,13.47,13.495,2881.0
2017-05-15 13:35:00,CSIQ,13.47,13.48,13.47,13.475,700.0
2017-05-15 13:30:00,CSIQ,13.465,13.465,13.45,13.46,1000.0
2017-05-15 13:25:00,CSIQ,13.467,13.467,13.46,13.46,430.0
2017-05-15 13:20:00,CSIQ,13.4734,13.48,13.46,13.47,4044.0
2017-05-15 13:15:00,CSIQ,13.44,13.48,13.44,13.48,6188.0
2017-05-15 13:10:00,CSIQ,13.44,13.44,13.43,13.44,400.0
2017-05-15 13:05:00,CSIQ,13.45,13.45,13.44,13.44,800.0
2017-05-15 13:00:00,CSIQ,13.4601,13.4601,13.45,13.45,2100.0
2017-05-15 12:55:00,CSIQ,13.46,13.46,13.46,13.46,400.0
2017-05-15 12:50:00,CSIQ,13.47,13.48,13.45,13.45,2000.0
2017-05-15 12:45:00,CSIQ,13.46,13.47,13.46,13.47,2623.0
2017-05-15 12:40:00,CSIQ,13.42,13.46,13.4,13.46,8800.0
2017-05-15 12:35:00,CSIQ,13.4,13.42,13.39,13.4,11078.0
2017-05-15 12:30:00,CSIQ,13.42,13.42,13.4,13.4,2500.0
2017-05-15 12:25:00,CSIQ,13.46,13.46,13.41,13.41,9181.0
2017-05-15 12:20:00,CSIQ,13.46,13.47,13.45,13.46,6520.0
2017-05-15 12:15:00,CSIQ,13.539,13.539,13.45,13.45,16950.0
2017-05-15 12:10:00,CSIQ,13.52,13.53,13.519,13.52,6826.0
2017-05-15 12:05:00,CSIQ,13.56,13.57,13.52,13.53,11691.0
2017-05-15 12:00:00,CSIQ,13.54,13.55,13.5301,13.55,1800.0
2017-05-15 11:55:00,CSIQ,13.53,13.56,13.51,13.54,13840.0
2017-05-15 11:50:00,CSIQ,13.55,13.56,13.54,13.54,2349.0
2017-05-15 11:45:00,CSIQ,13.54,13.5404,13.53,13.5404,3700.0
2017-05-15 11:40:00,CSIQ,13.48,13.5256,13.48,13.5256,6626.0
2017-05-15 11:35:00,CSIQ,13.5081,13.52,13.49,13.4965,7662.0
2017-05-15 11:30:00,CSIQ,13.51,13.5198,13.5,13.5067,4550.0
2017-05-15 11:25:00,CSIQ,13.5287,13.55,13.51,13.52,11322.0
2017-05-15 11:20:00,CSIQ,13.555,13.555,13.515,13.54,3681.0
2017-05-15 11:15:00,CSIQ,13.56,13.57,13.5303,13.55,4030.0
2017-05-15 11:10:00,CSIQ,13.57,13.6,13.56,13.56,18337.0
2017-05-15 11:05:00,CSIQ,13.58,13.65,13.5501,13.58,42401.0
2017-05-15 11:00:00,CSIQ,13.52,13.58,13.5,13.5735,14787.0
2017-05-15 10:55:00,CSIQ,13.46,13.53,13.4532,13.527,21064.0
2017-05-15 10:50:00,CSIQ,13.47,13.47,13.44,13.455,5983.0
2017-05-15 10:45:00,CSIQ,13.4,13.47,13.39,13.47,22964.0
2017-05-15 10:40:00,CSIQ,13.41,13.42,13.4,13.42,900.0
2017-05-15 10:35:00,CSIQ,13.4182,13.43,13.39,13.405,6578.0
2017-05-15 10:30:00,CSIQ,13.43,13.43,13.42,13.42,2530.0
2017-05-15 10:25:00,CSIQ,13.42,13.4201,13.39,13.4201,7853.0
2017-05-15 10:20:00,CSIQ,13.31,13.43,13.28,13.4252,18811.0
2017-05-15 10:15:00,CSIQ,13.32,13.33,13.27,13.305,30377.0
2017-05-15 10:10:00,CSIQ,13.34,13.35,13.3,13.315,25137.0
2017-05-15 10:05:00,CSIQ,13.42,13.42,13.33,13.33,80696.0
2017-05-15 10:00:00,CSIQ,13.43,13.44,13.39,13.42,18460.0
2017-05-15 09:55:00,CSIQ,13.42,13.46,13.41,13.41,20438.0
2017-05-15 09:50:00,CSIQ,13.47,13.55,13.4,13.42,60825.0
2017-05-15 09:45:00,CSIQ,13.35,13.45,13.35,13.45,28531.0
2017-05-15 09:40:00,CSIQ,13.27,13.3399,13.24,13.3399,24725.0
2017-05-15 09:35:00,CSIQ,13.3,13.3,13.24,13.262,27863.0
2017-05-12 16:20:00,CSIQ,13.11,13.11,13.11,13.11,0.0
2017-05-12 16:05:00,CSIQ,13.11,13.11,13.1,13.11,25020.0
2017-05-12 16:00:00,CSIQ,13.095,13.11,13.08,13.11,54099.0
2017-05-12 15:55:00,CSIQ,13.07,13.1,13.065,13.1,28309.0
2017-05-12 15:50:00,CSIQ,13.04,13.07,13.04,13.065,18781.0
2017-05-12 15:45:00,CSIQ,13.04,13.05,13.04,13.045,10438.0
2017-05-12 15:40:00,CSIQ,13.04,13.045,13.03,13.04,8112.0
2017-05-12 15:35:00,CSIQ,13.065,13.07,13.03,13.039,15370.0
2017-05-12 15:30:00,CSIQ,13.07,13.075,13.064,13.065,4770.0
2017-05-12 15:25:00,CSIQ,13.06,13.07,13.0546,13.06,12038.0
2017-05-12 15:20:00,CSIQ,13.0599,13.065,13.0599,13.06,2733.0
2017-05-12 15:15:00,CSIQ,13.08,13.08,13.059,13.06,11098.0
2017-05-12 15:10:00,CSIQ,13.09,13.1,13.075,13.09,12031.0
2017-05-12 15:05:00,CSIQ,13.1352,13.1352,13.09,13.1,7600.0
2017-05-12 15:00:00,CSIQ,13.141,13.145,13.14,13.14,6390.0
2017-05-12 14:55:00,CSIQ,13.14,13.16,13.14,13.15,5700.0
2017-05-12 14:50:00,CSIQ,13.15,13.155,13.14,13.14,4200.0
2017-05-12 14:45:00,CSIQ,13.15,13.15,13.1451,13.1451,500.0
2017-05-12 14:40:00,CSIQ,13.15,13.1554,13.14,13.145,4495.0
2017-05-12 14:35:00,CSIQ,13.16,13.16,13.1414,13.15,2600.0
2017-05-12 14:30:00,CSIQ,13.165,13.17,13.145,13.16,6000.0
2017-05-12 14:25:00,CSIQ,13.16,13.17,13.156,13.16,3895.0
2017-05-12 14:20:00,CSIQ,13.1416,13.15,13.1416,13.15,1300.0
2017-05-12 14:15:00,CSIQ,13.15,13.15,13.14,13.14,3128.0
2017-05-12 14:10:00,CSIQ,13.16,13.16,13.14,13.14,3653.0
2017-05-12 14:05:00,CSIQ,13.16,13.17,13.16,13.165,1941.0
2017-05-12 14:00:00,CSIQ,13.14,13.16,13.14,13.16,6780.0
2017-05-12 13:55:00,CSIQ,13.13,13.155,13.13,13.1445,5070.0
2017-05-12 13:50:00,CSIQ,13.12,13.14,13.12,13.13,1500.0
2017-05-12 13:45:00,CSIQ,13.12,13.14,13.12,13.13,6500.0
2017-05-12 13:40:00,CSIQ,13.12,13.12,13.11,13.12,1400.0
2017-05-12 13:35:00,CSIQ,13.121,13.13,13.12,13.13,1400.0
2017-05-12 13:30:00,CSIQ,13.13,13.135,13.12,13.12,6994.0
2017-05-12 13:25:00,CSIQ,13.12,13.13,13.12,13.12,600.0
2017-05-12 13:20:00,CSIQ,13.1,13.12,13.09,13.12,2193.0
2017-05-12 13:15:00,CSIQ,13.08,13.1,13.08,13.09,1550.0
2017-05-12 13:10:00,CSIQ,13.09,13.09,13.07,13.08,7788.0
2017-05-12 13:05:00,CSIQ,13.095,13.11,13.085,13.09,10650.0
2017-05-12 13:00:00,CSIQ,13.1,13.105,13.09,13.095,3800.0
2017-05-12 12:55:00,CSIQ,13.14,13.14,13.1,13.11,3250.0
2017-05-12 12:50:00,CSIQ,13.19,13.19,13.13,13.15,5300.0
2017-05-12 12:45:00,CSIQ,13.1808,13.2,13.18,13.19,8908.0
2017-05-12 12:40:00,CSIQ,13.18,13.19,13.18,13.19,500.0
2017-05-12 12:35:00,CSIQ,13.19,13.195,13.18,13.18,6514.0
2017-05-12 12:30:00,CSIQ,13.21,13.22,13.19,13.1985,6167.0
2017-05-12 12:25:00,CSIQ,13.19,13.21,13.19,13.21,9412.0
2017-05-12 12:20:00,CSIQ,13.1516,13.19,13.1516,13.19,5563.0
2017-05-12 12:15:00,CSIQ,13.15,13.16,13.14,13.15,3700.0
2017-05-12 12:10:00,CSIQ,13.15,13.175,13.15,13.16,9024.0
2017-05-12 12:05:00,CSIQ,13.17,13.18,13.14,13.146,2441.0
2017-05-12 12:00:00,CSIQ,13.161,13.18,13.16,13.18,5890.0
2017-05-12 11:55:00,CSIQ,13.18,13.19,13.17,13.17,3410.0
2017-05-12 11:50:00,CSIQ,13.16,13.2,13.16,13.19,9194.0
2017-05-12 11:45:00,CSIQ,13.155,13.1646,13.15,13.16,6167.0
2017-05-12 11:40:00,CSIQ,13.13,13.16,13.13,13.159,3893.0
2017-05-12 11:35:00,CSIQ,13.12,13.13,13.11,13.13,3200.0
2017-05-12 11:30:00,CSIQ,13.07,13.13,13.07,13.12,7816.0
2017-05-12 11:25:00,CSIQ,13.065,13.08,13.0648,13.07,4400.0
2017-05-12 11:20:00,CSIQ,13.1,13.11,13.0545,13.065,11756.0
2017-05-12 11:15:00,CSIQ,13.101,13.12,13.1,13.1,10913.0
2017-05-12 11:10:00,CSIQ,13.03,13.11,13.03,13.11,11506.0
2017-05-12 11:05:00,CSIQ,13.01,13.04,13.0,13.03,8981.0
2017-05-12 11:00:00,CSIQ,12.96,12.99,12.95,12.99,10965.0
2017-05-12 10:55:00,CSIQ,12.96,12.96,12.94,12.95,6139.0
2017-05-12 10:50:00,CSIQ,12.94,12.96,12.92,12.96,13093.0
2017-05-12 10:45:00,CSIQ,12.965,12.965,12.92,12.92,8639.0
2017-05-12 10:40:00,CSIQ,12.965,13.01,12.965,12.97,5970.0
2017-05-12 10:35:00,CSIQ,12.9439,13.0,12.9439,12.9699,8345.0
2017-05-12 10:30:00,CSIQ,12.9499,12.95,12.92,12.94,17425.0
2017-05-12 10:25:00,CSIQ,12.918,12.96,12.918,12.9486,11600.0
2017-05-12 10:20:00,CSIQ,12.8551,12.92,12.8397,12.92,35060.0
2017-05-12 10:15:00,CSIQ,12.92,12.92,12.82,12.83,31333.0
2017-05-12 10:10:00,CSIQ,12.971,13.0,12.88,12.9185,62234.0
2017-05-12 10:05:00,CSIQ,13.0,13.01,12.97,12.98,10537.0
2017-05-12 10:00:00,CSIQ,12.9799,13.02,12.97,12.983,14648.0
2017-05-12 09:55:00,CSIQ,13.07,13.09,12.951,12.9799,32402.0
2017-05-12 09:50:00,CSIQ,13.07,13.13,13.07,13.0968,19330.0
2017-05-12 09:45:00,CSIQ,13.1,13.1,13.03,13.05,21783.0
2017-05-12 09:40:00,CSIQ,13.18,13.1972,13.06,13.09,32046.0
2017-05-12 09:35:00,CSIQ,13.25,13.3,13.18,13.18,14822.0
2017-05-12 08:10:00,CSIQ,13.27,13.27,13.27,13.27,1500.0
2017-05-12 08:05:00,CSIQ,13.2,13.2,13.18,13.18,1000.0
2017-05-11 19:45:00,CSIQ,13.2,13.2,13.2,13.2,100.0
2017-05-11 19:40:00,CSIQ,13.2,13.2,13.2,13.2,750.0
2017-05-11 16:40:00,CSIQ,13.2,13.2,13.2,13.2,100.0
2017-05-11 16:25:00,CSIQ,13.2,13.2,13.2,13.2,200.0
2017-05-11 16:20:00,CSIQ,13.23,13.23,13.23,13.23,500.0
2017-05-11 16:15:00,CSIQ,13.23,13.23,13.23,13.23,500.0
2017-05-11 16:05:00,CSIQ,13.27,13.27,13.26,13.27,47962.0
2017-05-11 16:00:00,CSIQ,13.29,13.3,13.25,13.27,70459.0
2017-05-11 15:55:00,CSIQ,13.29,13.305,13.27,13.3,31692.0
2017-05-11 15:50:00,CSIQ,13.31,13.32,13.3,13.3,15138.0
2017-05-11 15:45:00,CSIQ,13.31,13.32,13.295,13.31,7293.0
2017-05-11 15:40:00,CSIQ,13.325,13.33,13.3,13.31,8553.0
2017-05-11 15:35:00,CSIQ,13.3,13.33,13.3,13.33,5830.0
2017-05-11 15:30:00,CSIQ,13.31,13.31,13.275,13.2801,7030.0
2017-05-11 15:25:00,CSIQ,13.29,13.3216,13.29,13.3216,6100.0
2017-05-11 15:20:00,CSIQ,13.29,13.31,13.29,13.3,1900.0
2017-05-11 15:15:00,CSIQ,13.32,13.3201,13.28,13.29,25727.0
2017-05-11 15:10:00,CSIQ,13.34,13.36,13.32,13.32,9974.0
2017-05-11 15:05:00,CSIQ,13.35,13.36,13.34,13.35,5800.0
2017-05-11 15:00:00,CSIQ,13.32,13.36,13.3069,13.346,17301.0
2017-05-11 14:55:00,CSIQ,13.37,13.3729,13.31,13.32,9524.0
2017-05-11 14:50:00,CSIQ,13.37,13.38,13.36,13.37,5245.0
2017-05-11 14:45:00,CSIQ,13.37,13.38,13.37,13.37,1586.0
2017-05-11 14:40:00,CSIQ,13.37,13.38,13.3664,13.37,832.0
2017-05-11 14:35:00,CSIQ,13.34,13.38,13.331,13.37,9175.0
2017-05-11 14:30:00,CSIQ,13.36,13.37,13.34,13.34,3900.0
2017-05-11 14:25:00,CSIQ,13.38,13.39,13.37,13.37,2370.0
2017-05-11 14:20:00,CSIQ,13.4,13.4,13.36,13.37,7413.0
2017-05-11 14:15:00,CSIQ,13.3652,13.38,13.36,13.38,2873.0
2017-05-11 14:10:00,CSIQ,13.4,13.41,13.35,13.37,18358.0
2017-05-11 14:05:00,CSIQ,13.3831,13.41,13.36,13.4,15349.0
2017-05-11 14:00:00,CSIQ,13.35,13.3852,13.35,13.3852,2200.0
2017-05-11 13:55:00,CSIQ,13.34,13.36,13.33,13.34,9322.0
2017-05-11 13:50:00,CSIQ,13.32,13.355,13.31,13.35,4862.0
2017-05-11 13:45:00,CSIQ,13.29,13.32,13.29,13.32,2823.0
2017-05-11 13:40:00,CSIQ,13.33,13.33,13.295,13.3,11889.0
2017-05-11 13:35:00,CSIQ,13.3,13.3346,13.3,13.32,4027.0
2017-05-11 13:30:00,CSIQ,13.33,13.34,13.3,13.3,3600.0
2017-05-11 13:25:00,CSIQ,13.36,13.37,13.3168,13.33,6221.0
2017-05-11 13:20:00,CSIQ,13.37,13.3898,13.36,13.36,6066.0
2017-05-11 13:15:00,CSIQ,13.36,13.38,13.35,13.37,3300.0
2017-05-11 13:10:00,CSIQ,13.3793,13.38,13.35,13.36,6954.0
2017-05-11 13:05:00,CSIQ,13.36,13.39,13.36,13.38,8103.0
2017-05-11 13:00:00,CSIQ,13.33,13.36,13.32,13.35,13448.0
2017-05-11 12:55:00,CSIQ,13.32,13.3499,13.32,13.34,9579.0
2017-05-11 12:50:00,CSIQ,13.3092,13.32,13.3,13.32,4721.0
2017-05-11 12:45:00,CSIQ,13.3,13.32,13.29,13.3,3670.0
2017-05-11 12:40:00,CSIQ,13.31,13.31,13.28,13.31,3800.0
2017-05-11 12:35:00,CSIQ,13.3,13.3173,13.3,13.31,8900.0
2017-05-11 12:30:00,CSIQ,13.3079,13.31,13.2955,13.31,3730.0
2017-05-11 12:25:00,CSIQ,13.292,13.31,13.282,13.29,21454.0
2017-05-11 12:20:00,CSIQ,13.25,13.32,13.25,13.29,24013.0
2017-05-11 12:15:00,CSIQ,13.22,13.24,13.2101,13.24,11052.0
2017-05-11 12:10:00,CSIQ,13.22,13.265,13.201,13.23,15417.0
2017-05-11 12:05:00,CSIQ,13.21,13.23,13.1967,13.2146,9439.0
2017-05-11 12:00:00,CSIQ,13.16,13.215,13.15,13.19,8325.0
2017-05-11 11:55:00,CSIQ,13.16,13.17,13.14,13.15,5002.0
2017-05-11 11:50:00,CSIQ,13.1,13.16,13.1,13.16,8500.0
2017-05-11 11:45:00,CSIQ,13.1077,13.11,13.1,13.1,1860.0
2017-05-11 11:40:00,CSIQ,13.1297,13.1297,13.08,13.08,11665.0
2017-05-11 11:35:00,CSIQ,13.08,13.16,13.08,13.1,13499.0
2017-05-11 11:30:00,CSIQ,13.08,13.0999,13.0448,13.0999,29000.0
2017-05-11 11:25:00,CSIQ,13.05,13.085,13.04,13.0838,6300.0
2017-05-11 11:20:00,CSIQ,13.13,13.13,13.02,13.04,13922.0
2017-05-11 11:15:00,CSIQ,13.15,13.1601,13.11,13.11,8968.0
2017-05-11 11:10:00,CSIQ,13.13,13.15,13.1,13.14,14129.0
2017-05-11 11:05:00,CSIQ,13.08,13.149,13.07,13.149,11556.0
2017-05-11 11:00:00,CSIQ,13.0,13.08,13.0,13.0737,13960.0
2017-05-11 10:55:00,CSIQ,13.01,13.015,12.99,13.0,16026.0
2017-05-11 10:50:00,CSIQ,13.01,13.01,12.99,13.01,14945.0
2017-05-11 10:45:00,CSIQ,13.0,13.02,12.99,13.02,23150.0
2017-05-11 10:40:00,CSIQ,13.045,13.0696,13.0,13.005,12485.0
2017-05-11 10:35:00,CSIQ,13.072,13.08,13.03,13.04,8445.0
2017-05-11 10:30:00,CSIQ,12.98,13.1,12.9763,13.09,38758.0
2017-05-11 10:25:00,CSIQ,13.11,13.1101,12.95,12.9868,58147.0
2017-05-11 10:20:00,CSIQ,13.0901,13.13,13.08,13.12,15570.0
2017-05-11 10:15:00,CSIQ,13.1189,13.14,13.09,13.09,15125.0
2017-05-11 10:10:00,CSIQ,13.069,13.13,13.01,13.12,58882.0
2017-05-11 10:05:00,CSIQ,13.17,13.18,13.01,13.07,53997.0
2017-05-11 10:00:00,CSIQ,13.174,13.22,13.13,13.19,33638.0
2017-05-11 09:55:00,CSIQ,13.3099,13.3099,13.18,13.18,56075.0
2017-05-11 09:50:00,CSIQ,13.36,13.38,13.3,13.305,67255.0
2017-05-11 09:45:00,CSIQ,13.4628,13.4728,13.352,13.36,25455.0
2017-05-11 09:40:00,CSIQ,13.49,13.499,13.46,13.47,27523.0
2017-05-11 09:35:00,CSIQ,13.63,13.649,13.47,13.48,42275.0
2017-05-11 09:20:00,CSIQ,13.66,13.66,13.66,13.66,300.0
2017-05-10 18:50:00,CSIQ,13.71,13.71,13.71,13.71,500.0
2017-05-10 17:00:00,CSIQ,13.92,13.92,13.92,13.92,199.0
2017-05-10 16:40:00,CSIQ,13.61,13.61,13.61,13.61,1000.0
2017-05-10 16:05:00,CSIQ,13.69,13.69,13.69,13.69,19346.0
2017-05-10 16:00:00,CSIQ,13.65,13.69,13.63,13.69,64649.0
2017-05-10 15:55:00,CSIQ,13.67,13.67,13.65,13.655,21590.0
2017-05-10 15:50:00,CSIQ,13.65,13.67,13.65,13.67,7734.0
2017-05-10 15:45:00,CSIQ,13.63,13.65,13.615,13.65,25376.0
2017-05-10 15:40:00,CSIQ,13.64,13.64,13.62,13.63,11014.0
2017-05-10 15:35:00,CSIQ,13.66,13.66,13.64,13.64,4700.0
2017-05-10 15:30:00,CSIQ,13.69,13.69,13.64,13.66,15354.0
2017-05-10 15:25:00,CSIQ,13.7,13.7,13.68,13.68,6100.0
2017-05-10 15:20:00,CSIQ,13.7,13.71,13.69,13.71,15860.0
2017-05-10 15:15:00,CSIQ,13.69,13.7,13.677,13.7,14400.0
2017-05-10 15:10:00,CSIQ,13.67,13.7,13.66,13.7,9200.0
2017-05-10 15:05:00,CSIQ,13.64,13.67,13.64,13.67,10807.0
2017-05-10 15:00:00,CSIQ,13.62,13.63,13.616,13.63,6800.0
2017-05-10 14:55:00,CSIQ,13.61,13.62,13.6032,13.61,10910.0
2017-05-10 14:50:00,CSIQ,13.6,13.61,13.59,13.61,4896.0
2017-05-10 14:45:00,CSIQ,13.55,13.59,13.55,13.59,4731.0
2017-05-10 14:40:00,CSIQ,13.5836,13.5836,13.545,13.545,15236.0
2017-05-10 14:35:00,CSIQ,13.58,13.58,13.56,13.58,7640.0
2017-05-10 14:30:00,CSIQ,13.6,13.6,13.555,13.58,12020.0
2017-05-10 14:25:00,CSIQ,13.595,13.6,13.59,13.6,7052.0
2017-05-10 14:20:00,CSIQ,13.5501,13.6,13.54,13.6,39283.0
2017-05-10 14:15:00,CSIQ,13.54,13.56,13.52,13.55,21079.0
2017-05-10 14:10:00,CSIQ,13.56,13.56,13.53,13.545,22911.0
2017-05-10 14:05:00,CSIQ,13.57,13.58,13.55,13.57,6358.0
2017-05-10 14:00:00,CSIQ,13.56,13.58,13.56,13.57,8033.0
2017-05-10 13:55:00,CSIQ,13.59,13.6,13.56,13.5608,15947.0
2017-05-10 13:50:00,CSIQ,13.58,13.6,13.56,13.57,11672.0
2017-05-10 13:45:00,CSIQ,13.63,13.63,13.56,13.58,20702.0
2017-05-10 13:40:00,CSIQ,13.655,13.655,13.62,13.64,15752.0
2017-05-10 13:35:00,CSIQ,13.65,13.67,13.65,13.66,8900.0
2017-05-10 13:30:00,CSIQ,13.63,13.65,13.63,13.6434,5060.0
2017-05-10 13:25:00,CSIQ,13.64,13.64,13.6,13.62,10231.0
2017-05-10 13:20:00,CSIQ,13.62,13.64,13.62,13.63,6938.0
2017-05-10 13:15:00,CSIQ,13.62,13.6265,13.61,13.62,5583.0
2017-05-10 13:10:00,CSIQ,13.63,13.64,13.6,13.62,10540.0
2017-05-10 13:05:00,CSIQ,13.62,13.63,13.6,13.63,12904.0
2017-05-10 13:00:00,CSIQ,13.62,13.64,13.62,13.62,10618.0
2017-05-10 12:55:00,CSIQ,13.59,13.61,13.59,13.61,13153.0
2017-05-10 12:50:00,CSIQ,13.55,13.59,13.545,13.59,12987.0
2017-05-10 12:45:00,CSIQ,13.562,13.57,13.52,13.55,53786.0
2017-05-10 12:40:00,CSIQ,13.59,13.59,13.55,13.56,10136.0
2017-05-10 12:35:00,CSIQ,13.56,13.59,13.56,13.59,5207.0
2017-05-10 12:30:00,CSIQ,13.55,13.56,13.52,13.55,13424.0
2017-05-10 12:25:00,CSIQ,13.55,13.56,13.51,13.55,11990.0
2017-05-10 12:20:00,CSIQ,13.54,13.55,13.53,13.55,4500.0
2017-05-10 12:15:00,CSIQ,13.53,13.54,13.53,13.53,3300.0
2017-05-10 12:10:00,CSIQ,13.55,13.55,13.52,13.53,6457.0
2017-05-10 12:05:00,CSIQ,13.52,13.55,13.51,13.55,7360.0
2017-05-10 12:00:00,CSIQ,13.52,13.54,13.51,13.516,8946.0
2017-05-10 11:55:00,CSIQ,13.5,13.52,13.48,13.52,11000.0
2017-05-10 11:50:00,CSIQ,13.57,13.585,13.5,13.5,14767.0
2017-05-10 11:45:00,CSIQ,13.545,13.57,13.54,13.565,6700.0
2017-05-10 11:40:00,CSIQ,13.52,13.55,13.5,13.54,11643.0
2017-05-10 11:35:00,CSIQ,13.53,13.54,13.49,13.52,6480.0
2017-05-10 11:30:00,CSIQ,13.55,13.55,13.51,13.53,7450.0
2017-05-10 11:25:00,CSIQ,13.499,13.5516,13.499,13.5516,5300.0
2017-05-10 11:20:00,CSIQ,13.49,13.52,13.48,13.49,20358.0
2017-05-10 11:15:00,CSIQ,13.482,13.5,13.46,13.49,8972.0
2017-05-10 11:10:00,CSIQ,13.512,13.52,13.46,13.48,8989.0
2017-05-10 11:05:00,CSIQ,13.586,13.586,13.49,13.51,16518.0
2017-05-10 11:00:00,CSIQ,13.51,13.58,13.49,13.58,12576.0
2017-05-10 10:55:00,CSIQ,13.53,13.55,13.5,13.52,25800.0
2017-05-10 10:50:00,CSIQ,13.48,13.53,13.48,13.53,35575.0
2017-05-10 10:45:00,CSIQ,13.4328,13.48,13.4,13.48,19665.0
2017-05-10 10:40:00,CSIQ,13.43,13.47,13.43,13.43,28533.0
2017-05-10 10:35:00,CSIQ,13.47,13.5,13.3709,13.4227,100344.0
2017-05-10 10:30:00,CSIQ,13.59,13.6,13.4638,13.479,38384.0
2017-05-10 10:25:00,CSIQ,13.63,13.65,13.59,13.59,12828.0
2017-05-10 10:20:00,CSIQ,13.6884,13.71,13.63,13.64,15090.0
2017-05-10 10:15:00,CSIQ,13.71,13.73,13.68,13.68,8491.0
2017-05-10 10:10:00,CSIQ,13.71,13.75,13.68,13.72,18998.0
2017-05-10 10:05:00,CSIQ,13.727,13.83,13.69,13.71,45082.0
2017-05-10 10:00:00,CSIQ,13.725,13.74,13.68,13.725,22762.0
2017-05-10 09:55:00,CSIQ,13.69,13.72,13.675,13.72,17971.0
2017-05-10 09:50:00,CSIQ,13.62,13.69,13.62,13.683,30105.0
2017-05-10 09:45:00,CSIQ,13.5358,13.65,13.53,13.62,12599.0
2017-05-10 09:40:00,CSIQ,13.635,13.65,13.5,13.54,50019.0
2017-05-10 09:35:00,CSIQ,13.71,13.71,13.56,13.65,27347.0
2017-05-10 08:10:00,CSIQ,13.6,13.6,13.6,13.6,1000.0
2017-05-10 07:45:00,CSIQ,13.65,13.65,13.65,13.65,400.0
2017-05-09 19:30:00,CSIQ,13.85,13.85,13.85,13.85,500.0
2017-05-09 16:40:00,CSIQ,13.61,13.61,13.6,13.6,2000.0
2017-05-09 16:10:00,CSIQ,13.74,13.74,13.74,13.74,500.0
2017-05-09 16:05:00,CSIQ,13.74,13.74,13.74,13.74,30509.0
2017-05-09 16:00:00,CSIQ,13.74,13.75,13.71,13.74,44902.0
2017-05-09 15:55:00,CSIQ,13.7,13.74,13.7,13.735,11422.0
2017-05-09 15:50:00,CSIQ,13.7068,13.72,13.68,13.69,17039.0
2017-05-09 15:45:00,CSIQ,13.7201,13.7201,13.68,13.7,15919.0
2017-05-09 15:40:00,CSIQ,13.73,13.75,13.72,13.73,10522.0
2017-05-09 15:35:00,CSIQ,13.79,13.79,13.73,13.74,12863.0
2017-05-09 15:30:00,CSIQ,13.77,13.79,13.76,13.79,10264.0
2017-05-09 15:25:00,CSIQ,13.785,13.79,13.76,13.77,10136.0
2017-05-09 15:20:00,CSIQ,13.78,13.79,13.77,13.78,7085.0
2017-05-09 15:15:00,CSIQ,13.77,13.78,13.76,13.78,6127.0
2017-05-09 15:10:00,CSIQ,13.775,13.79,13.76,13.77,8500.0
2017-05-09 15:05:00,CSIQ,13.78,13.8,13.76,13.77,30726.0
2017-05-09 15:00:00,CSIQ,13.75,13.78,13.7475,13.7747,13608.0
2017-05-09 14:55:00,CSIQ,13.7075,13.75,13.7075,13.75,27530.0
2017-05-09 14:50:00,CSIQ,13.75,13.76,13.7,13.71,28214.0
2017-05-09 14:45:00,CSIQ,13.722,13.75,13.722,13.7321,16298.0
2017-05-09 14:40:00,CSIQ,13.74,13.74,13.73,13.73,1300.0
2017-05-09 14:35:00,CSIQ,13.75,13.75,13.73,13.7344,3662.0
2017-05-09 14:30:00,CSIQ,13.74,13.75,13.74,13.7499,3280.0
2017-05-09 14:25:00,CSIQ,13.7435,13.745,13.72,13.7308,11486.0
2017-05-09 14:20:00,CSIQ,13.7098,13.78,13.7,13.7434,47817.0
2017-05-09 14:15:00,CSIQ,13.68,13.71,13.68,13.71,15971.0
2017-05-09 14:10:00,CSIQ,13.66,13.7,13.66,13.69,15841.0
2017-05-09 14:05:00,CSIQ,13.678,13.69,13.66,13.68,4330.0
2017-05-09 14:00:00,CSIQ,13.671,13.7,13.63,13.67,18441.0
2017-05-09 13:55:00,CSIQ,13.668,13.69,13.668,13.69,2564.0
2017-05-09 13:50:00,CSIQ,13.68,13.68,13.67,13.67,2100.0
2017-05-09 13:45:00,CSIQ,13.65,13.68,13.65,13.679,6784.0
2017-05-09 13:40:00,CSIQ,13.64,13.67,13.64,13.65,18392.0
2017-05-09 13:35:00,CSIQ,13.64,13.65,13.64,13.64,6070.0
2017-05-09 13:30:00,CSIQ,13.66,13.66,13.64,13.64,1200.0
2017-05-09 13:25:00,CSIQ,13.64,13.65,13.64,13.65,3400.0
2017-05-09 13:20:00,CSIQ,13.64,13.66,13.63,13.66,1700.0
2017-05-09 13:15:00,CSIQ,13.64,13.65,13.63,13.63,2970.0
2017-05-09 13:10:00,CSIQ,13.6528,13.6528,13.624,13.64,13000.0
2017-05-09 13:05:00,CSIQ,13.65,13.65,13.6435,13.65,3249.0
2017-05-09 13:00:00,CSIQ,13.63,13.64,13.63,13.64,3600.0
2017-05-09 12:55:00,CSIQ,13.64,13.64,13.62,13.63,2048.0
2017-05-09 12:50:00,CSIQ,13.63,13.65,13.6288,13.63,2983.0
2017-05-09 12:45:00,CSIQ,13.69,13.71,13.61,13.61,20596.0
2017-05-09 12:40:00,CSIQ,13.67,13.69,13.65,13.68,8106.0
2017-05-09 12:35:00,CSIQ,13.68,13.68,13.62,13.66,16800.0
2017-05-09 12:30:00,CSIQ,13.6472,13.68,13.6472,13.68,985.0
2017-05-09 12:25:00,CSIQ,13.6198,13.66,13.6,13.6405,27182.0
2017-05-09 12:20:00,CSIQ,13.61,13.62,13.6002,13.62,1800.0
2017-05-09 12:15:00,CSIQ,13.6,13.63,13.6,13.6,4112.0
2017-05-09 12:10:00,CSIQ,13.66,13.67,13.56,13.59,26162.0
2017-05-09 12:05:00,CSIQ,13.67,13.68,13.64,13.6495,2800.0
2017-05-09 12:00:00,CSIQ,13.655,13.67,13.65,13.665,5365.0
2017-05-09 11:55:00,CSIQ,13.619,13.67,13.619,13.663,7101.0
2017-05-09 11:50:00,CSIQ,13.58,13.61,13.58,13.61,7123.0
2017-05-09 11:45:00,CSIQ,13.595,13.595,13.54,13.5773,29620.0
2017-05-09 11:40:00,CSIQ,13.57,13.6,13.57,13.59,9854.0
2017-05-09 11:35:00,CSIQ,13.54,13.5648,13.54,13.5635,3783.0
2017-05-09 11:30:00,CSIQ,13.49,13.55,13.49,13.54,10940.0
2017-05-09 11:25:00,CSIQ,13.49,13.49,13.4702,13.4702,200.0
2017-05-09 11:20:00,CSIQ,13.51,13.51,13.49,13.49,5560.0
2017-05-09 11:15:00,CSIQ,13.52,13.53,13.5001,13.51,6880.0
2017-05-09 11:10:00,CSIQ,13.5,13.53,13.5,13.52,2730.0
2017-05-09 11:05:00,CSIQ,13.48,13.54,13.46,13.51,9330.0
2017-05-09 11:00:00,CSIQ,13.58,13.58,13.46,13.46,29841.0
2017-05-09 10:55:00,CSIQ,13.59,13.64,13.57,13.58,19099.0
2017-05-09 10:50:00,CSIQ,13.52,13.58,13.52,13.58,11603.0
2017-05-09 10:45:00,CSIQ,13.52,13.54,13.52,13.54,6442.0
2017-05-09 10:40:00,CSIQ,13.49,13.53,13.49,13.53,7944.0
2017-05-09 10:35:00,CSIQ,13.5067,13.5067,13.48,13.48,5585.0
2017-05-09 10:30:00,CSIQ,13.44,13.54,13.4301,13.52,28610.0
2017-05-09 10:25:00,CSIQ,13.44,13.45,13.416,13.43,3989.0
2017-05-09 10:20:00,CSIQ,13.36,13.43,13.36,13.43,8375.0
2017-05-09 10:15:00,CSIQ,13.32,13.36,13.3,13.36,13325.0
2017-05-09 10:10:00,CSIQ,13.3432,13.37,13.31,13.31,8672.0
2017-05-09 10:05:00,CSIQ,13.3,13.39,13.3,13.367,4097.0
2017-05-09 10:00:00,CSIQ,13.23,13.3,13.23,13.3,8031.0
2017-05-09 09:55:00,CSIQ,13.31,13.34,13.211,13.24,17575.0
2017-05-09 09:50:00,CSIQ,13.38,13.39,13.27,13.315,19085.0
2017-05-09 09:45:00,CSIQ,13.42,13.42,13.34,13.4,11158.0
2017-05-09 09:40:00,CSIQ,13.3474,13.4248,13.32,13.42,12415.0
2017-05-09 09:35:00,CSIQ,13.43,13.43,13.32,13.34,19426.0
2017-05-09 09:00:00,CSIQ,13.54,13.54,13.54,13.54,800.0
2017-05-08 16:05:00,CSIQ,13.45,13.45,13.45,13.45,20437.0
2017-05-08 16:00:00,CSIQ,13.42,13.45,13.415,13.45,47477.0
2017-05-08 15:55:00,CSIQ,13.4,13.43,13.4,13.41,31860.0
2017-05-08 15:50:00,CSIQ,13.4,13.4,13.39,13.395,5335.0
2017-05-08 15:45:00,CSIQ,13.4,13.4,13.38,13.395,12941.0
2017-05-08 15:40:00,CSIQ,13.4,13.43,13.39,13.4,24010.0
2017-05-08 15:35:00,CSIQ,13.42,13.42,13.4,13.4,4319.0
2017-05-08 15:30:00,CSIQ,13.44,13.44,13.41,13.41,10101.0
2017-05-08 15:25:00,CSIQ,13.4353,13.44,13.43,13.43,4363.0
2017-05-08 15:20:00,CSIQ,13.44,13.45,13.44,13.44,6100.0
2017-05-08 15:15:00,CSIQ,13.45,13.46,13.435,13.44,10129.0
2017-05-08 15:10:00,CSIQ,13.4699,13.47,13.44,13.45,7598.0
2017-05-08 15:05:00,CSIQ,13.49,13.49,13.46,13.47,12392.0
2017-05-08 15:00:00,CSIQ,13.5,13.5,13.49,13.49,6438.0
2017-05-08 14:55:00,CSIQ,13.5,13.5,13.49,13.5,1475.0
2017-05-08 14:50:00,CSIQ,13.51,13.51,13.49,13.5,3100.0
2017-05-08 14:45:00,CSIQ,13.485,13.51,13.485,13.51,5764.0
2017-05-08 14:40:00,CSIQ,13.4967,13.5,13.48,13.48,4739.0
2017-05-08 14:35:00,CSIQ,13.5,13.51,13.48,13.5,14605.0
2017-05-08 14:30:00,CSIQ,13.51,13.51,13.49,13.5,8406.0
2017-05-08 14:25:00,CSIQ,13.5,13.52,13.495,13.5,8098.0
2017-05-08 14:20:00,CSIQ,13.52,13.5205,13.48,13.49,14201.0
2017-05-08 14:15:00,CSIQ,13.49,13.53,13.49,13.52,23888.0
2017-05-08 14:10:00,CSIQ,13.475,13.49,13.475,13.49,10706.0
2017-05-08 14:05:00,CSIQ,13.4262,13.48,13.42,13.48,19950.0
2017-05-08 14:00:00,CSIQ,13.3999,13.44,13.39,13.4266,15762.0
2017-05-08 13:55:00,CSIQ,13.41,13.42,13.4,13.4,9660.0
2017-05-08 13:50:00,CSIQ,13.39,13.41,13.39,13.41,3476.0
2017-05-08 13:45:00,CSIQ,13.38,13.4,13.38,13.4,4577.0
2017-05-08 13:40:00,CSIQ,13.3938,13.4,13.39,13.39,2100.0
2017-05-08 13:35:00,CSIQ,13.39,13.41,13.39,13.4,2700.0
2017-05-08 13:30:00,CSIQ,13.39,13.4,13.39,13.4,1887.0
2017-05-08 13:25:00,CSIQ,13.38,13.39,13.37,13.39,4265.0
2017-05-08 13:20:00,CSIQ,13.36,13.37,13.3533,13.37,4251.0
2017-05-08 13:15:00,CSIQ,13.37,13.3765,13.365,13.37,1700.0
2017-05-08 13:10:00,CSIQ,13.38,13.39,13.37,13.37,800.0
2017-05-08 13:05:00,CSIQ,13.389,13.39,13.37,13.37,3849.0
2017-05-08 13:00:00,CSIQ,13.385,13.39,13.38,13.39,4173.0
2017-05-08 12:55:00,CSIQ,13.39,13.4,13.38,13.39,3923.0
2017-05-08 12:50:00,CSIQ,13.4,13.41,13.37,13.38,19825.0
2017-05-08 12:45:00,CSIQ,13.3637,13.403,13.3637,13.403,3528.0
2017-05-08 12:40:00,CSIQ,13.33,13.37,13.33,13.37,16517.0
2017-05-08 12:35:00,CSIQ,13.315,13.34,13.31,13.34,9551.0
2017-05-08 12:30:00,CSIQ,13.31,13.315,13.3,13.315,2800.0
2017-05-08 12:25:00,CSIQ,13.28,13.31,13.28,13.31,2100.0
2017-05-08 12:20:00,CSIQ,13.3,13.31,13.29,13.29,2532.0
2017-05-08 12:15:00,CSIQ,13.315,13.32,13.3,13.3,7500.0
2017-05-08 12:10:00,CSIQ,13.29,13.32,13.29,13.31,4200.0
2017-05-08 12:05:00,CSIQ,13.3,13.32,13.2807,13.3,7371.0
2017-05-08 12:00:00,CSIQ,13.305,13.32,13.27,13.3,5600.0
2017-05-08 11:55:00,CSIQ,13.32,13.33,13.31,13.31,3600.0
2017-05-08 11:50:00,CSIQ,13.29,13.33,13.29,13.33,4705.0
2017-05-08 11:45:00,CSIQ,13.29,13.3,13.28,13.3,4100.0
2017-05-08 11:40:00,CSIQ,13.27,13.29,13.27,13.285,1300.0
2017-05-08 11:35:00,CSIQ,13.2335,13.28,13.23,13.28,9848.0
2017-05-08 11:30:00,CSIQ,13.2459,13.25,13.215,13.23,9230.0
2017-05-08 11:25:00,CSIQ,13.29,13.29,13.23,13.25,9579.0
2017-05-08 11:20:00,CSIQ,13.3002,13.32,13.28,13.29,29677.0
2017-05-08 11:15:00,CSIQ,13.36,13.36,13.3099,13.31,5795.0
2017-05-08 11:10:00,CSIQ,13.36,13.37,13.34,13.34,2282.0
2017-05-19 18:25:00,CSIQ,12.95,12.95,12.95,12.95,120.0
2017-05-08 11:05:00,CSIQ,13.36,13.37,13.36,13.368,5530.0
2017-05-08 11:00:00,CSIQ,13.37,13.37,13.32,13.36,14000.0
2017-05-08 10:55:00,CSIQ,13.38,13.38,13.37,13.38,4424.0
2017-05-08 10:50:00,CSIQ,13.39,13.42,13.39,13.3968,7910.0
2017-05-08 10:45:00,CSIQ,13.31,13.38,13.31,13.38,6400.0
2017-05-08 10:40:00,CSIQ,13.34,13.35,13.3,13.3091,8298.0
2017-05-08 10:35:00,CSIQ,13.26,13.34,13.2554,13.34,32166.0
2017-05-08 10:30:00,CSIQ,13.29,13.3026,13.2576,13.2576,3400.0
2017-05-08 10:25:00,CSIQ,13.2941,13.35,13.29,13.29,17547.0
2017-05-08 10:20:00,CSIQ,13.1902,13.3,13.19,13.29,8096.0
2017-05-08 10:15:00,CSIQ,13.23,13.25,13.2,13.2,4729.0
2017-05-08 10:10:00,CSIQ,13.25,13.25,13.21,13.24,5180.0
2017-05-08 10:05:00,CSIQ,13.23,13.28,13.23,13.26,19247.0
2017-05-08 10:00:00,CSIQ,13.18,13.24,13.16,13.225,17558.0
2017-05-08 09:55:00,CSIQ,13.23,13.27,13.18,13.18,13780.0
2017-05-08 09:50:00,CSIQ,13.36,13.37,13.2301,13.2301,10145.0
2017-05-08 09:45:00,CSIQ,13.3,13.36,13.3,13.35,9992.0
2017-05-08 09:40:00,CSIQ,13.277,13.34,13.27,13.29,14661.0
2017-05-08 09:35:00,CSIQ,13.3,13.3299,13.217,13.2842,12474.0
2017-05-08 09:10:00,CSIQ,13.34,13.34,13.34,13.34,600.0
2017-05-05 16:25:00,CSIQ,13.32,13.32,13.32,13.32,5000.0
2017-05-05 16:20:00,CSIQ,13.32,13.32,13.32,13.32,3000.0
2017-05-05 16:10:00,CSIQ,13.32,13.32,13.32,13.32,3000.0
2017-05-05 16:05:00,CSIQ,13.31,13.31,13.31,13.31,20016.0
2017-05-05 16:00:00,CSIQ,13.3,13.33,13.29,13.3175,76858.0
2017-05-05 15:55:00,CSIQ,13.31,13.33,13.3,13.3,67881.0
2017-05-05 15:50:00,CSIQ,13.27,13.32,13.26,13.3,62794.0
2017-05-05 15:45:00,CSIQ,13.27,13.275,13.26,13.27,8593.0
2017-05-05 15:40:00,CSIQ,13.235,13.27,13.235,13.26,24969.0
2017-05-05 15:35:00,CSIQ,13.24,13.245,13.23,13.235,10592.0
2017-05-05 15:30:00,CSIQ,13.235,13.249,13.2339,13.239,7053.0
2017-05-05 15:25:00,CSIQ,13.25,13.26,13.23,13.23,8043.0
2017-05-05 15:20:00,CSIQ,13.26,13.26,13.24,13.26,7180.0
2017-05-05 15:15:00,CSIQ,13.275,13.275,13.25,13.25,11720.0
2017-05-05 15:10:00,CSIQ,13.275,13.285,13.27,13.275,4500.0
2017-05-05 15:05:00,CSIQ,13.26,13.28,13.26,13.2799,11900.0
2017-05-05 15:00:00,CSIQ,13.27,13.28,13.26,13.26,12008.0
2017-05-05 14:55:00,CSIQ,13.27,13.28,13.25,13.28,12838.0
2017-05-05 14:50:00,CSIQ,13.25,13.275,13.245,13.27,12963.0
2017-05-05 14:45:00,CSIQ,13.22,13.25,13.2,13.24,4200.0
2017-05-05 14:40:00,CSIQ,13.199,13.22,13.18,13.21,13910.0
2017-05-05 14:35:00,CSIQ,13.1886,13.215,13.1886,13.19,16200.0
2017-05-05 14:30:00,CSIQ,13.22,13.22,13.19,13.19,5460.0
2017-05-05 14:25:00,CSIQ,13.23,13.23,13.21,13.22,8104.0
2017-05-05 14:20:00,CSIQ,13.2,13.23,13.2,13.22,3000.0
2017-05-05 14:15:00,CSIQ,13.18,13.21,13.18,13.21,5898.0
2017-05-05 14:10:00,CSIQ,13.18,13.185,13.17,13.17,7440.0
2017-05-05 14:05:00,CSIQ,13.13,13.19,13.12,13.19,6719.0
2017-05-05 14:00:00,CSIQ,13.13,13.13,13.12,13.13,2500.0
2017-05-05 13:55:00,CSIQ,13.1,13.12,13.095,13.12,4744.0
2017-05-05 13:50:00,CSIQ,13.08,13.11,13.08,13.09,4968.0
2017-05-05 13:45:00,CSIQ,13.075,13.09,13.0714,13.0857,3828.0
2017-05-05 13:40:00,CSIQ,13.115,13.12,13.0727,13.08,11350.0
2017-05-05 13:35:00,CSIQ,13.19,13.19,13.11,13.12,22518.0
2017-05-05 13:30:00,CSIQ,13.165,13.19,13.16,13.19,9000.0
2017-05-05 13:25:00,CSIQ,13.15,13.17,13.12,13.17,9580.0
2017-05-05 13:20:00,CSIQ,13.15,13.17,13.14,13.14,4805.0
2017-05-05 13:15:00,CSIQ,13.15,13.16,13.12,13.14,2040.0
2017-05-05 13:10:00,CSIQ,13.145,13.15,13.14,13.15,3044.0
2017-05-05 13:05:00,CSIQ,13.125,13.15,13.12,13.15,4461.0
2017-05-05 13:00:00,CSIQ,13.12,13.13,13.12,13.125,5395.0
2017-05-05 12:55:00,CSIQ,13.15,13.15,13.12,13.1347,1201.0
2017-05-05 12:50:00,CSIQ,13.1486,13.15,13.13,13.15,5755.0
2017-05-05 12:45:00,CSIQ,13.135,13.15,13.13,13.15,7661.0
2017-05-05 12:40:00,CSIQ,13.14,13.14,13.12,13.13,5300.0
2017-05-05 12:35:00,CSIQ,13.165,13.17,13.12,13.13,5100.0
2017-05-05 12:30:00,CSIQ,13.16,13.18,13.16,13.16,1495.0
2017-05-05 12:25:00,CSIQ,13.2063,13.22,13.15,13.17,20210.0
2017-05-05 12:20:00,CSIQ,13.19,13.21,13.1684,13.2,3700.0
2017-05-05 12:15:00,CSIQ,13.211,13.219,13.2,13.2,7990.0
2017-05-05 12:10:00,CSIQ,13.28,13.3,13.205,13.225,41873.0
2017-05-05 12:05:00,CSIQ,13.29,13.32,13.268,13.274,21364.0
2017-05-05 12:00:00,CSIQ,13.2709,13.31,13.2709,13.29,8600.0
2017-05-05 11:55:00,CSIQ,13.295,13.295,13.24,13.28,10060.0
2017-05-05 11:50:00,CSIQ,13.29,13.32,13.29,13.29,10085.0
2017-05-05 11:45:00,CSIQ,13.28,13.31,13.28,13.29,5600.0
2017-05-05 11:40:00,CSIQ,13.29,13.34,13.26,13.26,20398.0
2017-05-05 11:35:00,CSIQ,13.22,13.28,13.21,13.28,8451.0
2017-05-05 11:30:00,CSIQ,13.21,13.24,13.21,13.21,8000.0
2017-05-05 11:25:00,CSIQ,13.2501,13.27,13.23,13.23,3949.0
2017-05-05 11:20:00,CSIQ,13.18,13.305,13.18,13.25,27630.0
2017-05-05 11:15:00,CSIQ,13.2094,13.2094,13.12,13.18,13885.0
2017-05-05 11:10:00,CSIQ,13.168,13.23,13.168,13.2,21346.0
2017-05-05 11:05:00,CSIQ,13.04,13.23,13.04,13.1849,55972.0
2017-05-05 11:00:00,CSIQ,13.0404,13.08,13.01,13.05,21396.0
2017-05-05 10:55:00,CSIQ,12.97,13.04,12.965,13.04,16734.0
2017-05-05 10:50:00,CSIQ,12.9,12.97,12.9,12.9675,18700.0
2017-05-05 10:45:00,CSIQ,12.85,12.9,12.82,12.9,12811.0
2017-05-05 10:40:00,CSIQ,12.86,12.88,12.86,12.87,9417.0
2017-05-05 10:35:00,CSIQ,12.86,12.89,12.86,12.86,4900.0
2017-05-05 10:30:00,CSIQ,12.8899,12.9,12.86,12.86,5580.0
2017-05-05 10:25:00,CSIQ,12.88,12.91,12.88,12.89,7390.0
2017-05-05 10:20:00,CSIQ,12.89,12.908,12.87,12.87,8809.0
2017-05-05 10:15:00,CSIQ,12.79,12.88,12.79,12.88,25650.0
2017-05-05 10:10:00,CSIQ,12.81,12.81,12.77,12.79,3326.0
2017-05-05 10:05:00,CSIQ,12.78,12.84,12.78,12.815,10115.0
2017-05-05 10:00:00,CSIQ,12.8445,12.85,12.76,12.77,28808.0
2017-05-05 09:55:00,CSIQ,12.82,12.85,12.79,12.85,26669.0
2017-05-05 09:50:00,CSIQ,12.76,12.85,12.76,12.79,19236.0
2017-05-05 09:45:00,CSIQ,12.7084,12.78,12.7,12.764,7023.0
2017-05-05 09:40:00,CSIQ,12.68,12.7,12.6301,12.69,12511.0
2017-05-05 09:35:00,CSIQ,12.77,12.8168,12.69,12.69,21170.0
2017-05-05 09:10:00,CSIQ,12.71,12.71,12.71,12.71,3000.0
2017-05-04 16:05:00,CSIQ,12.71,12.71,12.71,12.71,52954.0
2017-05-04 16:00:00,CSIQ,12.7,12.735,12.7,12.71,58431.0
2017-05-04 15:55:00,CSIQ,12.73,12.73,12.7,12.715,39554.0
2017-05-04 15:50:00,CSIQ,12.76,12.76,12.72,12.74,20104.0
2017-05-04 15:45:00,CSIQ,12.74,12.77,12.72,12.76,16328.0
2017-05-04 15:40:00,CSIQ,12.71,12.75,12.7,12.74,53073.0
2017-05-04 15:35:00,CSIQ,12.71,12.72,12.68,12.7198,24939.0
2017-05-04 15:30:00,CSIQ,12.73,12.739,12.7,12.71,7298.0
2017-05-04 15:25:00,CSIQ,12.74,12.749,12.73,12.74,10620.0
2017-05-04 15:20:00,CSIQ,12.72,12.74,12.68,12.74,33659.0
2017-05-04 15:15:00,CSIQ,12.73,12.74,12.72,12.72,8351.0
2017-05-04 15:10:00,CSIQ,12.7484,12.7828,12.72,12.72,9793.0
2017-05-04 15:05:00,CSIQ,12.77,12.77,12.71,12.75,36740.0
2017-05-04 15:00:00,CSIQ,12.79,12.8,12.76,12.7719,48569.0
2017-05-04 14:55:00,CSIQ,12.789,12.79,12.78,12.783,6100.0
2017-05-04 14:50:00,CSIQ,12.76,12.79,12.76,12.79,17400.0
2017-05-04 14:45:00,CSIQ,12.77,12.79,12.75,12.7532,8153.0
2017-05-04 14:40:00,CSIQ,12.75,12.765,12.74,12.76,13691.0
2017-05-04 14:35:00,CSIQ,12.79,12.8,12.75,12.75,17089.0
2017-05-04 14:30:00,CSIQ,12.75,12.7999,12.74,12.7999,14328.0
2017-05-04 14:25:00,CSIQ,12.78,12.78,12.73,12.74,28938.0
2017-05-04 14:20:00,CSIQ,12.815,12.815,12.79,12.79,11574.0
2017-05-04 14:15:00,CSIQ,12.81,12.83,12.795,12.82,38963.0
2017-05-04 14:10:00,CSIQ,12.8,12.83,12.8,12.81,12148.0
2017-05-04 14:05:00,CSIQ,12.76,12.82,12.73,12.8,42238.0
2017-05-04 14:00:00,CSIQ,12.8101,12.8101,12.75,12.77,39445.0
2017-05-04 13:55:00,CSIQ,12.8462,12.8462,12.81,12.82,3837.0
2017-05-04 13:50:00,CSIQ,12.82,12.86,12.81,12.8476,13600.0
2017-05-04 13:45:00,CSIQ,12.85,12.85,12.82,12.825,10049.0
2017-05-04 13:35:00,CSIQ,12.85,12.8593,12.85,12.85,800.0
2017-05-04 13:30:00,CSIQ,12.87,12.87,12.85,12.855,10600.0
2017-05-04 13:25:00,CSIQ,12.87,12.88,12.87,12.88,300.0
2017-05-04 13:20:00,CSIQ,12.89,12.89,12.85,12.85,8197.0
2017-05-04 13:15:00,CSIQ,12.92,12.92,12.9,12.9,9346.0
2017-05-04 13:10:00,CSIQ,12.915,12.94,12.87,12.9299,14162.0
2017-05-04 13:05:00,CSIQ,12.84,12.92,12.82,12.92,15288.0
2017-05-04 13:00:00,CSIQ,12.84,12.845,12.83,12.845,3870.0
2017-05-04 12:55:00,CSIQ,12.811,12.84,12.811,12.84,8942.0
2017-05-04 12:50:00,CSIQ,12.81,12.83,12.795,12.83,20186.0
2017-05-04 12:45:00,CSIQ,12.83,12.83,12.8001,12.81,4853.0
2017-05-04 12:40:00,CSIQ,12.83,12.84,12.79,12.82,38008.0
2017-05-04 12:35:00,CSIQ,12.85,12.85,12.82,12.839,10960.0
2017-05-04 12:30:00,CSIQ,12.86,12.86,12.855,12.855,2770.0
2017-05-04 12:25:00,CSIQ,12.78,12.86,12.78,12.86,16367.0
2017-05-04 12:20:00,CSIQ,12.79,12.81,12.77,12.78,26739.0
2017-05-04 12:15:00,CSIQ,12.85,12.86,12.79,12.8,33829.0
2017-05-04 12:10:00,CSIQ,12.869,12.87,12.82,12.855,18761.0
2017-05-04 12:05:00,CSIQ,12.939,12.99,12.85,12.86,72778.0
2017-05-04 12:00:00,CSIQ,13.01,13.01,12.87,12.935,33892.0
2017-05-04 11:55:00,CSIQ,13.022,13.022,12.9706,13.01,24275.0
2017-05-04 11:50:00,CSIQ,13.04,13.04,13.01,13.02,18981.0
2017-05-04 11:45:00,CSIQ,13.07,13.07,13.03,13.03,5827.0
2017-05-04 11:40:00,CSIQ,13.0501,13.07,13.05,13.06,6800.0
2017-05-04 11:35:00,CSIQ,13.03,13.08,13.03,13.05,4550.0
2017-05-04 11:30:00,CSIQ,13.1,13.11,13.02,13.02,14787.0
2017-05-04 11:25:00,CSIQ,13.13,13.1307,13.08,13.11,15100.0
2017-05-04 11:20:00,CSIQ,13.13,13.14,13.11,13.14,4405.0
2017-05-04 11:15:00,CSIQ,13.13,13.13,13.12,13.13,1100.0
2017-05-04 11:10:00,CSIQ,13.1,13.12,13.1,13.12,900.0
2017-05-04 11:05:00,CSIQ,13.07,13.1107,13.07,13.1,3750.0
2017-05-04 11:00:00,CSIQ,13.08,13.08,13.03,13.05,18878.0
2017-05-04 10:55:00,CSIQ,13.1,13.11,13.09,13.09,8992.0
2017-05-04 10:50:00,CSIQ,13.11,13.13,13.095,13.1,9410.0
2017-05-04 10:45:00,CSIQ,13.1401,13.16,13.13,13.13,1990.0
2017-05-04 10:40:00,CSIQ,13.13,13.18,13.13,13.1664,6687.0
2017-05-04 10:35:00,CSIQ,13.1,13.12,13.09,13.12,6140.0
2017-05-04 10:30:00,CSIQ,13.1,13.14,13.1,13.11,6600.0
2017-05-04 10:25:00,CSIQ,13.1178,13.12,13.095,13.1,11000.0
2017-05-04 10:20:00,CSIQ,13.12,13.15,13.09,13.13,12851.0
2017-05-04 10:15:00,CSIQ,13.16,13.16,13.1001,13.12,16830.0
2017-05-04 10:10:00,CSIQ,13.16,13.2063,13.15,13.16,4042.0
2017-05-04 10:05:00,CSIQ,13.11,13.16,13.1,13.15,14858.0
2017-05-04 10:00:00,CSIQ,13.0798,13.131,13.05,13.12,45752.0
2017-05-04 09:55:00,CSIQ,13.185,13.19,13.1,13.1,32894.0
2017-05-04 09:50:00,CSIQ,13.26,13.32,13.18,13.21,27642.0
2017-05-04 09:45:00,CSIQ,13.33,13.3368,13.245,13.255,15659.0
2017-05-04 09:40:00,CSIQ,13.34,13.43,13.34,13.36,14550.0
2017-05-04 09:35:00,CSIQ,13.5,13.5,13.3,13.3,17588.0
2017-05-03 16:20:00,CSIQ,13.5,13.5,13.5,13.5,0.0
2017-05-03 16:05:00,CSIQ,13.5,13.5,13.42,13.5,33287.0
2017-05-03 16:00:00,CSIQ,13.51,13.51,13.48,13.495,78397.0
2017-05-03 15:55:00,CSIQ,13.46,13.515,13.459,13.51,30743.0
2017-05-03 15:50:00,CSIQ,13.47,13.47,13.45,13.45,11414.0
2017-05-03 15:45:00,CSIQ,13.45,13.47,13.4447,13.465,9191.0
2017-05-03 15:40:00,CSIQ,13.43,13.46,13.41,13.45,21540.0
2017-05-03 15:35:00,CSIQ,13.43,13.4411,13.42,13.43,9841.0
2017-05-03 15:30:00,CSIQ,13.44,13.44,13.42,13.43,1972.0
2017-05-03 15:25:00,CSIQ,13.41,13.455,13.41,13.44,8668.0
2017-05-03 15:20:00,CSIQ,13.4,13.425,13.4,13.41,7522.0
2017-05-03 15:15:00,CSIQ,13.43,13.43,13.4,13.4,5200.0
2017-05-11 14:20:00,CSIQ,13.4,13.4,13.36,13.37,7413.0
2017-05-11 14:10:00,CSIQ,13.4,13.41,13.35,13.37,18358.0
2017-05-11 13:55:00,CSIQ,13.34,13.36,13.33,13.34,9322.0
2017-05-11 13:50:00,CSIQ,13.32,13.355,13.31,13.35,4862.0
2017-05-11 13:45:00,CSIQ,13.29,13.32,13.29,13.32,2823.0
2017-05-11 13:40:00,CSIQ,13.33,13.33,13.295,13.3,11889.0
2017-05-11 13:35:00,CSIQ,13.3,13.3346,13.3,13.32,4027.0
2017-05-11 13:30:00,CSIQ,13.33,13.34,13.3,13.3,3600.0
2017-05-11 13:25:00,CSIQ,13.36,13.37,13.3168,13.33,6221.0
2017-05-11 13:20:00,CSIQ,13.37,13.3898,13.36,13.36,6066.0
2017-05-11 13:15:00,CSIQ,13.36,13.38,13.35,13.37,3300.0
2017-05-11 13:10:00,CSIQ,13.3793,13.38,13.35,13.36,6954.0
2017-05-11 13:05:00,CSIQ,13.36,13.39,13.36,13.38,8103.0
2017-05-11 13:00:00,CSIQ,13.33,13.36,13.32,13.35,13448.0
2017-05-11 12:55:00,CSIQ,13.32,13.3499,13.32,13.34,9579.0
2017-05-11 12:50:00,CSIQ,13.3092,13.32,13.3,13.32,4721.0
2017-05-11 12:45:00,CSIQ,13.3,13.32,13.29,13.3,3670.0
2017-05-11 12:40:00,CSIQ,13.31,13.31,13.28,13.31,3800.0
2017-05-11 12:35:00,CSIQ,13.3,13.3173,13.3,13.31,8900.0
2017-05-11 12:30:00,CSIQ,13.3079,13.31,13.2955,13.31,3730.0
2017-05-11 12:25:00,CSIQ,13.292,13.31,13.282,13.29,21454.0
2017-05-11 12:20:00,CSIQ,13.25,13.32,13.25,13.29,24013.0
2017-05-11 12:15:00,CSIQ,13.22,13.24,13.2101,13.24,11052.0
2017-05-11 12:10:00,CSIQ,13.22,13.265,13.201,13.23,15417.0
2017-05-11 11:55:00,CSIQ,13.16,13.17,13.14,13.15,5002.0
2017-05-11 11:50:00,CSIQ,13.1,13.16,13.1,13.16,8500.0
2017-05-11 11:40:00,CSIQ,13.1297,13.1297,13.08,13.08,11665.0
2017-05-11 11:35:00,CSIQ,13.08,13.16,13.08,13.1,13499.0
2017-05-11 11:25:00,CSIQ,13.05,13.085,13.04,13.0838,6300.0
2017-05-11 11:00:00,CSIQ,13.0,13.08,13.0,13.0737,13960.0
2017-05-11 10:55:00,CSIQ,13.01,13.015,12.99,13.0,16026.0
2017-05-11 10:50:00,CSIQ,13.01,13.01,12.99,13.01,14945.0
2017-05-11 10:45:00,CSIQ,13.0,13.02,12.99,13.02,23150.0
2017-05-11 10:35:00,CSIQ,13.072,13.08,13.03,13.04,8445.0
2017-05-11 10:30:00,CSIQ,12.98,13.1,12.9763,13.09,38758.0
2017-05-11 10:20:00,CSIQ,13.0901,13.13,13.08,13.12,15570.0
2017-05-11 10:15:00,CSIQ,13.1189,13.14,13.09,13.09,15125.0
2017-05-11 10:10:00,CSIQ,13.069,13.13,13.01,13.12,58882.0
2017-05-11 10:05:00,CSIQ,13.17,13.18,13.01,13.07,53997.0
2017-05-11 09:55:00,CSIQ,13.3099,13.3099,13.18,13.18,56075.0
2017-05-11 09:50:00,CSIQ,13.36,13.38,13.3,13.305,67255.0
2017-05-11 09:45:00,CSIQ,13.4628,13.4728,13.352,13.36,25455.0
2017-05-11 09:40:00,CSIQ,13.49,13.499,13.46,13.47,27523.0
2017-05-11 09:35:00,CSIQ,13.63,13.649,13.47,13.48,42275.0
2017-05-11 09:20:00,CSIQ,13.66,13.66,13.66,13.66,300.0
2017-05-10 18:50:00,CSIQ,13.71,13.71,13.71,13.71,500.0
2017-05-10 17:00:00,CSIQ,13.92,13.92,13.92,13.92,199.0
2017-05-10 16:40:00,CSIQ,13.61,13.61,13.61,13.61,1000.0
2017-05-10 16:05:00,CSIQ,13.69,13.69,13.69,13.69,19346.0
2017-05-10 16:00:00,CSIQ,13.65,13.69,13.63,13.69,64649.0
2017-05-10 15:55:00,CSIQ,13.67,13.67,13.65,13.655,21590.0
2017-05-10 15:50:00,CSIQ,13.65,13.67,13.65,13.67,7734.0
2017-05-10 15:45:00,CSIQ,13.63,13.65,13.615,13.65,25376.0
2017-05-10 15:40:00,CSIQ,13.64,13.64,13.62,13.63,11014.0
2017-05-10 15:35:00,CSIQ,13.66,13.66,13.64,13.64,4700.0
2017-05-10 15:30:00,CSIQ,13.69,13.69,13.64,13.66,15354.0
2017-05-10 15:25:00,CSIQ,13.7,13.7,13.68,13.68,6100.0
2017-05-10 15:20:00,CSIQ,13.7,13.71,13.69,13.71,15860.0
2017-05-10 15:15:00,CSIQ,13.69,13.7,13.677,13.7,14400.0
2017-05-10 15:10:00,CSIQ,13.67,13.7,13.66,13.7,9200.0
2017-05-10 15:05:00,CSIQ,13.64,13.67,13.64,13.67,10807.0
2017-05-10 15:00:00,CSIQ,13.62,13.63,13.616,13.63,6800.0
2017-05-10 14:55:00,CSIQ,13.61,13.62,13.6032,13.61,10910.0
2017-05-10 14:50:00,CSIQ,13.6,13.61,13.59,13.61,4896.0
2017-05-10 14:45:00,CSIQ,13.55,13.59,13.55,13.59,4731.0
2017-05-10 14:40:00,CSIQ,13.5836,13.5836,13.545,13.545,15236.0
2017-05-10 14:35:00,CSIQ,13.58,13.58,13.56,13.58,7640.0
2017-05-10 14:30:00,CSIQ,13.6,13.6,13.555,13.58,12020.0
2017-05-10 14:25:00,CSIQ,13.595,13.6,13.59,13.6,7052.0
2017-05-10 14:20:00,CSIQ,13.5501,13.6,13.54,13.6,39283.0
2017-05-10 14:15:00,CSIQ,13.54,13.56,13.52,13.55,21079.0
2017-05-10 14:10:00,CSIQ,13.56,13.56,13.53,13.545,22911.0
2017-05-10 14:05:00,CSIQ,13.57,13.58,13.55,13.57,6358.0
2017-05-10 14:00:00,CSIQ,13.56,13.58,13.56,13.57,8033.0
2017-05-10 13:55:00,CSIQ,13.59,13.6,13.56,13.5608,15947.0
2017-05-10 13:50:00,CSIQ,13.58,13.6,13.56,13.57,11672.0
2017-05-10 13:45:00,CSIQ,13.63,13.63,13.56,13.58,20702.0
2017-05-10 13:40:00,CSIQ,13.655,13.655,13.62,13.64,15752.0
2017-05-10 13:35:00,CSIQ,13.65,13.67,13.65,13.66,8900.0
2017-05-10 13:30:00,CSIQ,13.63,13.65,13.63,13.6434,5060.0
2017-05-10 13:25:00,CSIQ,13.64,13.64,13.6,13.62,10231.0
2017-05-10 13:20:00,CSIQ,13.62,13.64,13.62,13.63,6938.0
2017-05-10 13:15:00,CSIQ,13.62,13.6265,13.61,13.62,5583.0
2017-05-10 13:10:00,CSIQ,13.63,13.64,13.6,13.62,10540.0
2017-05-10 13:05:00,CSIQ,13.62,13.63,13.6,13.63,12904.0
2017-05-10 13:00:00,CSIQ,13.62,13.64,13.62,13.62,10618.0
2017-05-10 12:55:00,CSIQ,13.59,13.61,13.59,13.61,13153.0
2017-05-10 12:50:00,CSIQ,13.55,13.59,13.545,13.59,12987.0
2017-05-10 12:45:00,CSIQ,13.562,13.57,13.52,13.55,53786.0
2017-05-10 12:40:00,CSIQ,13.59,13.59,13.55,13.56,10136.0
2017-05-10 12:35:00,CSIQ,13.56,13.59,13.56,13.59,5207.0
2017-05-10 12:30:00,CSIQ,13.55,13.56,13.52,13.55,13424.0
2017-05-10 12:25:00,CSIQ,13.55,13.56,13.51,13.55,11990.0
2017-05-10 12:20:00,CSIQ,13.54,13.55,13.53,13.55,4500.0
2017-05-10 12:15:00,CSIQ,13.53,13.54,13.53,13.53,3300.0
2017-05-10 12:10:00,CSIQ,13.55,13.55,13.52,13.53,6457.0
2017-05-10 12:05:00,CSIQ,13.52,13.55,13.51,13.55,7360.0
2017-05-10 12:00:00,CSIQ,13.52,13.54,13.51,13.516,8946.0
2017-05-10 11:55:00,CSIQ,13.5,13.52,13.48,13.52,11000.0
2017-05-10 11:50:00,CSIQ,13.57,13.585,13.5,13.5,14767.0
2017-05-10 11:45:00,CSIQ,13.545,13.57,13.54,13.565,6700.0
2017-05-10 11:40:00,CSIQ,13.52,13.55,13.5,13.54,11643.0
2017-05-10 11:35:00,CSIQ,13.53,13.54,13.49,13.52,6480.0
2017-05-10 11:30:00,CSIQ,13.55,13.55,13.51,13.53,7450.0
2017-05-10 11:25:00,CSIQ,13.499,13.5516,13.499,13.5516,5300.0
2017-05-10 11:20:00,CSIQ,13.49,13.52,13.48,13.49,20358.0
2017-05-10 11:15:00,CSIQ,13.482,13.5,13.46,13.49,8972.0
2017-05-10 11:10:00,CSIQ,13.512,13.52,13.46,13.48,8989.0
2017-05-10 11:05:00,CSIQ,13.586,13.586,13.49,13.51,16518.0
2017-05-10 11:00:00,CSIQ,13.51,13.58,13.49,13.58,12576.0
2017-05-10 10:55:00,CSIQ,13.53,13.55,13.5,13.52,25800.0
2017-05-10 10:50:00,CSIQ,13.48,13.53,13.48,13.53,35575.0
2017-05-10 10:45:00,CSIQ,13.4328,13.48,13.4,13.48,19665.0
2017-05-10 10:40:00,CSIQ,13.43,13.47,13.43,13.43,28533.0
2017-05-10 10:35:00,CSIQ,13.47,13.5,13.3709,13.4227,100344.0
2017-05-10 10:30:00,CSIQ,13.59,13.6,13.4638,13.479,38384.0
2017-05-10 10:25:00,CSIQ,13.63,13.65,13.59,13.59,12828.0
2017-05-10 10:20:00,CSIQ,13.6884,13.71,13.63,13.64,15090.0
2017-05-10 10:15:00,CSIQ,13.71,13.73,13.68,13.68,8491.0
2017-05-10 10:10:00,CSIQ,13.71,13.75,13.68,13.72,18998.0
2017-05-10 10:05:00,CSIQ,13.727,13.83,13.69,13.71,45082.0
2017-05-10 10:00:00,CSIQ,13.725,13.74,13.68,13.725,22762.0
2017-05-10 09:55:00,CSIQ,13.69,13.72,13.675,13.72,17971.0
2017-05-10 09:50:00,CSIQ,13.62,13.69,13.62,13.683,30105.0
2017-05-10 09:45:00,CSIQ,13.5358,13.65,13.53,13.62,12599.0
2017-05-10 09:40:00,CSIQ,13.635,13.65,13.5,13.54,50019.0
2017-05-10 09:35:00,CSIQ,13.71,13.71,13.56,13.65,27347.0
2017-05-10 08:10:00,CSIQ,13.6,13.6,13.6,13.6,1000.0
2017-05-10 07:45:00,CSIQ,13.65,13.65,13.65,13.65,400.0
2017-05-09 19:30:00,CSIQ,13.85,13.85,13.85,13.85,500.0
2017-05-09 16:40:00,CSIQ,13.61,13.61,13.6,13.6,2000.0
2017-05-09 16:10:00,CSIQ,13.74,13.74,13.74,13.74,500.0
2017-05-09 16:05:00,CSIQ,13.74,13.74,13.74,13.74,30509.0
2017-05-09 16:00:00,CSIQ,13.74,13.75,13.71,13.74,44902.0
2017-05-09 15:55:00,CSIQ,13.7,13.74,13.7,13.735,11422.0
2017-05-09 15:50:00,CSIQ,13.7068,13.72,13.68,13.69,17039.0
2017-05-09 15:45:00,CSIQ,13.7201,13.7201,13.68,13.7,15919.0
2017-05-09 15:40:00,CSIQ,13.73,13.75,13.72,13.73,10522.0
2017-05-09 15:35:00,CSIQ,13.79,13.79,13.73,13.74,12863.0
2017-05-09 15:30:00,CSIQ,13.77,13.79,13.76,13.79,10264.0
2017-05-09 15:25:00,CSIQ,13.785,13.79,13.76,13.77,10136.0
2017-05-09 15:20:00,CSIQ,13.78,13.79,13.77,13.78,7085.0
2017-05-09 15:15:00,CSIQ,13.77,13.78,13.76,13.78,6127.0
2017-05-09 15:10:00,CSIQ,13.775,13.79,13.76,13.77,8500.0
2017-05-09 15:05:00,CSIQ,13.78,13.8,13.76,13.77,30726.0
2017-05-09 15:00:00,CSIQ,13.75,13.78,13.7475,13.7747,13608.0
2017-05-09 14:55:00,CSIQ,13.7075,13.75,13.7075,13.75,27530.0
2017-05-09 14:50:00,CSIQ,13.75,13.76,13.7,13.71,28214.0
2017-05-09 14:45:00,CSIQ,13.722,13.75,13.722,13.7321,16298.0
2017-05-09 14:40:00,CSIQ,13.74,13.74,13.73,13.73,1300.0
2017-05-09 14:35:00,CSIQ,13.75,13.75,13.73,13.7344,3662.0
2017-05-09 14:30:00,CSIQ,13.74,13.75,13.74,13.7499,3280.0
2017-05-09 14:25:00,CSIQ,13.7435,13.745,13.72,13.7308,11486.0
2017-05-09 14:20:00,CSIQ,13.7098,13.78,13.7,13.7434,47817.0
2017-05-09 14:15:00,CSIQ,13.68,13.71,13.68,13.71,15971.0
2017-05-09 14:10:00,CSIQ,13.66,13.7,13.66,13.69,15841.0
2017-05-09 14:05:00,CSIQ,13.678,13.69,13.66,13.68,4330.0
2017-05-09 14:00:00,CSIQ,13.671,13.7,13.63,13.67,18441.0
2017-05-09 13:55:00,CSIQ,13.668,13.69,13.668,13.69,2564.0
2017-05-09 13:50:00,CSIQ,13.68,13.68,13.67,13.67,2100.0
2017-05-09 13:45:00,CSIQ,13.65,13.68,13.65,13.679,6784.0
2017-05-09 13:40:00,CSIQ,13.64,13.67,13.64,13.65,18392.0
2017-05-09 13:35:00,CSIQ,13.64,13.65,13.64,13.64,6070.0
2017-05-09 13:30:00,CSIQ,13.66,13.66,13.64,13.64,1200.0
2017-05-09 13:25:00,CSIQ,13.64,13.65,13.64,13.65,3400.0
2017-05-09 13:20:00,CSIQ,13.64,13.66,13.63,13.66,1700.0
2017-05-09 13:15:00,CSIQ,13.64,13.65,13.63,13.63,2970.0
2017-05-09 13:10:00,CSIQ,13.6528,13.6528,13.624,13.64,13000.0
2017-05-09 13:05:00,CSIQ,13.65,13.65,13.6435,13.65,3249.0
2017-05-09 13:00:00,CSIQ,13.63,13.64,13.63,13.64,3600.0
2017-05-09 12:55:00,CSIQ,13.64,13.64,13.62,13.63,2048.0
2017-05-09 12:50:00,CSIQ,13.63,13.65,13.6288,13.63,2983.0
2017-05-09 12:45:00,CSIQ,13.69,13.71,13.61,13.61,20596.0
2017-05-09 12:40:00,CSIQ,13.67,13.69,13.65,13.68,8106.0
2017-05-09 12:35:00,CSIQ,13.68,13.68,13.62,13.66,16800.0
2017-05-09 12:30:00,CSIQ,13.6472,13.68,13.6472,13.68,985.0
2017-05-09 12:25:00,CSIQ,13.6198,13.66,13.6,13.6405,27182.0
2017-05-09 12:20:00,CSIQ,13.61,13.62,13.6002,13.62,1800.0
2017-05-09 12:15:00,CSIQ,13.6,13.63,13.6,13.6,4112.0
2017-05-09 12:10:00,CSIQ,13.66,13.67,13.56,13.59,26162.0
2017-05-09 12:05:00,CSIQ,13.67,13.68,13.64,13.6495,2800.0
2017-05-09 12:00:00,CSIQ,13.655,13.67,13.65,13.665,5365.0
2017-05-09 11:55:00,CSIQ,13.619,13.67,13.619,13.663,7101.0
2017-05-09 11:50:00,CSIQ,13.58,13.61,13.58,13.61,7123.0
2017-05-09 11:45:00,CSIQ,13.595,13.595,13.54,13.5773,29620.0
2017-05-09 11:40:00,CSIQ,13.57,13.6,13.57,13.59,9854.0
2017-05-09 11:35:00,CSIQ,13.54,13.5648,13.54,13.5635,3783.0
2017-05-09 11:30:00,CSIQ,13.49,13.55,13.49,13.54,10940.0
2017-05-09 11:25:00,CSIQ,13.49,13.49,13.4702,13.4702,200.0
2017-05-09 11:20:00,CSIQ,13.51,13.51,13.49,13.49,5560.0
2017-05-09 11:15:00,CSIQ,13.52,13.53,13.5001,13.51,6880.0
2017-05-09 11:10:00,CSIQ,13.5,13.53,13.5,13.52,2730.0
2017-05-09 11:05:00,CSIQ,13.48,13.54,13.46,13.51,9330.0
2017-05-09 11:00:00,CSIQ,13.58,13.58,13.46,13.46,29841.0
2017-05-09 10:55:00,CSIQ,13.59,13.64,13.57,13.58,19099.0
2017-05-09 10:50:00,CSIQ,13.52,13.58,13.52,13.58,11603.0
2017-05-09 10:45:00,CSIQ,13.52,13.54,13.52,13.54,6442.0
2017-05-09 10:40:00,CSIQ,13.49,13.53,13.49,13.53,7944.0
2017-05-09 10:35:00,CSIQ,13.5067,13.5067,13.48,13.48,5585.0
2017-05-09 10:30:00,CSIQ,13.44,13.54,13.4301,13.52,28610.0
2017-05-09 10:25:00,CSIQ,13.44,13.45,13.416,13.43,3989.0
2017-05-09 10:20:00,CSIQ,13.36,13.43,13.36,13.43,8375.0
2017-05-09 10:15:00,CSIQ,13.32,13.36,13.3,13.36,13325.0
2017-05-09 10:10:00,CSIQ,13.3432,13.37,13.31,13.31,8672.0
2017-05-09 10:05:00,CSIQ,13.3,13.39,13.3,13.367,4097.0
2017-05-09 10:00:00,CSIQ,13.23,13.3,13.23,13.3,8031.0
2017-05-09 09:55:00,CSIQ,13.31,13.34,13.211,13.24,17575.0
2017-05-09 09:50:00,CSIQ,13.38,13.39,13.27,13.315,19085.0
2017-05-09 09:45:00,CSIQ,13.42,13.42,13.34,13.4,11158.0
2017-05-09 09:40:00,CSIQ,13.3474,13.4248,13.32,13.42,12415.0
2017-05-09 09:35:00,CSIQ,13.43,13.43,13.32,13.34,19426.0
2017-05-09 09:00:00,CSIQ,13.54,13.54,13.54,13.54,800.0
2017-05-08 16:05:00,CSIQ,13.45,13.45,13.45,13.45,20437.0
2017-05-08 16:00:00,CSIQ,13.42,13.45,13.415,13.45,47477.0
2017-05-08 15:55:00,CSIQ,13.4,13.43,13.4,13.41,31860.0
2017-05-08 15:50:00,CSIQ,13.4,13.4,13.39,13.395,5335.0
2017-05-08 15:45:00,CSIQ,13.4,13.4,13.38,13.395,12941.0
2017-05-08 15:40:00,CSIQ,13.4,13.43,13.39,13.4,24010.0
2017-05-08 15:35:00,CSIQ,13.42,13.42,13.4,13.4,4319.0
2017-05-08 15:30:00,CSIQ,13.44,13.44,13.41,13.41,10101.0
2017-05-08 15:25:00,CSIQ,13.4353,13.44,13.43,13.43,4363.0
2017-05-08 15:20:00,CSIQ,13.44,13.45,13.44,13.44,6100.0
2017-05-08 15:15:00,CSIQ,13.45,13.46,13.435,13.44,10129.0
2017-05-08 15:10:00,CSIQ,13.4699,13.47,13.44,13.45,7598.0
2017-05-08 15:05:00,CSIQ,13.49,13.49,13.46,13.47,12392.0
2017-05-08 15:00:00,CSIQ,13.5,13.5,13.49,13.49,6438.0
2017-05-08 14:55:00,CSIQ,13.5,13.5,13.49,13.5,1475.0
2017-05-08 14:50:00,CSIQ,13.51,13.51,13.49,13.5,3100.0
2017-05-08 14:45:00,CSIQ,13.485,13.51,13.485,13.51,5764.0
2017-05-08 14:40:00,CSIQ,13.4967,13.5,13.48,13.48,4739.0
2017-05-08 14:35:00,CSIQ,13.5,13.51,13.48,13.5,14605.0
2017-05-08 14:30:00,CSIQ,13.51,13.51,13.49,13.5,8406.0
2017-05-08 14:25:00,CSIQ,13.5,13.52,13.495,13.5,8098.0
2017-05-08 14:20:00,CSIQ,13.52,13.5205,13.48,13.49,14201.0
2017-05-08 14:15:00,CSIQ,13.49,13.53,13.49,13.52,23888.0
2017-05-08 14:10:00,CSIQ,13.475,13.49,13.475,13.49,10706.0
2017-05-08 14:05:00,CSIQ,13.4262,13.48,13.42,13.48,19950.0
2017-05-08 14:00:00,CSIQ,13.3999,13.44,13.39,13.4266,15762.0
2017-05-08 13:55:00,CSIQ,13.41,13.42,13.4,13.4,9660.0
2017-05-08 13:50:00,CSIQ,13.39,13.41,13.39,13.41,3476.0
2017-05-08 13:45:00,CSIQ,13.38,13.4,13.38,13.4,4577.0
2017-05-08 13:40:00,CSIQ,13.3938,13.4,13.39,13.39,2100.0
2017-05-08 13:35:00,CSIQ,13.39,13.41,13.39,13.4,2700.0
2017-05-08 13:30:00,CSIQ,13.39,13.4,13.39,13.4,1887.0
2017-05-08 13:25:00,CSIQ,13.38,13.39,13.37,13.39,4265.0
2017-05-08 13:20:00,CSIQ,13.36,13.37,13.3533,13.37,4251.0
2017-05-08 13:15:00,CSIQ,13.37,13.3765,13.365,13.37,1700.0
2017-05-08 13:10:00,CSIQ,13.38,13.39,13.37,13.37,800.0
2017-05-08 13:05:00,CSIQ,13.389,13.39,13.37,13.37,3849.0
2017-05-08 13:00:00,CSIQ,13.385,13.39,13.38,13.39,4173.0
2017-05-08 12:55:00,CSIQ,13.39,13.4,13.38,13.39,3923.0
2017-05-08 12:50:00,CSIQ,13.4,13.41,13.37,13.38,19825.0
2017-05-08 12:45:00,CSIQ,13.3637,13.403,13.3637,13.403,3528.0
2017-05-08 12:40:00,CSIQ,13.33,13.37,13.33,13.37,16517.0
2017-05-08 12:35:00,CSIQ,13.315,13.34,13.31,13.34,9551.0
2017-05-08 12:30:00,CSIQ,13.31,13.315,13.3,13.315,2800.0
2017-05-08 12:25:00,CSIQ,13.28,13.31,13.28,13.31,2100.0
2017-05-08 12:20:00,CSIQ,13.3,13.31,13.29,13.29,2532.0
2017-05-08 12:15:00,CSIQ,13.315,13.32,13.3,13.3,7500.0
2017-05-08 12:10:00,CSIQ,13.29,13.32,13.29,13.31,4200.0
2017-05-08 12:05:00,CSIQ,13.3,13.32,13.2807,13.3,7371.0
2017-05-08 12:00:00,CSIQ,13.305,13.32,13.27,13.3,5600.0
2017-05-08 11:55:00,CSIQ,13.32,13.33,13.31,13.31,3600.0
2017-05-08 11:50:00,CSIQ,13.29,13.33,13.29,13.33,4705.0
2017-05-08 11:45:00,CSIQ,13.29,13.3,13.28,13.3,4100.0
2017-05-08 11:40:00,CSIQ,13.27,13.29,13.27,13.285,1300.0
2017-05-08 11:35:00,CSIQ,13.2335,13.28,13.23,13.28,9848.0
2017-05-08 11:30:00,CSIQ,13.2459,13.25,13.215,13.23,9230.0
2017-05-08 11:25:00,CSIQ,13.29,13.29,13.23,13.25,9579.0
2017-05-08 11:20:00,CSIQ,13.3002,13.32,13.28,13.29,29677.0
2017-05-08 11:15:00,CSIQ,13.36,13.36,13.3099,13.31,5795.0
2017-05-08 11:10:00,CSIQ,13.36,13.37,13.34,13.34,2282.0
2017-05-08 11:05:00,CSIQ,13.36,13.37,13.36,13.368,5530.0
2017-05-08 11:00:00,CSIQ,13.37,13.37,13.32,13.36,14000.0
2017-05-08 10:55:00,CSIQ,13.38,13.38,13.37,13.38,4424.0
2017-05-08 10:50:00,CSIQ,13.39,13.42,13.39,13.3968,7910.0
2017-05-08 10:45:00,CSIQ,13.31,13.38,13.31,13.38,6400.0
2017-05-08 10:40:00,CSIQ,13.34,13.35,13.3,13.3091,8298.0
2017-05-08 10:35:00,CSIQ,13.26,13.34,13.2554,13.34,32166.0
2017-05-08 10:30:00,CSIQ,13.29,13.3026,13.2576,13.2576,3400.0
2017-05-08 10:25:00,CSIQ,13.2941,13.35,13.29,13.29,17547.0
2017-05-08 10:20:00,CSIQ,13.1902,13.3,13.19,13.29,8096.0
2017-05-08 10:15:00,CSIQ,13.23,13.25,13.2,13.2,4729.0
2017-05-08 10:10:00,CSIQ,13.25,13.25,13.21,13.24,5180.0
2017-05-08 10:05:00,CSIQ,13.23,13.28,13.23,13.26,19247.0
2017-05-08 10:00:00,CSIQ,13.18,13.24,13.16,13.225,17558.0
2017-05-08 09:55:00,CSIQ,13.23,13.27,13.18,13.18,13780.0
2017-05-08 09:50:00,CSIQ,13.36,13.37,13.2301,13.2301,10145.0
2017-05-08 09:45:00,CSIQ,13.3,13.36,13.3,13.35,9992.0
2017-05-08 09:40:00,CSIQ,13.277,13.34,13.27,13.29,14661.0
2017-05-08 09:35:00,CSIQ,13.3,13.3299,13.217,13.2842,12474.0
2017-05-08 09:10:00,CSIQ,13.34,13.34,13.34,13.34,600.0
2017-05-05 16:25:00,CSIQ,13.32,13.32,13.32,13.32,5000.0
2017-05-05 16:20:00,CSIQ,13.32,13.32,13.32,13.32,3000.0
2017-05-05 16:10:00,CSIQ,13.32,13.32,13.32,13.32,3000.0
2017-05-05 16:05:00,CSIQ,13.31,13.31,13.31,13.31,20016.0
2017-05-05 16:00:00,CSIQ,13.3,13.33,13.29,13.3175,76858.0
2017-05-05 15:55:00,CSIQ,13.31,13.33,13.3,13.3,67881.0
2017-05-05 15:50:00,CSIQ,13.27,13.32,13.26,13.3,62794.0
2017-05-05 15:45:00,CSIQ,13.27,13.275,13.26,13.27,8593.0
2017-05-05 15:40:00,CSIQ,13.235,13.27,13.235,13.26,24969.0
2017-05-05 15:35:00,CSIQ,13.24,13.245,13.23,13.235,10592.0
2017-05-05 15:30:00,CSIQ,13.235,13.249,13.2339,13.239,7053.0
2017-05-05 15:25:00,CSIQ,13.25,13.26,13.23,13.23,8043.0
2017-05-05 15:20:00,CSIQ,13.26,13.26,13.24,13.26,7180.0
2017-05-05 15:15:00,CSIQ,13.275,13.275,13.25,13.25,11720.0
2017-05-05 15:10:00,CSIQ,13.275,13.285,13.27,13.275,4500.0
2017-05-05 15:05:00,CSIQ,13.26,13.28,13.26,13.2799,11900.0
2017-05-05 15:00:00,CSIQ,13.27,13.28,13.26,13.26,12008.0
2017-05-05 14:55:00,CSIQ,13.27,13.28,13.25,13.28,12838.0
2017-05-05 14:50:00,CSIQ,13.25,13.275,13.245,13.27,12963.0
2017-05-05 14:45:00,CSIQ,13.22,13.25,13.2,13.24,4200.0
2017-05-05 14:40:00,CSIQ,13.199,13.22,13.18,13.21,13910.0
2017-05-05 14:35:00,CSIQ,13.1886,13.215,13.1886,13.19,16200.0
2017-05-05 14:30:00,CSIQ,13.22,13.22,13.19,13.19,5460.0
2017-05-05 14:25:00,CSIQ,13.23,13.23,13.21,13.22,8104.0
2017-05-05 14:20:00,CSIQ,13.2,13.23,13.2,13.22,3000.0
2017-05-05 14:15:00,CSIQ,13.18,13.21,13.18,13.21,5898.0
2017-05-05 14:10:00,CSIQ,13.18,13.185,13.17,13.17,7440.0
2017-05-05 14:05:00,CSIQ,13.13,13.19,13.12,13.19,6719.0
2017-05-05 14:00:00,CSIQ,13.13,13.13,13.12,13.13,2500.0
2017-05-05 13:55:00,CSIQ,13.1,13.12,13.095,13.12,4744.0
2017-05-05 13:50:00,CSIQ,13.08,13.11,13.08,13.09,4968.0
2017-05-05 13:45:00,CSIQ,13.075,13.09,13.0714,13.0857,3828.0
2017-05-05 13:40:00,CSIQ,13.115,13.12,13.0727,13.08,11350.0
2017-05-05 13:35:00,CSIQ,13.19,13.19,13.11,13.12,22518.0
2017-05-05 13:30:00,CSIQ,13.165,13.19,13.16,13.19,9000.0
2017-05-05 13:25:00,CSIQ,13.15,13.17,13.12,13.17,9580.0
2017-05-05 13:20:00,CSIQ,13.15,13.17,13.14,13.14,4805.0
2017-05-05 13:15:00,CSIQ,13.15,13.16,13.12,13.14,2040.0
2017-05-05 13:10:00,CSIQ,13.145,13.15,13.14,13.15,3044.0
2017-05-05 13:05:00,CSIQ,13.125,13.15,13.12,13.15,4461.0
2017-05-05 13:00:00,CSIQ,13.12,13.13,13.12,13.125,5395.0
2017-05-05 12:55:00,CSIQ,13.15,13.15,13.12,13.1347,1201.0
2017-05-05 12:50:00,CSIQ,13.1486,13.15,13.13,13.15,5755.0
2017-05-05 12:45:00,CSIQ,13.135,13.15,13.13,13.15,7661.0
2017-05-05 12:40:00,CSIQ,13.14,13.14,13.12,13.13,5300.0
2017-05-05 12:35:00,CSIQ,13.165,13.17,13.12,13.13,5100.0
2017-05-05 12:30:00,CSIQ,13.16,13.18,13.16,13.16,1495.0
2017-05-05 12:25:00,CSIQ,13.2063,13.22,13.15,13.17,20210.0
2017-05-05 12:20:00,CSIQ,13.19,13.21,13.1684,13.2,3700.0
2017-05-05 12:15:00,CSIQ,13.211,13.219,13.2,13.2,7990.0
2017-05-05 12:10:00,CSIQ,13.28,13.3,13.205,13.225,41873.0
2017-05-05 12:05:00,CSIQ,13.29,13.32,13.268,13.274,21364.0
2017-05-05 12:00:00,CSIQ,13.2709,13.31,13.2709,13.29,8600.0
2017-05-05 11:55:00,CSIQ,13.295,13.295,13.24,13.28,10060.0
2017-05-05 11:50:00,CSIQ,13.29,13.32,13.29,13.29,10085.0
2017-05-05 11:45:00,CSIQ,13.28,13.31,13.28,13.29,5600.0
2017-05-05 11:40:00,CSIQ,13.29,13.34,13.26,13.26,20398.0
2017-05-05 11:35:00,CSIQ,13.22,13.28,13.21,13.28,8451.0
2017-05-05 11:30:00,CSIQ,13.21,13.24,13.21,13.21,8000.0
2017-05-05 11:25:00,CSIQ,13.2501,13.27,13.23,13.23,3949.0
2017-05-05 11:20:00,CSIQ,13.18,13.305,13.18,13.25,27630.0
2017-05-05 11:15:00,CSIQ,13.2094,13.2094,13.12,13.18,13885.0
2017-05-05 11:10:00,CSIQ,13.168,13.23,13.168,13.2,21346.0
2017-05-05 11:05:00,CSIQ,13.04,13.23,13.04,13.1849,55972.0
2017-05-05 11:00:00,CSIQ,13.0404,13.08,13.01,13.05,21396.0
2017-05-05 10:55:00,CSIQ,12.97,13.04,12.965,13.04,16734.0
2017-05-05 10:50:00,CSIQ,12.9,12.97,12.9,12.9675,18700.0
2017-05-05 10:45:00,CSIQ,12.85,12.9,12.82,12.9,12811.0
2017-05-05 10:40:00,CSIQ,12.86,12.88,12.86,12.87,9417.0
2017-05-05 10:35:00,CSIQ,12.86,12.89,12.86,12.86,4900.0
2017-05-05 10:30:00,CSIQ,12.8899,12.9,12.86,12.86,5580.0
2017-05-05 10:25:00,CSIQ,12.88,12.91,12.88,12.89,7390.0
2017-05-05 10:20:00,CSIQ,12.89,12.908,12.87,12.87,8809.0
2017-05-05 10:15:00,CSIQ,12.79,12.88,12.79,12.88,25650.0
2017-05-05 10:10:00,CSIQ,12.81,12.81,12.77,12.79,3326.0
2017-05-05 10:05:00,CSIQ,12.78,12.84,12.78,12.815,10115.0
2017-05-05 10:00:00,CSIQ,12.8445,12.85,12.76,12.77,28808.0
2017-05-05 09:55:00,CSIQ,12.82,12.85,12.79,12.85,26669.0
2017-05-05 09:50:00,CSIQ,12.76,12.85,12.76,12.79,19236.0
2017-05-05 09:45:00,CSIQ,12.7084,12.78,12.7,12.764,7023.0
2017-05-05 09:40:00,CSIQ,12.68,12.7,12.6301,12.69,12511.0
2017-05-05 09:35:00,CSIQ,12.77,12.8168,12.69,12.69,21170.0
2017-05-05 09:10:00,CSIQ,12.71,12.71,12.71,12.71,3000.0
2017-05-04 16:05:00,CSIQ,12.71,12.71,12.71,12.71,52954.0
2017-05-04 16:00:00,CSIQ,12.7,12.735,12.7,12.71,58431.0
2017-05-04 15:55:00,CSIQ,12.73,12.73,12.7,12.715,39554.0
2017-05-04 15:50:00,CSIQ,12.76,12.76,12.72,12.74,20104.0
2017-05-04 15:45:00,CSIQ,12.74,12.77,12.72,12.76,16328.0
2017-05-04 15:40:00,CSIQ,12.71,12.75,12.7,12.74,53073.0
2017-05-04 15:35:00,CSIQ,12.71,12.72,12.68,12.7198,24939.0
2017-05-04 15:30:00,CSIQ,12.73,12.739,12.7,12.71,7298.0
2017-05-04 15:25:00,CSIQ,12.74,12.749,12.73,12.74,10620.0
2017-05-04 15:20:00,CSIQ,12.72,12.74,12.68,12.74,33659.0
2017-05-04 15:15:00,CSIQ,12.73,12.74,12.72,12.72,8351.0
2017-05-04 15:10:00,CSIQ,12.7484,12.7828,12.72,12.72,9793.0
2017-05-04 15:05:00,CSIQ,12.77,12.77,12.71,12.75,36740.0
2017-05-04 15:00:00,CSIQ,12.79,12.8,12.76,12.7719,48569.0
2017-05-04 14:55:00,CSIQ,12.789,12.79,12.78,12.783,6100.0
2017-05-04 14:50:00,CSIQ,12.76,12.79,12.76,12.79,17400.0
2017-05-04 14:45:00,CSIQ,12.77,12.79,12.75,12.7532,8153.0
2017-05-04 14:40:00,CSIQ,12.75,12.765,12.74,12.76,13691.0
2017-05-04 14:35:00,CSIQ,12.79,12.8,12.75,12.75,17089.0
2017-05-04 14:30:00,CSIQ,12.75,12.7999,12.74,12.7999,14328.0
2017-05-04 14:25:00,CSIQ,12.78,12.78,12.73,12.74,28938.0
2017-05-04 14:20:00,CSIQ,12.815,12.815,12.79,12.79,11574.0
2017-05-04 14:15:00,CSIQ,12.81,12.83,12.795,12.82,38963.0
2017-05-04 14:10:00,CSIQ,12.8,12.83,12.8,12.81,12148.0
2017-05-04 14:05:00,CSIQ,12.76,12.82,12.73,12.8,42238.0
2017-05-04 14:00:00,CSIQ,12.8101,12.8101,12.75,12.77,39445.0
2017-05-04 13:55:00,CSIQ,12.8462,12.8462,12.81,12.82,3837.0
2017-05-04 13:50:00,CSIQ,12.82,12.86,12.81,12.8476,13600.0
2017-05-04 13:45:00,CSIQ,12.85,12.85,12.82,12.825,10049.0
2017-05-04 13:35:00,CSIQ,12.85,12.8593,12.85,12.85,800.0
2017-05-04 13:30:00,CSIQ,12.87,12.87,12.85,12.855,10600.0
2017-05-04 13:25:00,CSIQ,12.87,12.88,12.87,12.88,300.0
2017-05-04 13:20:00,CSIQ,12.89,12.89,12.85,12.85,8197.0
2017-05-04 13:15:00,CSIQ,12.92,12.92,12.9,12.9,9346.0
2017-05-04 13:10:00,CSIQ,12.915,12.94,12.87,12.9299,14162.0
2017-05-04 13:05:00,CSIQ,12.84,12.92,12.82,12.92,15288.0
2017-05-04 13:00:00,CSIQ,12.84,12.845,12.83,12.845,3870.0
2017-05-04 12:55:00,CSIQ,12.811,12.84,12.811,12.84,8942.0
2017-05-04 12:50:00,CSIQ,12.81,12.83,12.795,12.83,20186.0
2017-05-04 12:45:00,CSIQ,12.83,12.83,12.8001,12.81,4853.0
2017-05-04 12:40:00,CSIQ,12.83,12.84,12.79,12.82,38008.0
2017-05-04 12:35:00,CSIQ,12.85,12.85,12.82,12.839,10960.0
2017-05-04 12:30:00,CSIQ,12.86,12.86,12.855,12.855,2770.0
2017-05-04 12:25:00,CSIQ,12.78,12.86,12.78,12.86,16367.0
2017-05-04 12:20:00,CSIQ,12.79,12.81,12.77,12.78,26739.0
2017-05-04 12:15:00,CSIQ,12.85,12.86,12.79,12.8,33829.0
2017-05-04 12:10:00,CSIQ,12.869,12.87,12.82,12.855,18761.0
2017-05-04 12:05:00,CSIQ,12.939,12.99,12.85,12.86,72778.0
2017-05-04 12:00:00,CSIQ,13.01,13.01,12.87,12.935,33892.0
2017-05-04 11:55:00,CSIQ,13.022,13.022,12.9706,13.01,24275.0
2017-05-04 11:50:00,CSIQ,13.04,13.04,13.01,13.02,18981.0
2017-05-04 11:45:00,CSIQ,13.07,13.07,13.03,13.03,5827.0
2017-05-04 11:40:00,CSIQ,13.0501,13.07,13.05,13.06,6800.0
2017-05-04 11:35:00,CSIQ,13.03,13.08,13.03,13.05,4550.0
2017-05-04 11:30:00,CSIQ,13.1,13.11,13.02,13.02,14787.0
2017-05-04 11:25:00,CSIQ,13.13,13.1307,13.08,13.11,15100.0
2017-05-04 11:20:00,CSIQ,13.13,13.14,13.11,13.14,4405.0
2017-05-04 11:15:00,CSIQ,13.13,13.13,13.12,13.13,1100.0
2017-05-04 11:10:00,CSIQ,13.1,13.12,13.1,13.12,900.0
2017-05-04 11:05:00,CSIQ,13.07,13.1107,13.07,13.1,3750.0
2017-05-04 11:00:00,CSIQ,13.08,13.08,13.03,13.05,18878.0
2017-05-04 10:55:00,CSIQ,13.1,13.11,13.09,13.09,8992.0
2017-05-04 10:50:00,CSIQ,13.11,13.13,13.095,13.1,9410.0
2017-05-04 10:45:00,CSIQ,13.1401,13.16,13.13,13.13,1990.0
2017-05-04 10:40:00,CSIQ,13.13,13.18,13.13,13.1664,6687.0
2017-05-04 10:35:00,CSIQ,13.1,13.12,13.09,13.12,6140.0
2017-05-04 10:30:00,CSIQ,13.1,13.14,13.1,13.11,6600.0
2017-05-04 10:25:00,CSIQ,13.1178,13.12,13.095,13.1,11000.0
2017-05-04 10:20:00,CSIQ,13.12,13.15,13.09,13.13,12851.0
2017-05-04 10:15:00,CSIQ,13.16,13.16,13.1001,13.12,16830.0
2017-05-04 10:10:00,CSIQ,13.16,13.2063,13.15,13.16,4042.0
2017-05-04 10:05:00,CSIQ,13.11,13.16,13.1,13.15,14858.0
2017-05-04 10:00:00,CSIQ,13.0798,13.131,13.05,13.12,45752.0
2017-05-04 09:55:00,CSIQ,13.185,13.19,13.1,13.1,32894.0
2017-05-04 09:50:00,CSIQ,13.26,13.32,13.18,13.21,27642.0
2017-05-04 09:45:00,CSIQ,13.33,13.3368,13.245,13.255,15659.0
2017-05-04 09:40:00,CSIQ,13.34,13.43,13.34,13.36,14550.0
2017-05-04 09:35:00,CSIQ,13.5,13.5,13.3,13.3,17588.0
2017-05-03 16:20:00,CSIQ,13.5,13.5,13.5,13.5,0.0
2017-05-03 16:05:00,CSIQ,13.5,13.5,13.42,13.5,33287.0
2017-05-03 16:00:00,CSIQ,13.51,13.51,13.48,13.495,78397.0
2017-05-03 15:55:00,CSIQ,13.46,13.515,13.459,13.51,30743.0
2017-05-03 15:50:00,CSIQ,13.47,13.47,13.45,13.45,11414.0
2017-05-03 15:45:00,CSIQ,13.45,13.47,13.4447,13.465,9191.0
2017-05-03 15:40:00,CSIQ,13.43,13.46,13.41,13.45,21540.0
2017-05-03 15:35:00,CSIQ,13.43,13.4411,13.42,13.43,9841.0
2017-05-03 15:30:00,CSIQ,13.44,13.44,13.42,13.43,1972.0
2017-05-03 15:25:00,CSIQ,13.41,13.455,13.41,13.44,8668.0
2017-05-03 15:20:00,CSIQ,13.4,13.425,13.4,13.41,7522.0
2017-05-03 15:15:00,CSIQ,13.43,13.43,13.4,13.4,5200.0
2017-05-23 16:05:00,CSIQ,13.27,13.27,13.27,13.27,34639.0
2017-05-23 16:00:00,CSIQ,13.25,13.29,13.24,13.27,40656.0
2017-05-23 15:55:00,CSIQ,13.27,13.27,13.24,13.25,33889.0
2017-05-23 15:50:00,CSIQ,13.28,13.285,13.26,13.271,12148.0
2017-05-23 15:45:00,CSIQ,13.28,13.29,13.28,13.28,11549.0
2017-05-23 15:40:00,CSIQ,13.295,13.295,13.26,13.275,11390.0
2017-05-23 15:35:00,CSIQ,13.31,13.315,13.295,13.295,8587.0
2017-05-23 15:30:00,CSIQ,13.2836,13.3,13.2836,13.3,5692.0
2017-05-23 15:25:00,CSIQ,13.28,13.28,13.27,13.28,10713.0
2017-05-23 15:20:00,CSIQ,13.3,13.3,13.2794,13.29,35181.0
2017-05-23 15:15:00,CSIQ,13.28,13.305,13.28,13.3,3263.0
2017-05-23 15:10:00,CSIQ,13.35,13.36,13.27,13.28,24037.0
2017-05-23 15:05:00,CSIQ,13.3441,13.36,13.34,13.35,18064.0
2017-05-23 15:00:00,CSIQ,13.35,13.35,13.33,13.35,4059.0
2017-05-23 14:55:00,CSIQ,13.34,13.35,13.33,13.35,7005.0
2017-05-23 14:50:00,CSIQ,13.32,13.35,13.32,13.34,3527.0
2017-05-23 14:45:00,CSIQ,13.3,13.34,13.29,13.3201,1920.0
2017-05-23 14:40:00,CSIQ,13.28,13.29,13.28,13.29,3300.0
2017-05-23 14:35:00,CSIQ,13.3,13.3,13.2701,13.28,15392.0
2017-05-23 14:30:00,CSIQ,13.32,13.32,13.3,13.3,4112.0
2017-05-23 14:25:00,CSIQ,13.295,13.31,13.2924,13.31,4960.0
2017-05-23 14:20:00,CSIQ,13.2737,13.295,13.27,13.295,4820.0
2017-05-23 14:15:00,CSIQ,13.3237,13.3237,13.27,13.275,16260.0
2017-05-23 14:10:00,CSIQ,13.2927,13.32,13.2927,13.32,9367.0
2017-05-23 14:05:00,CSIQ,13.3,13.32,13.28,13.293,16685.0
2017-05-23 14:00:00,CSIQ,13.22,13.3199,13.22,13.31,12403.0
2017-05-23 13:55:00,CSIQ,13.19,13.22,13.18,13.215,6769.0
2017-05-23 13:50:00,CSIQ,13.21,13.22,13.195,13.2,16223.0
2017-05-23 13:45:00,CSIQ,13.21,13.22,13.2,13.22,1264.0
2017-05-23 13:40:00,CSIQ,13.24,13.24,13.2,13.21,12717.0
2017-05-23 13:35:00,CSIQ,13.23,13.24,13.23,13.24,4225.0
2017-05-23 13:30:00,CSIQ,13.2307,13.24,13.225,13.23,8400.0
2017-05-23 13:25:00,CSIQ,13.19,13.24,13.19,13.24,6000.0
2017-05-23 13:20:00,CSIQ,13.19,13.2,13.1825,13.19,700.0
2017-05-23 13:15:00,CSIQ,13.2,13.22,13.17,13.18,3434.0
2017-05-23 13:10:00,CSIQ,13.1499,13.22,13.14,13.22,13633.0
2017-05-23 13:05:00,CSIQ,13.095,13.1311,13.09,13.1311,2500.0
2017-05-23 13:00:00,CSIQ,13.0,13.06,12.995,13.06,12775.0
2017-05-23 12:55:00,CSIQ,13.06,13.06,12.99,13.0,35522.0
2017-05-23 12:50:00,CSIQ,13.09,13.109,13.06,13.06,15570.0
2017-05-23 12:45:00,CSIQ,13.1299,13.1299,13.09,13.09,5991.0
2017-05-23 12:40:00,CSIQ,13.1198,13.1299,13.1,13.1299,4579.0
2017-05-23 12:35:00,CSIQ,13.16,13.16,13.1,13.1,18834.0
2017-05-23 12:30:00,CSIQ,13.15,13.15,13.11,13.15,14890.0
2017-05-23 12:25:00,CSIQ,13.15,13.1999,13.145,13.16,10815.0
2017-05-23 12:20:00,CSIQ,13.16,13.17,13.12,13.145,21800.0
2017-05-23 12:15:00,CSIQ,13.219,13.2199,13.16,13.16,13556.0
2017-05-23 12:10:00,CSIQ,13.16,13.23,13.15,13.2146,32388.0
2017-05-23 12:05:00,CSIQ,13.14,13.15,13.135,13.15,3234.0
2017-05-23 12:00:00,CSIQ,13.1499,13.1499,13.13,13.135,4000.0
2017-05-23 11:55:00,CSIQ,13.15,13.16,13.14,13.1499,5261.0
2017-05-23 11:50:00,CSIQ,13.15,13.1599,13.135,13.15,9139.0
2017-05-23 11:45:00,CSIQ,13.18,13.218,13.14,13.14,14800.0
2017-05-23 11:40:00,CSIQ,13.19,13.19,13.18,13.1808,1100.0
2017-05-23 11:35:00,CSIQ,13.14,13.18,13.13,13.175,16619.0
2017-05-23 11:30:00,CSIQ,13.13,13.17,13.12,13.13,15685.0
2017-05-23 11:25:00,CSIQ,13.2,13.2,13.1,13.11,32006.0
2017-05-23 11:20:00,CSIQ,13.21,13.23,13.17,13.2,25530.0
2017-05-23 11:15:00,CSIQ,13.25,13.265,13.215,13.215,6555.0
2017-05-23 11:10:00,CSIQ,13.32,13.32,13.22,13.22,23263.0
2017-05-23 11:05:00,CSIQ,13.32,13.34,13.3,13.31,12000.0
2017-05-23 11:00:00,CSIQ,13.33,13.33,13.285,13.315,8590.0
2017-05-23 10:55:00,CSIQ,13.2901,13.33,13.28,13.33,6200.0
2017-05-23 10:50:00,CSIQ,13.26,13.33,13.26,13.3,15499.0
2017-05-23 10:45:00,CSIQ,13.23,13.26,13.22,13.26,10850.0
2017-05-23 10:40:00,CSIQ,13.33,13.33,13.2,13.23,29715.0
2017-05-23 10:35:00,CSIQ,13.3644,13.38,13.32,13.33,31443.0
2017-05-23 10:30:00,CSIQ,13.35,13.37,13.3302,13.37,18105.0
2017-05-23 10:25:00,CSIQ,13.365,13.375,13.33,13.355,23201.0
2017-05-23 10:20:00,CSIQ,13.37,13.37,13.335,13.36,7700.0
2017-05-23 10:15:00,CSIQ,13.39,13.39,13.31,13.34,12550.0
2017-05-23 10:10:00,CSIQ,13.39,13.4,13.3,13.39,26947.0
2017-05-23 10:05:00,CSIQ,13.35,13.41,13.3,13.37,38013.0
2017-05-23 10:00:00,CSIQ,13.41,13.42,13.29,13.35,66398.0
2017-05-23 09:55:00,CSIQ,13.39,13.46,13.36,13.42,49910.0
2017-05-23 09:50:00,CSIQ,13.54,13.72,13.39,13.4,110196.0
2017-05-23 09:45:00,CSIQ,13.45,13.688,13.45,13.58,137098.0
2017-05-23 09:40:00,CSIQ,13.15,13.48,13.15,13.4498,151775.0
2017-05-23 09:35:00,CSIQ,12.97,13.16,12.97,13.13,63993.0
2017-05-22 17:35:00,CSIQ,13.1,13.1,13.1,13.1,400.0
2017-05-22 16:05:00,CSIQ,13.01,13.01,13.01,13.01,22236.0
2017-05-22 16:00:00,CSIQ,13.025,13.045,13.0,13.02,57152.0
2017-05-22 15:55:00,CSIQ,13.04,13.045,13.02,13.03,27007.0
2017-05-22 15:50:00,CSIQ,13.04,13.05,13.02,13.04,12900.0
2017-05-22 15:45:00,CSIQ,13.0,13.05,12.99,13.05,14682.0
2017-05-22 15:40:00,CSIQ,12.99,13.01,12.99,13.0,14146.0
2017-05-22 15:35:00,CSIQ,13.01,13.01,12.99,12.99,13828.0
2017-05-22 15:30:00,CSIQ,13.04,13.05,13.02,13.02,10710.0
2017-05-22 15:25:00,CSIQ,13.0401,13.045,13.0299,13.04,17488.0
2017-05-22 15:20:00,CSIQ,13.06,13.06,13.03,13.05,12928.0
2017-05-22 15:15:00,CSIQ,13.05,13.06,13.04,13.06,7270.0
2017-05-22 15:10:00,CSIQ,13.04,13.06,13.04,13.05,4500.0
2017-05-22 15:05:00,CSIQ,13.03,13.04,13.01,13.0325,8400.0
2017-05-22 15:00:00,CSIQ,13.04,13.04,13.03,13.03,2400.0
2017-05-22 14:55:00,CSIQ,13.04,13.04,13.02,13.035,1400.0
2017-05-22 14:50:00,CSIQ,13.05,13.0532,13.035,13.04,7000.0
2017-05-22 14:45:00,CSIQ,13.04,13.045,13.03,13.045,4182.0
2017-05-22 14:40:00,CSIQ,13.07,13.07,13.04,13.05,5282.0
