2017-05-19 18:20:00,CYH,10.0,10.0,10.0,10.0,1000.0
2017-05-19 16:05:00,CYH,9.84,9.84,9.84,9.84,98712.0
2017-05-19 16:00:00,CYH,9.84,9.85,9.83,9.845,87969.0
2017-05-19 15:55:00,CYH,9.83,9.86,9.83,9.84,68637.0
2017-05-19 15:50:00,CYH,9.84,9.865,9.83,9.835,59089.0
2017-05-19 15:45:00,CYH,9.855,9.88,9.84,9.84,23359.0
2017-05-19 15:40:00,CYH,9.84,9.88,9.84,9.855,44841.0
2017-05-19 15:35:00,CYH,9.87,9.88,9.83,9.84,53412.0
2017-05-19 15:30:00,CYH,9.88,9.9,9.875,9.88,21098.0
2017-05-19 15:25:00,CYH,9.87,9.925,9.87,9.89,67844.0
2017-05-19 15:20:00,CYH,9.88,9.89,9.85,9.855,38150.0
2017-05-19 15:15:00,CYH,9.91,9.92,9.87,9.87,57229.0
2017-05-19 15:10:00,CYH,9.96,9.97,9.9,9.9,31420.0
2017-05-19 15:05:00,CYH,9.9858,9.9858,9.96,9.96,13583.0
2017-05-19 15:00:00,CYH,9.985,10.0,9.985,9.99,27339.0
2017-05-19 14:55:00,CYH,9.99,10.0,9.985,9.99,24341.0
2017-05-19 14:50:00,CYH,9.98,9.99,9.97,9.99,9388.0
2017-05-19 14:45:00,CYH,10.0,10.01,9.99,9.99,32656.0
2017-05-19 14:40:00,CYH,9.98,10.005,9.97,10.0,29800.0
2017-05-19 14:35:00,CYH,10.02,10.02,9.98,9.98,54622.0
2017-05-19 14:30:00,CYH,10.02,10.05,10.01,10.02,39554.0
2017-05-19 14:25:00,CYH,9.995,10.04,9.99,10.01,29439.0
2017-05-19 14:20:00,CYH,9.995,10.005,9.99,10.0,13039.0
2017-05-19 14:15:00,CYH,9.98,10.0,9.98,9.995,46390.0
2017-05-19 14:10:00,CYH,9.96,9.99,9.9501,9.9792,12212.0
2017-05-19 14:05:00,CYH,9.995,9.995,9.96,9.97,8520.0
2017-05-19 14:00:00,CYH,10.0,10.03,9.995,10.0,39250.0
2017-05-19 13:55:00,CYH,9.97,10.0,9.965,9.995,32280.0
2017-05-19 13:50:00,CYH,9.96,9.965,9.95,9.96,12390.0
2017-05-19 13:45:00,CYH,9.965,9.98,9.955,9.965,22379.0
2017-05-19 13:40:00,CYH,9.96,9.975,9.96,9.97,12324.0
2017-05-19 13:35:00,CYH,9.985,9.99,9.96,9.97,33287.0
2017-05-19 13:30:00,CYH,9.955,9.99,9.955,9.98,32351.0
2017-05-19 13:25:00,CYH,9.96,9.97,9.95,9.955,34664.0
2017-05-19 13:20:00,CYH,9.9099,9.9576,9.9,9.9576,37716.0
2017-05-19 13:15:00,CYH,9.885,9.91,9.87,9.91,28268.0
2017-05-19 13:10:00,CYH,9.83,9.89,9.81,9.89,40223.0
2017-05-19 13:05:00,CYH,9.81,9.83,9.81,9.83,41374.0
2017-05-19 13:00:00,CYH,9.83,9.84,9.81,9.82,23792.0
2017-05-19 12:55:00,CYH,9.82,9.83,9.8,9.825,20720.0
2017-05-19 12:50:00,CYH,9.83,9.83,9.81,9.81,11800.0
2017-05-19 12:45:00,CYH,9.85,9.86,9.82,9.82,19057.0
2017-05-19 12:40:00,CYH,9.84,9.85,9.83,9.845,22444.0
2017-05-19 12:35:00,CYH,9.85,9.86,9.84,9.85,14667.0
2017-05-19 12:30:00,CYH,9.86,9.87,9.835,9.85,29135.0
2017-05-19 12:25:00,CYH,9.825,9.86,9.82,9.855,19302.0
2017-05-19 12:20:00,CYH,9.82,9.845,9.81,9.82,18359.0
2017-05-19 12:15:00,CYH,9.82,9.825,9.81,9.82,7665.0
2017-05-19 12:10:00,CYH,9.79,9.81,9.77,9.81,38465.0
2017-05-19 12:05:00,CYH,9.845,9.86,9.79,9.79,75810.0
2017-05-19 12:00:00,CYH,9.86,9.88,9.845,9.845,29822.0
2017-05-19 11:55:00,CYH,9.795,9.86,9.79,9.86,36015.0
2017-05-19 11:50:00,CYH,9.84,9.855,9.795,9.795,48039.0
2017-05-19 11:45:00,CYH,9.81,9.85,9.8,9.83,53858.0
2017-05-19 11:40:00,CYH,9.73,9.81,9.73,9.81,33261.0
2017-05-19 11:35:00,CYH,9.74,9.74,9.7,9.72,19380.0
2017-05-19 11:30:00,CYH,9.75,9.75,9.72,9.74,17877.0
2017-05-19 11:25:00,CYH,9.75,9.77,9.72,9.745,27850.0
2017-05-19 11:20:00,CYH,9.78,9.78,9.74,9.75,12072.0
2017-05-19 11:15:00,CYH,9.77,9.79,9.75,9.78,39337.0
2017-05-19 11:10:00,CYH,9.75,9.78,9.74,9.78,28239.0
2017-05-19 11:05:00,CYH,9.78,9.785,9.74,9.74,14974.0
2017-05-19 11:00:00,CYH,9.78,9.79,9.77,9.7701,28775.0
2017-05-19 10:55:00,CYH,9.74,9.77,9.74,9.77,16015.0
2017-05-19 10:50:00,CYH,9.72,9.76,9.72,9.74,22164.0
2017-05-19 10:45:00,CYH,9.72,9.73,9.695,9.71,16864.0
2017-05-19 10:40:00,CYH,9.71,9.735,9.705,9.72,29673.0
2017-05-19 10:35:00,CYH,9.74,9.75,9.715,9.715,34907.0
2017-05-19 10:30:00,CYH,9.72,9.75,9.715,9.73,20597.0
2017-05-19 10:25:00,CYH,9.705,9.72,9.68,9.72,13806.0
2017-05-19 10:20:00,CYH,9.715,9.73,9.685,9.701,20617.0
2017-05-19 10:15:00,CYH,9.67,9.73,9.655,9.72,48151.0
2017-05-19 10:10:00,CYH,9.595,9.66,9.59,9.66,26437.0
2017-05-19 10:05:00,CYH,9.61,9.615,9.59,9.595,12812.0
2017-05-19 10:00:00,CYH,9.655,9.655,9.62,9.62,21330.0
2017-05-19 09:55:00,CYH,9.565,9.65,9.56,9.65,41094.0
2017-05-19 09:50:00,CYH,9.63,9.64,9.53,9.57,46942.0
2017-05-19 09:45:00,CYH,9.46,9.64,9.46,9.62,57796.0
2017-05-19 09:40:00,CYH,9.44,9.46,9.42,9.46,4757.0
2017-05-19 09:35:00,CYH,9.41,9.4764,9.4,9.43,54426.0
2017-05-18 16:05:00,CYH,9.37,9.37,9.37,9.37,240551.0
2017-05-18 16:00:00,CYH,9.385,9.39,9.37,9.38,203666.0
2017-05-18 15:55:00,CYH,9.405,9.42,9.38,9.38,97274.0
2017-05-18 15:50:00,CYH,9.41,9.42,9.4,9.405,78920.0
2017-05-18 15:45:00,CYH,9.39,9.41,9.39,9.41,53090.0
2017-05-18 15:40:00,CYH,9.41,9.42,9.385,9.39,77396.0
2017-05-18 15:35:00,CYH,9.43,9.44,9.38,9.405,56213.0
2017-05-18 15:30:00,CYH,9.455,9.455,9.43,9.44,31092.0
2017-05-18 15:25:00,CYH,9.495,9.495,9.45,9.4546,66524.0
2017-05-18 15:20:00,CYH,9.49,9.5,9.485,9.495,18207.0
2017-05-18 15:15:00,CYH,9.47,9.5,9.47,9.49,30571.0
2017-05-18 15:10:00,CYH,9.465,9.49,9.46,9.48,40541.0
2017-05-18 15:05:00,CYH,9.435,9.47,9.435,9.47,34892.0
2017-05-18 15:00:00,CYH,9.415,9.44,9.41,9.435,24349.0
2017-05-18 14:55:00,CYH,9.425,9.43,9.41,9.415,23213.0
2017-05-18 14:50:00,CYH,9.435,9.44,9.42,9.425,36130.0
2017-05-18 14:45:00,CYH,9.445,9.45,9.43,9.435,19623.0
2017-05-18 14:40:00,CYH,9.435,9.475,9.43,9.445,43235.0
2017-05-18 14:35:00,CYH,9.385,9.45,9.385,9.435,26400.0
2017-05-18 14:30:00,CYH,9.38,9.41,9.38,9.3899,11050.0
2017-05-18 14:25:00,CYH,9.35,9.385,9.31,9.385,111179.0
2017-05-18 14:20:00,CYH,9.415,9.415,9.36,9.36,82314.0
2017-05-18 14:15:00,CYH,9.385,9.42,9.385,9.41,18359.0
2017-05-18 14:10:00,CYH,9.395,9.4,9.385,9.385,5500.0
2017-05-18 14:05:00,CYH,9.4,9.43,9.395,9.395,9382.0
2017-05-18 14:00:00,CYH,9.39,9.415,9.37,9.39,30472.0
2017-05-18 13:55:00,CYH,9.38,9.39,9.355,9.39,22998.0
2017-05-18 13:50:00,CYH,9.36,9.3701,9.35,9.3701,14548.0
2017-05-18 13:45:00,CYH,9.325,9.39,9.32,9.37,38427.0
2017-05-18 13:40:00,CYH,9.315,9.33,9.315,9.32,8094.0
2017-05-18 13:35:00,CYH,9.34,9.34,9.31,9.31,9768.0
2017-05-18 13:30:00,CYH,9.315,9.335,9.31,9.33,13830.0
2017-05-18 13:25:00,CYH,9.32,9.325,9.31,9.315,14173.0
2017-05-18 13:20:00,CYH,9.33,9.34,9.32,9.32,22613.0
2017-05-18 13:15:00,CYH,9.305,9.33,9.3,9.33,11070.0
2017-05-18 13:10:00,CYH,9.325,9.33,9.295,9.31,43815.0
2017-05-18 13:05:00,CYH,9.37,9.37,9.32,9.325,35584.0
2017-05-18 13:00:00,CYH,9.38,9.38,9.36,9.36,3724.0
2017-05-18 12:55:00,CYH,9.36,9.375,9.35,9.37,11206.0
2017-05-18 12:50:00,CYH,9.3729,9.39,9.36,9.36,16789.0
2017-05-18 12:45:00,CYH,9.38,9.39,9.365,9.38,11858.0
2017-05-18 12:40:00,CYH,9.4,9.41,9.37,9.375,11594.0
2017-05-18 12:35:00,CYH,9.3947,9.42,9.39,9.395,18036.0
2017-05-18 12:30:00,CYH,9.37,9.4,9.36,9.39,8815.0
2017-05-18 12:25:00,CYH,9.365,9.3868,9.36,9.36,42360.0
2017-05-18 12:20:00,CYH,9.385,9.39,9.365,9.365,13330.0
2017-05-18 12:15:00,CYH,9.385,9.4,9.38,9.385,13693.0
2017-05-18 12:10:00,CYH,9.42,9.42,9.365,9.39,29031.0
2017-05-18 12:05:00,CYH,9.45,9.45,9.415,9.415,15203.0
2017-05-18 12:00:00,CYH,9.43,9.45,9.415,9.44,38421.0
2017-05-18 11:55:00,CYH,9.475,9.475,9.43,9.43,24224.0
2017-05-18 11:50:00,CYH,9.45,9.48,9.45,9.48,4395.0
2017-05-18 11:45:00,CYH,9.49,9.495,9.45,9.45,17811.0
2017-05-18 11:40:00,CYH,9.495,9.505,9.485,9.49,29597.0
2017-05-18 11:35:00,CYH,9.5,9.51,9.49,9.495,23149.0
2017-05-18 11:30:00,CYH,9.45,9.5,9.45,9.5,11031.0
2017-05-18 11:25:00,CYH,9.455,9.46,9.45,9.455,9625.0
2017-05-18 11:20:00,CYH,9.43,9.475,9.425,9.453,15467.0
2017-05-18 11:15:00,CYH,9.43,9.43,9.42,9.42,17774.0
2017-05-18 11:10:00,CYH,9.45,9.45,9.42,9.44,27490.0
2017-05-18 11:05:00,CYH,9.47,9.475,9.4266,9.44,22722.0
2017-05-18 11:00:00,CYH,9.49,9.49,9.4652,9.475,7700.0
2017-05-18 10:55:00,CYH,9.49,9.5,9.48,9.5,30883.0
2017-05-18 10:50:00,CYH,9.46,9.495,9.45,9.495,74347.0
2017-05-18 10:45:00,CYH,9.48,9.49,9.4601,9.4663,15031.0
2017-05-18 10:40:00,CYH,9.46,9.495,9.46,9.48,23492.0
2017-05-18 10:35:00,CYH,9.42,9.46,9.415,9.45,24376.0
2017-05-18 10:30:00,CYH,9.37,9.4262,9.36,9.41,21093.0
2017-05-18 10:25:00,CYH,9.41,9.41,9.37,9.375,21750.0
2017-05-18 10:20:00,CYH,9.462,9.462,9.39,9.41,60456.0
2017-05-18 10:15:00,CYH,9.485,9.5,9.47,9.475,17021.0
2017-05-18 10:10:00,CYH,9.465,9.49,9.45,9.48,46165.0
2017-05-18 10:05:00,CYH,9.44,9.49,9.44,9.47,24833.0
2017-05-18 10:00:00,CYH,9.54,9.54,9.45,9.45,29462.0
2017-05-18 09:55:00,CYH,9.57,9.59,9.511,9.54,55626.0
2017-05-18 09:50:00,CYH,9.57,9.605,9.551,9.56,33848.0
2017-05-18 09:45:00,CYH,9.64,9.64,9.58,9.58,14753.0
2017-05-18 09:40:00,CYH,9.5999,9.655,9.54,9.655,24494.0
2017-05-18 09:35:00,CYH,9.57,9.62,9.56,9.59,30367.0
2017-05-17 16:05:00,CYH,9.62,9.62,9.62,9.62,191657.0
2017-05-17 16:00:00,CYH,9.62,9.63,9.61,9.62,101188.0
2017-05-17 15:55:00,CYH,9.62,9.64,9.61,9.62,60422.0
2017-05-17 15:50:00,CYH,9.63,9.64,9.61,9.6102,61856.0
2017-05-17 15:45:00,CYH,9.655,9.67,9.62,9.63,46707.0
2017-05-17 15:40:00,CYH,9.67,9.68,9.65,9.655,20134.0
2017-05-17 15:35:00,CYH,9.68,9.7,9.665,9.67,52257.0
2017-05-17 15:30:00,CYH,9.68,9.68,9.66,9.68,17383.0
2017-05-17 15:25:00,CYH,9.655,9.68,9.65,9.68,20624.0
2017-05-17 15:20:00,CYH,9.65,9.66,9.64,9.655,16136.0
2017-05-17 15:15:00,CYH,9.64,9.655,9.61,9.65,24729.0
2017-05-17 15:10:00,CYH,9.615,9.63,9.61,9.63,35962.0
2017-05-17 15:05:00,CYH,9.656,9.66,9.61,9.62,36512.0
2017-05-17 15:00:00,CYH,9.66,9.67,9.65,9.655,21200.0
2017-05-17 14:55:00,CYH,9.655,9.665,9.645,9.66,21608.0
2017-05-17 14:50:00,CYH,9.66,9.67,9.645,9.655,46095.0
2017-05-17 14:45:00,CYH,9.71,9.71,9.65,9.66,32527.0
2017-05-17 14:40:00,CYH,9.71,9.735,9.7,9.705,18120.0
2017-05-17 14:35:00,CYH,9.72,9.74,9.715,9.715,18627.0
2017-05-17 14:30:00,CYH,9.74,9.75,9.71,9.7197,25812.0
2017-05-17 14:25:00,CYH,9.75,9.76,9.72,9.735,11035.0
2017-05-17 14:20:00,CYH,9.74,9.749,9.715,9.74,12391.0
2017-05-17 14:15:00,CYH,9.76,9.76,9.735,9.7401,15803.0
2017-05-17 14:10:00,CYH,9.78,9.79,9.75,9.76,8978.0
2017-05-17 14:05:00,CYH,9.75,9.79,9.74,9.79,11272.0
2017-05-17 14:00:00,CYH,9.755,9.76,9.74,9.7575,16568.0
2017-05-17 13:55:00,CYH,9.755,9.77,9.74,9.76,15658.0
2017-05-17 13:50:00,CYH,9.745,9.77,9.745,9.755,33299.0
2017-05-17 13:45:00,CYH,9.74,9.75,9.715,9.75,30041.0
2017-05-17 13:40:00,CYH,9.815,9.82,9.74,9.74,141730.0
2017-05-17 13:35:00,CYH,9.81,9.82,9.8,9.815,7420.0
2017-05-17 13:30:00,CYH,9.795,9.81,9.79,9.81,33840.0
2017-05-17 13:25:00,CYH,9.795,9.8,9.79,9.795,16358.0
2017-05-17 13:20:00,CYH,9.805,9.805,9.79,9.795,26242.0
2017-05-17 13:15:00,CYH,9.805,9.82,9.8,9.81,13766.0
2017-05-17 13:10:00,CYH,9.805,9.81,9.8,9.805,8200.0
2017-05-17 13:05:00,CYH,9.83,9.83,9.805,9.81,11260.0
2017-05-17 13:00:00,CYH,9.82,9.83,9.815,9.83,30952.0
2017-05-17 12:55:00,CYH,9.805,9.82,9.8,9.815,9813.0
2017-05-17 12:50:00,CYH,9.805,9.82,9.8,9.8,12454.0
2017-05-17 12:45:00,CYH,9.805,9.81,9.8,9.81,5605.0
2017-05-17 12:40:00,CYH,9.81,9.82,9.8,9.805,7450.0
2017-05-17 12:35:00,CYH,9.815,9.82,9.8,9.81,7106.0
2017-05-17 12:30:00,CYH,9.8201,9.8259,9.81,9.81,7400.0
2017-05-17 12:25:00,CYH,9.82,9.825,9.81,9.82,4100.0
2017-05-17 12:20:00,CYH,9.82,9.83,9.82,9.83,8426.0
2017-05-17 12:15:00,CYH,9.82,9.825,9.81,9.82,7000.0
2017-05-17 12:10:00,CYH,9.82,9.835,9.82,9.83,10132.0
2017-05-17 12:05:00,CYH,9.815,9.82,9.8,9.82,34835.0
2017-05-17 12:00:00,CYH,9.83,9.84,9.815,9.815,45738.0
2017-05-17 11:55:00,CYH,9.8101,9.83,9.81,9.825,32443.0
2017-05-17 11:50:00,CYH,9.81,9.82,9.8,9.82,8052.0
2017-05-17 11:45:00,CYH,9.825,9.845,9.81,9.815,22655.0
2017-05-17 11:40:00,CYH,9.815,9.84,9.815,9.82,5553.0
2017-05-17 11:35:00,CYH,9.8,9.83,9.8,9.815,11789.0
2017-05-17 11:30:00,CYH,9.795,9.81,9.79,9.8,52798.0
2017-05-17 11:25:00,CYH,9.83,9.86,9.79,9.795,45398.0
2017-05-17 11:20:00,CYH,9.82,9.85,9.79,9.83,56300.0
2017-05-17 11:15:00,CYH,9.79,9.83,9.79,9.83,27027.0
2017-05-17 11:10:00,CYH,9.805,9.81,9.79,9.795,25218.0
2017-05-17 11:05:00,CYH,9.82,9.85,9.795,9.805,33100.0
2017-05-17 11:00:00,CYH,9.84,9.85,9.81,9.83,14044.0
2017-05-17 10:55:00,CYH,9.8,9.845,9.8,9.845,21286.0
2017-05-17 10:50:00,CYH,9.8,9.82,9.79,9.81,11346.0
2017-05-17 10:45:00,CYH,9.82,9.82,9.795,9.805,15095.0
2017-05-17 10:40:00,CYH,9.8,9.83,9.785,9.81,11228.0
2017-05-17 10:35:00,CYH,9.82,9.83,9.8,9.8,16810.0
2017-05-17 10:30:00,CYH,9.79,9.81,9.78,9.81,17258.0
2017-05-17 10:25:00,CYH,9.81,9.81,9.78,9.8,26386.0
2017-05-17 10:20:00,CYH,9.84,9.86,9.82,9.82,14910.0
2017-05-17 10:15:00,CYH,9.9,9.94,9.83,9.835,21750.0
2017-05-17 10:10:00,CYH,9.875,9.89,9.85,9.89,19067.0
2017-05-17 10:05:00,CYH,9.72,9.875,9.72,9.87,27922.0
2017-05-17 10:00:00,CYH,9.675,9.72,9.67,9.72,29649.0
2017-05-17 09:55:00,CYH,9.7,9.71,9.65,9.67,27431.0
2017-05-17 09:50:00,CYH,9.72,9.73,9.69,9.695,33065.0
2017-05-17 09:45:00,CYH,9.8,9.815,9.7,9.71,20237.0
2017-05-17 09:40:00,CYH,9.74,9.8,9.74,9.791,32958.0
2017-05-17 09:35:00,CYH,9.68,9.77,9.67,9.74,58909.0
2017-05-16 19:45:00,CYH,9.81,9.81,9.81,9.81,400.0
2017-05-16 18:10:00,CYH,9.81,9.81,9.81,9.81,300.0
2017-05-16 16:05:00,CYH,9.81,9.81,9.81,9.81,221449.0
2017-05-16 16:00:00,CYH,9.805,9.81,9.8,9.81,94921.0
2017-05-16 15:55:00,CYH,9.81,9.81,9.8,9.805,56520.0
2017-05-16 15:50:00,CYH,9.805,9.82,9.8,9.805,64742.0
2017-05-16 15:45:00,CYH,9.8,9.81,9.8,9.8,36442.0
2017-05-16 15:40:00,CYH,9.8,9.81,9.8,9.8,24068.0
2017-05-16 15:35:00,CYH,9.815,9.815,9.8,9.8,33815.0
2017-05-16 15:30:00,CYH,9.8,9.82,9.79,9.82,40364.0
2017-05-16 15:25:00,CYH,9.8,9.81,9.8,9.8,32532.0
2017-05-16 15:20:00,CYH,9.815,9.82,9.8,9.8,11699.0
2017-05-16 15:15:00,CYH,9.8,9.82,9.8,9.815,23820.0
2017-05-16 15:10:00,CYH,9.82,9.82,9.8,9.8,7314.0
2017-05-16 15:05:00,CYH,9.815,9.825,9.795,9.82,35909.0
2017-05-16 15:00:00,CYH,9.81,9.82,9.8,9.815,14143.0
2017-05-16 14:55:00,CYH,9.8046,9.81,9.79,9.805,20551.0
2017-05-16 14:50:00,CYH,9.795,9.81,9.795,9.8,9086.0
2017-05-16 14:45:00,CYH,9.78,9.8,9.77,9.795,25270.0
2017-05-16 14:40:00,CYH,9.8,9.8,9.78,9.78,17175.0
2017-05-16 14:35:00,CYH,9.795,9.835,9.795,9.81,49910.0
2017-05-16 14:30:00,CYH,9.82,9.825,9.785,9.8,19405.0
2017-05-16 14:25:00,CYH,9.8,9.83,9.8,9.829,24743.0
2017-05-16 14:20:00,CYH,9.85,9.86,9.807,9.807,31221.0
2017-05-16 14:15:00,CYH,9.87,9.88,9.85,9.86,10956.0
2017-05-16 14:10:00,CYH,9.88,9.89,9.87,9.87,25286.0
2017-05-16 14:05:00,CYH,9.885,9.91,9.86,9.885,54768.0
2017-05-16 14:00:00,CYH,9.895,9.91,9.88,9.8824,31343.0
2017-05-16 13:55:00,CYH,9.8655,9.91,9.86,9.895,52361.0
2017-05-16 13:50:00,CYH,9.885,9.885,9.86,9.865,12265.0
2017-05-16 13:45:00,CYH,9.9,9.905,9.885,9.8899,26905.0
2017-05-16 13:40:00,CYH,9.91,9.92,9.9,9.9,23131.0
2017-05-16 13:35:00,CYH,9.92,9.92,9.91,9.915,5900.0
2017-05-16 13:30:00,CYH,9.925,9.93,9.915,9.915,7111.0
2017-05-16 13:25:00,CYH,9.915,9.94,9.915,9.925,10050.0
2017-05-16 13:20:00,CYH,9.925,9.93,9.89,9.896,50312.0
2017-05-16 13:15:00,CYH,9.93,9.94,9.92,9.92,9902.0
2017-05-16 13:10:00,CYH,9.905,9.93,9.905,9.925,16178.0
2017-05-16 13:05:00,CYH,9.95,9.95,9.9,9.905,22562.0
2017-05-16 13:00:00,CYH,9.979,9.98,9.955,9.955,25274.0
2017-05-16 12:55:00,CYH,9.995,10.0,9.97,9.98,40048.0
2017-05-16 12:50:00,CYH,10.01,10.01,9.99,9.99,25202.0
2017-05-16 12:45:00,CYH,10.04,10.0401,10.0,10.005,23271.0
2017-05-16 12:40:00,CYH,10.02,10.055,10.015,10.045,22214.0
2017-05-16 12:35:00,CYH,10.01,10.02,10.0,10.015,13433.0
2017-05-16 12:30:00,CYH,10.015,10.015,9.99,10.01,55804.0
2017-05-16 12:25:00,CYH,10.01,10.02,10.01,10.015,4087.0
2017-05-16 12:20:00,CYH,10.005,10.01,9.99,10.005,18900.0
2017-05-16 12:15:00,CYH,10.015,10.015,10.0,10.0099,6014.0
2017-05-16 12:10:00,CYH,10.005,10.02,10.0,10.015,19063.0
2017-05-16 12:05:00,CYH,10.035,10.04,10.005,10.005,19816.0
2017-05-16 12:00:00,CYH,10.07,10.08,10.03,10.036,22966.0
2017-05-16 11:55:00,CYH,10.0472,10.08,10.04,10.08,18888.0
2017-05-16 11:50:00,CYH,10.06,10.06,10.02,10.04,41360.0
2017-05-16 11:45:00,CYH,10.03,10.06,10.03,10.05,17046.0
2017-05-16 11:40:00,CYH,10.06,10.07,10.025,10.035,23157.0
2017-05-16 11:35:00,CYH,10.07,10.075,10.06,10.06,8620.0
2017-05-16 11:30:00,CYH,10.09,10.095,10.06,10.07,29742.0
2017-05-16 11:25:00,CYH,10.085,10.09,10.06,10.09,20462.0
2017-05-16 11:20:00,CYH,10.08,10.09,10.075,10.09,14803.0
2017-05-16 11:15:00,CYH,10.08,10.09,10.06,10.08,22511.0
2017-05-16 11:10:00,CYH,10.06,10.09,10.05,10.08,21213.0
2017-05-16 11:05:00,CYH,10.03,10.07,10.015,10.05,32202.0
2017-05-16 11:00:00,CYH,10.035,10.04,10.02,10.03,11510.0
2017-05-16 10:55:00,CYH,10.02,10.04,10.015,10.04,8700.0
2017-05-16 10:50:00,CYH,10.03,10.04,10.015,10.02,19229.0
2017-05-16 10:45:00,CYH,10.05,10.05,10.02,10.03,13659.0
2017-05-16 10:40:00,CYH,10.04,10.065,10.03,10.05,18700.0
2017-05-16 10:35:00,CYH,10.04,10.05,10.02,10.045,14154.0
2017-05-16 10:30:00,CYH,10.045,10.06,10.02,10.03,41315.0
2017-05-16 10:25:00,CYH,10.08,10.08,10.04,10.04,36815.0
2017-05-16 10:20:00,CYH,10.1051,10.11,10.055,10.08,34364.0
2017-05-16 10:15:00,CYH,10.1,10.13,10.1,10.11,12583.0
2017-05-16 10:10:00,CYH,10.11,10.11,10.07,10.1,42003.0
2017-05-16 10:05:00,CYH,10.12,10.135,10.11,10.12,152794.0
2017-05-16 10:00:00,CYH,10.11,10.145,10.11,10.12,33098.0
2017-05-16 09:55:00,CYH,10.075,10.15,10.075,10.11,99971.0
2017-05-16 09:50:00,CYH,10.09,10.1,10.06,10.08,19628.0
2017-05-16 09:45:00,CYH,10.086,10.1,10.08,10.09,6060.0
2017-05-16 09:40:00,CYH,10.18,10.1847,10.06,10.1,29159.0
2017-05-16 09:35:00,CYH,10.25,10.25,10.17,10.17,28539.0
2017-05-15 16:10:00,CYH,10.19,10.19,10.19,10.19,3206.0
2017-05-15 16:05:00,CYH,10.19,10.2,10.19,10.2,110218.0
2017-05-15 16:00:00,CYH,10.185,10.21,10.18,10.19,265308.0
2017-05-15 15:55:00,CYH,10.17,10.2,10.16,10.18,141471.0
2017-05-15 15:50:00,CYH,10.13,10.17,10.13,10.17,79280.0
2017-05-15 15:45:00,CYH,10.125,10.14,10.12,10.125,57252.0
2017-05-15 15:40:00,CYH,10.15,10.15,10.12,10.125,19971.0
2017-05-15 15:35:00,CYH,10.11,10.15,10.1,10.1489,43079.0
2017-05-15 15:30:00,CYH,10.11,10.12,10.099,10.11,32811.0
2017-05-15 15:25:00,CYH,10.08,10.12,10.08,10.12,43714.0
2017-05-15 15:20:00,CYH,10.05,10.09,10.04,10.09,30636.0
2017-05-15 15:15:00,CYH,10.045,10.06,10.025,10.05,26018.0
2017-05-15 15:10:00,CYH,10.03,10.05,10.02,10.05,14813.0
2017-05-15 15:05:00,CYH,10.01,10.045,10.01,10.03,37759.0
2017-05-15 15:00:00,CYH,10.03,10.04,10.02,10.02,9000.0
2017-05-15 14:55:00,CYH,10.02,10.04,9.99,10.04,92670.0
2017-05-15 14:50:00,CYH,10.04,10.04,10.015,10.02,56579.0
2017-05-15 14:45:00,CYH,10.0224,10.04,10.02,10.04,13826.0
2017-05-15 14:40:00,CYH,10.03,10.03,10.02,10.02,67475.0
2017-05-15 14:35:00,CYH,10.005,10.04,10.005,10.0299,12898.0
2017-05-15 14:30:00,CYH,10.07,10.07,10.0,10.005,27021.0
2017-05-15 14:25:00,CYH,10.055,10.075,10.055,10.07,12881.0
2017-05-15 14:20:00,CYH,10.08,10.08,10.05,10.055,18163.0
2017-05-15 14:15:00,CYH,10.08,10.08,10.07,10.08,12464.0
2017-05-15 14:10:00,CYH,10.09,10.1,10.08,10.09,10085.0
2017-05-15 14:05:00,CYH,10.115,10.12,10.09,10.09,13727.0
2017-05-15 14:00:00,CYH,10.13,10.13,10.105,10.12,15831.0
2017-05-15 13:55:00,CYH,10.135,10.135,10.12,10.125,4100.0
2017-05-15 13:50:00,CYH,10.14,10.15,10.13,10.13,18738.0
2017-05-15 13:45:00,CYH,10.145,10.15,10.13,10.14,6211.0
2017-05-15 13:40:00,CYH,10.11,10.16,10.11,10.15,18918.0
2017-05-15 13:35:00,CYH,10.13,10.14,10.11,10.12,13167.0
2017-05-15 13:30:00,CYH,10.15,10.15,10.13,10.13,5578.0
2017-05-15 13:25:00,CYH,10.15,10.15,10.14,10.15,5967.0
2017-05-15 13:20:00,CYH,10.13,10.17,10.125,10.15,18216.0
2017-05-15 13:15:00,CYH,10.115,10.13,10.115,10.1201,4585.0
2017-05-15 13:10:00,CYH,10.1,10.12,10.085,10.12,11736.0
2017-05-15 13:05:00,CYH,10.13,10.13,10.1,10.105,15405.0
2017-05-15 13:00:00,CYH,10.14,10.15,10.13,10.135,22441.0
2017-05-15 12:55:00,CYH,10.11,10.1357,10.11,10.1357,8717.0
2017-05-15 12:50:00,CYH,10.12,10.13,10.1,10.1,22734.0
2017-05-15 12:45:00,CYH,10.09,10.12,10.09,10.12,14669.0
2017-05-15 12:40:00,CYH,10.055,10.09,10.05,10.09,19210.0
2017-05-15 12:35:00,CYH,10.05,10.07,10.05,10.055,13053.0
2017-05-15 12:30:00,CYH,10.06,10.07,10.05,10.05,5400.0
2017-05-15 12:25:00,CYH,10.06,10.07,10.04,10.06,8900.0
2017-05-15 12:20:00,CYH,10.05,10.08,10.04,10.06,12793.0
2017-05-15 12:15:00,CYH,10.05,10.06,10.035,10.05,12750.0
2017-05-15 12:10:00,CYH,10.1,10.1,10.04,10.05,29934.0
2017-05-15 12:05:00,CYH,10.11,10.11,10.09,10.1,17900.0
2017-05-15 12:00:00,CYH,10.11,10.12,10.105,10.11,7307.0
2017-05-15 11:55:00,CYH,10.12,10.13,10.1,10.105,7600.0
2017-05-15 11:50:00,CYH,10.13,10.13,10.11,10.12,12440.0
2017-05-15 11:45:00,CYH,10.1,10.12,10.09,10.12,13092.0
2017-05-15 11:40:00,CYH,10.12,10.12,10.08,10.1,26875.0
2017-05-15 11:35:00,CYH,10.12,10.125,10.11,10.12,8000.0
2017-05-15 11:30:00,CYH,10.075,10.14,10.075,10.12,17580.0
2017-05-15 11:25:00,CYH,10.09,10.1,10.08,10.08,5600.0
2017-05-15 11:20:00,CYH,10.075,10.095,10.075,10.09,25518.0
2017-05-15 11:15:00,CYH,10.0999,10.1,10.07,10.08,30901.0
2017-05-15 11:10:00,CYH,10.08,10.09,10.07,10.09,10710.0
2017-05-15 11:05:00,CYH,10.1,10.11,10.08,10.08,24966.0
2017-05-15 11:00:00,CYH,10.06,10.11,10.06,10.1,14921.0
2017-05-15 10:55:00,CYH,9.99,10.07,9.99,10.07,25605.0
2017-05-15 10:50:00,CYH,9.98,9.99,9.95,9.9892,28537.0
2017-05-15 10:45:00,CYH,9.97,9.99,9.95,9.985,45798.0
2017-05-15 10:40:00,CYH,10.0,10.01,9.96,9.96,48041.0
2017-05-15 10:35:00,CYH,10.04,10.05,9.99,10.01,39930.0
2017-05-15 10:30:00,CYH,10.03,10.045,10.0,10.03,14232.0
2017-05-15 10:25:00,CYH,10.08,10.08,10.01,10.035,56504.0
2017-05-15 10:20:00,CYH,10.045,10.11,10.045,10.09,56574.0
2017-05-15 10:15:00,CYH,10.01,10.05,9.98,10.04,47673.0
2017-05-15 10:10:00,CYH,10.04,10.05,10.0,10.02,31846.0
2017-05-15 10:05:00,CYH,10.065,10.08,10.04,10.045,15112.0
2017-05-15 10:00:00,CYH,10.16,10.16,10.05,10.06,19781.0
2017-05-15 09:55:00,CYH,10.15,10.17,10.135,10.155,20003.0
2017-05-15 09:50:00,CYH,10.07,10.15,10.06,10.15,28580.0
2017-05-15 09:45:00,CYH,10.1,10.1,10.055,10.07,22271.0
2017-05-15 09:40:00,CYH,10.15,10.19,10.09,10.09,43564.0
2017-05-15 09:35:00,CYH,10.17,10.18,10.11,10.15,41850.0
2017-05-12 16:05:00,CYH,10.16,10.16,10.16,10.16,63462.0
2017-05-12 16:00:00,CYH,10.16,10.17,10.155,10.16,77524.0
2017-05-12 15:55:00,CYH,10.15,10.16,10.13,10.155,33821.0
2017-05-12 15:50:00,CYH,10.15,10.16,10.14,10.14,18793.0
2017-05-12 15:45:00,CYH,10.14,10.16,10.135,10.16,28863.0
2017-05-12 15:40:00,CYH,10.13,10.14,10.125,10.135,12997.0
2017-05-12 15:35:00,CYH,10.13,10.13,10.1,10.13,18421.0
2017-05-12 15:30:00,CYH,10.1,10.13,10.1,10.13,14133.0
2017-05-12 15:25:00,CYH,10.11,10.12,10.1,10.1,8218.0
2017-05-12 15:20:00,CYH,10.12,10.13,10.11,10.11,10796.0
2017-05-12 15:15:00,CYH,10.125,10.13,10.12,10.13,4600.0
2017-05-12 15:10:00,CYH,10.13,10.14,10.12,10.12,13501.0
2017-05-12 15:05:00,CYH,10.14,10.15,10.13,10.13,4966.0
2017-05-12 15:00:00,CYH,10.165,10.169,10.14,10.14,17105.0
2017-05-12 14:55:00,CYH,10.13,10.165,10.13,10.165,13570.0
2017-05-12 14:50:00,CYH,10.13,10.14,10.12,10.135,11346.0
2017-05-12 14:45:00,CYH,10.13,10.145,10.12,10.13,10625.0
2017-05-12 14:40:00,CYH,10.15,10.16,10.13,10.135,9864.0
2017-05-12 14:35:00,CYH,10.17,10.18,10.15,10.15,9764.0
2017-05-12 14:30:00,CYH,10.18,10.18,10.17,10.17,8938.0
2017-05-12 14:25:00,CYH,10.165,10.18,10.16,10.18,4154.0
2017-05-12 14:20:00,CYH,10.19,10.19,10.16,10.165,6646.0
2017-05-12 14:15:00,CYH,10.15,10.19,10.15,10.19,8714.0
2017-05-12 14:10:00,CYH,10.165,10.165,10.14,10.155,11917.0
2017-05-12 14:05:00,CYH,10.17,10.17,10.16,10.165,6035.0
2017-05-12 14:00:00,CYH,10.155,10.185,10.14,10.17,20880.0
2017-05-12 13:55:00,CYH,10.175,10.18,10.15,10.15,12355.0
2017-05-12 13:50:00,CYH,10.18,10.18,10.17,10.175,1200.0
2017-05-12 13:45:00,CYH,10.15,10.18,10.145,10.18,10227.0
2017-05-12 13:40:00,CYH,10.16,10.16,10.14,10.14,4177.0
2017-05-12 13:35:00,CYH,10.145,10.16,10.1364,10.16,5210.0
2017-05-12 13:30:00,CYH,10.12,10.145,10.115,10.145,5182.0
2017-05-12 13:25:00,CYH,10.12,10.12,10.1,10.12,4571.0
2017-05-12 13:20:00,CYH,10.15,10.15,10.11,10.11,17156.0
2017-05-12 13:15:00,CYH,10.13,10.16,10.13,10.15,12910.0
2017-05-12 13:10:00,CYH,10.13,10.14,10.13,10.13,1900.0
2017-05-12 13:05:00,CYH,10.14,10.14,10.13,10.13,7483.0
2017-05-12 13:00:00,CYH,10.11,10.1499,10.11,10.1499,13105.0
2017-05-12 12:55:00,CYH,10.09,10.125,10.09,10.12,13034.0
2017-05-12 12:50:00,CYH,10.1,10.105,10.09,10.09,7086.0
2017-05-12 12:45:00,CYH,10.07,10.11,10.06,10.11,9595.0
2017-05-12 12:40:00,CYH,10.06,10.07,10.05,10.06,10700.0
2017-05-12 12:35:00,CYH,10.09,10.09,10.06,10.07,6696.0
2017-05-12 12:30:00,CYH,10.1,10.11,10.095,10.0975,11496.0
2017-05-12 12:25:00,CYH,10.1,10.1,10.07,10.09,27938.0
2017-05-12 12:20:00,CYH,10.07,10.1,10.07,10.1,7698.0
2017-05-12 12:15:00,CYH,10.0639,10.08,10.0639,10.07,11301.0
2017-05-12 12:10:00,CYH,10.05,10.07,10.045,10.06,21900.0
2017-05-12 12:05:00,CYH,10.08,10.08,10.03,10.04,14688.0
2017-05-12 12:00:00,CYH,10.08,10.09,10.07,10.085,21373.0
2017-05-12 11:55:00,CYH,10.05,10.095,10.05,10.09,17939.0
2017-05-12 11:50:00,CYH,10.04,10.07,10.0399,10.05,16175.0
2017-05-12 11:45:00,CYH,10.045,10.05,10.01,10.03,15098.0
2017-05-12 11:40:00,CYH,10.055,10.061,10.04,10.0469,14672.0
2017-05-12 11:35:00,CYH,9.97,10.05,9.97,10.05,20698.0
2017-05-12 11:30:00,CYH,10.01,10.01,9.96,9.9693,22628.0
2017-05-12 11:25:00,CYH,10.04,10.05,9.995,10.01,25115.0
2017-05-12 11:20:00,CYH,10.01,10.045,9.995,10.0314,31109.0
2017-05-12 11:15:00,CYH,10.02,10.03,10.0,10.015,29880.0
2017-05-12 11:10:00,CYH,10.07,10.07,10.01,10.015,23660.0
2017-05-12 11:05:00,CYH,10.04,10.08,10.035,10.075,14390.0
2017-05-12 11:00:00,CYH,10.06,10.06,10.0,10.04,25088.0
2017-05-12 10:55:00,CYH,10.08,10.095,10.065,10.065,19421.0
2017-05-12 10:50:00,CYH,10.11,10.11,10.07,10.075,19617.0
2017-05-12 10:45:00,CYH,10.11,10.12,10.1,10.105,7400.0
2017-05-12 10:40:00,CYH,10.09,10.12,10.08,10.11,12208.0
2017-05-12 10:35:00,CYH,10.07,10.09,10.06,10.09,11010.0
2017-05-12 10:30:00,CYH,10.11,10.11,10.07,10.08,15531.0
2017-05-12 10:25:00,CYH,10.09,10.115,10.09,10.115,9952.0
2017-05-12 10:20:00,CYH,10.04,10.105,10.03,10.09,15551.0
2017-05-12 10:15:00,CYH,10.075,10.08,10.02,10.035,35717.0
2017-05-12 10:10:00,CYH,10.145,10.145,10.08,10.08,27062.0
2017-05-12 10:05:00,CYH,10.21,10.215,10.13,10.145,17007.0
2017-05-12 10:00:00,CYH,10.175,10.215,10.17,10.2075,8000.0
2017-05-12 09:55:00,CYH,10.23,10.23,10.17,10.18,10140.0
2017-05-12 09:50:00,CYH,10.2,10.23,10.2,10.225,28547.0
2017-05-12 09:45:00,CYH,10.16,10.22,10.15,10.195,35848.0
2017-05-12 09:40:00,CYH,10.135,10.16,10.11,10.16,13938.0
2017-05-12 09:35:00,CYH,10.17,10.18,10.11,10.13,25193.0
2017-05-12 09:15:00,CYH,10.49,10.49,10.49,10.49,197.0
2017-05-11 19:45:00,CYH,10.11,10.11,10.11,10.11,200.0
2017-05-11 16:05:00,CYH,10.15,10.15,10.15,10.15,130473.0
2017-05-11 16:00:00,CYH,10.17,10.17,10.14,10.14,129450.0
2017-05-11 15:55:00,CYH,10.17,10.175,10.14,10.17,137549.0
2017-05-11 15:50:00,CYH,10.22,10.24,10.17,10.17,139890.0
2017-05-11 15:45:00,CYH,10.22,10.235,10.2,10.22,42686.0
2017-05-11 15:40:00,CYH,10.21,10.23,10.21,10.225,6510.0
2017-05-11 15:35:00,CYH,10.21,10.225,10.205,10.21,21087.0
2017-05-11 15:30:00,CYH,10.2,10.205,10.19,10.205,6140.0
2017-05-11 15:25:00,CYH,10.18,10.2,10.175,10.2,20755.0
2017-05-11 15:20:00,CYH,10.19,10.195,10.17,10.19,17852.0
2017-05-11 15:15:00,CYH,10.2,10.22,10.18,10.195,54285.0
2017-05-11 15:10:00,CYH,10.21,10.22,10.185,10.1984,18245.0
2017-05-11 15:05:00,CYH,10.2,10.21,10.19,10.21,17489.0
2017-05-11 15:00:00,CYH,10.23,10.23,10.195,10.2,47263.0
2017-05-11 14:55:00,CYH,10.25,10.25,10.2,10.22,23649.0
2017-05-11 14:50:00,CYH,10.25,10.26,10.24,10.245,7890.0
2017-05-11 14:45:00,CYH,10.25,10.25,10.231,10.25,25886.0
2017-05-11 14:40:00,CYH,10.2399,10.25,10.235,10.25,11660.0
2017-05-11 14:35:00,CYH,10.23,10.235,10.21,10.23,20811.0
2017-05-11 14:30:00,CYH,10.23,10.25,10.225,10.2336,24778.0
2017-05-11 14:25:00,CYH,10.2,10.24,10.19,10.225,45891.0
2017-05-11 14:20:00,CYH,10.25,10.25,10.19,10.19,86744.0
2017-05-11 14:15:00,CYH,10.23,10.265,10.21,10.26,17579.0
2017-05-11 14:10:00,CYH,10.26,10.26,10.23,10.23,13316.0
2017-05-11 14:05:00,CYH,10.3,10.31,10.27,10.27,20244.0
2017-05-11 14:00:00,CYH,10.3,10.31,10.3,10.31,24812.0
2017-05-11 13:55:00,CYH,10.3,10.3,10.29,10.29,1472.0
2017-05-11 13:50:00,CYH,10.28,10.3,10.28,10.3,2100.0
2017-05-11 13:45:00,CYH,10.3,10.3,10.285,10.29,11283.0
2017-05-11 13:40:00,CYH,10.29,10.31,10.26,10.305,30452.0
2017-05-11 13:35:00,CYH,10.3,10.32,10.295,10.3,56614.0
2017-05-11 13:30:00,CYH,10.365,10.37,10.3,10.3,34709.0
2017-05-11 13:25:00,CYH,10.35,10.37,10.34,10.365,27614.0
2017-05-11 13:20:00,CYH,10.33,10.355,10.32,10.34,23037.0
2017-05-11 13:15:00,CYH,10.3,10.35,10.29,10.33,17904.0
2017-05-11 13:10:00,CYH,10.37,10.38,10.3,10.3,30686.0
2017-05-11 13:05:00,CYH,10.3865,10.44,10.38,10.38,54529.0
2017-05-11 13:00:00,CYH,10.37,10.385,10.36,10.385,60352.0
2017-05-11 12:55:00,CYH,10.34,10.365,10.31,10.365,74152.0
2017-05-11 12:50:00,CYH,10.35,10.35,10.315,10.335,28420.0
2017-05-11 12:45:00,CYH,10.31,10.36,10.305,10.3501,52900.0
2017-05-11 12:40:00,CYH,10.29,10.33,10.29,10.31,48100.0
2017-05-11 12:35:00,CYH,10.3,10.305,10.28,10.29,46522.0
2017-05-11 12:30:00,CYH,10.335,10.335,10.3,10.3,12304.0
2017-05-11 12:25:00,CYH,10.3111,10.34,10.295,10.335,35040.0
2017-05-11 12:20:00,CYH,10.329,10.33,10.3,10.32,36863.0
2017-05-11 12:15:00,CYH,10.32,10.35,10.31,10.3201,46412.0
2017-05-11 12:10:00,CYH,10.24,10.32,10.24,10.32,43453.0
2017-05-11 12:05:00,CYH,10.28,10.28,10.24,10.24,41446.0
2017-05-11 12:00:00,CYH,10.24,10.29,10.24,10.2893,26812.0
2017-05-11 11:55:00,CYH,10.25,10.26,10.24,10.245,14369.0
2017-05-11 11:50:00,CYH,10.25,10.26,10.23,10.25,19082.0
2017-05-11 11:45:00,CYH,10.23,10.245,10.2201,10.24,37345.0
2017-05-11 11:40:00,CYH,10.2,10.23,10.18,10.225,42300.0
2017-05-11 11:35:00,CYH,10.16,10.2,10.16,10.2,47600.0
2017-05-11 11:30:00,CYH,10.12,10.171,10.11,10.16,28496.0
2017-05-11 11:25:00,CYH,10.07,10.12,10.07,10.12,32100.0
2017-05-11 11:20:00,CYH,10.05,10.07,10.035,10.06,26388.0
2017-05-11 11:15:00,CYH,10.095,10.1,10.035,10.045,32341.0
2017-05-11 11:10:00,CYH,10.13,10.16,10.085,10.09,56860.0
2017-05-11 11:05:00,CYH,10.08,10.135,10.08,10.135,36467.0
2017-05-11 11:00:00,CYH,10.04,10.07,10.03,10.07,9594.0
2017-05-11 10:55:00,CYH,10.04,10.05,10.01,10.04,16471.0
2017-05-11 10:50:00,CYH,10.0293,10.05,10.02,10.03,32326.0
2017-05-11 10:45:00,CYH,10.0828,10.095,10.02,10.025,61414.0
2017-05-11 10:40:00,CYH,10.11,10.115,10.09,10.09,29480.0
2017-05-11 10:35:00,CYH,10.095,10.12,10.06,10.11,37558.0
2017-05-11 10:30:00,CYH,10.06,10.095,10.06,10.095,2300.0
2017-05-11 10:25:00,CYH,10.105,10.105,10.02,10.06,43546.0
2017-05-11 10:20:00,CYH,10.085,10.13,10.08,10.1,41142.0
2017-05-11 10:15:00,CYH,10.155,10.16,10.08,10.085,45475.0
2017-05-11 10:10:00,CYH,10.13,10.16,10.13,10.15,10921.0
2017-05-11 10:05:00,CYH,10.09,10.17,10.085,10.13,43543.0
2017-05-11 10:00:00,CYH,10.13,10.13,10.05,10.08,76802.0
2017-05-11 09:55:00,CYH,10.16,10.17,10.105,10.13,16310.0
2017-05-11 09:50:00,CYH,10.11,10.175,10.1,10.17,32204.0
2017-05-11 09:45:00,CYH,10.11,10.13,10.1,10.1149,7531.0
2017-05-11 09:40:00,CYH,10.21,10.21,10.0625,10.095,24313.0
2017-05-11 09:35:00,CYH,10.19,10.27,10.16,10.22,54387.0
2017-05-10 16:35:00,CYH,10.2,10.2,10.2,10.2,689.0
2017-05-10 16:05:00,CYH,10.2,10.2,10.2,10.2,173538.0
2017-05-10 16:00:00,CYH,10.21,10.22,10.2,10.2,160323.0
2017-05-10 15:55:00,CYH,10.21,10.22,10.21,10.21,40202.0
2017-05-10 15:50:00,CYH,10.23,10.24,10.21,10.21,94253.0
2017-05-10 15:45:00,CYH,10.23,10.24,10.23,10.23,16900.0
2017-05-10 15:40:00,CYH,10.25,10.25,10.23,10.235,39912.0
2017-05-10 15:35:00,CYH,10.26,10.265,10.25,10.25,18973.0
2017-05-10 15:30:00,CYH,10.28,10.28,10.26,10.26,17121.0
2017-05-10 15:25:00,CYH,10.29,10.3,10.27,10.27,30347.0
2017-05-10 15:20:00,CYH,10.3,10.31,10.28,10.29,42241.0
2017-05-10 15:15:00,CYH,10.29,10.3,10.28,10.3,19813.0
2017-05-10 15:10:00,CYH,10.3239,10.3239,10.28,10.3,19046.0
2017-05-10 15:05:00,CYH,10.34,10.34,10.3,10.3201,16383.0
2017-05-10 15:00:00,CYH,10.285,10.34,10.285,10.34,19018.0
2017-05-10 14:55:00,CYH,10.25,10.2801,10.25,10.28,34608.0
2017-05-10 14:50:00,CYH,10.295,10.295,10.24,10.2482,136386.0
2017-05-10 14:45:00,CYH,10.305,10.33,10.295,10.3,20147.0
2017-05-10 14:40:00,CYH,10.27,10.31,10.27,10.31,45552.0
2017-05-10 14:35:00,CYH,10.26,10.3,10.26,10.27,30624.0
2017-05-10 14:30:00,CYH,10.26,10.29,10.26,10.26,17984.0
2017-05-10 14:25:00,CYH,10.255,10.28,10.245,10.26,40208.0
2017-05-10 14:20:00,CYH,10.23,10.25,10.21,10.25,30425.0
2017-05-10 14:15:00,CYH,10.23,10.235,10.2,10.23,29447.0
2017-05-10 14:10:00,CYH,10.2,10.24,10.2,10.24,21434.0
2017-05-10 14:05:00,CYH,10.21,10.21,10.19,10.205,11590.0
2017-05-10 14:00:00,CYH,10.18,10.23,10.18,10.21,98986.0
2017-05-10 13:55:00,CYH,10.22,10.225,10.18,10.18,18794.0
2017-05-10 13:50:00,CYH,10.2,10.24,10.2,10.23,77839.0
2017-05-10 13:45:00,CYH,10.17,10.205,10.17,10.2,26873.0
2017-05-10 13:40:00,CYH,10.13,10.17,10.13,10.17,40786.0
2017-05-10 13:35:00,CYH,10.14,10.16,10.12,10.13,38078.0
2017-05-10 13:30:00,CYH,10.11,10.14,10.11,10.135,46800.0
2017-05-10 13:25:00,CYH,10.1501,10.16,10.1,10.11,42671.0
2017-05-10 13:20:00,CYH,10.135,10.16,10.12,10.15,27794.0
2017-05-10 13:15:00,CYH,10.16,10.16,10.13,10.135,49654.0
2017-05-10 13:10:00,CYH,10.14,10.1749,10.14,10.16,66872.0
2017-05-10 13:05:00,CYH,10.1,10.14,10.09,10.14,38010.0
2017-05-10 13:00:00,CYH,10.08,10.1201,10.08,10.1,40072.0
2017-05-10 12:55:00,CYH,10.06,10.08,10.05,10.075,26462.0
2017-05-10 12:50:00,CYH,10.12,10.13,10.07,10.07,42221.0
2017-05-10 12:45:00,CYH,10.12,10.1299,10.11,10.1201,16370.0
2017-05-10 12:40:00,CYH,10.09,10.14,10.07,10.12,55884.0
2017-05-10 12:35:00,CYH,10.1,10.1099,10.09,10.1,8870.0
2017-05-10 12:30:00,CYH,10.1,10.12,10.09,10.1,42313.0
2017-05-10 12:25:00,CYH,10.05,10.09,10.05,10.09,18856.0
2017-05-10 12:20:00,CYH,10.07,10.08,10.05,10.0507,15314.0
2017-05-10 12:15:00,CYH,10.03,10.07,10.025,10.07,29250.0
2017-05-10 12:10:00,CYH,10.031,10.04,10.01,10.02,12043.0
2017-05-10 12:05:00,CYH,10.0,10.04,9.994,10.04,6950.0
2017-05-10 12:00:00,CYH,9.98,10.01,9.98,10.0,58828.0
2017-05-10 11:55:00,CYH,9.95,10.0,9.95,9.98,25424.0
2017-05-10 11:50:00,CYH,9.96,9.97,9.95,9.95,11036.0
2017-05-10 11:45:00,CYH,9.9458,9.96,9.94,9.96,12301.0
2017-05-10 11:40:00,CYH,9.965,9.965,9.94,9.94,25899.0
2017-05-10 11:35:00,CYH,10.0,10.01,9.96,9.965,25117.0
2017-05-10 11:30:00,CYH,10.04,10.04,9.995,10.01,19405.0
2017-05-10 11:25:00,CYH,10.035,10.06,10.03,10.05,37074.0
2017-05-10 11:20:00,CYH,9.95,10.04,9.95,10.03,69750.0
2017-05-10 11:15:00,CYH,9.92,9.95,9.92,9.9453,7850.0
2017-05-10 11:10:00,CYH,9.89,9.91,9.87,9.91,14147.0
2017-05-10 11:05:00,CYH,9.9,9.905,9.87,9.9,22265.0
2017-05-10 11:00:00,CYH,9.8,9.91,9.795,9.91,57645.0
2017-05-10 10:55:00,CYH,9.8,9.81,9.8,9.8,9500.0
2017-05-10 10:50:00,CYH,9.83,9.84,9.81,9.81,14191.0
2017-05-10 10:45:00,CYH,9.83,9.835,9.815,9.83,10784.0
2017-05-10 10:40:00,CYH,9.84,9.85,9.82,9.83,17099.0
2017-05-10 10:35:00,CYH,9.8,9.84,9.8,9.84,48825.0
2017-05-10 10:30:00,CYH,9.81,9.825,9.7975,9.8,35505.0
2017-05-10 10:25:00,CYH,9.87,9.87,9.8,9.81,25029.0
2017-05-10 10:20:00,CYH,9.9127,9.915,9.86,9.87,22592.0
2017-05-10 10:15:00,CYH,9.97,10.01,9.91,9.92,57266.0
2017-05-10 10:10:00,CYH,9.94,9.965,9.93,9.965,13199.0
2017-05-10 10:05:00,CYH,9.92,9.97,9.9,9.93,26626.0
2017-05-10 10:00:00,CYH,9.885,9.928,9.885,9.928,14118.0
2017-05-10 09:55:00,CYH,9.815,9.889,9.81,9.88,16366.0
2017-05-10 09:50:00,CYH,9.85,9.85,9.81,9.81,10270.0
2017-05-10 09:45:00,CYH,9.81,9.87,9.81,9.85,15243.0
2017-05-10 09:40:00,CYH,9.83,9.85,9.8,9.81,10722.0
2017-05-10 09:35:00,CYH,9.84,9.845,9.79,9.83,35918.0
2017-05-10 09:25:00,CYH,9.88,9.88,9.88,9.88,3500.0
2017-05-09 16:05:00,CYH,9.8,9.8,9.8,9.8,155496.0
2017-05-09 16:00:00,CYH,9.82,9.83,9.8,9.81,210492.0
2017-05-09 15:55:00,CYH,9.83,9.83,9.81,9.825,58923.0
2017-05-09 15:50:00,CYH,9.81,9.83,9.8,9.83,54971.0
2017-05-09 15:45:00,CYH,9.83,9.83,9.795,9.81,58022.0
2017-05-09 15:40:00,CYH,9.845,9.85,9.82,9.83,40491.0
2017-05-09 15:35:00,CYH,9.875,9.875,9.835,9.85,53397.0
2017-05-09 15:30:00,CYH,9.89,9.89,9.87,9.88,11350.0
2017-05-09 15:25:00,CYH,9.87,9.91,9.87,9.89,57548.0
2017-05-09 15:20:00,CYH,9.875,9.89,9.86,9.875,53813.0
2017-05-09 15:15:00,CYH,9.855,9.88,9.85,9.87,12166.0
2017-05-09 15:10:00,CYH,9.85,9.86,9.83,9.85,20300.0
2017-05-09 15:05:00,CYH,9.83,9.86,9.82,9.855,18679.0
2017-05-09 15:00:00,CYH,9.835,9.85,9.8199,9.83,52737.0
2017-05-09 14:55:00,CYH,9.83,9.84,9.82,9.83,16854.0
2017-05-09 14:50:00,CYH,9.83,9.85,9.82,9.84,36468.0
2017-05-09 14:45:00,CYH,9.81,9.83,9.8,9.83,41340.0
2017-05-09 14:40:00,CYH,9.84,9.85,9.81,9.81,52043.0
2017-05-09 14:35:00,CYH,9.84,9.85,9.84,9.84,8600.0
2017-05-09 14:30:00,CYH,9.85,9.85,9.84,9.84,62199.0
2017-05-09 14:25:00,CYH,9.865,9.88,9.86,9.86,22333.0
2017-05-09 14:20:00,CYH,9.86,9.87,9.855,9.865,7000.0
2017-05-09 14:15:00,CYH,9.88,9.88,9.85,9.86,6164.0
2017-05-09 14:10:00,CYH,9.87,9.88,9.855,9.88,13282.0
2017-05-09 14:05:00,CYH,9.9,9.9,9.855,9.87,9297.0
2017-05-09 14:00:00,CYH,9.895,9.91,9.86,9.905,26719.0
2017-05-09 13:55:00,CYH,9.9,9.92,9.89,9.9,18814.0
2017-05-09 13:50:00,CYH,9.91,9.91,9.885,9.8999,7838.0
2017-05-09 13:45:00,CYH,9.89,9.915,9.885,9.91,12305.0
2017-05-09 13:40:00,CYH,9.87,9.89,9.85,9.89,15110.0
2017-05-09 13:35:00,CYH,9.87,9.9,9.86,9.87,22664.0
2017-05-09 13:30:00,CYH,9.9,9.9,9.86,9.86,25205.0
2017-05-09 13:25:00,CYH,9.93,9.93,9.885,9.89,9646.0
2017-05-09 13:20:00,CYH,9.945,9.95,9.92,9.93,8925.0
2017-05-09 13:15:00,CYH,9.94,9.95,9.93,9.94,17420.0
2017-05-09 13:10:00,CYH,9.95,9.95,9.93,9.9354,14401.0
2017-05-09 13:05:00,CYH,9.94,9.95,9.94,9.95,6066.0
2017-05-09 13:00:00,CYH,9.93,9.94,9.92,9.94,25980.0
2017-05-09 12:55:00,CYH,9.98,9.98,9.93,9.93,28453.0
2017-05-09 12:50:00,CYH,9.99,10.0,9.96,9.99,42190.0
2017-05-09 12:45:00,CYH,9.98,10.0,9.975,10.0,17409.0
2017-05-09 12:40:00,CYH,9.93,9.98,9.895,9.98,62530.0
2017-05-09 12:35:00,CYH,9.94,9.95,9.925,9.93,30430.0
2017-05-09 12:30:00,CYH,9.91,9.94,9.91,9.94,39486.0
2017-05-09 12:25:00,CYH,9.9,9.93,9.89,9.92,23721.0
2017-05-09 12:20:00,CYH,9.89,9.91,9.88,9.91,25070.0
2017-05-09 12:15:00,CYH,9.86,9.89,9.86,9.89,8685.0
2017-05-09 12:10:00,CYH,9.87,9.9,9.86,9.8607,17650.0
2017-05-09 12:05:00,CYH,9.84,9.86,9.82,9.86,13452.0
2017-05-09 12:00:00,CYH,9.81,9.84,9.8,9.835,41106.0
2017-05-09 11:55:00,CYH,9.8225,9.83,9.815,9.815,7512.0
2017-05-09 11:50:00,CYH,9.845,9.87,9.82,9.83,112207.0
2017-05-09 11:45:00,CYH,9.88,9.89,9.84,9.845,18499.0
2017-05-09 11:40:00,CYH,9.92,9.95,9.88,9.88,29338.0
2017-05-09 11:35:00,CYH,9.916,9.93,9.915,9.92,11416.0
2017-05-09 11:30:00,CYH,9.92,9.94,9.905,9.91,10792.0
2017-05-09 11:25:00,CYH,9.91,9.93,9.9,9.92,14980.0
2017-05-09 11:20:00,CYH,9.92,9.92,9.88,9.91,20615.0
2017-05-09 11:15:00,CYH,9.885,9.91,9.88,9.91,22318.0
2017-05-09 11:10:00,CYH,9.885,9.91,9.85,9.89,22381.0
2017-05-09 11:05:00,CYH,9.85,9.91,9.85,9.89,23829.0
2017-05-09 11:00:00,CYH,9.87,9.875,9.845,9.85,22282.0
2017-05-09 10:55:00,CYH,9.81,9.88,9.8,9.87,32492.0
2017-05-09 10:50:00,CYH,9.83,9.83,9.795,9.8,27850.0
2017-05-09 10:45:00,CYH,9.85,9.85,9.81,9.84,35710.0
2017-05-09 10:40:00,CYH,9.98,9.98,9.85,9.85,50861.0
2017-05-09 10:35:00,CYH,9.9,9.97,9.9,9.97,49968.0
2017-05-09 10:30:00,CYH,9.89,9.91,9.88,9.8992,38303.0
2017-05-09 10:25:00,CYH,9.81,9.88,9.7975,9.88,87805.0
2017-05-09 10:20:00,CYH,9.825,9.825,9.8,9.81,23992.0
2017-05-09 10:15:00,CYH,9.83,9.87,9.815,9.83,53167.0
2017-05-09 10:10:00,CYH,9.825,9.84,9.8,9.83,18938.0
2017-05-09 10:05:00,CYH,9.88,9.88,9.82,9.83,14418.0
2017-05-09 10:00:00,CYH,9.88,9.91,9.84,9.88,30372.0
2017-05-09 09:55:00,CYH,9.8,9.87,9.8,9.87,44749.0
2017-05-09 09:50:00,CYH,9.865,9.88,9.79,9.81,42281.0
2017-05-09 09:45:00,CYH,9.89,9.9,9.86,9.86,31468.0
2017-05-09 09:40:00,CYH,9.83,9.92,9.83,9.89,95576.0
2017-05-09 09:35:00,CYH,9.72,9.85,9.65,9.82,79280.0
2017-05-08 16:05:00,CYH,9.64,9.64,9.64,9.64,126222.0
2017-05-08 16:00:00,CYH,9.645,9.65,9.64,9.64,90224.0
2017-05-08 15:55:00,CYH,9.645,9.65,9.64,9.64,49172.0
2017-05-08 15:50:00,CYH,9.68,9.69,9.64,9.64,61262.0
2017-05-08 15:45:00,CYH,9.69,9.69,9.68,9.69,25056.0
2017-05-08 15:40:00,CYH,9.68,9.69,9.6725,9.69,45611.0
2017-05-08 15:35:00,CYH,9.665,9.68,9.66,9.68,33185.0
2017-05-08 15:30:00,CYH,9.65,9.67,9.65,9.67,11200.0
2017-05-08 15:25:00,CYH,9.66,9.67,9.65,9.655,22770.0
2017-05-08 15:20:00,CYH,9.66,9.67,9.64,9.665,18291.0
2017-05-08 15:15:00,CYH,9.645,9.67,9.645,9.66,29200.0
2017-05-08 15:10:00,CYH,9.665,9.67,9.64,9.648,14536.0
2017-05-08 15:05:00,CYH,9.675,9.68,9.63,9.66,23917.0
2017-05-08 15:00:00,CYH,9.645,9.68,9.645,9.68,17757.0
2017-05-08 14:55:00,CYH,9.64,9.65,9.635,9.645,16190.0
2017-05-08 14:50:00,CYH,9.625,9.64,9.625,9.64,6701.0
2017-05-08 14:45:00,CYH,9.64,9.64,9.61,9.625,20253.0
2017-05-08 14:40:00,CYH,9.68,9.69,9.65,9.65,32550.0
2017-05-08 14:35:00,CYH,9.65,9.69,9.65,9.69,47196.0
2017-05-08 14:30:00,CYH,9.65,9.66,9.64,9.655,11362.0
2017-05-08 14:25:00,CYH,9.65,9.66,9.63,9.64,24432.0
2017-05-08 14:20:00,CYH,9.61,9.66,9.6,9.66,34080.0
2017-05-08 14:15:00,CYH,9.62,9.62,9.59,9.61,24983.0
2017-05-08 14:10:00,CYH,9.61,9.62,9.61,9.615,10200.0
2017-05-08 14:05:00,CYH,9.61,9.62,9.6,9.61,6928.0
2017-05-08 14:00:00,CYH,9.575,9.61,9.575,9.61,15200.0
2017-05-08 13:55:00,CYH,9.57,9.58,9.57,9.575,11100.0
2017-05-08 13:50:00,CYH,9.575,9.575,9.56,9.56,9600.0
2017-05-08 13:45:00,CYH,9.57,9.58,9.57,9.57,3800.0
2017-05-08 13:40:00,CYH,9.565,9.575,9.56,9.57,11114.0
2017-05-08 13:35:00,CYH,9.58,9.59,9.56,9.56,10400.0
2017-05-08 13:30:00,CYH,9.585,9.59,9.57,9.59,15405.0
2017-05-08 13:25:00,CYH,9.61,9.62,9.58,9.585,22600.0
2017-05-08 13:20:00,CYH,9.6,9.63,9.6,9.62,15774.0
2017-05-08 13:15:00,CYH,9.575,9.61,9.57,9.6,61589.0
2017-05-08 13:10:00,CYH,9.53,9.58,9.53,9.575,15500.0
2017-05-08 13:05:00,CYH,9.51,9.53,9.5,9.53,11571.0
2017-05-08 13:00:00,CYH,9.46,9.51,9.46,9.505,29402.0
2017-05-08 12:55:00,CYH,9.47,9.48,9.465,9.47,5639.0
2017-05-08 12:50:00,CYH,9.5,9.51,9.47,9.47,30499.0
2017-05-08 12:45:00,CYH,9.49,9.505,9.48,9.49,76092.0
2017-05-08 12:40:00,CYH,9.48,9.5,9.48,9.49,28233.0
2017-05-08 12:35:00,CYH,9.47,9.48,9.47,9.47,13414.0
2017-05-08 12:30:00,CYH,9.44,9.47,9.44,9.47,33960.0
2017-05-08 12:25:00,CYH,9.45,9.45,9.43,9.43,4400.0
2017-05-08 12:20:00,CYH,9.455,9.47,9.44,9.45,18812.0
2017-05-08 12:15:00,CYH,9.47,9.474,9.45,9.45,25106.0
2017-05-08 12:10:00,CYH,9.49,9.495,9.475,9.475,6375.0
2017-05-08 12:05:00,CYH,9.4799,9.505,9.4799,9.5,21422.0
2017-05-08 12:00:00,CYH,9.43,9.47,9.43,9.47,31785.0
2017-05-08 11:55:00,CYH,9.45,9.465,9.43,9.43,27782.0
2017-05-08 11:50:00,CYH,9.47,9.475,9.45,9.45,12845.0
2017-05-08 11:45:00,CYH,9.49,9.495,9.46,9.47,10372.0
2017-05-08 11:40:00,CYH,9.53,9.53,9.49,9.5,48316.0
2017-05-08 11:35:00,CYH,9.56,9.56,9.53,9.54,20700.0
2017-05-08 11:30:00,CYH,9.6,9.6,9.57,9.57,14390.0
2017-05-08 11:25:00,CYH,9.58,9.6,9.58,9.6,13562.0
2017-05-08 11:20:00,CYH,9.58,9.58,9.57,9.58,4651.0
2017-05-08 11:15:00,CYH,9.6,9.61,9.58,9.5808,17695.0
2017-05-08 11:10:00,CYH,9.6005,9.62,9.6,9.6,6608.0
2017-05-08 11:05:00,CYH,9.63,9.64,9.61,9.61,8900.0
2017-05-08 11:00:00,CYH,9.62,9.62,9.59,9.62,60558.0
2017-05-08 10:55:00,CYH,9.63,9.63,9.61,9.62,16848.0
2017-05-08 10:50:00,CYH,9.6237,9.64,9.62,9.63,10948.0
2017-05-08 10:45:00,CYH,9.6,9.64,9.6,9.63,23205.0
2017-05-08 10:40:00,CYH,9.64,9.64,9.6,9.61,13624.0
2017-05-08 10:35:00,CYH,9.66,9.66,9.62,9.635,13213.0
2017-05-08 10:30:00,CYH,9.63,9.66,9.62,9.66,13552.0
2017-05-08 10:25:00,CYH,9.61,9.63,9.6,9.63,22085.0
2017-05-08 10:20:00,CYH,9.61,9.64,9.61,9.62,12991.0
2017-05-08 10:15:00,CYH,9.6,9.62,9.58,9.61,27544.0
2017-05-08 10:10:00,CYH,9.62,9.62,9.6,9.61,11470.0
2017-05-08 10:05:00,CYH,9.59,9.64,9.58,9.63,11005.0
2017-05-08 10:00:00,CYH,9.595,9.6,9.59,9.595,6300.0
2017-05-08 09:55:00,CYH,9.61,9.61,9.57,9.6,14217.0
2017-05-08 09:50:00,CYH,9.64,9.64,9.61,9.6148,17780.0
2017-05-08 09:45:00,CYH,9.55,9.635,9.5458,9.635,37315.0
2017-05-08 09:40:00,CYH,9.64,9.6595,9.53,9.54,23116.0
2017-05-08 09:35:00,CYH,9.62,9.7,9.61,9.64,57080.0
2017-05-05 16:10:00,CYH,9.62,9.62,9.62,9.62,120099.0
2017-05-05 16:00:00,CYH,9.61,9.62,9.61,9.61,101073.0
2017-05-05 15:55:00,CYH,9.59,9.62,9.57,9.62,133790.0
2017-05-05 15:50:00,CYH,9.59,9.61,9.585,9.59,87528.0
2017-05-05 15:45:00,CYH,9.59,9.59,9.58,9.58,19722.0
2017-05-05 15:40:00,CYH,9.585,9.6,9.58,9.58,41091.0
2017-05-05 15:35:00,CYH,9.58,9.605,9.57,9.585,58261.0
2017-05-05 15:30:00,CYH,9.58,9.59,9.57,9.57,24827.0
2017-05-05 15:25:00,CYH,9.595,9.6,9.57,9.575,41377.0
2017-05-05 15:20:00,CYH,9.635,9.64,9.59,9.59,45296.0
2017-05-05 15:15:00,CYH,9.63,9.64,9.62,9.635,26659.0
2017-05-05 15:10:00,CYH,9.66,9.661,9.62,9.625,31649.0
2017-05-05 15:05:00,CYH,9.625,9.65,9.605,9.65,46106.0
2017-05-05 15:00:00,CYH,9.665,9.67,9.62,9.625,24044.0
2017-05-05 14:55:00,CYH,9.675,9.695,9.645,9.655,47476.0
2017-05-05 14:50:00,CYH,9.685,9.69,9.63,9.675,32032.0
2017-05-05 14:45:00,CYH,9.65,9.69,9.63,9.685,16051.0
2017-05-05 14:40:00,CYH,9.72,9.72,9.645,9.655,39555.0
2017-05-05 14:35:00,CYH,9.7,9.715,9.695,9.71,13393.0
2017-05-05 14:30:00,CYH,9.72,9.72,9.69,9.695,21013.0
2017-05-05 14:25:00,CYH,9.72,9.735,9.71,9.72,18113.0
2017-05-05 14:20:00,CYH,9.72,9.74,9.72,9.73,9613.0
2017-05-05 14:15:00,CYH,9.73,9.73,9.69,9.71,46288.0
2017-05-05 14:10:00,CYH,9.72,9.7318,9.72,9.73,19401.0
2017-05-05 14:05:00,CYH,9.72,9.74,9.72,9.72,24491.0
2017-05-05 14:00:00,CYH,9.715,9.7218,9.71,9.7218,10407.0
2017-05-05 13:55:00,CYH,9.71,9.72,9.7,9.71,20788.0
2017-05-05 13:50:00,CYH,9.7,9.71,9.7,9.7,7863.0
2017-05-05 13:45:00,CYH,9.705,9.71,9.69,9.69,5605.0
2017-05-05 13:40:00,CYH,9.73,9.73,9.7,9.71,11312.0
2017-05-05 13:35:00,CYH,9.76,9.77,9.73,9.73,18307.0
2017-05-05 13:30:00,CYH,9.76,9.77,9.75,9.77,7610.0
2017-05-05 13:25:00,CYH,9.745,9.76,9.73,9.75,13851.0
2017-05-05 13:20:00,CYH,9.725,9.745,9.715,9.745,13659.0
2017-05-05 13:15:00,CYH,9.71,9.735,9.705,9.72,11965.0
2017-05-05 13:10:00,CYH,9.71,9.71,9.7,9.7,9302.0
2017-05-05 13:05:00,CYH,9.7,9.72,9.69,9.71,8397.0
2017-05-05 13:00:00,CYH,9.65,9.69,9.64,9.69,19155.0
2017-05-05 12:55:00,CYH,9.67,9.67,9.65,9.66,24586.0
2017-05-05 12:50:00,CYH,9.6658,9.67,9.655,9.67,10220.0
2017-05-05 12:45:00,CYH,9.69,9.69,9.65,9.67,17138.0
2017-05-05 12:40:00,CYH,9.69,9.69,9.68,9.68,2300.0
2017-05-05 12:35:00,CYH,9.73,9.73,9.68,9.69,14531.0
2017-05-05 12:30:00,CYH,9.72,9.73,9.71,9.72,12438.0
2017-05-05 12:25:00,CYH,9.75,9.76,9.72,9.73,14910.0
2017-05-05 12:20:00,CYH,9.74,9.76,9.72,9.7592,29424.0
2017-05-05 12:15:00,CYH,9.755,9.76,9.73,9.74,18800.0
2017-05-05 12:10:00,CYH,9.755,9.76,9.75,9.76,5200.0
2017-05-05 12:05:00,CYH,9.77,9.775,9.75,9.753,27966.0
2017-05-05 12:00:00,CYH,9.74,9.76,9.73,9.76,21920.0
2017-05-05 11:55:00,CYH,9.82,9.82,9.74,9.74,48020.0
2017-05-05 11:50:00,CYH,9.8,9.825,9.795,9.82,7300.0
2017-05-05 11:45:00,CYH,9.82,9.83,9.79,9.81,15159.0
2017-05-05 11:40:00,CYH,9.8399,9.84,9.82,9.82,13415.0
2017-05-05 11:35:00,CYH,9.76,9.83,9.76,9.83,22699.0
2017-05-05 11:30:00,CYH,9.76,9.77,9.745,9.76,28300.0
2017-05-05 11:25:00,CYH,9.8,9.805,9.75,9.75,39933.0
2017-05-05 11:20:00,CYH,9.78,9.81,9.78,9.8,27166.0
2017-05-05 11:15:00,CYH,9.72,9.7899,9.72,9.7899,36876.0
2017-05-05 11:10:00,CYH,9.73,9.74,9.71,9.73,13761.0
2017-05-05 11:05:00,CYH,9.765,9.77,9.73,9.73,24903.0
2017-05-05 11:00:00,CYH,9.73,9.765,9.715,9.76,30133.0
2017-05-05 10:55:00,CYH,9.66,9.73,9.66,9.72,23420.0
2017-05-05 10:50:00,CYH,9.675,9.69,9.641,9.66,18382.0
2017-05-05 10:45:00,CYH,9.66,9.68,9.64,9.68,23467.0
2017-05-05 10:40:00,CYH,9.59,9.66,9.585,9.66,19300.0
2017-05-05 10:35:00,CYH,9.65,9.65,9.58,9.595,44560.0
2017-05-05 10:30:00,CYH,9.7,9.7,9.65,9.66,42232.0
2017-05-05 10:25:00,CYH,9.78,9.79,9.68,9.7,36607.0
2017-05-05 10:20:00,CYH,9.8,9.8,9.745,9.78,23245.0
2017-05-05 10:15:00,CYH,9.7,9.8,9.69,9.8,54136.0
2017-05-05 10:10:00,CYH,9.71,9.72,9.69,9.69,11293.0
2017-05-05 10:05:00,CYH,9.75,9.75,9.71,9.72,21694.0
2017-05-05 10:00:00,CYH,9.7399,9.76,9.73,9.76,30005.0
2017-05-05 09:55:00,CYH,9.68,9.74,9.68,9.74,35137.0
2017-05-05 09:50:00,CYH,9.63,9.7,9.61,9.68,54834.0
2017-05-05 09:45:00,CYH,9.57,9.63,9.5501,9.63,5500.0
2017-05-05 09:40:00,CYH,9.56,9.62,9.5,9.58,23525.0
2017-05-05 09:35:00,CYH,9.58,9.69,9.57,9.57,52483.0
2017-05-05 08:20:00,CYH,9.61,9.61,9.61,9.61,7777.0
2017-05-04 17:10:00,CYH,9.61,9.61,9.61,9.61,3950.0
2017-05-04 16:05:00,CYH,9.61,9.61,9.61,9.61,247233.0
2017-05-04 16:00:00,CYH,9.59,9.62,9.59,9.61,206489.0
2017-05-04 15:55:00,CYH,9.58,9.6,9.57,9.595,88777.0
2017-05-04 15:50:00,CYH,9.6,9.605,9.57,9.57,62824.0
2017-05-04 15:45:00,CYH,9.635,9.64,9.6,9.605,51951.0
2017-05-04 15:40:00,CYH,9.6,9.64,9.6,9.635,55489.0
2017-05-04 15:35:00,CYH,9.64,9.65,9.565,9.595,66651.0
2017-05-04 15:30:00,CYH,9.635,9.65,9.63,9.645,17504.0
2017-05-04 15:25:00,CYH,9.66,9.67,9.62,9.63,64304.0
2017-05-04 15:20:00,CYH,9.65,9.67,9.65,9.665,36686.0
2017-05-04 15:15:00,CYH,9.625,9.65,9.625,9.65,43152.0
2017-05-04 15:10:00,CYH,9.655,9.66,9.62,9.62,44898.0
2017-05-04 15:05:00,CYH,9.665,9.665,9.65,9.65,24540.0
2017-05-04 15:00:00,CYH,9.7,9.7,9.665,9.67,40921.0
2017-05-04 14:55:00,CYH,9.715,9.715,9.675,9.69,23562.0
2017-05-04 14:50:00,CYH,9.68,9.72,9.66,9.71,70778.0
2017-05-04 14:45:00,CYH,9.73,9.73,9.67,9.68,62659.0
2017-05-04 14:40:00,CYH,9.62,9.78,9.62,9.73,169240.0
2017-05-04 14:35:00,CYH,9.52,9.63,9.515,9.62,112296.0
2017-05-04 14:30:00,CYH,9.55,9.58,9.515,9.515,66515.0
2017-05-04 14:25:00,CYH,9.47,9.56,9.34,9.545,181096.0
2017-05-04 14:20:00,CYH,9.68,9.71,9.46,9.465,434768.0
2017-05-04 14:15:00,CYH,9.62,9.685,9.61,9.675,65240.0
2017-05-04 14:10:00,CYH,9.62,9.629,9.6,9.62,16767.0
2017-05-04 14:05:00,CYH,9.6,9.62,9.59,9.62,11458.0
2017-05-04 14:00:00,CYH,9.63,9.64,9.58,9.6,29108.0
2017-05-04 13:55:00,CYH,9.59,9.635,9.58,9.63,27756.0
2017-05-04 13:50:00,CYH,9.56,9.59,9.55,9.59,26261.0
2017-05-04 13:45:00,CYH,9.565,9.57,9.55,9.555,9500.0
2017-05-04 13:40:00,CYH,9.56,9.57,9.55,9.56,13224.0
2017-05-04 13:35:00,CYH,9.55,9.59,9.55,9.56,40557.0
2017-05-04 13:30:00,CYH,9.55,9.55,9.53,9.54,10314.0
2017-05-04 13:25:00,CYH,9.54,9.57,9.535,9.55,23082.0
2017-05-04 13:20:00,CYH,9.5801,9.59,9.53,9.53,43147.0
2017-05-04 13:15:00,CYH,9.59,9.6,9.58,9.58,23687.0
2017-05-04 13:10:00,CYH,9.56,9.59,9.55,9.59,23422.0
2017-05-04 13:05:00,CYH,9.56,9.58,9.53,9.56,65266.0
2017-05-04 13:00:00,CYH,9.52,9.56,9.4998,9.56,30743.0
2017-05-04 12:55:00,CYH,9.51,9.53,9.5,9.52,23962.0
2017-05-04 12:50:00,CYH,9.48,9.51,9.48,9.5,17665.0
2017-05-04 12:45:00,CYH,9.46,9.48,9.46,9.48,13233.0
2017-05-04 12:40:00,CYH,9.43,9.46,9.41,9.46,51369.0
2017-05-04 12:35:00,CYH,9.49,9.51,9.425,9.425,23148.0
2017-05-04 12:30:00,CYH,9.47,9.49,9.465,9.49,15608.0
2017-05-04 12:25:00,CYH,9.435,9.48,9.435,9.47,11897.0
2017-05-04 12:20:00,CYH,9.45,9.46,9.42,9.44,21613.0
2017-05-04 12:15:00,CYH,9.45,9.455,9.42,9.45,34447.0
2017-05-04 12:10:00,CYH,9.45,9.47,9.45,9.45,20884.0
2017-05-04 12:05:00,CYH,9.43,9.475,9.425,9.45,56562.0
2017-05-04 12:00:00,CYH,9.51,9.51,9.43,9.43,36027.0
2017-05-04 11:55:00,CYH,9.495,9.52,9.48,9.5,73865.0
2017-05-04 11:50:00,CYH,9.505,9.51,9.49,9.5,11980.0
2017-05-04 11:45:00,CYH,9.52,9.52,9.5,9.51,13308.0
2017-05-04 11:40:00,CYH,9.52,9.52,9.505,9.515,40287.0
2017-05-04 11:35:00,CYH,9.56,9.56,9.5,9.51,50234.0
2017-05-04 11:30:00,CYH,9.57,9.57,9.54,9.55,24263.0
2017-05-04 11:25:00,CYH,9.54,9.57,9.53,9.57,30587.0
2017-05-04 11:20:00,CYH,9.52,9.55,9.52,9.55,27509.0
2017-05-04 11:15:00,CYH,9.44,9.52,9.43,9.52,45710.0
2017-05-04 11:10:00,CYH,9.435,9.44,9.43,9.44,5022.0
2017-05-04 11:05:00,CYH,9.43,9.44,9.42,9.44,24430.0
2017-05-04 11:00:00,CYH,9.455,9.46,9.43,9.44,23232.0
2017-05-04 10:55:00,CYH,9.45,9.5,9.45,9.455,28393.0
2017-05-04 10:50:00,CYH,9.55,9.56,9.44,9.44,73231.0
2017-05-04 10:45:00,CYH,9.49,9.55,9.48,9.55,52712.0
2017-05-04 10:40:00,CYH,9.475,9.51,9.475,9.485,87444.0
2017-05-04 10:35:00,CYH,9.405,9.47,9.4,9.47,40624.0
2017-05-04 10:30:00,CYH,9.45,9.45,9.395,9.41,36895.0
2017-05-04 10:25:00,CYH,9.46,9.47,9.43,9.45,41615.0
2017-05-04 10:20:00,CYH,9.4,9.47,9.37,9.47,35251.0
2017-05-04 10:15:00,CYH,9.47,9.47,9.4,9.41,22887.0
2017-05-04 10:10:00,CYH,9.44,9.49,9.42,9.46,102065.0
2017-05-04 10:05:00,CYH,9.265,9.465,9.265,9.445,160891.0
2017-05-04 10:00:00,CYH,9.23,9.265,9.14,9.26,83754.0
2017-05-04 09:55:00,CYH,9.24,9.3,9.215,9.225,85292.0
2017-05-04 09:50:00,CYH,9.24,9.27,9.2,9.24,42090.0
2017-05-04 09:45:00,CYH,9.37,9.38,9.21,9.24,78287.0
2017-05-04 09:40:00,CYH,9.38,9.4,9.32,9.36,88490.0
2017-05-04 09:35:00,CYH,9.36,9.4,9.3,9.38,187079.0
2017-05-04 09:30:00,CYH,9.39,9.39,9.25,9.28,7648.0
2017-05-04 09:25:00,CYH,9.38,9.38,9.38,9.38,1000.0
2017-05-04 09:15:00,CYH,9.41,9.41,9.4,9.4,900.0
2017-05-04 08:40:00,CYH,9.52,9.52,9.52,9.52,290.0
2017-05-04 08:35:00,CYH,9.57,9.57,9.57,9.57,100.0
2017-05-04 08:30:00,CYH,9.47,9.47,9.46,9.46,1000.0
2017-05-03 19:25:00,CYH,9.56,9.56,9.52,9.52,1000.0
2017-05-03 17:30:00,CYH,9.62,9.62,9.62,9.62,200.0
2017-05-03 16:40:00,CYH,9.61,9.61,9.61,9.61,37225.0
2017-05-03 16:05:00,CYH,9.61,9.61,9.61,9.61,221059.0
2017-05-03 16:00:00,CYH,9.605,9.62,9.58,9.61,349640.0
2017-05-03 15:55:00,CYH,9.625,9.63,9.59,9.61,167245.0
2017-05-03 15:50:00,CYH,9.655,9.655,9.62,9.62,105678.0
2017-05-03 15:45:00,CYH,9.64,9.66,9.63,9.66,77934.0
2017-05-03 15:40:00,CYH,9.625,9.64,9.62,9.635,37730.0
2017-05-03 15:35:00,CYH,9.625,9.65,9.62,9.625,59882.0
2017-05-03 15:30:00,CYH,9.64,9.64,9.62,9.63,26903.0
2017-05-03 15:25:00,CYH,9.635,9.65,9.63,9.635,47383.0
2017-05-03 15:20:00,CYH,9.65,9.655,9.625,9.635,35954.0
2017-05-03 15:15:00,CYH,9.67,9.68,9.64,9.645,39322.0
2017-05-03 15:10:00,CYH,9.62,9.68,9.62,9.67,50982.0
2017-05-03 15:05:00,CYH,9.675,9.68,9.605,9.615,84803.0
2017-05-03 15:00:00,CYH,9.685,9.69,9.66,9.68,20795.0
2017-05-03 14:55:00,CYH,9.67,9.7,9.66,9.68,30337.0
2017-05-03 14:50:00,CYH,9.71,9.715,9.665,9.665,60007.0
2017-05-03 14:45:00,CYH,9.715,9.74,9.7,9.71,32001.0
2017-05-03 14:40:00,CYH,9.74,9.74,9.7,9.72,21842.0
2017-05-03 14:35:00,CYH,9.715,9.74,9.695,9.74,28399.0
2017-05-03 14:30:00,CYH,9.77,9.78,9.71,9.72,40932.0
2017-05-03 14:25:00,CYH,9.74,9.7776,9.74,9.76,30338.0
2017-05-03 14:20:00,CYH,9.76,9.76,9.71,9.73,73935.0
2017-05-03 14:15:00,CYH,9.73,9.76,9.705,9.76,53905.0
2017-05-03 14:10:00,CYH,9.74,9.77,9.73,9.73,51517.0
2017-05-03 14:05:00,CYH,9.74,9.77,9.73,9.75,17273.0
2017-05-03 14:00:00,CYH,9.73,9.79,9.71,9.74,41829.0
2017-05-03 13:55:00,CYH,9.69,9.735,9.68,9.7241,42722.0
2017-05-03 13:50:00,CYH,9.665,9.69,9.645,9.69,42098.0
2017-05-03 13:45:00,CYH,9.71,9.72,9.61,9.6601,109928.0
2017-05-03 13:40:00,CYH,9.79,9.8,9.71,9.72,56251.0
2017-05-03 13:35:00,CYH,9.84,9.84,9.775,9.79,56484.0
2017-05-03 13:30:00,CYH,9.8,9.84,9.795,9.84,94928.0
2017-05-03 13:25:00,CYH,9.77,9.825,9.76,9.8,186981.0
2017-05-19 18:20:00,CYH,10.0,10.0,10.0,10.0,1000.0
2017-05-05 09:40:00,CYH,9.56,9.62,9.5,9.58,23525.0
2017-05-05 09:35:00,CYH,9.58,9.69,9.57,9.57,52483.0
2017-05-05 08:20:00,CYH,9.61,9.61,9.61,9.61,7777.0
2017-05-04 17:10:00,CYH,9.61,9.61,9.61,9.61,3950.0
2017-05-04 16:05:00,CYH,9.61,9.61,9.61,9.61,247233.0
2017-05-04 16:00:00,CYH,9.59,9.62,9.59,9.61,206489.0
2017-05-04 15:55:00,CYH,9.58,9.6,9.57,9.595,88777.0
2017-05-04 15:50:00,CYH,9.6,9.605,9.57,9.57,62824.0
2017-05-04 15:45:00,CYH,9.635,9.64,9.6,9.605,51951.0
2017-05-04 15:40:00,CYH,9.6,9.64,9.6,9.635,55489.0
2017-05-04 15:35:00,CYH,9.64,9.65,9.565,9.595,66651.0
2017-05-04 15:30:00,CYH,9.635,9.65,9.63,9.645,17504.0
2017-05-04 15:25:00,CYH,9.66,9.67,9.62,9.63,64304.0
2017-05-04 15:20:00,CYH,9.65,9.67,9.65,9.665,36686.0
2017-05-04 15:15:00,CYH,9.625,9.65,9.625,9.65,43152.0
2017-05-04 15:10:00,CYH,9.655,9.66,9.62,9.62,44898.0
2017-05-04 15:05:00,CYH,9.665,9.665,9.65,9.65,24540.0
2017-05-04 15:00:00,CYH,9.7,9.7,9.665,9.67,40921.0
2017-05-04 14:55:00,CYH,9.715,9.715,9.675,9.69,23562.0
2017-05-04 14:50:00,CYH,9.68,9.72,9.66,9.71,70778.0
2017-05-04 14:45:00,CYH,9.73,9.73,9.67,9.68,62659.0
2017-05-04 14:40:00,CYH,9.62,9.78,9.62,9.73,169240.0
2017-05-04 14:35:00,CYH,9.52,9.63,9.515,9.62,112296.0
2017-05-04 14:30:00,CYH,9.55,9.58,9.515,9.515,66515.0
2017-05-04 14:25:00,CYH,9.47,9.56,9.34,9.545,181096.0
2017-05-04 14:20:00,CYH,9.68,9.71,9.46,9.465,434768.0
2017-05-04 14:15:00,CYH,9.62,9.685,9.61,9.675,65240.0
2017-05-04 14:10:00,CYH,9.62,9.629,9.6,9.62,16767.0
2017-05-04 14:05:00,CYH,9.6,9.62,9.59,9.62,11458.0
2017-05-04 14:00:00,CYH,9.63,9.64,9.58,9.6,29108.0
2017-05-04 13:55:00,CYH,9.59,9.635,9.58,9.63,27756.0
2017-05-04 13:50:00,CYH,9.56,9.59,9.55,9.59,26261.0
2017-05-04 13:45:00,CYH,9.565,9.57,9.55,9.555,9500.0
2017-05-04 13:40:00,CYH,9.56,9.57,9.55,9.56,13224.0
2017-05-04 13:35:00,CYH,9.55,9.59,9.55,9.56,40557.0
2017-05-04 13:30:00,CYH,9.55,9.55,9.53,9.54,10314.0
2017-05-04 13:25:00,CYH,9.54,9.57,9.535,9.55,23082.0
2017-05-04 13:20:00,CYH,9.5801,9.59,9.53,9.53,43147.0
2017-05-04 13:15:00,CYH,9.59,9.6,9.58,9.58,23687.0
2017-05-04 13:10:00,CYH,9.56,9.59,9.55,9.59,23422.0
2017-05-04 13:05:00,CYH,9.56,9.58,9.53,9.56,65266.0
2017-05-04 13:00:00,CYH,9.52,9.56,9.4998,9.56,30743.0
2017-05-04 12:55:00,CYH,9.51,9.53,9.5,9.52,23962.0
2017-05-04 12:50:00,CYH,9.48,9.51,9.48,9.5,17665.0
2017-05-04 12:45:00,CYH,9.46,9.48,9.46,9.48,13233.0
2017-05-04 12:40:00,CYH,9.43,9.46,9.41,9.46,51369.0
2017-05-04 12:35:00,CYH,9.49,9.51,9.425,9.425,23148.0
2017-05-04 12:30:00,CYH,9.47,9.49,9.465,9.49,15608.0
2017-05-04 12:25:00,CYH,9.435,9.48,9.435,9.47,11897.0
2017-05-04 12:20:00,CYH,9.45,9.46,9.42,9.44,21613.0
2017-05-04 12:15:00,CYH,9.45,9.455,9.42,9.45,34447.0
2017-05-04 12:10:00,CYH,9.45,9.47,9.45,9.45,20884.0
2017-05-04 12:05:00,CYH,9.43,9.475,9.425,9.45,56562.0
2017-05-04 12:00:00,CYH,9.51,9.51,9.43,9.43,36027.0
2017-05-04 11:55:00,CYH,9.495,9.52,9.48,9.5,73865.0
2017-05-04 11:50:00,CYH,9.505,9.51,9.49,9.5,11980.0
2017-05-04 11:45:00,CYH,9.52,9.52,9.5,9.51,13308.0
2017-05-04 11:40:00,CYH,9.52,9.52,9.505,9.515,40287.0
2017-05-04 11:35:00,CYH,9.56,9.56,9.5,9.51,50234.0
2017-05-04 11:30:00,CYH,9.57,9.57,9.54,9.55,24263.0
2017-05-04 11:25:00,CYH,9.54,9.57,9.53,9.57,30587.0
2017-05-04 11:20:00,CYH,9.52,9.55,9.52,9.55,27509.0
2017-05-04 11:15:00,CYH,9.44,9.52,9.43,9.52,45710.0
2017-05-04 11:10:00,CYH,9.435,9.44,9.43,9.44,5022.0
2017-05-04 11:05:00,CYH,9.43,9.44,9.42,9.44,24430.0
2017-05-04 11:00:00,CYH,9.455,9.46,9.43,9.44,23232.0
2017-05-04 10:55:00,CYH,9.45,9.5,9.45,9.455,28393.0
2017-05-04 10:50:00,CYH,9.55,9.56,9.44,9.44,73231.0
2017-05-04 10:45:00,CYH,9.49,9.55,9.48,9.55,52712.0
2017-05-04 10:40:00,CYH,9.475,9.51,9.475,9.485,87444.0
2017-05-04 10:35:00,CYH,9.405,9.47,9.4,9.47,40624.0
2017-05-04 10:30:00,CYH,9.45,9.45,9.395,9.41,36895.0
2017-05-04 10:25:00,CYH,9.46,9.47,9.43,9.45,41615.0
2017-05-04 10:20:00,CYH,9.4,9.47,9.37,9.47,35251.0
2017-05-04 10:15:00,CYH,9.47,9.47,9.4,9.41,22887.0
2017-05-04 10:10:00,CYH,9.44,9.49,9.42,9.46,102065.0
2017-05-04 10:05:00,CYH,9.265,9.465,9.265,9.445,160891.0
2017-05-04 10:00:00,CYH,9.23,9.265,9.14,9.26,83754.0
2017-05-04 09:55:00,CYH,9.24,9.3,9.215,9.225,85292.0
2017-05-04 09:50:00,CYH,9.24,9.27,9.2,9.24,42090.0
2017-05-04 09:45:00,CYH,9.37,9.38,9.21,9.24,78287.0
2017-05-04 09:40:00,CYH,9.38,9.4,9.32,9.36,88490.0
2017-05-04 09:35:00,CYH,9.36,9.4,9.3,9.38,187079.0
2017-05-04 09:30:00,CYH,9.39,9.39,9.25,9.28,7648.0
2017-05-04 09:25:00,CYH,9.38,9.38,9.38,9.38,1000.0
2017-05-04 09:15:00,CYH,9.41,9.41,9.4,9.4,900.0
2017-05-04 08:40:00,CYH,9.52,9.52,9.52,9.52,290.0
2017-05-04 08:35:00,CYH,9.57,9.57,9.57,9.57,100.0
2017-05-04 08:30:00,CYH,9.47,9.47,9.46,9.46,1000.0
2017-05-03 19:25:00,CYH,9.56,9.56,9.52,9.52,1000.0
2017-05-03 17:30:00,CYH,9.62,9.62,9.62,9.62,200.0
2017-05-03 16:40:00,CYH,9.61,9.61,9.61,9.61,37225.0
2017-05-03 16:05:00,CYH,9.61,9.61,9.61,9.61,221059.0
2017-05-03 16:00:00,CYH,9.605,9.62,9.58,9.61,349640.0
2017-05-03 15:55:00,CYH,9.625,9.63,9.59,9.61,167245.0
2017-05-03 15:50:00,CYH,9.655,9.655,9.62,9.62,105678.0
2017-05-03 15:45:00,CYH,9.64,9.66,9.63,9.66,77934.0
2017-05-03 15:40:00,CYH,9.625,9.64,9.62,9.635,37730.0
2017-05-03 15:35:00,CYH,9.625,9.65,9.62,9.625,59882.0
2017-05-03 15:30:00,CYH,9.64,9.64,9.62,9.63,26903.0
2017-05-03 15:25:00,CYH,9.635,9.65,9.63,9.635,47383.0
2017-05-03 15:20:00,CYH,9.65,9.655,9.625,9.635,35954.0
2017-05-03 15:15:00,CYH,9.67,9.68,9.64,9.645,39322.0
2017-05-03 15:10:00,CYH,9.62,9.68,9.62,9.67,50982.0
2017-05-03 15:05:00,CYH,9.675,9.68,9.605,9.615,84803.0
2017-05-03 15:00:00,CYH,9.685,9.69,9.66,9.68,20795.0
2017-05-03 14:55:00,CYH,9.67,9.7,9.66,9.68,30337.0
2017-05-03 14:50:00,CYH,9.71,9.715,9.665,9.665,60007.0
2017-05-03 14:45:00,CYH,9.715,9.74,9.7,9.71,32001.0
2017-05-03 14:40:00,CYH,9.74,9.74,9.7,9.72,21842.0
2017-05-03 14:35:00,CYH,9.715,9.74,9.695,9.74,28399.0
2017-05-03 14:30:00,CYH,9.77,9.78,9.71,9.72,40932.0
2017-05-03 14:25:00,CYH,9.74,9.7776,9.74,9.76,30338.0
2017-05-03 14:20:00,CYH,9.76,9.76,9.71,9.73,73935.0
2017-05-03 14:15:00,CYH,9.73,9.76,9.705,9.76,53905.0
2017-05-03 14:10:00,CYH,9.74,9.77,9.73,9.73,51517.0
2017-05-03 14:05:00,CYH,9.74,9.77,9.73,9.75,17273.0
2017-05-03 14:00:00,CYH,9.73,9.79,9.71,9.74,41829.0
2017-05-03 13:55:00,CYH,9.69,9.735,9.68,9.7241,42722.0
2017-05-03 13:50:00,CYH,9.665,9.69,9.645,9.69,42098.0
2017-05-03 13:45:00,CYH,9.71,9.72,9.61,9.6601,109928.0
2017-05-03 13:40:00,CYH,9.79,9.8,9.71,9.72,56251.0
2017-05-03 13:35:00,CYH,9.84,9.84,9.775,9.79,56484.0
2017-05-03 13:30:00,CYH,9.8,9.84,9.795,9.84,94928.0
2017-05-03 13:25:00,CYH,9.77,9.825,9.76,9.8,186981.0
2017-05-23 16:05:00,CYH,9.61,9.61,9.61,9.61,91410.0
2017-05-23 16:00:00,CYH,9.61,9.62,9.6,9.6,96181.0
2017-05-23 15:55:00,CYH,9.615,9.63,9.6,9.61,76513.0
2017-05-23 15:50:00,CYH,9.63,9.63,9.61,9.615,31487.0
2017-05-23 15:45:00,CYH,9.64,9.65,9.62,9.62,48496.0
2017-05-23 15:40:00,CYH,9.615,9.64,9.61,9.64,21246.0
2017-05-23 15:35:00,CYH,9.62,9.63,9.58,9.62,67618.0
2017-05-23 15:30:00,CYH,9.565,9.62,9.56,9.62,39208.0
2017-05-23 15:25:00,CYH,9.57,9.57,9.56,9.56,8438.0
2017-05-23 15:20:00,CYH,9.5882,9.5882,9.57,9.58,7365.0
2017-05-23 15:15:00,CYH,9.59,9.595,9.58,9.58,2900.0
2017-05-23 15:10:00,CYH,9.6,9.6,9.585,9.59,7319.0
2017-05-23 15:05:00,CYH,9.6,9.61,9.59,9.6093,8180.0
2017-05-23 15:00:00,CYH,9.6,9.6,9.59,9.599,3000.0
2017-05-23 14:55:00,CYH,9.6127,9.62,9.61,9.61,5547.0
2017-05-23 14:50:00,CYH,9.59,9.61,9.59,9.61,15218.0
2017-05-23 14:45:00,CYH,9.59,9.6,9.585,9.595,5750.0
2017-05-23 14:40:00,CYH,9.605,9.605,9.58,9.58,7969.0
2017-05-23 14:35:00,CYH,9.62,9.62,9.6,9.6,7952.0
2017-05-23 14:30:00,CYH,9.615,9.62,9.61,9.61,1900.0
2017-05-23 14:25:00,CYH,9.6,9.61,9.6,9.61,3200.0
2017-05-23 14:20:00,CYH,9.6,9.61,9.6,9.6,2914.0
2017-05-23 14:15:00,CYH,9.6,9.61,9.6,9.6,2100.0
2017-05-23 14:10:00,CYH,9.625,9.635,9.6,9.6,12064.0
2017-05-23 14:05:00,CYH,9.6,9.62,9.59,9.62,6611.0
2017-05-23 14:00:00,CYH,9.61,9.62,9.595,9.6,8257.0
2017-05-23 13:55:00,CYH,9.61,9.62,9.61,9.615,5920.0
2017-05-23 13:50:00,CYH,9.605,9.635,9.6,9.61,10718.0
2017-05-23 13:45:00,CYH,9.605,9.605,9.59,9.6034,5920.0
2017-05-23 13:40:00,CYH,9.62,9.63,9.6,9.6,7314.0
2017-05-23 13:35:00,CYH,9.63,9.63,9.61,9.61,5810.0
2017-05-23 13:30:00,CYH,9.62,9.64,9.61,9.635,6000.0
2017-05-23 13:25:00,CYH,9.63,9.635,9.61,9.61,6351.0
2017-05-23 13:20:00,CYH,9.63,9.64,9.62,9.62,3000.0
2017-05-23 13:15:00,CYH,9.63,9.64,9.62,9.635,5088.0
2017-05-23 13:10:00,CYH,9.635,9.6472,9.63,9.64,7910.0
2017-05-23 13:05:00,CYH,9.585,9.63,9.585,9.63,27100.0
2017-05-23 13:00:00,CYH,9.61,9.615,9.58,9.59,7671.0
2017-05-23 12:55:00,CYH,9.58,9.625,9.58,9.62,40087.0
2017-05-23 12:50:00,CYH,9.605,9.62,9.58,9.585,34214.0
2017-05-23 12:45:00,CYH,9.625,9.64,9.61,9.61,18234.0
2017-05-23 12:40:00,CYH,9.65,9.65,9.62,9.62,6710.0
2017-05-23 12:35:00,CYH,9.65,9.65,9.63,9.645,5196.0
2017-05-23 12:30:00,CYH,9.66,9.68,9.64,9.65,8287.0
2017-05-23 12:25:00,CYH,9.645,9.66,9.6448,9.66,5094.0
2017-05-23 12:20:00,CYH,9.655,9.66,9.64,9.645,3230.0
2017-05-23 12:15:00,CYH,9.655,9.655,9.64,9.655,3310.0
2017-05-23 12:10:00,CYH,9.64,9.665,9.635,9.655,33010.0
2017-05-23 12:05:00,CYH,9.635,9.65,9.63,9.645,3400.0
2017-05-23 12:00:00,CYH,9.6231,9.63,9.61,9.63,13990.0
2017-05-23 11:55:00,CYH,9.64,9.64,9.62,9.62,10167.0
2017-05-23 11:50:00,CYH,9.62,9.65,9.62,9.64,13980.0
2017-05-23 11:45:00,CYH,9.645,9.65,9.61,9.62,7010.0
2017-05-23 11:40:00,CYH,9.645,9.65,9.63,9.64,8541.0
2017-05-23 11:35:00,CYH,9.635,9.68,9.635,9.645,14054.0
2017-05-23 11:30:00,CYH,9.62,9.64,9.61,9.635,20690.0
2017-05-23 11:25:00,CYH,9.65,9.66,9.62,9.62,25998.0
2017-05-23 11:20:00,CYH,9.685,9.69,9.65,9.66,15562.0
2017-05-23 11:15:00,CYH,9.675,9.69,9.67,9.685,21337.0
2017-05-23 11:10:00,CYH,9.65,9.679,9.63,9.675,28953.0
2017-05-23 11:05:00,CYH,9.65,9.66,9.64,9.65,16068.0
2017-05-23 11:00:00,CYH,9.64,9.66,9.63,9.655,30982.0
2017-05-23 10:55:00,CYH,9.635,9.65,9.62,9.65,14257.0
2017-05-23 10:50:00,CYH,9.63,9.645,9.63,9.63,7420.0
2017-05-23 10:45:00,CYH,9.64,9.64,9.61,9.625,16121.0
2017-05-23 10:40:00,CYH,9.64,9.66,9.635,9.64,22100.0
2017-05-23 10:35:00,CYH,9.6,9.65,9.6,9.64,33700.0
2017-05-23 10:30:00,CYH,9.5599,9.6,9.54,9.6,40177.0
2017-05-23 10:25:00,CYH,9.56,9.56,9.53,9.55,42071.0
2017-05-23 10:20:00,CYH,9.605,9.605,9.565,9.57,11100.0
2017-05-23 10:15:00,CYH,9.61,9.61,9.57,9.605,14440.0
2017-05-23 10:10:00,CYH,9.58,9.605,9.56,9.605,37219.0
2017-05-23 10:05:00,CYH,9.59,9.62,9.57,9.575,48908.0
2017-05-23 10:00:00,CYH,9.63,9.63,9.58,9.585,15464.0
2017-05-23 09:55:00,CYH,9.67,9.67,9.62,9.63,16200.0
2017-05-23 09:50:00,CYH,9.76,9.76,9.67,9.67,24040.0
2017-05-23 09:45:00,CYH,9.69,9.76,9.685,9.75,25785.0
2017-05-23 09:40:00,CYH,9.648,9.68,9.6,9.68,28718.0
2017-05-23 09:35:00,CYH,9.7,9.71,9.6,9.65,29668.0
2017-05-22 19:30:00,CYH,9.68,9.68,9.68,9.68,100.0
2017-05-22 16:05:00,CYH,9.67,9.67,9.67,9.67,73319.0
2017-05-22 16:00:00,CYH,9.695,9.7,9.67,9.68,119482.0
2017-05-22 15:55:00,CYH,9.72,9.72,9.69,9.69,37441.0
2017-05-22 15:50:00,CYH,9.72,9.72,9.71,9.72,32138.0
2017-05-22 15:45:00,CYH,9.675,9.72,9.675,9.72,26015.0
2017-05-22 15:40:00,CYH,9.665,9.68,9.65,9.68,50678.0
2017-05-22 15:35:00,CYH,9.65,9.68,9.64,9.66,50793.0
2017-05-22 15:30:00,CYH,9.665,9.67,9.65,9.65,7977.0
2017-05-22 15:25:00,CYH,9.675,9.675,9.655,9.665,23503.0
2017-05-22 15:20:00,CYH,9.6785,9.68,9.67,9.67,4900.0
2017-05-22 15:15:00,CYH,9.675,9.678,9.66,9.675,11801.0
2017-05-22 15:10:00,CYH,9.66,9.7,9.66,9.67,35685.0
2017-05-22 15:05:00,CYH,9.65,9.655,9.63,9.655,31568.0
2017-05-22 15:00:00,CYH,9.665,9.67,9.64,9.65,40489.0
2017-05-22 14:55:00,CYH,9.68,9.715,9.665,9.665,38029.0
2017-05-22 14:50:00,CYH,9.68,9.685,9.66,9.68,26256.0
2017-05-22 14:45:00,CYH,9.72,9.725,9.68,9.6839,48586.0
2017-05-22 14:40:00,CYH,9.765,9.77,9.72,9.72,53865.0
2017-05-22 14:35:00,CYH,9.76,9.78,9.76,9.765,42235.0
