2017-05-08 08:00:00,GPRO,8.515,8.515,8.515,8.515,0.0
2017-05-08 08:05:00,GPRO,8.515,8.515,8.515,8.515,0.0
2017-05-08 08:10:00,GPRO,8.515,8.575,8.5,8.5,5000.0
2017-05-08 08:15:00,GPRO,8.5,8.5,8.5,8.5,0.0
2017-05-08 08:20:00,GPRO,8.5,8.51,8.5,8.51,0.0
2017-05-08 08:25:00,GPRO,8.51,8.51,8.51,8.51,0.0
2017-05-08 08:30:00,GPRO,8.51,8.51,8.51,8.51,0.0
2017-05-08 08:35:00,GPRO,8.51,8.51,8.51,8.51,0.0
2017-05-08 08:40:00,GPRO,8.51,8.51,8.51,8.51,0.0
2017-05-08 08:45:00,GPRO,8.51,8.51,8.51,8.51,0.0
2017-05-08 08:50:00,GPRO,8.51,8.51,8.475,8.51,250.0
2017-05-08 08:55:00,GPRO,8.51,8.51,8.51,8.51,0.0
2017-05-08 09:00:00,GPRO,8.51,8.51,8.51,8.51,40.0
2017-05-08 09:05:00,GPRO,8.51,8.51,8.5,8.5,5.0
2017-05-08 09:10:00,GPRO,8.5,8.5,8.5,8.5,0.0
2017-05-08 09:15:00,GPRO,8.5,8.5,8.5,8.5,0.0
2017-05-08 09:20:00,GPRO,8.5,8.5,8.5,8.5,0.0
2017-05-08 09:25:00,GPRO,8.5,8.505,8.5,8.505,0.0
2017-05-08 09:30:00,GPRO,8.505,8.505,8.42,8.445,3171.0
2017-05-08 09:35:00,GPRO,8.445,8.45,8.32,8.355,103903.0
2017-05-08 09:40:00,GPRO,8.355,8.365,8.315,8.335,28235.0
2017-05-08 09:45:00,GPRO,8.335,8.375,8.335,8.355,24552.0
2017-05-08 09:50:00,GPRO,8.355,8.375,8.355,8.355,15958.0
2017-05-08 09:55:00,GPRO,8.355,8.355,8.335,8.345,28456.0
2017-05-08 10:00:00,GPRO,8.345,8.365,8.345,8.365,13411.0
2017-05-08 10:05:00,GPRO,8.365,8.415,8.365,8.415,13252.0
2017-05-08 10:10:00,GPRO,8.415,8.435,8.405,8.425,11412.0
2017-05-08 10:15:00,GPRO,8.425,8.435,8.385,8.395,19209.0
2017-05-08 10:20:00,GPRO,8.395,8.405,8.365,8.375,24628.0
2017-05-08 10:25:00,GPRO,8.375,8.395,8.375,8.385,9344.0
2017-05-08 10:30:00,GPRO,8.385,8.385,8.385,8.385,9205.0
2017-05-08 10:35:00,GPRO,8.385,8.395,8.365,8.375,50376.0
2017-05-08 10:40:00,GPRO,8.375,8.385,8.375,8.385,5973.0
2017-05-08 10:45:00,GPRO,8.385,8.405,8.385,8.395,22980.0
2017-05-08 10:50:00,GPRO,8.395,8.395,8.365,8.385,21830.0
2017-05-08 10:55:00,GPRO,8.385,8.385,8.345,8.345,55332.0
2017-05-08 11:00:00,GPRO,8.345,8.345,8.335,8.345,25555.0
2017-05-08 11:05:00,GPRO,8.345,8.355,8.345,8.345,11826.0
2017-05-08 11:10:00,GPRO,8.345,8.355,8.335,8.335,18540.0
2017-05-08 11:15:00,GPRO,8.335,8.335,8.325,8.325,15748.0
2017-05-08 11:20:00,GPRO,8.325,8.335,8.325,8.325,12503.0
2017-05-08 11:25:00,GPRO,8.325,8.335,8.325,8.335,13404.0
2017-05-08 11:30:00,GPRO,8.335,8.335,8.335,8.335,11431.0
2017-05-08 11:35:00,GPRO,8.335,8.375,8.335,8.375,44808.0
2017-05-08 11:40:00,GPRO,8.375,8.395,8.375,8.385,14446.0
2017-05-08 11:45:00,GPRO,8.385,8.395,8.385,8.385,19157.0
2017-05-08 11:50:00,GPRO,8.385,8.385,8.385,8.385,2901.0
2017-05-08 11:55:00,GPRO,8.385,8.395,8.385,8.385,41202.0
2017-05-08 12:00:00,GPRO,8.385,8.385,8.385,8.385,15192.0
2017-05-08 12:05:00,GPRO,8.385,8.395,8.375,8.395,18088.0
2017-05-08 12:10:00,GPRO,8.395,8.395,8.375,8.375,16475.0
2017-05-08 12:15:00,GPRO,8.375,8.375,8.375,8.375,2345.0
2017-05-08 12:20:00,GPRO,8.375,8.375,8.335,8.335,32145.0
2017-05-08 12:25:00,GPRO,8.335,8.365,8.335,8.365,17047.0
2017-05-08 12:30:00,GPRO,8.365,8.365,8.355,8.365,9348.0
2017-05-08 12:35:00,GPRO,8.365,8.375,8.365,8.365,15310.0
2017-05-08 12:40:00,GPRO,8.365,8.375,8.365,8.375,2474.0
2017-05-08 12:45:00,GPRO,8.375,8.405,8.375,8.395,22204.0
2017-05-08 12:50:00,GPRO,8.395,8.405,8.395,8.395,10340.0
2017-05-08 12:55:00,GPRO,8.395,8.405,8.395,8.395,15388.0
2017-05-08 13:00:00,GPRO,8.395,8.415,8.385,8.405,22161.0
2017-05-08 13:05:00,GPRO,8.405,8.415,8.395,8.405,12693.0
2017-05-08 13:10:00,GPRO,8.405,8.415,8.395,8.405,6643.0
2017-05-08 13:15:00,GPRO,8.405,8.415,8.395,8.395,18625.0
2017-05-08 13:20:00,GPRO,8.395,8.415,8.395,8.415,8324.0
2017-05-08 13:25:00,GPRO,8.415,8.415,8.405,8.405,7384.0
2017-05-08 13:30:00,GPRO,8.405,8.425,8.405,8.415,31206.0
2017-05-08 13:35:00,GPRO,8.415,8.415,8.395,8.395,10259.0
2017-05-08 13:40:00,GPRO,8.395,8.395,8.395,8.395,5706.0
2017-05-08 13:45:00,GPRO,8.395,8.395,8.395,8.395,7966.0
2017-05-08 13:50:00,GPRO,8.395,8.395,8.395,8.395,4875.0
2017-05-08 13:55:00,GPRO,8.395,8.395,8.395,8.395,2784.0
2017-05-08 14:00:00,GPRO,8.395,8.415,8.395,8.405,39222.0
2017-05-08 14:05:00,GPRO,8.405,8.415,8.405,8.415,10825.0
2017-05-08 14:10:00,GPRO,8.415,8.445,8.415,8.435,48637.0
2017-05-08 14:15:00,GPRO,8.435,8.435,8.415,8.425,18587.0
2017-05-08 14:20:00,GPRO,8.425,8.435,8.415,8.435,13307.0
2017-05-08 14:25:00,GPRO,8.435,8.435,8.415,8.415,8872.0
2017-05-08 14:30:00,GPRO,8.415,8.435,8.415,8.435,9554.0
2017-05-08 14:35:00,GPRO,8.435,8.435,8.425,8.425,10436.0
2017-05-08 14:40:00,GPRO,8.425,8.435,8.415,8.435,13453.0
2017-05-08 14:45:00,GPRO,8.435,8.435,8.425,8.435,11181.0
2017-05-08 14:50:00,GPRO,8.435,8.445,8.435,8.435,20656.0
2017-05-08 14:55:00,GPRO,8.435,8.445,8.435,8.445,11345.0
2017-05-08 15:00:00,GPRO,8.445,8.445,8.445,8.445,6620.0
2017-05-08 15:05:00,GPRO,8.445,8.445,8.405,8.425,54383.0
2017-05-08 15:10:00,GPRO,8.425,8.425,8.415,8.415,10271.0
2017-05-08 15:15:00,GPRO,8.415,8.425,8.415,8.415,14282.0
2017-05-08 15:20:00,GPRO,8.415,8.425,8.415,8.425,23601.0
2017-05-08 15:25:00,GPRO,8.425,8.425,8.425,8.425,19888.0
2017-05-08 15:30:00,GPRO,8.425,8.425,8.395,8.395,43727.0
2017-05-08 15:35:00,GPRO,8.395,8.405,8.395,8.395,31471.0
2017-05-08 15:40:00,GPRO,8.395,8.405,8.385,8.395,27526.0
2017-05-08 15:45:00,GPRO,8.395,8.425,8.395,8.415,26578.0
2017-05-08 15:50:00,GPRO,8.415,8.435,8.415,8.425,37183.0
2017-05-08 15:55:00,GPRO,8.425,8.435,8.405,8.405,97424.0
2017-05-08 16:00:00,GPRO,8.405,8.405,8.395,8.395,93043.0
2017-05-08 16:05:00,GPRO,8.395,8.41,8.395,8.395,74782.0
2017-05-08 16:10:00,GPRO,8.395,8.455,8.385,8.39,0.0
2017-05-08 16:15:00,GPRO,8.39,8.455,8.39,8.39,100.0
2017-05-08 16:20:00,GPRO,8.39,8.405,8.39,8.4,640.0
2017-05-08 16:25:00,GPRO,8.4,8.405,8.39,8.395,0.0
2017-05-08 16:30:00,GPRO,8.395,8.45,8.39,8.45,915.0
2017-05-08 16:35:00,GPRO,8.45,8.455,8.445,8.45,3902.0
2017-05-08 16:40:00,GPRO,8.45,8.455,8.445,8.45,1381.0
2017-05-08 16:45:00,GPRO,8.45,8.455,8.445,8.45,25.0
2017-05-08 16:50:00,GPRO,8.45,8.455,8.445,8.45,0.0
2017-05-08 16:55:00,GPRO,8.45,8.46,8.4,8.405,60.0
2017-05-08 17:00:00,GPRO,8.405,8.465,8.4,8.465,0.0
2017-05-08 17:05:00,GPRO,8.465,8.465,8.445,8.45,0.0
2017-05-08 17:10:00,GPRO,8.45,8.455,8.445,8.445,0.0
2017-05-08 17:15:00,GPRO,8.445,8.455,8.43,8.43,0.0
2017-05-08 17:20:00,GPRO,8.43,8.43,8.43,8.43,0.0
2017-05-08 17:25:00,GPRO,8.43,8.45,8.43,8.45,14.0
2017-05-08 17:30:00,GPRO,8.45,8.45,8.45,8.45,0.0
2017-05-08 17:35:00,GPRO,8.45,8.45,8.45,8.45,0.0
2017-05-08 17:40:00,GPRO,8.45,8.45,8.45,8.45,0.0
2017-05-08 17:45:00,GPRO,8.45,8.45,8.45,8.45,0.0
2017-05-08 17:50:00,GPRO,8.45,8.45,8.45,8.45,0.0
2017-05-08 17:55:00,GPRO,8.45,8.45,8.45,8.45,0.0
2017-05-08 18:00:00,GPRO,8.45,8.45,8.45,8.45,0.0
2017-05-08 18:05:00,GPRO,8.45,8.45,8.45,8.45,0.0
2017-05-08 18:10:00,GPRO,8.45,8.45,8.45,8.45,0.0
2017-05-08 18:15:00,GPRO,8.45,8.45,8.45,8.45,0.0
2017-05-08 18:20:00,GPRO,8.45,8.45,8.45,8.45,0.0
2017-05-08 18:25:00,GPRO,8.45,8.45,8.45,8.45,0.0
2017-05-08 18:30:00,GPRO,8.45,8.45,8.45,8.45,0.0
2017-05-08 18:35:00,GPRO,8.45,8.45,8.45,8.45,0.0
2017-05-08 18:40:00,GPRO,8.45,8.48,8.43,8.43,0.0
2017-05-08 18:45:00,GPRO,8.43,8.43,8.43,8.43,0.0
2017-05-08 18:50:00,GPRO,8.43,8.43,8.43,8.43,0.0
2017-05-08 18:55:00,GPRO,8.43,8.43,8.43,8.43,0.0
2017-05-08 19:00:00,GPRO,8.43,8.43,8.43,8.43,0.0
2017-05-08 19:05:00,GPRO,8.43,8.43,8.43,8.43,0.0
2017-05-08 19:10:00,GPRO,8.43,8.43,8.43,8.43,0.0
2017-05-08 19:15:00,GPRO,8.43,8.43,8.43,8.43,0.0
2017-05-08 19:20:00,GPRO,8.43,8.43,8.43,8.43,0.0
2017-05-08 19:25:00,GPRO,8.43,8.43,8.43,8.43,0.0
2017-05-08 19:30:00,GPRO,8.43,8.43,8.43,8.43,0.0
2017-05-08 19:35:00,GPRO,8.43,8.48,8.43,8.48,0.0
2017-05-08 19:40:00,GPRO,8.48,8.48,8.48,8.48,0.0
2017-05-08 19:45:00,GPRO,8.48,8.48,8.48,8.48,0.0
2017-05-08 19:50:00,GPRO,8.48,8.48,8.48,8.48,0.0
2017-05-08 19:55:00,GPRO,8.48,8.48,8.48,8.48,0.0
2017-05-08 20:00:00,GPRO,8.48,8.48,8.48,8.48,0.0
2017-05-08 20:05:00,GPRO,8.48,8.505,8.48,8.505,0.0
2017-05-08 20:10:00,GPRO,8.505,8.505,8.505,8.505,0.0
2017-05-08 20:15:00,GPRO,8.505,8.505,8.505,8.505,0.0
2017-05-08 20:20:00,GPRO,8.505,8.505,8.505,8.505,0.0
2017-05-08 20:25:00,GPRO,8.505,8.505,8.505,8.505,0.0
2017-05-08 20:30:00,GPRO,8.505,8.505,8.505,8.505,0.0
2017-05-08 20:35:00,GPRO,8.505,8.505,8.505,8.505,0.0
2017-05-08 20:40:00,GPRO,8.505,8.505,8.505,8.505,0.0
2017-05-08 20:45:00,GPRO,8.505,8.505,8.505,8.505,0.0
2017-05-08 20:50:00,GPRO,8.505,8.505,8.505,8.505,0.0
2017-05-08 20:55:00,GPRO,8.505,8.505,8.505,8.505,0.0
2017-05-09 08:00:00,GPRO,8.43,8.43,8.43,8.43,0.0
2017-05-09 08:05:00,GPRO,8.43,8.435,8.43,8.435,0.0
2017-05-09 08:10:00,GPRO,8.435,8.435,8.435,8.435,35.0
2017-05-09 08:15:00,GPRO,8.435,8.435,8.435,8.435,0.0
2017-05-09 08:20:00,GPRO,8.435,8.435,8.435,8.435,0.0
2017-05-09 08:25:00,GPRO,8.435,8.44,8.435,8.435,0.0
2017-05-09 08:30:00,GPRO,8.435,8.445,8.435,8.445,0.0
2017-05-09 08:35:00,GPRO,8.445,8.445,8.44,8.44,0.0
2017-05-09 08:40:00,GPRO,8.44,8.445,8.435,8.435,0.0
2017-05-09 08:45:00,GPRO,8.435,8.435,8.435,8.435,0.0
2017-05-09 08:50:00,GPRO,8.435,8.435,8.435,8.435,0.0
2017-05-09 08:55:00,GPRO,8.435,8.435,8.425,8.425,0.0
2017-05-09 09:00:00,GPRO,8.425,8.435,8.425,8.435,17.0
2017-05-09 09:05:00,GPRO,8.435,8.435,8.435,8.435,0.0
2017-05-09 09:10:00,GPRO,8.435,8.435,8.435,8.435,0.0
2017-05-09 09:15:00,GPRO,8.435,8.435,8.41,8.41,100.0
2017-05-09 09:20:00,GPRO,8.41,8.41,8.41,8.41,0.0
2017-05-09 09:25:00,GPRO,8.41,8.41,8.405,8.405,23.0
2017-05-09 09:30:00,GPRO,8.405,8.42,8.405,8.41,900.0
2017-05-09 09:35:00,GPRO,8.41,8.425,8.355,8.375,92690.0
2017-05-09 09:40:00,GPRO,8.375,8.41,8.365,8.395,56147.0
2017-05-09 09:45:00,GPRO,8.395,8.395,8.365,8.365,21132.0
2017-05-09 09:50:00,GPRO,8.365,8.375,8.345,8.345,63743.0
2017-05-09 09:55:00,GPRO,8.345,8.345,8.325,8.325,39458.0
2017-05-09 10:00:00,GPRO,8.325,8.345,8.325,8.345,20167.0
2017-05-09 10:05:00,GPRO,8.345,8.385,8.345,8.365,43452.0
2017-05-09 10:10:00,GPRO,8.365,8.385,8.365,8.375,29619.0
2017-05-09 10:15:00,GPRO,8.375,8.385,8.355,8.375,17747.0
2017-05-09 10:20:00,GPRO,8.375,8.375,8.355,8.365,13431.0
2017-05-09 10:25:00,GPRO,8.365,8.365,8.345,8.355,16423.0
2017-05-09 10:30:00,GPRO,8.355,8.355,8.355,8.355,4377.0
2017-05-09 10:35:00,GPRO,8.355,8.365,8.355,8.355,18372.0
2017-05-09 10:40:00,GPRO,8.355,8.355,8.345,8.355,30777.0
2017-05-09 10:45:00,GPRO,8.355,8.365,8.335,8.335,41185.0
2017-05-09 10:50:00,GPRO,8.335,8.345,8.335,8.345,28713.0
2017-05-09 10:55:00,GPRO,8.345,8.345,8.345,8.345,13586.0
2017-05-09 11:00:00,GPRO,8.345,8.345,8.345,8.345,12401.0
2017-05-09 11:05:00,GPRO,8.345,8.37,8.345,8.365,17850.0
2017-05-09 11:10:00,GPRO,8.365,8.385,8.355,8.375,23553.0
2017-05-09 11:15:00,GPRO,8.375,8.375,8.345,8.355,39598.0
2017-05-09 11:20:00,GPRO,8.355,8.355,8.335,8.345,13767.0
2017-05-09 11:25:00,GPRO,8.345,8.345,8.285,8.295,63063.0
2017-05-09 11:30:00,GPRO,8.295,8.335,8.275,8.335,29656.0
2017-05-09 11:35:00,GPRO,8.335,8.335,8.315,8.325,7887.0
2017-05-09 11:40:00,GPRO,8.325,8.335,8.305,8.325,19553.0
2017-05-09 11:45:00,GPRO,8.325,8.345,8.325,8.345,5097.0
2017-05-09 11:50:00,GPRO,8.345,8.345,8.345,8.345,9736.0
2017-05-09 11:55:00,GPRO,8.345,8.385,8.345,8.385,31065.0
2017-05-09 12:00:00,GPRO,8.385,8.385,8.365,8.375,16108.0
2017-05-09 12:05:00,GPRO,8.375,8.395,8.375,8.395,44165.0
2017-05-09 12:10:00,GPRO,8.395,8.395,8.385,8.385,17789.0
2017-05-09 12:15:00,GPRO,8.385,8.405,8.385,8.405,9884.0
2017-05-09 12:20:00,GPRO,8.405,8.435,8.405,8.425,39760.0
2017-05-09 12:25:00,GPRO,8.425,8.425,8.415,8.425,8644.0
2017-05-09 12:30:00,GPRO,8.425,8.425,8.425,8.425,15609.0
2017-05-09 12:35:00,GPRO,8.425,8.445,8.425,8.445,27609.0
2017-05-09 12:40:00,GPRO,8.445,8.445,8.425,8.435,23485.0
2017-05-09 12:45:00,GPRO,8.435,8.435,8.415,8.415,13134.0
2017-05-09 12:50:00,GPRO,8.415,8.425,8.405,8.425,8979.0
2017-05-09 12:55:00,GPRO,8.425,8.425,8.385,8.385,22615.0
2017-05-09 13:00:00,GPRO,8.385,8.395,8.385,8.385,14657.0
2017-05-09 13:05:00,GPRO,8.385,8.395,8.385,8.395,3999.0
2017-05-09 13:10:00,GPRO,8.395,8.395,8.385,8.395,7008.0
2017-05-09 13:15:00,GPRO,8.395,8.395,8.395,8.395,6247.0
2017-05-09 13:20:00,GPRO,8.395,8.395,8.395,8.395,2681.0
2017-05-09 13:25:00,GPRO,8.395,8.395,8.395,8.395,4290.0
2017-05-09 13:30:00,GPRO,8.395,8.395,8.375,8.375,10763.0
2017-05-09 13:35:00,GPRO,8.375,8.375,8.375,8.375,5644.0
2017-05-09 13:40:00,GPRO,8.375,8.385,8.375,8.385,4579.0
2017-05-09 13:45:00,GPRO,8.385,8.385,8.385,8.385,5176.0
2017-05-09 13:50:00,GPRO,8.385,8.385,8.385,8.385,18732.0
2017-05-09 13:55:00,GPRO,8.385,8.395,8.385,8.385,6698.0
2017-05-09 14:00:00,GPRO,8.385,8.395,8.385,8.395,7677.0
2017-05-09 14:05:00,GPRO,8.395,8.395,8.385,8.385,11103.0
2017-05-09 14:10:00,GPRO,8.385,8.395,8.385,8.395,6034.0
2017-05-09 14:15:00,GPRO,8.395,8.395,8.385,8.385,11131.0
2017-05-09 14:20:00,GPRO,8.385,8.395,8.385,8.395,6985.0
2017-05-09 14:25:00,GPRO,8.395,8.395,8.385,8.385,27019.0
2017-05-09 14:30:00,GPRO,8.385,8.395,8.365,8.365,30820.0
2017-05-09 14:35:00,GPRO,8.365,8.365,8.365,8.365,7139.0
2017-05-09 14:40:00,GPRO,8.365,8.365,8.355,8.365,13041.0
2017-05-09 14:45:00,GPRO,8.365,8.365,8.355,8.355,10703.0
2017-05-09 14:50:00,GPRO,8.355,8.365,8.355,8.365,10577.0
2017-05-09 14:55:00,GPRO,8.365,8.375,8.365,8.365,25602.0
2017-05-09 15:00:00,GPRO,8.365,8.375,8.365,8.365,5718.0
2017-05-09 15:05:00,GPRO,8.365,8.365,8.365,8.365,2678.0
2017-05-09 15:10:00,GPRO,8.365,8.375,8.365,8.375,12472.0
2017-05-09 15:15:00,GPRO,8.375,8.375,8.365,8.375,6693.0
2017-05-09 15:20:00,GPRO,8.375,8.375,8.365,8.375,12772.0
2017-05-09 15:25:00,GPRO,8.375,8.375,8.365,8.365,19265.0
2017-05-09 15:30:00,GPRO,8.365,8.375,8.365,8.375,19157.0
2017-05-09 15:35:00,GPRO,8.375,8.375,8.355,8.355,26126.0
2017-05-09 15:40:00,GPRO,8.355,8.365,8.335,8.335,94272.0
2017-05-09 15:45:00,GPRO,8.335,8.335,8.325,8.325,24802.0
2017-05-09 15:50:00,GPRO,8.325,8.335,8.325,8.325,58409.0
2017-05-09 15:55:00,GPRO,8.325,8.325,8.315,8.315,72072.0
2017-05-09 16:00:00,GPRO,8.315,8.325,8.315,8.315,100546.0
2017-05-09 16:05:00,GPRO,8.315,8.325,8.315,8.32,28128.0
2017-05-09 16:10:00,GPRO,8.32,8.345,8.32,8.345,0.0
2017-05-09 16:15:00,GPRO,8.345,8.345,8.345,8.345,0.0
2017-05-09 16:20:00,GPRO,8.345,8.345,8.345,8.345,0.0
2017-05-09 16:25:00,GPRO,8.345,8.35,8.345,8.345,175.0
2017-05-09 16:30:00,GPRO,8.345,8.35,8.345,8.35,26.0
2017-05-09 16:35:00,GPRO,8.35,8.35,8.35,8.35,4013.0
2017-05-09 16:40:00,GPRO,8.35,8.35,8.35,8.35,0.0
2017-05-09 16:45:00,GPRO,8.35,8.35,8.35,8.35,0.0
2017-05-09 16:50:00,GPRO,8.35,8.37,8.35,8.35,50.0
2017-05-09 16:55:00,GPRO,8.35,8.35,8.35,8.35,0.0
2017-05-09 17:00:00,GPRO,8.35,8.35,8.35,8.35,0.0
2017-05-09 17:05:00,GPRO,8.35,8.35,8.35,8.35,0.0
2017-05-09 17:10:00,GPRO,8.35,8.35,8.35,8.35,1200.0
2017-05-09 17:15:00,GPRO,8.35,8.35,8.35,8.35,3342.0
2017-05-09 17:20:00,GPRO,8.35,8.35,8.35,8.35,0.0
2017-05-09 17:25:00,GPRO,8.35,8.35,8.35,8.35,0.0
2017-05-09 17:30:00,GPRO,8.35,8.35,8.35,8.35,1.0
2017-05-09 17:35:00,GPRO,8.35,8.35,8.35,8.35,0.0
2017-05-09 17:40:00,GPRO,8.35,8.35,8.35,8.35,0.0
2017-05-09 17:45:00,GPRO,8.35,8.355,8.35,8.355,0.0
2017-05-09 17:50:00,GPRO,8.355,8.355,8.355,8.355,0.0
2017-05-09 17:55:00,GPRO,8.355,8.355,8.355,8.355,25.0
2017-05-09 18:00:00,GPRO,8.355,8.355,8.35,8.35,0.0
2017-05-09 18:05:00,GPRO,8.35,8.35,8.345,8.345,0.0
2017-05-09 18:10:00,GPRO,8.345,8.345,8.345,8.345,0.0
2017-05-09 18:15:00,GPRO,8.345,8.345,8.345,8.345,0.0
2017-05-09 18:20:00,GPRO,8.345,8.345,8.345,8.345,0.0
2017-05-09 18:25:00,GPRO,8.345,8.345,8.345,8.345,0.0
2017-05-09 18:30:00,GPRO,8.345,8.35,8.345,8.35,0.0
2017-05-09 18:35:00,GPRO,8.35,8.35,8.315,8.345,1640.0
2017-05-09 18:40:00,GPRO,8.345,8.345,8.345,8.345,0.0
2017-05-09 18:45:00,GPRO,8.345,8.345,8.345,8.345,0.0
2017-05-09 18:50:00,GPRO,8.345,8.345,8.345,8.345,0.0
2017-05-09 18:55:00,GPRO,8.345,8.345,8.345,8.345,0.0
2017-05-09 19:00:00,GPRO,8.345,8.345,8.345,8.345,20.0
2017-05-09 19:05:00,GPRO,8.345,8.345,8.345,8.345,0.0
2017-05-09 19:10:00,GPRO,8.345,8.345,8.345,8.345,0.0
2017-05-09 19:15:00,GPRO,8.345,8.345,8.345,8.345,0.0
2017-05-09 19:20:00,GPRO,8.345,8.345,8.345,8.345,0.0
2017-05-09 19:25:00,GPRO,8.345,8.345,8.345,8.345,0.0
2017-05-09 19:30:00,GPRO,8.345,8.345,8.345,8.345,0.0
2017-05-09 19:35:00,GPRO,8.345,8.345,8.345,8.345,0.0
2017-05-09 19:40:00,GPRO,8.345,8.345,8.345,8.345,0.0
2017-05-09 19:45:00,GPRO,8.345,8.345,8.345,8.345,0.0
2017-05-09 19:50:00,GPRO,8.345,8.345,8.345,8.345,0.0
2017-05-09 19:55:00,GPRO,8.345,8.345,8.345,8.345,0.0
2017-05-09 20:00:00,GPRO,8.345,8.345,8.33,8.33,0.0
2017-05-09 20:05:00,GPRO,8.33,8.44,8.33,8.44,0.0
2017-05-09 20:10:00,GPRO,8.44,8.44,8.44,8.44,0.0
2017-05-09 20:15:00,GPRO,8.44,8.44,8.44,8.44,0.0
2017-05-09 20:20:00,GPRO,8.44,8.44,8.44,8.44,0.0
2017-05-09 20:25:00,GPRO,8.44,8.44,8.44,8.44,0.0
2017-05-09 20:30:00,GPRO,8.44,8.44,8.44,8.44,0.0
2017-05-09 20:35:00,GPRO,8.44,8.44,8.44,8.44,0.0
2017-05-09 20:40:00,GPRO,8.44,8.44,8.44,8.44,0.0
2017-05-09 20:45:00,GPRO,8.44,8.44,8.44,8.44,0.0
2017-05-09 20:50:00,GPRO,8.44,8.44,8.44,8.44,0.0
2017-05-09 20:55:00,GPRO,8.44,8.44,8.44,8.44,0.0
2017-05-10 08:00:00,GPRO,8.28,8.28,8.28,8.28,0.0
2017-05-10 08:05:00,GPRO,8.28,8.33,8.28,8.33,0.0
2017-05-10 08:10:00,GPRO,8.33,8.33,8.33,8.33,0.0
2017-05-10 08:15:00,GPRO,8.33,8.335,8.33,8.335,0.0
2017-05-10 08:20:00,GPRO,8.335,8.335,8.335,8.335,0.0
2017-05-10 08:25:00,GPRO,8.335,8.335,8.335,8.335,0.0
2017-05-10 08:30:00,GPRO,8.335,8.335,8.335,8.335,0.0
2017-05-10 08:35:00,GPRO,8.335,8.335,8.335,8.335,0.0
2017-05-10 08:40:00,GPRO,8.335,8.335,8.335,8.335,0.0
2017-05-10 08:45:00,GPRO,8.335,8.335,8.335,8.335,0.0
2017-05-10 08:50:00,GPRO,8.335,8.335,8.335,8.335,0.0
2017-05-10 08:55:00,GPRO,8.335,8.335,8.335,8.335,0.0
2017-05-10 09:00:00,GPRO,8.335,8.335,8.335,8.335,19.0
2017-05-10 09:05:00,GPRO,8.335,8.34,8.295,8.335,62.0
2017-05-10 09:10:00,GPRO,8.335,8.335,8.295,8.295,15.0
2017-05-10 09:15:00,GPRO,8.295,8.33,8.295,8.33,0.0
2017-05-10 09:20:00,GPRO,8.33,8.33,8.3,8.33,0.0
2017-05-10 09:25:00,GPRO,8.33,8.33,8.33,8.33,64.0
2017-05-10 09:30:00,GPRO,8.33,8.345,8.33,8.345,121.0
2017-05-10 09:35:00,GPRO,8.345,8.38,8.315,8.38,57742.0
2017-05-10 09:40:00,GPRO,8.38,8.395,8.375,8.395,63549.0
2017-05-10 09:45:00,GPRO,8.395,8.395,8.365,8.395,30964.0
2017-05-10 09:50:00,GPRO,8.395,8.445,8.395,8.415,73751.0
2017-05-10 09:55:00,GPRO,8.415,8.445,8.415,8.435,30924.0
2017-05-10 10:00:00,GPRO,8.435,8.445,8.435,8.445,30711.0
2017-05-10 10:05:00,GPRO,8.445,8.495,8.445,8.495,66168.0
2017-05-10 10:10:00,GPRO,8.495,8.505,8.495,8.505,51615.0
2017-05-10 10:15:00,GPRO,8.505,8.535,8.495,8.495,88433.0
2017-05-10 10:20:00,GPRO,8.495,8.515,8.495,8.515,21680.0
2017-05-10 10:25:00,GPRO,8.515,8.515,8.495,8.495,41124.0
2017-05-10 10:30:00,GPRO,8.495,8.515,8.495,8.495,40548.0
2017-05-10 10:35:00,GPRO,8.495,8.515,8.495,8.515,52979.0
2017-05-10 10:40:00,GPRO,8.515,8.555,8.515,8.555,62357.0
2017-05-10 10:45:00,GPRO,8.555,8.585,8.555,8.585,72951.0
2017-05-10 10:50:00,GPRO,8.585,8.595,8.585,8.585,29241.0
2017-05-10 10:55:00,GPRO,8.585,8.595,8.585,8.595,17991.0
2017-05-10 11:00:00,GPRO,8.595,8.595,8.565,8.595,41232.0
2017-05-10 11:05:00,GPRO,8.595,8.595,8.565,8.585,41782.0
2017-05-10 11:10:00,GPRO,8.585,8.585,8.565,8.585,34321.0
2017-05-10 11:15:00,GPRO,8.585,8.595,8.545,8.565,61100.0
2017-05-10 11:20:00,GPRO,8.565,8.575,8.545,8.555,41772.0
2017-05-10 11:25:00,GPRO,8.555,8.565,8.505,8.505,51821.0
2017-05-10 11:30:00,GPRO,8.505,8.515,8.505,8.515,44079.0
2017-05-10 11:35:00,GPRO,8.515,8.525,8.505,8.515,27771.0
2017-05-10 11:40:00,GPRO,8.515,8.525,8.515,8.525,10973.0
2017-05-10 11:45:00,GPRO,8.525,8.555,8.525,8.545,15290.0
2017-05-10 11:50:00,GPRO,8.545,8.555,8.525,8.545,29116.0
2017-05-10 11:55:00,GPRO,8.545,8.565,8.535,8.555,10163.0
2017-05-10 12:00:00,GPRO,8.555,8.565,8.555,8.555,10930.0
2017-05-10 12:05:00,GPRO,8.555,8.555,8.525,8.535,30855.0
2017-05-10 12:10:00,GPRO,8.535,8.545,8.535,8.535,9428.0
2017-05-10 12:15:00,GPRO,8.535,8.545,8.535,8.535,5099.0
2017-05-10 12:20:00,GPRO,8.535,8.54,8.525,8.535,35442.0
2017-05-10 12:25:00,GPRO,8.535,8.535,8.525,8.525,10260.0
2017-05-10 12:30:00,GPRO,8.525,8.535,8.485,8.505,45108.0
2017-05-10 12:35:00,GPRO,8.505,8.535,8.505,8.535,7751.0
2017-05-10 12:40:00,GPRO,8.535,8.535,8.535,8.535,4403.0
2017-05-10 12:45:00,GPRO,8.535,8.545,8.535,8.545,8436.0
2017-05-10 12:50:00,GPRO,8.545,8.555,8.545,8.555,7789.0
2017-05-10 12:55:00,GPRO,8.555,8.565,8.555,8.565,8052.0
2017-05-10 13:00:00,GPRO,8.565,8.575,8.545,8.575,40552.0
2017-05-10 13:05:00,GPRO,8.575,8.585,8.565,8.585,15313.0
2017-05-10 13:10:00,GPRO,8.585,8.585,8.575,8.585,12683.0
2017-05-10 13:15:00,GPRO,8.585,8.585,8.585,8.585,6113.0
2017-05-10 13:20:00,GPRO,8.585,8.585,8.585,8.585,10727.0
2017-05-10 13:25:00,GPRO,8.585,8.605,8.585,8.605,50570.0
2017-05-10 13:30:00,GPRO,8.605,8.635,8.605,8.615,34602.0
2017-05-10 13:35:00,GPRO,8.615,8.625,8.595,8.595,20151.0
2017-05-10 13:40:00,GPRO,8.595,8.595,8.575,8.575,17263.0
2017-05-10 13:45:00,GPRO,8.575,8.595,8.575,8.585,32859.0
2017-05-10 13:50:00,GPRO,8.585,8.595,8.585,8.595,11751.0
2017-05-10 13:55:00,GPRO,8.595,8.615,8.595,8.605,46259.0
2017-05-10 14:00:00,GPRO,8.605,8.605,8.595,8.595,18665.0
2017-05-10 14:05:00,GPRO,8.595,8.605,8.595,8.605,18112.0
2017-05-10 14:10:00,GPRO,8.605,8.605,8.575,8.575,52398.0
2017-05-10 14:15:00,GPRO,8.575,8.575,8.575,8.575,15219.0
2017-05-10 14:20:00,GPRO,8.575,8.605,8.575,8.605,14341.0
2017-05-10 14:25:00,GPRO,8.605,8.605,8.595,8.595,16438.0
2017-05-10 14:30:00,GPRO,8.595,8.595,8.575,8.585,18231.0
2017-05-10 14:35:00,GPRO,8.585,8.595,8.585,8.585,13545.0
2017-05-10 14:40:00,GPRO,8.585,8.615,8.585,8.605,33714.0
2017-05-10 14:45:00,GPRO,8.605,8.605,8.605,8.605,8718.0
2017-05-10 14:50:00,GPRO,8.605,8.605,8.575,8.585,20931.0
2017-05-10 14:55:00,GPRO,8.585,8.605,8.585,8.605,18379.0
2017-05-10 15:00:00,GPRO,8.605,8.625,8.605,8.605,15956.0
2017-05-10 15:05:00,GPRO,8.605,8.605,8.595,8.595,8540.0
2017-05-10 15:10:00,GPRO,8.595,8.595,8.575,8.585,36016.0
2017-05-10 15:15:00,GPRO,8.585,8.585,8.585,8.585,7682.0
2017-05-10 15:20:00,GPRO,8.585,8.585,8.585,8.585,25907.0
2017-05-10 15:25:00,GPRO,8.585,8.585,8.585,8.585,7422.0
2017-05-10 15:30:00,GPRO,8.585,8.585,8.545,8.545,39993.0
2017-05-10 15:35:00,GPRO,8.545,8.565,8.545,8.565,12482.0
2017-05-10 15:40:00,GPRO,8.565,8.565,8.545,8.565,73956.0
2017-05-10 15:45:00,GPRO,8.565,8.565,8.545,8.545,41757.0
2017-05-10 15:50:00,GPRO,8.545,8.545,8.535,8.535,42092.0
2017-05-10 15:55:00,GPRO,8.535,8.545,8.535,8.545,56731.0
2017-05-10 16:00:00,GPRO,8.545,8.555,8.535,8.535,134965.0
2017-05-10 16:05:00,GPRO,8.535,8.545,8.52,8.52,46088.0
2017-05-10 16:10:00,GPRO,8.52,8.52,8.515,8.515,22.0
2017-05-10 16:15:00,GPRO,8.515,8.515,8.515,8.515,0.0
2017-05-10 16:20:00,GPRO,8.515,8.52,8.515,8.52,16.0
2017-05-10 16:25:00,GPRO,8.52,8.52,8.515,8.515,12.0
2017-05-10 16:30:00,GPRO,8.515,8.515,8.515,8.515,0.0
2017-05-10 16:35:00,GPRO,8.515,8.515,8.515,8.515,0.0
2017-05-10 16:40:00,GPRO,8.515,8.515,8.515,8.515,0.0
2017-05-10 16:45:00,GPRO,8.515,8.52,8.515,8.52,2157.0
2017-05-10 16:50:00,GPRO,8.52,8.52,8.52,8.52,0.0
2017-05-10 16:55:00,GPRO,8.52,8.52,8.515,8.52,1300.0
2017-05-10 17:00:00,GPRO,8.52,8.52,8.52,8.52,2.0
2017-05-10 17:05:00,GPRO,8.52,8.52,8.52,8.52,0.0
2017-05-10 17:10:00,GPRO,8.52,8.52,8.52,8.52,150.0
2017-05-10 17:15:00,GPRO,8.52,8.52,8.52,8.52,5.0
2017-05-10 17:20:00,GPRO,8.52,8.52,8.52,8.52,0.0
2017-05-10 17:25:00,GPRO,8.52,8.52,8.52,8.52,0.0
2017-05-10 17:30:00,GPRO,8.52,8.52,8.515,8.52,100.0
2017-05-10 17:35:00,GPRO,8.52,8.52,8.52,8.52,5.0
2017-05-10 17:40:00,GPRO,8.52,8.52,8.52,8.52,0.0
2017-05-10 17:45:00,GPRO,8.52,8.52,8.52,8.52,0.0
2017-05-10 17:50:00,GPRO,8.52,8.52,8.52,8.52,0.0
2017-05-10 17:55:00,GPRO,8.52,8.52,8.52,8.52,0.0
2017-05-10 18:00:00,GPRO,8.52,8.52,8.52,8.52,0.0
2017-05-10 18:05:00,GPRO,8.52,8.55,8.52,8.55,0.0
2017-05-10 18:10:00,GPRO,8.55,8.55,8.55,8.55,0.0
2017-05-10 18:15:00,GPRO,8.55,8.55,8.55,8.55,0.0
2017-05-10 18:20:00,GPRO,8.55,8.55,8.55,8.55,0.0
2017-05-10 18:25:00,GPRO,8.55,8.55,8.535,8.535,0.0
2017-05-10 18:30:00,GPRO,8.535,8.535,8.535,8.535,0.0
2017-05-10 18:35:00,GPRO,8.535,8.535,8.535,8.535,0.0
2017-05-10 18:40:00,GPRO,8.535,8.535,8.535,8.535,0.0
2017-05-10 18:45:00,GPRO,8.535,8.535,8.535,8.535,0.0
2017-05-10 18:50:00,GPRO,8.535,8.535,8.535,8.535,0.0
2017-05-10 18:55:00,GPRO,8.535,8.535,8.535,8.535,0.0
2017-05-10 19:00:00,GPRO,8.535,8.535,8.535,8.535,0.0
2017-05-10 19:05:00,GPRO,8.535,8.535,8.535,8.535,0.0
2017-05-10 19:10:00,GPRO,8.535,8.535,8.535,8.535,0.0
2017-05-10 19:15:00,GPRO,8.535,8.535,8.535,8.535,0.0
2017-05-10 19:20:00,GPRO,8.535,8.535,8.535,8.535,0.0
2017-05-10 19:25:00,GPRO,8.535,8.535,8.535,8.535,0.0
2017-05-10 19:30:00,GPRO,8.535,8.535,8.535,8.535,0.0
2017-05-10 19:35:00,GPRO,8.535,8.535,8.535,8.535,0.0
2017-05-10 19:40:00,GPRO,8.535,8.535,8.535,8.535,0.0
2017-05-10 19:45:00,GPRO,8.535,8.535,8.535,8.535,0.0
2017-05-10 19:50:00,GPRO,8.535,8.535,8.535,8.535,80.0
2017-05-10 19:55:00,GPRO,8.535,8.535,8.535,8.535,0.0
2017-05-10 20:00:00,GPRO,8.535,8.535,8.535,8.535,0.0
2017-05-10 20:05:00,GPRO,8.535,8.635,8.535,8.635,0.0
2017-05-10 20:10:00,GPRO,8.635,8.635,8.635,8.635,0.0
2017-05-10 20:15:00,GPRO,8.635,8.635,8.635,8.635,0.0
2017-05-10 20:20:00,GPRO,8.635,8.635,8.635,8.635,0.0
2017-05-10 20:25:00,GPRO,8.635,8.635,8.635,8.635,0.0
2017-05-10 20:30:00,GPRO,8.635,8.635,8.635,8.635,0.0
2017-05-10 20:35:00,GPRO,8.635,8.635,8.635,8.635,0.0
2017-05-10 20:40:00,GPRO,8.635,8.635,8.635,8.635,0.0
2017-05-10 20:45:00,GPRO,8.635,8.635,8.635,8.635,0.0
2017-05-10 20:50:00,GPRO,8.635,8.635,8.635,8.635,0.0
2017-05-10 20:55:00,GPRO,8.635,8.635,8.635,8.635,0.0
2017-05-11 08:00:00,GPRO,8.535,8.535,8.535,8.535,0.0
2017-05-11 08:05:00,GPRO,8.535,8.545,8.535,8.545,0.0
2017-05-11 08:10:00,GPRO,8.545,8.55,8.545,8.55,0.0
2017-05-11 08:15:00,GPRO,8.55,8.55,8.535,8.535,500.0
2017-05-11 08:20:00,GPRO,8.535,8.535,8.49,8.495,1243.0
2017-05-11 08:25:00,GPRO,8.495,8.495,8.475,8.48,0.0
2017-05-11 08:30:00,GPRO,8.48,8.48,8.48,8.48,0.0
2017-05-11 08:35:00,GPRO,8.48,8.485,8.48,8.485,0.0
2017-05-11 08:40:00,GPRO,8.485,8.485,8.485,8.485,0.0
2017-05-11 08:45:00,GPRO,8.485,8.485,8.455,8.475,1175.0
2017-05-11 08:50:00,GPRO,8.475,8.475,8.475,8.475,0.0
2017-05-11 08:55:00,GPRO,8.475,8.475,8.475,8.475,0.0
2017-05-11 09:00:00,GPRO,8.475,8.475,8.475,8.475,155.0
2017-05-11 09:05:00,GPRO,8.475,8.475,8.415,8.415,425.0
2017-05-11 09:10:00,GPRO,8.415,8.425,8.415,8.425,10.0
2017-05-11 09:15:00,GPRO,8.425,8.425,8.42,8.42,7.0
2017-05-11 09:20:00,GPRO,8.42,8.42,8.415,8.42,0.0
2017-05-11 09:25:00,GPRO,8.42,8.42,8.42,8.42,42.0
2017-05-11 09:30:00,GPRO,8.42,8.545,8.42,8.525,3381.0
2017-05-11 09:35:00,GPRO,8.525,8.555,8.455,8.47,93470.0
2017-05-11 09:40:00,GPRO,8.47,8.475,8.375,8.39,109461.0
2017-05-11 09:45:00,GPRO,8.39,8.425,8.375,8.415,50377.0
2017-05-11 09:50:00,GPRO,8.415,8.425,8.385,8.405,45097.0
2017-05-11 09:55:00,GPRO,8.405,8.425,8.405,8.415,26415.0
2017-05-11 10:00:00,GPRO,8.415,8.42,8.39,8.415,47215.0
2017-05-11 10:05:00,GPRO,8.415,8.415,8.385,8.41,18656.0
2017-05-11 10:10:00,GPRO,8.41,8.425,8.41,8.425,11995.0
2017-05-11 10:15:00,GPRO,8.425,8.445,8.425,8.425,32547.0
2017-05-11 10:20:00,GPRO,8.425,8.435,8.425,8.435,7412.0
2017-05-11 10:25:00,GPRO,8.435,8.435,8.405,8.405,29413.0
2017-05-11 10:30:00,GPRO,8.405,8.425,8.405,8.415,16154.0
2017-05-11 10:35:00,GPRO,8.415,8.425,8.395,8.425,35138.0
2017-05-11 10:40:00,GPRO,8.425,8.435,8.425,8.435,25276.0
2017-05-11 10:45:00,GPRO,8.435,8.445,8.435,8.445,21209.0
2017-05-11 10:50:00,GPRO,8.445,8.445,8.415,8.415,35221.0
2017-05-11 10:55:00,GPRO,8.415,8.415,8.395,8.395,20330.0
2017-05-11 11:00:00,GPRO,8.395,8.425,8.395,8.415,14332.0
2017-05-11 11:05:00,GPRO,8.415,8.425,8.415,8.425,6172.0
2017-05-11 11:10:00,GPRO,8.425,8.435,8.425,8.435,6477.0
2017-05-11 11:15:00,GPRO,8.435,8.495,8.435,8.485,95409.0
2017-05-11 11:20:00,GPRO,8.485,8.495,8.475,8.475,10003.0
2017-05-11 11:25:00,GPRO,8.475,8.495,8.475,8.485,15802.0
2017-05-11 11:30:00,GPRO,8.485,8.505,8.485,8.505,10754.0
2017-05-11 11:35:00,GPRO,8.505,8.505,8.475,8.475,39034.0
2017-05-11 11:40:00,GPRO,8.475,8.485,8.475,8.475,17107.0
2017-05-11 11:45:00,GPRO,8.475,8.495,8.475,8.495,8582.0
2017-05-11 11:50:00,GPRO,8.495,8.495,8.475,8.485,24774.0
2017-05-11 11:55:00,GPRO,8.485,8.485,8.475,8.485,5917.0
2017-05-11 12:00:00,GPRO,8.485,8.495,8.485,8.495,6322.0
2017-05-11 12:05:00,GPRO,8.495,8.495,8.495,8.495,4900.0
2017-05-11 12:10:00,GPRO,8.495,8.505,8.495,8.505,24396.0
2017-05-11 12:15:00,GPRO,8.505,8.515,8.495,8.515,12739.0
2017-05-11 12:20:00,GPRO,8.515,8.525,8.505,8.515,31473.0
2017-05-11 12:25:00,GPRO,8.515,8.515,8.505,8.505,11348.0
2017-05-11 12:30:00,GPRO,8.505,8.505,8.485,8.485,10523.0
2017-05-11 12:35:00,GPRO,8.485,8.495,8.485,8.485,10630.0
2017-05-11 12:40:00,GPRO,8.485,8.495,8.485,8.495,3680.0
2017-05-11 12:45:00,GPRO,8.495,8.495,8.485,8.485,5837.0
2017-05-11 12:50:00,GPRO,8.485,8.485,8.485,8.485,3775.0
2017-05-11 12:55:00,GPRO,8.485,8.495,8.475,8.475,51752.0
2017-05-11 13:00:00,GPRO,8.475,8.485,8.475,8.475,12097.0
2017-05-11 13:05:00,GPRO,8.475,8.485,8.475,8.485,3789.0
2017-05-11 13:10:00,GPRO,8.485,8.485,8.475,8.475,14207.0
2017-05-11 13:15:00,GPRO,8.475,8.485,8.475,8.475,4755.0
2017-05-11 13:20:00,GPRO,8.475,8.485,8.475,8.485,29325.0
2017-05-11 13:25:00,GPRO,8.485,8.495,8.485,8.485,11634.0
2017-05-11 13:30:00,GPRO,8.485,8.495,8.485,8.495,6226.0
2017-05-11 13:35:00,GPRO,8.495,8.505,8.495,8.505,11246.0
2017-05-11 13:40:00,GPRO,8.505,8.515,8.505,8.515,13340.0
2017-05-11 13:45:00,GPRO,8.515,8.525,8.505,8.505,40954.0
2017-05-11 13:50:00,GPRO,8.505,8.505,8.505,8.505,26162.0
2017-05-11 13:55:00,GPRO,8.505,8.505,8.495,8.495,12251.0
2017-05-11 14:00:00,GPRO,8.495,8.5,8.495,8.495,13100.0
2017-05-11 14:05:00,GPRO,8.495,8.515,8.495,8.515,33583.0
2017-05-11 14:10:00,GPRO,8.515,8.565,8.515,8.565,43492.0
2017-05-11 14:15:00,GPRO,8.565,8.575,8.555,8.575,25504.0
2017-05-11 14:20:00,GPRO,8.575,8.575,8.565,8.565,8858.0
2017-05-11 14:25:00,GPRO,8.565,8.575,8.565,8.565,6858.0
2017-05-11 14:30:00,GPRO,8.565,8.595,8.565,8.595,68515.0
2017-05-11 14:35:00,GPRO,8.595,8.615,8.595,8.615,28476.0
2017-05-11 14:40:00,GPRO,8.615,8.615,8.595,8.595,17516.0
2017-05-11 14:45:00,GPRO,8.595,8.595,8.585,8.585,9256.0
2017-05-11 14:50:00,GPRO,8.585,8.585,8.545,8.545,32125.0
2017-05-11 14:55:00,GPRO,8.545,8.545,8.525,8.535,23003.0
2017-05-11 15:00:00,GPRO,8.535,8.535,8.535,8.535,4032.0
2017-05-11 15:05:00,GPRO,8.535,8.585,8.535,8.585,96592.0
2017-05-11 15:10:00,GPRO,8.585,8.615,8.585,8.615,30507.0
2017-05-11 15:15:00,GPRO,8.615,8.625,8.585,8.585,46586.0
2017-05-11 15:20:00,GPRO,8.585,8.585,8.575,8.585,26350.0
2017-05-11 15:25:00,GPRO,8.585,8.615,8.585,8.615,21695.0
2017-05-11 15:30:00,GPRO,8.615,8.615,8.605,8.615,44430.0
2017-05-11 15:35:00,GPRO,8.615,8.615,8.615,8.615,7878.0
2017-05-11 15:40:00,GPRO,8.615,8.615,8.615,8.615,14334.0
2017-05-11 15:45:00,GPRO,8.615,8.635,8.615,8.635,133926.0
2017-05-11 15:50:00,GPRO,8.635,8.635,8.605,8.605,92763.0
2017-05-11 15:55:00,GPRO,8.605,8.605,8.605,8.605,58321.0
2017-05-11 16:00:00,GPRO,8.605,8.615,8.605,8.615,138531.0
2017-05-11 16:05:00,GPRO,8.615,8.62,8.61,8.615,73006.0
2017-05-11 16:10:00,GPRO,8.615,8.615,8.565,8.57,3753.0
2017-05-11 16:15:00,GPRO,8.57,8.575,8.555,8.555,5.0
2017-05-11 16:20:00,GPRO,8.555,8.57,8.555,8.57,0.0
2017-05-11 16:25:00,GPRO,8.57,8.57,8.57,8.57,0.0
2017-05-11 16:30:00,GPRO,8.57,8.57,8.57,8.57,20.0
2017-05-11 16:35:00,GPRO,8.57,8.57,8.57,8.57,8645.0
2017-05-11 16:40:00,GPRO,8.57,8.57,8.57,8.57,0.0
2017-05-11 16:45:00,GPRO,8.57,8.575,8.565,8.575,200.0
2017-05-11 16:50:00,GPRO,8.575,8.575,8.575,8.575,0.0
2017-05-11 16:55:00,GPRO,8.575,8.575,8.575,8.575,0.0
2017-05-11 17:00:00,GPRO,8.575,8.575,8.575,8.575,10.0
2017-05-11 17:05:00,GPRO,8.575,8.575,8.575,8.575,0.0
2017-05-11 17:10:00,GPRO,8.575,8.575,8.575,8.575,0.0
2017-05-11 17:15:00,GPRO,8.575,8.575,8.575,8.575,0.0
2017-05-11 17:20:00,GPRO,8.575,8.575,8.575,8.575,0.0
2017-05-11 17:25:00,GPRO,8.575,8.575,8.575,8.575,0.0
2017-05-11 17:30:00,GPRO,8.575,8.575,8.575,8.575,0.0
2017-05-11 17:35:00,GPRO,8.575,8.575,8.575,8.575,0.0
2017-05-11 17:40:00,GPRO,8.575,8.58,8.575,8.58,0.0
2017-05-11 17:45:00,GPRO,8.58,8.58,8.58,8.58,0.0
2017-05-11 17:50:00,GPRO,8.58,8.58,8.58,8.58,0.0
2017-05-11 17:55:00,GPRO,8.58,8.58,8.58,8.58,0.0
2017-05-11 18:00:00,GPRO,8.58,8.58,8.58,8.58,0.0
2017-05-11 18:05:00,GPRO,8.58,8.58,8.58,8.58,1000.0
2017-05-11 18:10:00,GPRO,8.58,8.58,8.58,8.58,0.0
2017-05-11 18:15:00,GPRO,8.58,8.58,8.58,8.58,0.0
2017-05-11 18:20:00,GPRO,8.58,8.58,8.58,8.58,0.0
2017-05-11 18:25:00,GPRO,8.58,8.58,8.58,8.58,0.0
2017-05-11 18:30:00,GPRO,8.58,8.58,8.58,8.58,0.0
2017-05-11 18:35:00,GPRO,8.58,8.58,8.58,8.58,0.0
2017-05-11 18:40:00,GPRO,8.58,8.58,8.58,8.58,0.0
2017-05-11 18:45:00,GPRO,8.58,8.58,8.58,8.58,0.0
2017-05-11 18:50:00,GPRO,8.58,8.595,8.58,8.595,2361418.0
2017-05-11 18:55:00,GPRO,8.595,8.595,8.595,8.595,0.0
2017-05-11 19:00:00,GPRO,8.595,8.595,8.595,8.595,0.0
2017-05-11 19:05:00,GPRO,8.595,8.595,8.595,8.595,0.0
2017-05-11 19:10:00,GPRO,8.595,8.595,8.59,8.59,500.0
2017-05-11 19:15:00,GPRO,8.59,8.59,8.59,8.59,0.0
2017-05-11 19:20:00,GPRO,8.59,8.59,8.59,8.59,0.0
2017-05-11 19:25:00,GPRO,8.59,8.59,8.59,8.59,2100.0
2017-05-11 19:30:00,GPRO,8.59,8.59,8.59,8.59,0.0
2017-05-11 19:35:00,GPRO,8.59,8.59,8.59,8.59,0.0
2017-05-11 19:40:00,GPRO,8.59,8.59,8.59,8.59,0.0
2017-05-11 19:45:00,GPRO,8.59,8.59,8.58,8.58,0.0
2017-05-11 19:50:00,GPRO,8.58,8.58,8.58,8.58,0.0
2017-05-11 19:55:00,GPRO,8.58,8.58,8.58,8.58,0.0
2017-05-11 20:00:00,GPRO,8.58,8.58,8.58,8.58,0.0
2017-05-11 20:05:00,GPRO,8.58,8.59,8.51,8.51,0.0
2017-05-11 20:10:00,GPRO,8.51,8.51,8.51,8.51,0.0
2017-05-11 20:15:00,GPRO,8.51,8.51,8.51,8.51,0.0
2017-05-11 20:20:00,GPRO,8.51,8.51,8.51,8.51,0.0
2017-05-11 20:25:00,GPRO,8.51,8.51,8.51,8.51,0.0
2017-05-11 20:30:00,GPRO,8.51,8.51,8.51,8.51,0.0
2017-05-11 20:35:00,GPRO,8.51,8.51,8.51,8.51,0.0
2017-05-11 20:40:00,GPRO,8.51,8.51,8.51,8.51,0.0
2017-05-11 20:45:00,GPRO,8.51,8.51,8.51,8.51,0.0
2017-05-11 20:50:00,GPRO,8.51,8.51,8.51,8.51,0.0
2017-05-11 20:55:00,GPRO,8.51,8.51,8.51,8.51,0.0
2017-05-12 08:00:00,GPRO,8.605,8.625,8.605,8.605,350.0
2017-05-12 08:05:00,GPRO,8.605,8.605,8.575,8.575,0.0
2017-05-12 08:10:00,GPRO,8.575,8.575,8.575,8.575,0.0
2017-05-12 08:15:00,GPRO,8.575,8.575,8.575,8.575,0.0
2017-05-12 08:20:00,GPRO,8.575,8.575,8.575,8.575,600.0
2017-05-12 08:25:00,GPRO,8.575,8.575,8.575,8.575,0.0
2017-05-12 08:30:00,GPRO,8.575,8.575,8.575,8.575,0.0
2017-05-12 08:35:00,GPRO,8.575,8.575,8.575,8.575,0.0
2017-05-12 08:40:00,GPRO,8.575,8.575,8.575,8.575,0.0
2017-05-12 08:45:00,GPRO,8.575,8.575,8.575,8.575,0.0
2017-05-12 08:50:00,GPRO,8.575,8.575,8.575,8.575,0.0
2017-05-12 08:55:00,GPRO,8.575,8.575,8.575,8.575,0.0
2017-05-12 09:00:00,GPRO,8.575,8.575,8.575,8.575,0.0
2017-05-12 09:05:00,GPRO,8.575,8.59,8.575,8.59,168.0
2017-05-12 09:10:00,GPRO,8.59,8.645,8.59,8.63,2109.0
2017-05-12 09:15:00,GPRO,8.63,8.63,8.625,8.625,0.0
2017-05-12 09:20:00,GPRO,8.625,8.645,8.625,8.635,0.0
2017-05-12 09:25:00,GPRO,8.635,8.635,8.635,8.635,2.0
2017-05-12 09:30:00,GPRO,8.635,8.64,8.635,8.635,0.0
2017-05-12 09:35:00,GPRO,8.635,8.64,8.565,8.565,98877.0
2017-05-12 09:40:00,GPRO,8.565,8.565,8.535,8.535,37580.0
2017-05-12 09:45:00,GPRO,8.535,8.585,8.535,8.56,87518.0
2017-05-12 09:50:00,GPRO,8.56,8.615,8.56,8.585,13030.0
2017-05-12 09:55:00,GPRO,8.585,8.595,8.545,8.575,68693.0
2017-05-12 10:00:00,GPRO,8.575,8.575,8.555,8.565,8652.0
2017-05-12 10:05:00,GPRO,8.565,8.565,8.525,8.535,16526.0
2017-05-12 10:10:00,GPRO,8.535,8.565,8.535,8.565,21862.0
2017-05-12 10:15:00,GPRO,8.565,8.605,8.565,8.605,23051.0
2017-05-12 10:20:00,GPRO,8.605,8.615,8.585,8.585,21444.0
2017-05-12 10:25:00,GPRO,8.585,8.595,8.585,8.595,36541.0
2017-05-12 10:30:00,GPRO,8.595,8.595,8.585,8.585,18097.0
2017-05-12 10:35:00,GPRO,8.585,8.615,8.575,8.575,80977.0
2017-05-12 10:40:00,GPRO,8.575,8.595,8.545,8.545,96533.0
2017-05-12 10:45:00,GPRO,8.545,8.585,8.545,8.575,18662.0
2017-05-12 10:50:00,GPRO,8.575,8.615,8.575,8.615,20757.0
2017-05-12 10:55:00,GPRO,8.615,8.625,8.595,8.605,20049.0
2017-05-12 11:00:00,GPRO,8.605,8.625,8.605,8.615,8254.0
2017-05-12 11:05:00,GPRO,8.615,8.645,8.615,8.645,17540.0
2017-05-12 11:10:00,GPRO,8.645,8.685,8.645,8.685,40439.0
2017-05-12 11:15:00,GPRO,8.685,8.685,8.665,8.665,19044.0
2017-05-12 11:20:00,GPRO,8.665,8.685,8.665,8.685,24076.0
2017-05-12 11:25:00,GPRO,8.685,8.685,8.685,8.685,45946.0
2017-05-12 11:30:00,GPRO,8.685,8.685,8.685,8.685,13173.0
2017-05-12 11:35:00,GPRO,8.685,8.685,8.665,8.665,35953.0
2017-05-12 11:40:00,GPRO,8.665,8.665,8.655,8.655,27374.0
2017-05-12 11:45:00,GPRO,8.655,8.655,8.655,8.655,9658.0
2017-05-12 11:50:00,GPRO,8.655,8.675,8.655,8.665,7004.0
2017-05-12 11:55:00,GPRO,8.665,8.675,8.665,8.675,4341.0
2017-05-12 12:00:00,GPRO,8.675,8.675,8.675,8.675,16894.0
2017-05-12 12:05:00,GPRO,8.675,8.675,8.645,8.645,15165.0
2017-05-12 12:10:00,GPRO,8.645,8.645,8.645,8.645,11580.0
2017-05-12 12:15:00,GPRO,8.645,8.645,8.635,8.645,24354.0
2017-05-12 12:20:00,GPRO,8.645,8.645,8.645,8.645,20066.0
2017-05-12 12:25:00,GPRO,8.645,8.645,8.635,8.635,9290.0
2017-05-12 12:30:00,GPRO,8.635,8.645,8.635,8.645,10403.0
2017-05-12 12:35:00,GPRO,8.645,8.645,8.645,8.645,31524.0
2017-05-12 12:40:00,GPRO,8.645,8.645,8.645,8.645,4199.0
2017-05-12 12:45:00,GPRO,8.645,8.645,8.635,8.635,12067.0
2017-05-12 12:50:00,GPRO,8.635,8.635,8.625,8.625,4734.0
2017-05-12 12:55:00,GPRO,8.625,8.625,8.605,8.605,9730.0
2017-05-12 13:00:00,GPRO,8.605,8.615,8.605,8.605,22699.0
2017-05-12 13:05:00,GPRO,8.605,8.605,8.605,8.605,2884.0
2017-05-12 13:10:00,GPRO,8.605,8.615,8.605,8.605,10187.0
2017-05-12 13:15:00,GPRO,8.605,8.605,8.605,8.605,4182.0
2017-05-12 13:20:00,GPRO,8.605,8.615,8.595,8.595,17417.0
2017-05-12 13:25:00,GPRO,8.595,8.605,8.595,8.595,7945.0
2017-05-12 13:30:00,GPRO,8.595,8.595,8.585,8.595,16696.0
2017-05-12 13:35:00,GPRO,8.595,8.595,8.595,8.595,3990.0
2017-05-12 13:40:00,GPRO,8.595,8.595,8.585,8.595,10471.0
2017-05-12 13:45:00,GPRO,8.595,8.595,8.585,8.595,6781.0
2017-05-12 13:50:00,GPRO,8.595,8.595,8.595,8.595,2486.0
2017-05-12 13:55:00,GPRO,8.595,8.595,8.575,8.575,10171.0
2017-05-12 14:00:00,GPRO,8.575,8.585,8.565,8.575,10709.0
2017-05-12 14:05:00,GPRO,8.575,8.585,8.575,8.575,6955.0
2017-05-12 14:10:00,GPRO,8.575,8.585,8.575,8.575,9496.0
2017-05-12 14:15:00,GPRO,8.575,8.585,8.575,8.585,6989.0
2017-05-12 14:20:00,GPRO,8.585,8.585,8.565,8.565,17881.0
2017-05-12 14:25:00,GPRO,8.565,8.575,8.565,8.565,18949.0
2017-05-12 14:30:00,GPRO,8.565,8.575,8.565,8.565,13760.0
2017-05-12 14:35:00,GPRO,8.565,8.575,8.565,8.575,20948.0
2017-05-12 14:40:00,GPRO,8.575,8.575,8.565,8.565,10970.0
2017-05-12 14:45:00,GPRO,8.565,8.575,8.565,8.565,9028.0
2017-05-12 14:50:00,GPRO,8.565,8.575,8.565,8.575,21695.0
2017-05-12 14:55:00,GPRO,8.575,8.575,8.575,8.575,6455.0
2017-05-12 15:00:00,GPRO,8.575,8.585,8.575,8.585,34088.0
2017-05-12 15:05:00,GPRO,8.585,8.585,8.585,8.585,6641.0
2017-05-12 15:10:00,GPRO,8.585,8.595,8.585,8.595,5502.0
2017-05-12 15:15:00,GPRO,8.595,8.595,8.575,8.585,9363.0
2017-05-12 15:20:00,GPRO,8.585,8.595,8.585,8.595,8846.0
2017-05-12 15:25:00,GPRO,8.595,8.595,8.595,8.595,3725.0
2017-05-12 15:30:00,GPRO,8.595,8.595,8.545,8.545,41315.0
2017-05-12 15:35:00,GPRO,8.545,8.555,8.545,8.545,6664.0
2017-05-12 15:40:00,GPRO,8.545,8.555,8.535,8.545,57749.0
2017-05-12 15:45:00,GPRO,8.545,8.565,8.545,8.565,20124.0
2017-05-12 15:50:00,GPRO,8.565,8.565,8.565,8.565,17158.0
2017-05-12 15:55:00,GPRO,8.565,8.565,8.545,8.545,70779.0
2017-05-12 16:00:00,GPRO,8.545,8.555,8.545,8.545,80154.0
2017-05-12 16:05:00,GPRO,8.545,8.56,8.54,8.545,59647.0
2017-05-12 16:10:00,GPRO,8.545,8.545,8.53,8.545,0.0
2017-05-12 16:15:00,GPRO,8.545,8.55,8.545,8.55,698.0
2017-05-12 16:20:00,GPRO,8.55,8.55,8.55,8.55,2.0
2017-05-12 16:25:00,GPRO,8.55,8.55,8.55,8.55,2.0
2017-05-12 16:30:00,GPRO,8.55,8.55,8.55,8.55,17.0
2017-05-12 16:35:00,GPRO,8.55,8.55,8.55,8.55,0.0
2017-05-12 16:40:00,GPRO,8.55,8.55,8.55,8.55,0.0
2017-05-12 16:45:00,GPRO,8.55,8.55,8.55,8.55,0.0
2017-05-12 16:50:00,GPRO,8.55,8.58,8.55,8.575,2618.0
2017-05-12 16:55:00,GPRO,8.575,8.575,8.575,8.575,0.0
2017-05-12 17:00:00,GPRO,8.575,8.575,8.575,8.575,0.0
2017-05-12 17:05:00,GPRO,8.575,8.575,8.575,8.575,0.0
2017-05-12 17:10:00,GPRO,8.575,8.585,8.575,8.585,310.0
2017-05-12 17:15:00,GPRO,8.585,8.585,8.585,8.585,0.0
2017-05-12 17:20:00,GPRO,8.585,8.595,8.575,8.595,0.0
2017-05-12 17:25:00,GPRO,8.595,8.595,8.575,8.575,490.0
2017-05-12 17:30:00,GPRO,8.575,8.575,8.575,8.575,865.0
2017-05-12 17:35:00,GPRO,8.575,8.575,8.575,8.575,500.0
2017-05-12 17:40:00,GPRO,8.575,8.575,8.575,8.575,100.0
2017-05-12 17:45:00,GPRO,8.575,8.575,8.575,8.575,0.0
2017-05-12 17:50:00,GPRO,8.575,8.575,8.575,8.575,0.0
2017-05-12 17:55:00,GPRO,8.575,8.575,8.56,8.565,0.0
2017-05-12 18:00:00,GPRO,8.565,8.58,8.565,8.58,0.0
2017-05-12 18:05:00,GPRO,8.58,8.58,8.58,8.58,0.0
2017-05-12 18:10:00,GPRO,8.58,8.58,8.58,8.58,0.0
2017-05-12 18:15:00,GPRO,8.58,8.58,8.58,8.58,50.0
2017-05-12 18:20:00,GPRO,8.58,8.58,8.58,8.58,0.0
2017-05-12 18:25:00,GPRO,8.58,8.58,8.58,8.58,0.0
2017-05-12 18:30:00,GPRO,8.58,8.58,8.58,8.58,0.0
2017-05-12 18:35:00,GPRO,8.58,8.58,8.58,8.58,0.0
2017-05-12 18:40:00,GPRO,8.58,8.58,8.58,8.58,0.0
2017-05-12 18:45:00,GPRO,8.58,8.58,8.58,8.58,0.0
2017-05-12 18:50:00,GPRO,8.58,8.58,8.58,8.58,0.0
2017-05-12 18:55:00,GPRO,8.58,8.58,8.58,8.58,0.0
2017-05-12 19:00:00,GPRO,8.58,8.58,8.56,8.58,0.0
2017-05-12 19:05:00,GPRO,8.58,8.58,8.58,8.58,0.0
2017-05-12 19:10:00,GPRO,8.58,8.58,8.58,8.58,0.0
2017-05-12 19:15:00,GPRO,8.58,8.58,8.58,8.58,0.0
2017-05-12 19:20:00,GPRO,8.58,8.58,8.58,8.58,0.0
2017-05-12 19:25:00,GPRO,8.58,8.58,8.58,8.58,0.0
2017-05-12 19:30:00,GPRO,8.58,8.58,8.58,8.58,0.0
2017-05-12 19:35:00,GPRO,8.58,8.58,8.58,8.58,0.0
2017-05-12 19:40:00,GPRO,8.58,8.58,8.58,8.58,0.0
2017-05-12 19:45:00,GPRO,8.58,8.58,8.58,8.58,0.0
2017-05-12 19:50:00,GPRO,8.58,8.58,8.58,8.58,0.0
2017-05-12 19:55:00,GPRO,8.58,8.58,8.58,8.58,0.0
2017-05-12 20:00:00,GPRO,8.58,8.58,8.58,8.58,0.0
2017-05-12 20:05:00,GPRO,8.58,8.69,8.58,8.67,0.0
2017-05-12 20:10:00,GPRO,8.67,8.67,8.67,8.67,0.0
2017-05-12 20:15:00,GPRO,8.67,8.67,8.67,8.67,0.0
2017-05-12 20:20:00,GPRO,8.67,8.67,8.67,8.67,0.0
2017-05-12 20:25:00,GPRO,8.67,8.67,8.67,8.67,0.0
2017-05-12 20:30:00,GPRO,8.67,8.67,8.67,8.67,0.0
2017-05-12 20:35:00,GPRO,8.67,8.67,8.67,8.67,0.0
2017-05-12 20:40:00,GPRO,8.67,8.67,8.67,8.67,0.0
2017-05-12 20:45:00,GPRO,8.67,8.67,8.67,8.67,0.0
2017-05-12 20:50:00,GPRO,8.67,8.67,8.67,8.67,0.0
2017-05-12 20:55:00,GPRO,8.67,8.67,8.67,8.67,0.0
2017-05-13 08:00:00,GPRO,8.67,8.67,8.67,8.67,0.0
2017-05-13 08:05:00,GPRO,8.67,8.67,8.67,8.67,0.0
2017-05-13 08:10:00,GPRO,8.67,8.67,8.67,8.67,0.0
2017-05-13 08:15:00,GPRO,8.67,8.67,8.67,8.67,0.0
2017-05-13 08:20:00,GPRO,8.67,8.67,8.67,8.67,0.0
2017-05-13 08:25:00,GPRO,8.67,8.67,8.67,8.67,0.0
2017-05-13 08:30:00,GPRO,8.67,8.67,8.67,8.67,0.0
2017-05-13 08:35:00,GPRO,8.67,8.67,8.67,8.67,0.0
2017-05-13 08:40:00,GPRO,8.67,8.67,8.67,8.67,0.0
2017-05-13 08:45:00,GPRO,8.67,8.67,8.67,8.67,0.0
2017-05-13 08:50:00,GPRO,8.67,8.67,8.67,8.67,0.0
2017-05-13 08:55:00,GPRO,8.67,8.67,8.67,8.67,0.0
2017-05-13 09:00:00,GPRO,8.67,8.67,8.67,8.67,0.0
2017-05-13 09:05:00,GPRO,8.67,8.67,8.67,8.67,0.0
2017-05-13 09:10:00,GPRO,8.67,8.67,8.67,8.67,0.0
2017-05-13 09:15:00,GPRO,8.67,8.67,8.67,8.67,0.0
2017-05-13 09:20:00,GPRO,8.67,8.67,8.67,8.67,0.0
2017-05-13 09:25:00,GPRO,8.67,8.67,8.67,8.67,0.0
2017-05-13 09:30:00,GPRO,8.67,8.67,8.67,8.67,0.0
2017-05-13 09:35:00,GPRO,8.67,8.67,8.67,8.67,0.0
2017-05-13 09:40:00,GPRO,8.67,8.67,8.67,8.67,0.0
2017-05-13 09:45:00,GPRO,8.67,8.67,8.67,8.67,0.0
2017-05-13 09:50:00,GPRO,8.67,8.67,8.67,8.67,0.0
2017-05-13 09:55:00,GPRO,8.67,8.67,8.67,8.67,0.0
2017-05-13 10:00:00,GPRO,8.67,8.67,8.67,8.67,0.0
2017-05-13 10:05:00,GPRO,8.67,8.67,8.67,8.67,0.0
2017-05-13 10:10:00,GPRO,8.67,8.67,8.67,8.67,0.0
2017-05-13 10:15:00,GPRO,8.67,8.67,8.67,8.67,0.0
2017-05-13 10:20:00,GPRO,8.67,8.67,8.67,8.67,0.0
2017-05-13 10:25:00,GPRO,8.67,8.67,8.67,8.67,0.0
2017-05-13 10:30:00,GPRO,8.67,8.67,8.67,8.67,0.0
2017-05-13 10:35:00,GPRO,8.67,8.67,8.67,8.67,0.0
2017-05-13 10:40:00,GPRO,8.67,8.67,8.67,8.67,0.0
2017-05-13 10:45:00,GPRO,8.67,8.67,8.67,8.67,0.0
2017-05-13 10:50:00,GPRO,8.67,8.67,8.67,8.67,0.0
2017-05-13 10:55:00,GPRO,8.67,8.67,8.67,8.67,0.0
2017-05-13 11:00:00,GPRO,8.67,8.67,8.67,8.67,0.0
2017-05-13 11:05:00,GPRO,8.67,8.67,8.67,8.67,0.0
2017-05-13 11:10:00,GPRO,8.67,8.67,8.67,8.67,0.0
2017-05-13 11:15:00,GPRO,8.67,8.67,8.67,8.67,0.0
2017-05-13 11:20:00,GPRO,8.67,8.67,8.67,8.67,0.0
2017-05-13 11:25:00,GPRO,8.67,8.67,8.67,8.67,0.0
2017-05-13 11:30:00,GPRO,8.67,8.67,8.67,8.67,0.0
2017-05-13 11:35:00,GPRO,8.67,8.67,8.67,8.67,0.0
2017-05-13 11:40:00,GPRO,8.67,8.67,8.67,8.67,0.0
2017-05-13 11:45:00,GPRO,8.67,8.67,8.67,8.67,0.0
2017-05-13 11:50:00,GPRO,8.67,8.67,8.67,8.67,0.0
2017-05-13 11:55:00,GPRO,8.67,8.67,8.67,8.67,0.0
2017-05-13 12:00:00,GPRO,8.67,8.67,8.67,8.67,0.0
2017-05-13 12:05:00,GPRO,8.67,8.67,8.67,8.67,0.0
2017-05-13 12:10:00,GPRO,8.67,8.67,8.67,8.67,0.0
2017-05-13 12:15:00,GPRO,8.67,8.67,8.67,8.67,0.0
2017-05-13 12:20:00,GPRO,8.67,8.67,8.67,8.67,0.0
2017-05-13 12:25:00,GPRO,8.67,8.67,8.67,8.67,0.0
2017-05-13 12:30:00,GPRO,8.67,8.67,8.67,8.67,0.0
2017-05-13 12:35:00,GPRO,8.67,8.67,8.67,8.67,0.0
2017-05-13 12:40:00,GPRO,8.67,8.67,8.67,8.67,0.0
2017-05-13 12:45:00,GPRO,8.67,8.67,8.67,8.67,0.0
2017-05-13 12:50:00,GPRO,8.67,8.67,8.67,8.67,0.0
2017-05-13 12:55:00,GPRO,8.67,8.67,8.67,8.67,0.0
2017-05-13 13:00:00,GPRO,8.67,8.67,8.67,8.67,0.0
2017-05-13 13:05:00,GPRO,8.67,8.67,8.67,8.67,0.0
2017-05-13 13:10:00,GPRO,8.67,8.67,8.67,8.67,0.0
2017-05-13 13:15:00,GPRO,8.67,8.67,8.67,8.67,0.0
2017-05-13 13:20:00,GPRO,8.67,8.67,8.67,8.67,0.0
2017-05-13 13:40:00,GPRO,8.67,8.67,8.67,8.67,0.0
2017-05-13 13:45:00,GPRO,8.67,8.67,8.67,8.67,0.0
2017-05-13 13:50:00,GPRO,8.67,8.67,8.67,8.67,0.0
2017-05-13 13:55:00,GPRO,8.67,8.67,8.67,8.67,0.0
2017-05-13 14:00:00,GPRO,8.67,8.67,8.67,8.67,0.0
2017-05-13 14:05:00,GPRO,8.67,8.67,8.67,8.67,0.0
2017-05-13 14:10:00,GPRO,8.67,8.67,8.67,8.67,0.0
2017-05-13 14:15:00,GPRO,8.67,8.67,8.67,8.67,0.0
2017-05-13 14:20:00,GPRO,8.67,8.67,8.67,8.67,0.0
2017-05-13 14:25:00,GPRO,8.67,8.67,8.67,8.67,0.0
2017-05-13 14:30:00,GPRO,8.67,8.67,8.67,8.67,0.0
2017-05-13 14:35:00,GPRO,8.67,8.67,8.67,8.67,0.0
2017-05-13 14:40:00,GPRO,8.67,8.67,8.67,8.67,0.0
2017-05-13 14:45:00,GPRO,8.67,8.67,8.67,8.67,0.0
2017-05-13 14:50:00,GPRO,8.67,8.67,8.67,8.67,0.0
2017-05-13 14:55:00,GPRO,8.67,8.67,8.67,8.67,0.0
2017-05-13 15:00:00,GPRO,8.67,8.67,8.67,8.67,0.0
2017-05-13 15:05:00,GPRO,8.67,8.67,8.67,8.67,0.0
2017-05-13 15:10:00,GPRO,8.67,8.67,8.67,8.67,0.0
2017-05-13 15:15:00,GPRO,8.67,8.67,8.67,8.67,0.0
2017-05-13 15:20:00,GPRO,8.67,8.67,8.67,8.67,0.0
2017-05-13 15:25:00,GPRO,8.67,8.67,8.67,8.67,0.0
2017-05-13 15:30:00,GPRO,8.67,8.67,8.67,8.67,0.0
2017-05-13 15:35:00,GPRO,8.67,8.67,8.67,8.67,0.0
2017-05-13 15:40:00,GPRO,8.67,8.67,8.67,8.67,0.0
2017-05-13 15:45:00,GPRO,8.67,8.67,8.67,8.67,0.0
2017-05-13 15:50:00,GPRO,8.67,8.67,8.67,8.67,0.0
2017-05-13 15:55:00,GPRO,8.67,8.67,8.67,8.67,0.0
2017-05-13 16:00:00,GPRO,8.67,8.67,8.67,8.67,0.0
2017-05-13 16:05:00,GPRO,8.67,8.67,8.67,8.67,0.0
2017-05-13 16:10:00,GPRO,8.67,8.67,8.67,8.67,0.0
2017-05-13 16:15:00,GPRO,8.67,8.67,8.67,8.67,0.0
2017-05-13 16:20:00,GPRO,8.67,8.67,8.67,8.67,0.0
2017-05-13 16:25:00,GPRO,8.67,8.67,8.67,8.67,0.0
2017-05-13 16:30:00,GPRO,8.67,8.67,8.67,8.67,0.0
2017-05-13 16:35:00,GPRO,8.67,8.67,8.67,8.67,0.0
2017-05-13 16:40:00,GPRO,8.67,8.67,8.67,8.67,0.0
2017-05-13 16:45:00,GPRO,8.67,8.67,8.67,8.67,0.0
2017-05-13 16:50:00,GPRO,8.67,8.67,8.67,8.67,0.0
2017-05-13 16:55:00,GPRO,8.67,8.67,8.67,8.67,0.0
2017-05-13 17:00:00,GPRO,8.67,8.67,8.67,8.67,0.0
2017-05-13 17:05:00,GPRO,8.67,8.67,8.67,8.67,0.0
2017-05-13 17:10:00,GPRO,8.67,8.67,8.67,8.67,0.0
2017-05-13 17:15:00,GPRO,8.67,8.67,8.67,8.67,0.0
2017-05-13 17:20:00,GPRO,8.67,8.67,8.67,8.67,0.0
2017-05-13 17:25:00,GPRO,8.67,8.67,8.67,8.67,0.0
2017-05-13 17:30:00,GPRO,8.67,8.67,8.67,8.67,0.0
2017-05-13 17:35:00,GPRO,8.67,8.67,8.67,8.67,0.0
2017-05-13 17:40:00,GPRO,8.67,8.67,8.67,8.67,0.0
2017-05-13 17:45:00,GPRO,8.67,8.67,8.67,8.67,0.0
2017-05-13 17:50:00,GPRO,8.67,8.67,8.67,8.67,0.0
2017-05-13 17:55:00,GPRO,8.67,8.67,8.67,8.67,0.0
2017-05-13 18:00:00,GPRO,8.67,8.67,8.67,8.67,0.0
2017-05-13 18:05:00,GPRO,8.67,8.67,8.67,8.67,0.0
2017-05-13 18:10:00,GPRO,8.67,8.67,8.67,8.67,0.0
2017-05-13 18:15:00,GPRO,8.67,8.67,8.67,8.67,0.0
2017-05-13 18:20:00,GPRO,8.67,8.67,8.67,8.67,0.0
2017-05-13 18:25:00,GPRO,8.67,8.67,8.67,8.67,0.0
2017-05-13 18:30:00,GPRO,8.67,8.67,8.67,8.67,0.0
2017-05-13 18:35:00,GPRO,8.67,8.67,8.67,8.67,0.0
2017-05-13 18:40:00,GPRO,8.67,8.67,8.67,8.67,0.0
2017-05-13 18:45:00,GPRO,8.67,8.67,8.67,8.67,0.0
2017-05-13 18:50:00,GPRO,8.67,8.67,8.67,8.67,0.0
2017-05-13 18:55:00,GPRO,8.67,8.67,8.67,8.67,0.0
2017-05-13 19:00:00,GPRO,8.67,8.67,8.67,8.67,0.0
2017-05-13 19:05:00,GPRO,8.67,8.67,8.67,8.67,0.0
2017-05-13 19:10:00,GPRO,8.67,8.67,8.67,8.67,0.0
2017-05-13 19:15:00,GPRO,8.67,8.67,8.67,8.67,0.0
2017-05-13 19:20:00,GPRO,8.67,8.67,8.67,8.67,0.0
2017-05-13 19:25:00,GPRO,8.67,8.67,8.67,8.67,0.0
2017-05-13 19:30:00,GPRO,8.67,8.67,8.67,8.67,0.0
2017-05-13 19:35:00,GPRO,8.67,8.67,8.67,8.67,0.0
2017-05-13 19:40:00,GPRO,8.67,8.67,8.67,8.67,0.0
2017-05-13 19:45:00,GPRO,8.67,8.67,8.67,8.67,0.0
2017-05-13 19:50:00,GPRO,8.67,8.67,8.67,8.67,0.0
2017-05-13 19:55:00,GPRO,8.67,8.67,8.67,8.67,0.0
2017-05-13 20:00:00,GPRO,8.67,8.67,8.67,8.67,0.0
2017-05-13 20:05:00,GPRO,8.67,8.67,8.67,8.67,0.0
2017-05-13 20:10:00,GPRO,8.67,8.67,8.67,8.67,0.0
2017-05-13 20:15:00,GPRO,8.67,8.67,8.67,8.67,0.0
2017-05-13 20:20:00,GPRO,8.67,8.67,8.67,8.67,0.0
2017-05-13 20:25:00,GPRO,8.67,8.67,8.67,8.67,0.0
2017-05-13 20:30:00,GPRO,8.67,8.67,8.67,8.67,0.0
2017-05-13 20:35:00,GPRO,8.67,8.67,8.67,8.67,0.0
2017-05-13 20:40:00,GPRO,8.67,8.67,8.67,8.67,0.0
2017-05-13 20:45:00,GPRO,8.67,8.67,8.67,8.67,0.0
2017-05-13 20:50:00,GPRO,8.67,8.67,8.67,8.67,0.0
2017-05-13 20:55:00,GPRO,8.67,8.67,8.67,8.67,0.0
2017-05-14 08:00:00,GPRO,8.67,8.67,8.67,8.67,0.0
2017-05-14 08:05:00,GPRO,8.67,8.67,8.67,8.67,0.0
2017-05-14 08:10:00,GPRO,8.67,8.67,8.67,8.67,0.0
2017-05-14 08:15:00,GPRO,8.67,8.67,8.67,8.67,0.0
2017-05-14 08:20:00,GPRO,8.67,8.67,8.67,8.67,0.0
2017-05-14 08:25:00,GPRO,8.67,8.67,8.67,8.67,0.0
2017-05-14 08:30:00,GPRO,8.67,8.67,8.67,8.67,0.0
2017-05-14 08:35:00,GPRO,8.67,8.67,8.67,8.67,0.0
2017-05-14 08:40:00,GPRO,8.67,8.67,8.67,8.67,0.0
2017-05-14 08:45:00,GPRO,8.67,8.67,8.67,8.67,0.0
2017-05-14 08:50:00,GPRO,8.67,8.67,8.67,8.67,0.0
2017-05-14 08:55:00,GPRO,8.67,8.67,8.67,8.67,0.0
2017-05-14 09:00:00,GPRO,8.67,8.67,8.67,8.67,0.0
2017-05-14 09:05:00,GPRO,8.67,8.67,8.67,8.67,0.0
2017-05-14 09:10:00,GPRO,8.67,8.67,8.67,8.67,0.0
2017-05-14 09:15:00,GPRO,8.67,8.67,8.67,8.67,0.0
2017-05-14 09:20:00,GPRO,8.67,8.67,8.67,8.67,0.0
2017-05-14 09:25:00,GPRO,8.67,8.67,8.67,8.67,0.0
2017-05-14 09:30:00,GPRO,8.67,8.67,8.67,8.67,0.0
2017-05-14 09:35:00,GPRO,8.67,8.67,8.67,8.67,0.0
2017-05-14 09:40:00,GPRO,8.67,8.67,8.67,8.67,0.0
2017-05-14 09:45:00,GPRO,8.67,8.67,8.67,8.67,0.0
2017-05-14 09:50:00,GPRO,8.67,8.67,8.67,8.67,0.0
2017-05-14 09:55:00,GPRO,8.67,8.67,8.67,8.67,0.0
2017-05-14 10:00:00,GPRO,8.67,8.67,8.67,8.67,0.0
2017-05-14 10:05:00,GPRO,8.67,8.67,8.67,8.67,0.0
2017-05-14 10:10:00,GPRO,8.67,8.67,8.67,8.67,0.0
2017-05-14 10:15:00,GPRO,8.67,8.67,8.67,8.67,0.0
2017-05-14 10:20:00,GPRO,8.67,8.67,8.67,8.67,0.0
2017-05-14 10:25:00,GPRO,8.67,8.67,8.67,8.67,0.0
2017-05-14 10:30:00,GPRO,8.67,8.67,8.67,8.67,0.0
2017-05-14 10:35:00,GPRO,8.67,8.67,8.67,8.67,0.0
2017-05-14 10:40:00,GPRO,8.67,8.67,8.67,8.67,0.0
2017-05-14 10:45:00,GPRO,8.67,8.67,8.67,8.67,0.0
2017-05-14 10:50:00,GPRO,8.67,8.67,8.67,8.67,0.0
2017-05-14 10:55:00,GPRO,8.67,8.67,8.67,8.67,0.0
2017-05-14 11:00:00,GPRO,8.67,8.67,8.67,8.67,0.0
2017-05-14 11:05:00,GPRO,8.67,8.67,8.67,8.67,0.0
2017-05-14 11:10:00,GPRO,8.67,8.67,8.67,8.67,0.0
2017-05-14 11:15:00,GPRO,8.67,8.67,8.67,8.67,0.0
2017-05-14 11:20:00,GPRO,8.67,8.67,8.67,8.67,0.0
2017-05-14 11:25:00,GPRO,8.67,8.67,8.67,8.67,0.0
2017-05-14 11:30:00,GPRO,8.67,8.67,8.67,8.67,0.0
2017-05-14 11:35:00,GPRO,8.67,8.67,8.67,8.67,0.0
2017-05-14 11:40:00,GPRO,8.67,8.67,8.67,8.67,0.0
2017-05-14 11:45:00,GPRO,8.67,8.67,8.67,8.67,0.0
2017-05-14 11:50:00,GPRO,8.67,8.67,8.67,8.67,0.0
2017-05-14 11:55:00,GPRO,8.67,8.67,8.67,8.67,0.0
2017-05-14 12:00:00,GPRO,8.67,8.67,8.67,8.67,0.0
2017-05-14 12:05:00,GPRO,8.67,8.67,8.67,8.67,0.0
2017-05-14 12:10:00,GPRO,8.67,8.67,8.67,8.67,0.0
2017-05-14 12:15:00,GPRO,8.67,8.67,8.67,8.67,0.0
2017-05-14 12:20:00,GPRO,8.67,8.67,8.67,8.67,0.0
2017-05-14 12:25:00,GPRO,8.67,8.67,8.67,8.67,0.0
2017-05-14 12:30:00,GPRO,8.67,8.67,8.67,8.67,0.0
2017-05-14 12:35:00,GPRO,8.67,8.67,8.67,8.67,0.0
2017-05-14 12:40:00,GPRO,8.67,8.67,8.67,8.67,0.0
2017-05-14 12:45:00,GPRO,8.67,8.67,8.67,8.67,0.0
2017-05-14 12:50:00,GPRO,8.67,8.67,8.67,8.67,0.0
2017-05-14 12:55:00,GPRO,8.67,8.67,8.67,8.67,0.0
2017-05-14 13:00:00,GPRO,8.67,8.67,8.67,8.67,0.0
2017-05-14 13:05:00,GPRO,8.67,8.67,8.67,8.67,0.0
2017-05-14 13:10:00,GPRO,8.67,8.67,8.67,8.67,0.0
2017-05-14 13:15:00,GPRO,8.67,8.67,8.67,8.67,0.0
2017-05-14 13:20:00,GPRO,8.67,8.67,8.67,8.67,0.0
2017-05-14 13:25:00,GPRO,8.67,8.67,8.67,8.67,0.0
2017-05-14 13:30:00,GPRO,8.67,8.67,8.67,8.67,0.0
2017-05-14 13:35:00,GPRO,8.67,8.67,8.67,8.67,0.0
2017-05-14 13:40:00,GPRO,8.67,8.67,8.67,8.67,0.0
2017-05-14 13:45:00,GPRO,8.67,8.67,8.67,8.67,0.0
2017-05-14 13:50:00,GPRO,8.67,8.67,8.67,8.67,0.0
2017-05-14 13:55:00,GPRO,8.67,8.67,8.67,8.67,0.0
2017-05-14 14:00:00,GPRO,8.67,8.67,8.67,8.67,0.0
2017-05-14 14:05:00,GPRO,8.67,8.67,8.67,8.67,0.0
2017-05-14 14:10:00,GPRO,8.67,8.67,8.67,8.67,0.0
2017-05-14 14:15:00,GPRO,8.67,8.67,8.67,8.67,0.0
2017-05-14 14:20:00,GPRO,8.67,8.67,8.67,8.67,0.0
2017-05-14 14:25:00,GPRO,8.67,8.67,8.67,8.67,0.0
2017-05-14 14:30:00,GPRO,8.67,8.67,8.67,8.67,0.0
2017-05-14 14:35:00,GPRO,8.67,8.67,8.67,8.67,0.0
2017-05-14 14:40:00,GPRO,8.67,8.67,8.67,8.67,0.0
2017-05-14 14:45:00,GPRO,8.67,8.67,8.67,8.67,0.0
2017-05-14 14:50:00,GPRO,8.67,8.67,8.67,8.67,0.0
2017-05-14 14:55:00,GPRO,8.67,8.67,8.67,8.67,0.0
2017-05-14 15:00:00,GPRO,8.67,8.67,8.67,8.67,0.0
2017-05-14 15:05:00,GPRO,8.67,8.67,8.67,8.67,0.0
2017-05-14 15:10:00,GPRO,8.67,8.67,8.67,8.67,0.0
2017-05-14 15:15:00,GPRO,8.67,8.67,8.67,8.67,0.0
2017-05-14 15:20:00,GPRO,8.67,8.67,8.67,8.67,0.0
2017-05-14 15:25:00,GPRO,8.67,8.67,8.67,8.67,0.0
2017-05-14 15:30:00,GPRO,8.67,8.67,8.67,8.67,0.0
2017-05-14 15:35:00,GPRO,8.67,8.67,8.67,8.67,0.0
2017-05-14 15:40:00,GPRO,8.67,8.67,8.67,8.67,0.0
2017-05-14 15:45:00,GPRO,8.67,8.67,8.67,8.67,0.0
2017-05-14 15:50:00,GPRO,8.67,8.67,8.67,8.67,0.0
2017-05-14 15:55:00,GPRO,8.67,8.67,8.67,8.67,0.0
2017-05-14 16:00:00,GPRO,8.67,8.67,8.67,8.67,0.0
2017-05-14 16:05:00,GPRO,8.67,8.67,8.67,8.67,0.0
2017-05-14 16:10:00,GPRO,8.67,8.67,8.67,8.67,0.0
2017-05-14 16:15:00,GPRO,8.67,8.67,8.67,8.67,0.0
2017-05-14 16:20:00,GPRO,8.67,8.67,8.67,8.67,0.0
2017-05-14 16:25:00,GPRO,8.67,8.67,8.67,8.67,0.0
2017-05-14 16:30:00,GPRO,8.67,8.67,8.67,8.67,0.0
2017-05-14 16:35:00,GPRO,8.67,8.67,8.67,8.67,0.0
2017-05-14 16:40:00,GPRO,8.67,8.67,8.67,8.67,0.0
2017-05-14 16:45:00,GPRO,8.67,8.67,8.67,8.67,0.0
2017-05-14 16:50:00,GPRO,8.67,8.67,8.67,8.67,0.0
2017-05-14 16:55:00,GPRO,8.67,8.67,8.67,8.67,0.0
2017-05-14 17:00:00,GPRO,8.67,8.67,8.67,8.67,0.0
2017-05-14 17:05:00,GPRO,8.67,8.67,8.67,8.67,0.0
2017-05-14 17:10:00,GPRO,8.67,8.67,8.67,8.67,0.0
2017-05-14 17:15:00,GPRO,8.67,8.67,8.67,8.67,0.0
2017-05-14 17:20:00,GPRO,8.67,8.67,8.67,8.67,0.0
2017-05-14 17:25:00,GPRO,8.67,8.67,8.67,8.67,0.0
2017-05-14 17:30:00,GPRO,8.67,8.67,8.67,8.67,0.0
2017-05-14 17:35:00,GPRO,8.67,8.67,8.67,8.67,0.0
2017-05-14 17:40:00,GPRO,8.67,8.67,8.67,8.67,0.0
2017-05-14 17:45:00,GPRO,8.67,8.67,8.67,8.67,0.0
2017-05-14 17:50:00,GPRO,8.67,8.67,8.67,8.67,0.0
2017-05-14 17:55:00,GPRO,8.67,8.67,8.67,8.67,0.0
2017-05-14 18:00:00,GPRO,8.67,8.67,8.67,8.67,0.0
2017-05-14 18:05:00,GPRO,8.67,8.67,8.67,8.67,0.0
2017-05-14 18:10:00,GPRO,8.67,8.67,8.67,8.67,0.0
2017-05-14 18:15:00,GPRO,8.67,8.67,8.67,8.67,0.0
2017-05-14 18:20:00,GPRO,8.67,8.67,8.67,8.67,0.0
2017-05-14 18:25:00,GPRO,8.67,8.67,8.67,8.67,0.0
2017-05-14 18:30:00,GPRO,8.67,8.67,8.67,8.67,0.0
2017-05-14 18:35:00,GPRO,8.67,8.67,8.67,8.67,0.0
2017-05-14 18:40:00,GPRO,8.67,8.67,8.67,8.67,0.0
2017-05-14 18:45:00,GPRO,8.67,8.67,8.67,8.67,0.0
2017-05-14 18:50:00,GPRO,8.67,8.67,8.67,8.67,0.0
2017-05-14 18:55:00,GPRO,8.67,8.67,8.67,8.67,0.0
2017-05-14 19:00:00,GPRO,8.67,8.67,8.67,8.67,0.0
2017-05-14 19:05:00,GPRO,8.67,8.67,8.67,8.67,0.0
2017-05-14 19:10:00,GPRO,8.67,8.67,8.67,8.67,0.0
2017-05-14 19:15:00,GPRO,8.67,8.67,8.67,8.67,0.0
2017-05-14 19:20:00,GPRO,8.67,8.67,8.67,8.67,0.0
2017-05-14 19:25:00,GPRO,8.67,8.67,8.67,8.67,0.0
2017-05-14 19:30:00,GPRO,8.67,8.67,8.67,8.67,0.0
2017-05-14 19:35:00,GPRO,8.67,8.67,8.67,8.67,0.0
2017-05-14 19:40:00,GPRO,8.67,8.67,8.67,8.67,0.0
2017-05-14 19:45:00,GPRO,8.67,8.67,8.67,8.67,0.0
2017-05-14 19:50:00,GPRO,8.67,8.67,8.67,8.67,0.0
2017-05-14 19:55:00,GPRO,8.67,8.67,8.67,8.67,0.0
2017-05-14 20:00:00,GPRO,8.67,8.67,8.67,8.67,0.0
2017-05-14 20:05:00,GPRO,8.67,8.67,8.67,8.67,0.0
2017-05-14 20:10:00,GPRO,8.67,8.67,8.67,8.67,0.0
2017-05-14 20:15:00,GPRO,8.67,8.67,8.67,8.67,0.0
2017-05-14 20:20:00,GPRO,8.67,8.67,8.67,8.67,0.0
2017-05-14 20:25:00,GPRO,8.67,8.67,8.67,8.67,0.0
2017-05-14 20:30:00,GPRO,8.67,8.67,8.67,8.67,0.0
2017-05-14 20:35:00,GPRO,8.67,8.67,8.67,8.67,0.0
2017-05-14 20:40:00,GPRO,8.67,8.67,8.67,8.67,0.0
2017-05-14 20:45:00,GPRO,8.67,8.67,8.67,8.67,0.0
2017-05-14 20:50:00,GPRO,8.67,8.67,8.67,8.67,0.0
2017-05-14 20:55:00,GPRO,8.67,8.67,8.67,8.67,0.0
2017-05-15 08:00:00,GPRO,8.58,8.58,8.58,8.58,0.0
2017-05-15 08:05:00,GPRO,8.58,8.58,8.57,8.575,0.0
2017-05-15 08:10:00,GPRO,8.575,8.575,8.575,8.575,0.0
2017-05-15 08:15:00,GPRO,8.575,8.575,8.575,8.575,0.0
2017-05-15 08:20:00,GPRO,8.575,8.575,8.575,8.575,0.0
2017-05-15 08:25:00,GPRO,8.575,8.575,8.575,8.575,0.0
2017-05-15 08:30:00,GPRO,8.575,8.575,8.575,8.575,0.0
2017-05-15 08:35:00,GPRO,8.575,8.575,8.575,8.575,0.0
2017-05-15 08:40:00,GPRO,8.575,8.58,8.575,8.58,0.0
2017-05-15 08:45:00,GPRO,8.58,8.58,8.575,8.575,740.0
2017-05-15 08:50:00,GPRO,8.575,8.575,8.575,8.575,0.0
2017-05-15 08:55:00,GPRO,8.575,8.575,8.575,8.575,0.0
2017-05-15 09:00:00,GPRO,8.575,8.575,8.575,8.575,30.0
2017-05-15 09:05:00,GPRO,8.575,8.575,8.575,8.575,20.0
2017-05-15 09:10:00,GPRO,8.575,8.575,8.575,8.575,0.0
2017-05-15 09:15:00,GPRO,8.575,8.575,8.575,8.575,100.0
2017-05-15 09:20:00,GPRO,8.575,8.575,8.575,8.575,0.0
2017-05-15 09:25:00,GPRO,8.575,8.575,8.575,8.575,0.0
2017-05-15 09:30:00,GPRO,8.575,8.575,8.565,8.565,0.0
2017-05-15 09:35:00,GPRO,8.565,8.585,8.545,8.565,62961.0
2017-05-15 09:40:00,GPRO,8.565,8.605,8.555,8.595,60449.0
2017-05-15 09:45:00,GPRO,8.595,8.635,8.595,8.615,35820.0
2017-05-15 09:50:00,GPRO,8.615,8.675,8.615,8.645,95891.0
2017-05-15 09:55:00,GPRO,8.645,8.665,8.635,8.655,12752.0
2017-05-15 10:00:00,GPRO,8.655,8.665,8.645,8.645,24677.0
2017-05-15 10:05:00,GPRO,8.645,8.655,8.605,8.615,23753.0
2017-05-15 10:10:00,GPRO,8.615,8.635,8.575,8.635,32176.0
2017-05-15 10:15:00,GPRO,8.635,8.655,8.625,8.655,17740.0
2017-05-15 10:20:00,GPRO,8.655,8.675,8.655,8.665,32789.0
2017-05-15 10:25:00,GPRO,8.665,8.685,8.665,8.685,30540.0
2017-05-15 10:30:00,GPRO,8.685,8.715,8.685,8.705,109368.0
2017-05-15 10:35:00,GPRO,8.705,8.745,8.705,8.735,39849.0
2017-05-15 10:40:00,GPRO,8.735,8.755,8.735,8.755,39990.0
2017-05-15 10:45:00,GPRO,8.755,8.755,8.715,8.745,85430.0
2017-05-15 10:50:00,GPRO,8.745,8.745,8.725,8.745,25831.0
2017-05-15 10:55:00,GPRO,8.745,8.795,8.745,8.765,85102.0
2017-05-15 11:00:00,GPRO,8.765,8.775,8.745,8.765,17370.0
2017-05-15 11:05:00,GPRO,8.765,8.775,8.725,8.745,39188.0
2017-05-15 11:10:00,GPRO,8.745,8.745,8.735,8.735,10259.0
2017-05-15 11:15:00,GPRO,8.735,8.735,8.705,8.715,17211.0
2017-05-15 11:20:00,GPRO,8.715,8.72,8.705,8.715,8934.0
2017-05-15 11:25:00,GPRO,8.715,8.715,8.695,8.705,19357.0
2017-05-15 11:30:00,GPRO,8.705,8.705,8.685,8.695,32184.0
2017-05-15 11:35:00,GPRO,8.695,8.695,8.655,8.655,25563.0
2017-05-15 11:40:00,GPRO,8.655,8.675,8.655,8.675,8541.0
2017-05-15 11:45:00,GPRO,8.675,8.685,8.665,8.685,8586.0
2017-05-15 11:50:00,GPRO,8.685,8.695,8.675,8.685,7380.0
2017-05-15 11:55:00,GPRO,8.685,8.685,8.685,8.685,3408.0
2017-05-15 12:00:00,GPRO,8.685,8.695,8.685,8.695,21103.0
2017-05-15 12:05:00,GPRO,8.695,8.695,8.695,8.695,2138.0
2017-05-15 12:10:00,GPRO,8.695,8.695,8.675,8.675,12086.0
2017-05-15 12:15:00,GPRO,8.675,8.675,8.655,8.655,19545.0
2017-05-15 12:20:00,GPRO,8.655,8.655,8.635,8.645,30632.0
2017-05-15 12:25:00,GPRO,8.645,8.665,8.645,8.665,7840.0
2017-05-15 12:30:00,GPRO,8.665,8.675,8.665,8.665,7640.0
2017-05-15 12:35:00,GPRO,8.665,8.675,8.665,8.675,16371.0
2017-05-15 12:40:00,GPRO,8.675,8.685,8.675,8.685,9214.0
2017-05-15 12:45:00,GPRO,8.685,8.685,8.665,8.665,49125.0
2017-05-15 12:50:00,GPRO,8.665,8.675,8.645,8.645,38488.0
2017-05-15 12:55:00,GPRO,8.645,8.655,8.645,8.655,8211.0
2017-05-15 13:00:00,GPRO,8.655,8.655,8.645,8.655,9443.0
2017-05-15 13:05:00,GPRO,8.655,8.675,8.655,8.675,75230.0
2017-05-15 13:10:00,GPRO,8.675,8.675,8.675,8.675,2912.0
2017-05-15 13:15:00,GPRO,8.675,8.685,8.675,8.685,10065.0
2017-05-15 13:20:00,GPRO,8.685,8.695,8.665,8.675,17730.0
2017-05-15 13:25:00,GPRO,8.675,8.675,8.655,8.655,16939.0
2017-05-15 13:30:00,GPRO,8.655,8.675,8.655,8.675,31812.0
2017-05-15 13:35:00,GPRO,8.675,8.695,8.675,8.685,8399.0
2017-05-15 13:40:00,GPRO,8.685,8.695,8.685,8.685,13129.0
2017-05-15 13:45:00,GPRO,8.685,8.695,8.685,8.695,8662.0
2017-05-15 13:50:00,GPRO,8.695,8.715,8.695,8.715,8994.0
2017-05-15 13:55:00,GPRO,8.715,8.715,8.705,8.705,7894.0
2017-05-15 14:00:00,GPRO,8.705,8.705,8.695,8.705,11134.0
2017-05-15 14:05:00,GPRO,8.705,8.715,8.705,8.715,31489.0
2017-05-15 14:10:00,GPRO,8.715,8.715,8.705,8.705,8651.0
2017-05-15 14:15:00,GPRO,8.705,8.705,8.695,8.695,7012.0
2017-05-15 14:20:00,GPRO,8.695,8.705,8.695,8.705,8994.0
2017-05-15 14:25:00,GPRO,8.705,8.705,8.695,8.695,4223.0
2017-05-15 14:30:00,GPRO,8.695,8.695,8.655,8.655,33781.0
2017-05-15 14:35:00,GPRO,8.655,8.665,8.655,8.665,14471.0
2017-05-15 14:40:00,GPRO,8.665,8.665,8.665,8.665,4384.0
2017-05-15 14:45:00,GPRO,8.665,8.665,8.655,8.665,13167.0
2017-05-15 14:50:00,GPRO,8.665,8.665,8.665,8.665,4745.0
2017-05-15 14:55:00,GPRO,8.665,8.665,8.645,8.655,20795.0
2017-05-15 15:00:00,GPRO,8.655,8.655,8.645,8.645,14123.0
2017-05-15 15:05:00,GPRO,8.645,8.655,8.635,8.635,17162.0
2017-05-15 15:10:00,GPRO,8.635,8.645,8.635,8.645,12224.0
2017-05-15 15:15:00,GPRO,8.645,8.645,8.625,8.635,26071.0
2017-05-15 15:20:00,GPRO,8.635,8.645,8.625,8.625,8504.0
2017-05-15 15:25:00,GPRO,8.625,8.635,8.625,8.635,10518.0
2017-05-15 15:30:00,GPRO,8.635,8.645,8.635,8.645,6066.0
2017-05-15 15:35:00,GPRO,8.645,8.645,8.625,8.635,19018.0
2017-05-15 15:40:00,GPRO,8.635,8.635,8.585,8.595,88768.0
2017-05-15 15:45:00,GPRO,8.595,8.605,8.595,8.605,42979.0
2017-05-15 15:50:00,GPRO,8.605,8.615,8.605,8.615,24548.0
2017-05-15 15:55:00,GPRO,8.615,8.635,8.615,8.625,35086.0
2017-05-15 16:00:00,GPRO,8.625,8.635,8.625,8.625,40787.0
2017-05-15 16:05:00,GPRO,8.625,8.625,8.62,8.625,75387.0
2017-05-15 16:10:00,GPRO,8.625,8.7,8.625,8.695,0.0
2017-05-15 16:15:00,GPRO,8.695,8.7,8.675,8.675,101.0
2017-05-15 16:20:00,GPRO,8.675,8.675,8.67,8.67,0.0
2017-05-15 16:25:00,GPRO,8.67,8.675,8.665,8.665,100.0
2017-05-15 16:30:00,GPRO,8.665,8.67,8.625,8.625,0.0
2017-05-15 16:35:00,GPRO,8.625,8.625,8.625,8.625,0.0
2017-05-15 16:40:00,GPRO,8.625,8.63,8.625,8.625,3035.0
2017-05-15 16:45:00,GPRO,8.625,8.63,8.625,8.625,10.0
2017-05-15 16:50:00,GPRO,8.625,8.625,8.625,8.625,0.0
2017-05-15 16:55:00,GPRO,8.625,8.645,8.625,8.645,301.0
2017-05-15 17:00:00,GPRO,8.645,8.645,8.645,8.645,5.0
2017-05-15 17:05:00,GPRO,8.645,8.645,8.645,8.645,0.0
2017-05-15 17:10:00,GPRO,8.645,8.645,8.645,8.645,0.0
2017-05-15 17:15:00,GPRO,8.645,8.645,8.645,8.645,0.0
2017-05-15 17:20:00,GPRO,8.645,8.645,8.645,8.645,0.0
2017-05-15 17:25:00,GPRO,8.645,8.645,8.645,8.645,0.0
2017-05-15 17:30:00,GPRO,8.645,8.645,8.645,8.645,0.0
2017-05-15 17:35:00,GPRO,8.645,8.645,8.645,8.645,0.0
2017-05-15 17:40:00,GPRO,8.645,8.645,8.645,8.645,0.0
2017-05-15 17:45:00,GPRO,8.645,8.645,8.63,8.63,565.0
2017-05-15 17:50:00,GPRO,8.63,8.645,8.63,8.645,250.0
2017-05-15 17:55:00,GPRO,8.645,8.645,8.645,8.645,620.0
2017-05-15 18:00:00,GPRO,8.645,8.645,8.645,8.645,12.0
2017-05-15 18:05:00,GPRO,8.645,8.645,8.645,8.645,0.0
2017-05-15 18:10:00,GPRO,8.645,8.645,8.645,8.645,0.0
2017-05-15 18:15:00,GPRO,8.645,8.645,8.645,8.645,0.0
2017-05-15 18:20:00,GPRO,8.645,8.645,8.645,8.645,0.0
2017-05-15 18:25:00,GPRO,8.645,8.645,8.645,8.645,0.0
2017-05-15 18:30:00,GPRO,8.645,8.645,8.645,8.645,0.0
2017-05-15 18:35:00,GPRO,8.645,8.645,8.645,8.645,0.0
2017-05-15 18:40:00,GPRO,8.645,8.645,8.645,8.645,0.0
2017-05-15 18:45:00,GPRO,8.645,8.645,8.645,8.645,0.0
2017-05-15 18:50:00,GPRO,8.645,8.645,8.645,8.645,0.0
2017-05-15 18:55:00,GPRO,8.645,8.645,8.645,8.645,0.0
2017-05-15 19:00:00,GPRO,8.645,8.645,8.645,8.645,0.0
2017-05-15 19:05:00,GPRO,8.645,8.645,8.645,8.645,0.0
2017-05-15 19:10:00,GPRO,8.645,8.645,8.645,8.645,0.0
2017-05-15 19:15:00,GPRO,8.645,8.645,8.645,8.645,0.0
2017-05-15 19:20:00,GPRO,8.645,8.645,8.645,8.645,0.0
2017-05-15 19:25:00,GPRO,8.645,8.645,8.645,8.645,0.0
2017-05-15 19:30:00,GPRO,8.645,8.645,8.645,8.645,0.0
2017-05-15 19:35:00,GPRO,8.645,8.645,8.645,8.645,0.0
2017-05-15 19:40:00,GPRO,8.645,8.645,8.645,8.645,4988.0
2017-05-15 19:45:00,GPRO,8.645,8.645,8.645,8.645,0.0
2017-05-15 19:50:00,GPRO,8.645,8.645,8.645,8.645,0.0
2017-05-15 19:55:00,GPRO,8.645,8.645,8.645,8.645,0.0
2017-05-15 20:00:00,GPRO,8.645,8.645,8.645,8.645,0.0
2017-05-15 20:05:00,GPRO,8.645,8.665,8.645,8.665,0.0
2017-05-15 20:10:00,GPRO,8.665,8.665,8.665,8.665,0.0
2017-05-15 20:15:00,GPRO,8.665,8.665,8.665,8.665,0.0
2017-05-15 20:20:00,GPRO,8.665,8.665,8.665,8.665,0.0
2017-05-15 20:25:00,GPRO,8.665,8.665,8.665,8.665,0.0
2017-05-15 20:30:00,GPRO,8.665,8.665,8.665,8.665,0.0
2017-05-15 20:35:00,GPRO,8.665,8.665,8.665,8.665,0.0
2017-05-15 20:40:00,GPRO,8.665,8.665,8.665,8.665,0.0
2017-05-15 20:45:00,GPRO,8.665,8.665,8.665,8.665,0.0
2017-05-15 20:50:00,GPRO,8.665,8.665,8.665,8.665,0.0
2017-05-15 20:55:00,GPRO,8.665,8.665,8.665,8.665,0.0
2017-05-16 08:00:00,GPRO,8.675,8.675,8.675,8.675,0.0
2017-05-16 08:05:00,GPRO,8.675,8.69,8.675,8.69,0.0
2017-05-16 08:10:00,GPRO,8.69,8.69,8.69,8.69,0.0
2017-05-16 08:15:00,GPRO,8.69,8.69,8.69,8.69,0.0
2017-05-16 08:20:00,GPRO,8.69,8.69,8.69,8.69,0.0
2017-05-16 08:25:00,GPRO,8.69,8.69,8.69,8.69,0.0
2017-05-16 08:30:00,GPRO,8.69,8.715,8.69,8.715,0.0
2017-05-16 08:35:00,GPRO,8.715,8.715,8.715,8.715,0.0
2017-05-16 08:40:00,GPRO,8.715,8.715,8.715,8.715,0.0
2017-05-16 08:45:00,GPRO,8.715,8.715,8.715,8.715,0.0
2017-05-16 08:50:00,GPRO,8.715,8.72,8.715,8.72,0.0
2017-05-16 08:55:00,GPRO,8.72,8.72,8.72,8.72,0.0
2017-05-16 09:00:00,GPRO,8.72,8.72,8.72,8.72,0.0
2017-05-16 09:05:00,GPRO,8.72,8.72,8.705,8.705,1.0
2017-05-16 09:10:00,GPRO,8.705,8.705,8.705,8.705,0.0
2017-05-16 09:15:00,GPRO,8.705,8.705,8.705,8.705,1.0
2017-05-16 09:20:00,GPRO,8.705,8.705,8.705,8.705,1.0
2017-05-16 09:25:00,GPRO,8.705,8.705,8.705,8.705,0.0
2017-05-16 09:30:00,GPRO,8.705,8.705,8.685,8.685,100.0
2017-05-16 09:35:00,GPRO,8.685,8.685,8.625,8.65,58684.0
2017-05-16 09:40:00,GPRO,8.65,8.68,8.645,8.655,10207.0
2017-05-16 09:45:00,GPRO,8.655,8.695,8.655,8.67,15487.0
2017-05-16 09:50:00,GPRO,8.67,8.695,8.67,8.675,13925.0
2017-05-16 09:55:00,GPRO,8.675,8.715,8.675,8.685,36021.0
2017-05-16 10:00:00,GPRO,8.685,8.735,8.675,8.715,33750.0
2017-05-16 10:05:00,GPRO,8.715,8.725,8.695,8.715,14593.0
2017-05-16 10:10:00,GPRO,8.715,8.725,8.705,8.715,18602.0
2017-05-16 10:15:00,GPRO,8.715,8.735,8.705,8.725,22301.0
2017-05-16 10:20:00,GPRO,8.725,8.725,8.675,8.685,37247.0
2017-05-16 10:25:00,GPRO,8.685,8.695,8.665,8.665,22731.0
2017-05-16 10:30:00,GPRO,8.665,8.665,8.625,8.655,20088.0
2017-05-16 10:35:00,GPRO,8.655,8.695,8.655,8.685,19672.0
2017-05-16 10:40:00,GPRO,8.685,8.685,8.665,8.675,7184.0
2017-05-16 10:45:00,GPRO,8.675,8.675,8.645,8.665,14287.0
2017-05-16 10:50:00,GPRO,8.665,8.685,8.665,8.675,18489.0
2017-05-16 10:55:00,GPRO,8.675,8.715,8.675,8.695,65370.0
2017-05-16 11:00:00,GPRO,8.695,8.705,8.695,8.695,7025.0
2017-05-16 11:05:00,GPRO,8.695,8.715,8.685,8.705,15328.0
2017-05-16 11:10:00,GPRO,8.705,8.725,8.705,8.725,14628.0
2017-05-16 11:15:00,GPRO,8.725,8.725,8.705,8.705,20152.0
2017-05-16 11:20:00,GPRO,8.705,8.715,8.695,8.695,33428.0
2017-05-16 11:25:00,GPRO,8.695,8.695,8.675,8.695,16690.0
2017-05-16 11:30:00,GPRO,8.695,8.695,8.675,8.675,4926.0
2017-05-16 11:35:00,GPRO,8.675,8.675,8.655,8.655,17735.0
2017-05-16 11:40:00,GPRO,8.655,8.675,8.655,8.675,7701.0
2017-05-16 11:45:00,GPRO,8.675,8.685,8.665,8.665,10841.0
2017-05-16 11:50:00,GPRO,8.665,8.665,8.645,8.655,14944.0
2017-05-16 11:55:00,GPRO,8.655,8.665,8.655,8.655,17721.0
2017-05-16 12:00:00,GPRO,8.655,8.665,8.645,8.645,8761.0
2017-05-16 12:05:00,GPRO,8.645,8.655,8.635,8.655,27616.0
2017-05-16 12:10:00,GPRO,8.655,8.675,8.645,8.665,26012.0
2017-05-16 12:15:00,GPRO,8.665,8.675,8.655,8.655,8653.0
2017-05-16 12:20:00,GPRO,8.655,8.665,8.655,8.655,15312.0
2017-05-16 12:25:00,GPRO,8.655,8.665,8.645,8.645,13094.0
2017-05-16 12:30:00,GPRO,8.645,8.645,8.635,8.645,15589.0
2017-05-16 12:35:00,GPRO,8.645,8.645,8.615,8.625,64724.0
2017-05-16 12:40:00,GPRO,8.625,8.635,8.625,8.635,5208.0
2017-05-16 12:45:00,GPRO,8.635,8.645,8.635,8.645,4743.0
2017-05-16 12:50:00,GPRO,8.645,8.675,8.645,8.675,34448.0
2017-05-16 12:55:00,GPRO,8.675,8.675,8.655,8.665,27536.0
2017-05-16 13:00:00,GPRO,8.665,8.675,8.665,8.675,14133.0
2017-05-16 13:05:00,GPRO,8.675,8.675,8.655,8.665,7560.0
2017-05-16 13:10:00,GPRO,8.665,8.665,8.665,8.665,10006.0
2017-05-16 13:15:00,GPRO,8.665,8.665,8.665,8.665,3883.0
2017-05-16 13:20:00,GPRO,8.665,8.665,8.625,8.625,17310.0
2017-05-16 13:25:00,GPRO,8.625,8.635,8.625,8.635,11259.0
2017-05-16 13:30:00,GPRO,8.635,8.635,8.625,8.635,6738.0
2017-05-16 13:35:00,GPRO,8.635,8.645,8.635,8.645,3162.0
2017-05-16 13:40:00,GPRO,8.645,8.645,8.635,8.645,9437.0
2017-05-16 13:45:00,GPRO,8.645,8.645,8.635,8.635,7616.0
2017-05-16 13:50:00,GPRO,8.635,8.635,8.625,8.625,7674.0
2017-05-16 13:55:00,GPRO,8.625,8.625,8.605,8.625,23376.0
2017-05-16 14:00:00,GPRO,8.625,8.625,8.595,8.595,19331.0
2017-05-16 14:05:00,GPRO,8.595,8.615,8.595,8.615,20447.0
2017-05-16 14:10:00,GPRO,8.615,8.615,8.595,8.595,28688.0
2017-05-16 14:15:00,GPRO,8.595,8.605,8.595,8.605,23288.0
2017-05-16 14:20:00,GPRO,8.605,8.625,8.605,8.625,12544.0
2017-05-16 14:25:00,GPRO,8.625,8.645,8.625,8.625,35260.0
2017-05-16 14:30:00,GPRO,8.625,8.645,8.615,8.645,13826.0
2017-05-16 14:35:00,GPRO,8.645,8.645,8.635,8.645,38344.0
2017-05-16 14:40:00,GPRO,8.645,8.645,8.615,8.625,9947.0
2017-05-16 14:45:00,GPRO,8.625,8.635,8.625,8.635,7507.0
2017-05-16 14:50:00,GPRO,8.635,8.645,8.635,8.645,15685.0
2017-05-16 14:55:00,GPRO,8.645,8.645,8.635,8.645,11804.0
2017-05-16 15:00:00,GPRO,8.645,8.645,8.625,8.625,8989.0
2017-05-16 15:05:00,GPRO,8.625,8.705,8.625,8.675,117961.0
2017-05-16 15:10:00,GPRO,8.675,8.685,8.675,8.675,6838.0
2017-05-16 15:15:00,GPRO,8.675,8.675,8.655,8.675,9952.0
2017-05-16 15:20:00,GPRO,8.675,8.675,8.675,8.675,4012.0
2017-05-16 15:25:00,GPRO,8.675,8.675,8.665,8.665,6203.0
2017-05-16 15:30:00,GPRO,8.665,8.675,8.665,8.675,6235.0
2017-05-16 15:35:00,GPRO,8.675,8.675,8.675,8.675,9172.0
2017-05-16 15:40:00,GPRO,8.675,8.675,8.665,8.665,16918.0
2017-05-16 15:45:00,GPRO,8.665,8.675,8.665,8.675,25050.0
2017-05-16 15:50:00,GPRO,8.675,8.675,8.675,8.675,18140.0
2017-05-16 15:55:00,GPRO,8.675,8.685,8.675,8.685,35707.0
2017-05-16 16:00:00,GPRO,8.685,8.685,8.675,8.685,48048.0
2017-05-16 16:05:00,GPRO,8.685,8.69,8.68,8.68,40697.0
2017-05-16 16:10:00,GPRO,8.68,8.695,8.655,8.695,0.0
2017-05-16 16:15:00,GPRO,8.695,8.695,8.66,8.665,0.0
2017-05-16 16:20:00,GPRO,8.665,8.67,8.655,8.66,0.0
2017-05-16 16:25:00,GPRO,8.66,8.66,8.63,8.64,2719.0
2017-05-16 16:30:00,GPRO,8.64,8.64,8.635,8.635,0.0
2017-05-16 16:35:00,GPRO,8.635,8.64,8.635,8.635,2037.0
2017-05-16 16:40:00,GPRO,8.635,8.64,8.635,8.635,0.0
2017-05-16 16:45:00,GPRO,8.635,8.64,8.635,8.64,0.0
2017-05-16 16:50:00,GPRO,8.64,8.64,8.635,8.635,0.0
2017-05-16 16:55:00,GPRO,8.635,8.64,8.635,8.64,0.0
2017-05-16 17:00:00,GPRO,8.64,8.64,8.635,8.635,0.0
2017-05-16 17:05:00,GPRO,8.635,8.64,8.635,8.635,0.0
2017-05-16 17:10:00,GPRO,8.635,8.64,8.635,8.64,0.0
2017-05-16 17:15:00,GPRO,8.64,8.64,8.635,8.635,0.0
2017-05-16 17:20:00,GPRO,8.635,8.685,8.635,8.685,10.0
2017-05-16 17:25:00,GPRO,8.685,8.685,8.685,8.685,0.0
2017-05-16 17:30:00,GPRO,8.685,8.685,8.685,8.685,0.0
2017-05-16 17:35:00,GPRO,8.685,8.685,8.685,8.685,0.0
2017-05-16 17:40:00,GPRO,8.685,8.685,8.685,8.685,0.0
2017-05-16 17:45:00,GPRO,8.685,8.685,8.685,8.685,0.0
2017-05-16 17:50:00,GPRO,8.685,8.685,8.685,8.685,0.0
2017-05-16 17:55:00,GPRO,8.685,8.685,8.685,8.685,0.0
2017-05-16 18:00:00,GPRO,8.685,8.685,8.685,8.685,0.0
2017-05-16 18:05:00,GPRO,8.685,8.685,8.64,8.64,0.0
2017-05-16 18:10:00,GPRO,8.64,8.64,8.64,8.64,0.0
2017-05-16 18:15:00,GPRO,8.64,8.64,8.64,8.64,0.0
2017-05-16 18:20:00,GPRO,8.64,8.64,8.64,8.64,0.0
2017-05-16 18:25:00,GPRO,8.64,8.64,8.64,8.64,0.0
2017-05-16 18:30:00,GPRO,8.64,8.64,8.64,8.64,0.0
2017-05-16 18:35:00,GPRO,8.64,8.645,8.64,8.645,0.0
2017-05-16 18:40:00,GPRO,8.645,8.645,8.645,8.645,0.0
2017-05-16 18:45:00,GPRO,8.645,8.645,8.645,8.645,0.0
2017-05-16 18:50:00,GPRO,8.645,8.645,8.645,8.645,0.0
2017-05-16 18:55:00,GPRO,8.645,8.645,8.645,8.645,0.0
2017-05-16 19:00:00,GPRO,8.645,8.645,8.645,8.645,0.0
2017-05-16 19:05:00,GPRO,8.645,8.645,8.645,8.645,0.0
2017-05-16 19:10:00,GPRO,8.645,8.645,8.645,8.645,0.0
2017-05-16 19:15:00,GPRO,8.645,8.645,8.645,8.645,0.0
2017-05-16 19:20:00,GPRO,8.645,8.645,8.645,8.645,0.0
2017-05-16 19:25:00,GPRO,8.645,8.645,8.645,8.645,0.0
2017-05-16 19:30:00,GPRO,8.645,8.645,8.645,8.645,0.0
2017-05-16 19:35:00,GPRO,8.645,8.645,8.645,8.645,0.0
2017-05-16 19:40:00,GPRO,8.645,8.645,8.645,8.645,0.0
2017-05-16 19:45:00,GPRO,8.645,8.645,8.645,8.645,0.0
2017-05-16 19:50:00,GPRO,8.645,8.645,8.645,8.645,0.0
2017-05-16 19:55:00,GPRO,8.645,8.645,8.645,8.645,0.0
2017-05-16 20:00:00,GPRO,8.645,8.645,8.645,8.645,0.0
2017-05-16 20:05:00,GPRO,8.645,8.645,8.635,8.635,0.0
2017-05-16 20:10:00,GPRO,8.635,8.635,8.635,8.635,0.0
2017-05-16 20:15:00,GPRO,8.635,8.635,8.635,8.635,0.0
2017-05-16 20:20:00,GPRO,8.635,8.635,8.635,8.635,0.0
2017-05-16 20:25:00,GPRO,8.635,8.635,8.635,8.635,0.0
2017-05-16 20:30:00,GPRO,8.635,8.635,8.635,8.635,0.0
2017-05-16 20:35:00,GPRO,8.635,8.635,8.635,8.635,0.0
2017-05-16 20:40:00,GPRO,8.635,8.635,8.635,8.635,0.0
2017-05-16 20:45:00,GPRO,8.635,8.635,8.635,8.635,0.0
2017-05-16 20:50:00,GPRO,8.635,8.635,8.635,8.635,0.0
2017-05-16 20:55:00,GPRO,8.635,8.635,8.635,8.635,0.0
2017-05-17 08:00:00,GPRO,8.65,8.65,8.65,8.65,0.0
2017-05-17 08:05:00,GPRO,8.65,8.65,8.65,8.65,4200.0
2017-05-17 08:10:00,GPRO,8.65,8.65,8.65,8.65,0.0
2017-05-17 08:15:00,GPRO,8.65,8.65,8.65,8.65,0.0
2017-05-17 08:20:00,GPRO,8.65,8.65,8.65,8.65,0.0
2017-05-17 08:25:00,GPRO,8.65,8.65,8.65,8.65,0.0
2017-05-17 08:30:00,GPRO,8.65,8.65,8.65,8.65,0.0
2017-05-17 08:35:00,GPRO,8.65,8.65,8.65,8.65,0.0
2017-05-17 08:40:00,GPRO,8.65,8.65,8.65,8.65,0.0
2017-05-17 08:45:00,GPRO,8.65,8.65,8.65,8.65,3000.0
2017-05-17 08:50:00,GPRO,8.65,8.65,8.65,8.65,400.0
2017-05-17 08:55:00,GPRO,8.65,8.65,8.65,8.65,0.0
2017-05-17 09:00:00,GPRO,8.65,8.65,8.65,8.65,0.0
2017-05-17 09:05:00,GPRO,8.65,8.65,8.625,8.645,159.0
2017-05-17 09:10:00,GPRO,8.645,8.645,8.635,8.635,750.0
2017-05-17 09:15:00,GPRO,8.635,8.635,8.595,8.595,3250.0
2017-05-17 09:20:00,GPRO,8.595,8.64,8.595,8.64,1566.0
2017-05-17 09:25:00,GPRO,8.64,8.64,8.625,8.625,1.0
2017-05-17 09:30:00,GPRO,8.625,8.625,8.62,8.625,6.0
2017-05-17 09:35:00,GPRO,8.625,8.625,8.555,8.565,83291.0
2017-05-17 09:40:00,GPRO,8.565,8.565,8.515,8.535,59651.0
2017-05-17 09:45:00,GPRO,8.535,8.545,8.495,8.495,42311.0
2017-05-17 09:50:00,GPRO,8.495,8.505,8.475,8.495,56133.0
2017-05-17 09:55:00,GPRO,8.495,8.495,8.465,8.495,31134.0
2017-05-17 10:00:00,GPRO,8.495,8.495,8.465,8.465,50375.0
2017-05-17 10:05:00,GPRO,8.465,8.475,8.465,8.475,12846.0
2017-05-17 10:10:00,GPRO,8.475,8.535,8.465,8.515,26790.0
2017-05-17 10:15:00,GPRO,8.515,8.515,8.465,8.475,55351.0
2017-05-17 10:20:00,GPRO,8.475,8.485,8.465,8.475,9353.0
2017-05-17 10:25:00,GPRO,8.475,8.495,8.465,8.475,12715.0
2017-05-17 10:30:00,GPRO,8.475,8.475,8.455,8.465,22630.0
2017-05-17 10:35:00,GPRO,8.465,8.485,8.465,8.475,7979.0
2017-05-17 10:40:00,GPRO,8.475,8.475,8.405,8.415,120550.0
2017-05-17 10:45:00,GPRO,8.415,8.445,8.415,8.415,39453.0
2017-05-17 10:50:00,GPRO,8.415,8.425,8.405,8.405,17281.0
2017-05-17 10:55:00,GPRO,8.405,8.425,8.405,8.415,24513.0
2017-05-17 11:00:00,GPRO,8.415,8.415,8.395,8.405,59360.0
2017-05-17 11:05:00,GPRO,8.405,8.405,8.375,8.375,21578.0
2017-05-17 11:10:00,GPRO,8.375,8.425,8.375,8.405,30770.0
2017-05-17 11:15:00,GPRO,8.405,8.435,8.405,8.435,21595.0
2017-05-17 11:20:00,GPRO,8.435,8.445,8.425,8.435,22162.0
2017-05-17 11:25:00,GPRO,8.435,8.445,8.415,8.415,13627.0
2017-05-17 11:30:00,GPRO,8.415,8.425,8.415,8.425,17125.0
2017-05-17 11:35:00,GPRO,8.425,8.425,8.395,8.395,5448.0
2017-05-17 11:40:00,GPRO,8.395,8.405,8.395,8.405,18503.0
2017-05-17 11:45:00,GPRO,8.405,8.425,8.405,8.415,38608.0
2017-05-17 11:50:00,GPRO,8.415,8.43,8.415,8.425,10254.0
2017-05-17 11:55:00,GPRO,8.425,8.445,8.425,8.435,20220.0
2017-05-17 12:00:00,GPRO,8.435,8.465,8.435,8.465,14446.0
2017-05-17 12:05:00,GPRO,8.465,8.465,8.425,8.445,42699.0
2017-05-17 12:10:00,GPRO,8.445,8.455,8.445,8.455,43693.0
2017-05-17 12:15:00,GPRO,8.455,8.455,8.425,8.425,24712.0
2017-05-17 12:20:00,GPRO,8.425,8.425,8.425,8.425,8768.0
2017-05-17 12:25:00,GPRO,8.425,8.425,8.405,8.425,42182.0
2017-05-17 12:30:00,GPRO,8.425,8.425,8.415,8.415,7500.0
2017-05-17 12:35:00,GPRO,8.415,8.415,8.415,8.415,29858.0
2017-05-17 12:40:00,GPRO,8.415,8.425,8.415,8.415,5922.0
2017-05-17 12:45:00,GPRO,8.415,8.425,8.405,8.405,12420.0
2017-05-17 12:50:00,GPRO,8.405,8.435,8.405,8.415,35070.0
2017-05-17 12:55:00,GPRO,8.415,8.445,8.415,8.445,18229.0
2017-05-17 13:00:00,GPRO,8.445,8.445,8.435,8.445,4923.0
2017-05-17 13:05:00,GPRO,8.445,8.455,8.435,8.455,8904.0
2017-05-17 13:10:00,GPRO,8.455,8.465,8.435,8.455,25460.0
2017-05-17 13:15:00,GPRO,8.455,8.465,8.445,8.465,21762.0
2017-05-17 13:20:00,GPRO,8.465,8.465,8.435,8.445,11939.0
2017-05-17 13:25:00,GPRO,8.445,8.445,8.445,8.445,10201.0
2017-05-17 13:30:00,GPRO,8.445,8.455,8.435,8.445,13301.0
2017-05-17 13:35:00,GPRO,8.445,8.455,8.435,8.455,7104.0
2017-05-17 13:40:00,GPRO,8.455,8.465,8.435,8.465,29558.0
2017-05-17 13:45:00,GPRO,8.465,8.465,8.435,8.445,16517.0
2017-05-17 13:50:00,GPRO,8.445,8.455,8.435,8.455,46100.0
2017-05-17 13:55:00,GPRO,8.455,8.465,8.455,8.465,5886.0
2017-05-17 14:00:00,GPRO,8.465,8.465,8.455,8.455,5668.0
2017-05-17 14:05:00,GPRO,8.455,8.455,8.435,8.445,15708.0
2017-05-17 14:10:00,GPRO,8.445,8.445,8.415,8.415,20237.0
2017-05-17 14:15:00,GPRO,8.415,8.425,8.405,8.415,20728.0
2017-05-17 14:20:00,GPRO,8.415,8.415,8.405,8.405,49786.0
2017-05-17 14:25:00,GPRO,8.405,8.415,8.395,8.405,40955.0
2017-05-17 14:30:00,GPRO,8.405,8.425,8.405,8.405,7907.0
2017-05-17 14:35:00,GPRO,8.405,8.415,8.395,8.415,33162.0
2017-05-17 14:40:00,GPRO,8.415,8.415,8.395,8.395,14695.0
2017-05-17 14:45:00,GPRO,8.395,8.395,8.385,8.395,16673.0
2017-05-17 14:50:00,GPRO,8.395,8.395,8.375,8.385,28882.0
2017-05-17 14:55:00,GPRO,8.385,8.405,8.385,8.405,21274.0
2017-05-17 15:00:00,GPRO,8.405,8.425,8.405,8.415,16118.0
2017-05-17 15:05:00,GPRO,8.415,8.415,8.405,8.415,16757.0
2017-05-17 15:10:00,GPRO,8.415,8.415,8.405,8.415,21836.0
2017-05-17 15:15:00,GPRO,8.415,8.445,8.415,8.445,25516.0
2017-05-17 15:20:00,GPRO,8.445,8.445,8.435,8.445,12452.0
2017-05-17 15:25:00,GPRO,8.445,8.445,8.435,8.435,15974.0
2017-05-17 15:30:00,GPRO,8.435,8.435,8.425,8.425,19543.0
2017-05-17 15:35:00,GPRO,8.425,8.435,8.425,8.435,8188.0
2017-05-17 15:40:00,GPRO,8.435,8.455,8.435,8.455,26870.0
2017-05-17 15:45:00,GPRO,8.455,8.455,8.435,8.435,44614.0
2017-05-17 15:50:00,GPRO,8.435,8.445,8.425,8.445,50454.0
2017-05-17 15:55:00,GPRO,8.445,8.445,8.425,8.425,81054.0
2017-05-17 16:00:00,GPRO,8.425,8.425,8.395,8.395,119552.0
2017-05-17 16:05:00,GPRO,8.395,8.42,8.395,8.42,114607.0
2017-05-17 16:10:00,GPRO,8.42,8.43,8.42,8.42,15.0
2017-05-17 16:15:00,GPRO,8.42,8.425,8.405,8.41,337.0
2017-05-17 16:20:00,GPRO,8.41,8.425,8.405,8.425,0.0
2017-05-17 16:25:00,GPRO,8.425,8.43,8.395,8.4,148.0
2017-05-17 16:30:00,GPRO,8.4,8.405,8.395,8.4,7650.0
2017-05-17 16:35:00,GPRO,8.4,8.405,8.4,8.4,3839.0
2017-05-17 16:40:00,GPRO,8.4,8.405,8.4,8.405,0.0
2017-05-17 16:45:00,GPRO,8.405,8.405,8.4,8.405,0.0
2017-05-17 16:50:00,GPRO,8.405,8.405,8.4,8.405,0.0
2017-05-17 16:55:00,GPRO,8.405,8.405,8.4,8.405,0.0
2017-05-17 17:00:00,GPRO,8.405,8.405,8.4,8.405,0.0
2017-05-17 17:05:00,GPRO,8.405,8.425,8.4,8.425,0.0
2017-05-17 17:10:00,GPRO,8.425,8.425,8.425,8.425,50.0
2017-05-17 17:15:00,GPRO,8.425,8.425,8.425,8.425,239.0
2017-05-17 17:20:00,GPRO,8.425,8.425,8.425,8.425,0.0
2017-05-17 17:25:00,GPRO,8.425,8.425,8.425,8.425,4.0
2017-05-17 17:30:00,GPRO,8.425,8.425,8.405,8.405,0.0
2017-05-17 17:35:00,GPRO,8.405,8.405,8.405,8.405,200.0
2017-05-17 17:40:00,GPRO,8.405,8.405,8.405,8.405,0.0
2017-05-17 17:45:00,GPRO,8.405,8.425,8.405,8.425,100.0
2017-05-17 17:50:00,GPRO,8.425,8.425,8.425,8.425,0.0
2017-05-17 17:55:00,GPRO,8.425,8.425,8.425,8.425,0.0
2017-05-17 18:00:00,GPRO,8.425,8.425,8.425,8.425,0.0
2017-05-17 18:05:00,GPRO,8.425,8.425,8.425,8.425,0.0
2017-05-17 18:10:00,GPRO,8.425,8.425,8.425,8.425,0.0
2017-05-17 18:15:00,GPRO,8.425,8.425,8.425,8.425,0.0
2017-05-17 18:20:00,GPRO,8.425,8.425,8.415,8.415,0.0
2017-05-17 18:25:00,GPRO,8.415,8.415,8.415,8.415,0.0
2017-05-17 18:30:00,GPRO,8.415,8.415,8.415,8.415,0.0
2017-05-17 18:35:00,GPRO,8.415,8.415,8.415,8.415,0.0
2017-05-17 18:40:00,GPRO,8.415,8.415,8.415,8.415,0.0
2017-05-17 18:45:00,GPRO,8.415,8.415,8.415,8.415,0.0
2017-05-17 18:50:00,GPRO,8.415,8.415,8.415,8.415,0.0
2017-05-17 18:55:00,GPRO,8.415,8.415,8.415,8.415,0.0
2017-05-17 19:00:00,GPRO,8.415,8.415,8.415,8.415,0.0
2017-05-17 19:05:00,GPRO,8.415,8.415,8.415,8.415,0.0
2017-05-17 19:10:00,GPRO,8.415,8.415,8.415,8.415,0.0
2017-05-17 19:15:00,GPRO,8.415,8.415,8.415,8.415,0.0
2017-05-17 19:20:00,GPRO,8.415,8.415,8.415,8.415,0.0
2017-05-17 19:25:00,GPRO,8.415,8.415,8.415,8.415,0.0
2017-05-17 19:30:00,GPRO,8.415,8.415,8.415,8.415,0.0
2017-05-17 19:35:00,GPRO,8.415,8.415,8.415,8.415,0.0
2017-05-17 19:40:00,GPRO,8.415,8.415,8.415,8.415,0.0
2017-05-17 19:45:00,GPRO,8.415,8.415,8.415,8.415,0.0
2017-05-17 19:50:00,GPRO,8.415,8.415,8.415,8.415,225.0
2017-05-17 19:55:00,GPRO,8.415,8.415,8.415,8.415,0.0
2017-05-17 20:00:00,GPRO,8.415,8.415,8.415,8.415,0.0
2017-05-17 20:05:00,GPRO,8.415,8.62,8.38,8.61,0.0
2017-05-17 20:10:00,GPRO,8.61,8.61,8.61,8.61,0.0
2017-05-17 20:15:00,GPRO,8.61,8.61,8.61,8.61,0.0
2017-05-17 20:20:00,GPRO,8.61,8.61,8.61,8.61,0.0
2017-05-17 20:25:00,GPRO,8.61,8.61,8.61,8.61,0.0
2017-05-17 20:30:00,GPRO,8.61,8.61,8.61,8.61,0.0
2017-05-17 20:35:00,GPRO,8.61,8.61,8.61,8.61,0.0
2017-05-17 20:40:00,GPRO,8.61,8.61,8.61,8.61,0.0
2017-05-17 20:45:00,GPRO,8.61,8.61,8.61,8.61,0.0
2017-05-17 20:50:00,GPRO,8.61,8.61,8.61,8.61,0.0
2017-05-17 20:55:00,GPRO,8.61,8.61,8.61,8.61,0.0
2017-05-18 08:00:00,GPRO,8.31,8.31,8.31,8.31,0.0
2017-05-18 08:05:00,GPRO,8.31,8.335,8.31,8.335,200.0
2017-05-18 08:10:00,GPRO,8.335,8.335,8.32,8.335,0.0
2017-05-18 08:15:00,GPRO,8.335,8.335,8.325,8.335,0.0
2017-05-18 08:20:00,GPRO,8.335,8.335,8.32,8.335,0.0
2017-05-18 08:25:00,GPRO,8.335,8.335,8.325,8.335,0.0
2017-05-18 08:30:00,GPRO,8.335,8.34,8.325,8.335,0.0
2017-05-18 08:35:00,GPRO,8.335,8.34,8.335,8.34,350.0
2017-05-18 08:40:00,GPRO,8.34,8.34,8.34,8.34,0.0
2017-05-18 08:45:00,GPRO,8.34,8.34,8.34,8.34,0.0
2017-05-18 08:50:00,GPRO,8.34,8.34,8.34,8.34,0.0
2017-05-18 08:55:00,GPRO,8.34,8.34,8.34,8.34,0.0
2017-05-18 09:00:00,GPRO,8.34,8.34,8.34,8.34,31.0
2017-05-18 09:05:00,GPRO,8.34,8.34,8.335,8.335,0.0
2017-05-18 09:10:00,GPRO,8.335,8.335,8.335,8.335,20303.0
2017-05-18 09:15:00,GPRO,8.335,8.34,8.335,8.34,1191.0
2017-05-18 09:20:00,GPRO,8.34,8.34,8.34,8.34,0.0
2017-05-18 09:25:00,GPRO,8.34,8.34,8.34,8.34,162.0
2017-05-18 09:30:00,GPRO,8.34,8.34,8.32,8.32,2000.0
2017-05-18 09:35:00,GPRO,8.32,8.335,8.275,8.3,106499.0
2017-05-18 09:40:00,GPRO,8.3,8.345,8.285,8.295,117250.0
2017-05-18 09:45:00,GPRO,8.295,8.345,8.295,8.345,32896.0
2017-05-18 09:50:00,GPRO,8.345,8.355,8.335,8.335,17669.0
2017-05-18 09:55:00,GPRO,8.335,8.335,8.285,8.285,31443.0
2017-05-18 10:00:00,GPRO,8.285,8.295,8.255,8.285,80875.0
2017-05-18 10:05:00,GPRO,8.285,8.295,8.265,8.285,35841.0
2017-05-18 10:10:00,GPRO,8.285,8.285,8.265,8.265,11927.0
2017-05-18 10:15:00,GPRO,8.265,8.275,8.265,8.275,11152.0
2017-05-18 10:20:00,GPRO,8.275,8.275,8.255,8.255,29769.0
2017-05-18 10:25:00,GPRO,8.255,8.255,8.215,8.225,77486.0
2017-05-18 10:30:00,GPRO,8.225,8.255,8.225,8.255,14419.0
2017-05-18 10:35:00,GPRO,8.255,8.305,8.255,8.285,23696.0
2017-05-18 10:40:00,GPRO,8.285,8.295,8.255,8.265,13630.0
2017-05-18 10:45:00,GPRO,8.265,8.275,8.255,8.265,12306.0
2017-05-18 10:50:00,GPRO,8.265,8.275,8.265,8.265,9093.0
2017-05-18 10:55:00,GPRO,8.265,8.285,8.235,8.275,53511.0
2017-05-18 11:00:00,GPRO,8.275,8.305,8.275,8.285,9720.0
2017-05-18 11:05:00,GPRO,8.285,8.315,8.285,8.315,12485.0
2017-05-18 11:10:00,GPRO,8.315,8.325,8.305,8.315,9762.0
2017-05-18 11:15:00,GPRO,8.315,8.315,8.305,8.315,5213.0
2017-05-18 11:20:00,GPRO,8.315,8.355,8.315,8.345,27363.0
2017-05-18 11:25:00,GPRO,8.345,8.355,8.335,8.345,7027.0
2017-05-18 11:30:00,GPRO,8.345,8.345,8.295,8.305,38921.0
2017-05-18 11:35:00,GPRO,8.305,8.315,8.305,8.315,6684.0
2017-05-18 11:40:00,GPRO,8.315,8.315,8.285,8.295,27122.0
2017-05-18 11:45:00,GPRO,8.295,8.295,8.275,8.275,17123.0
2017-05-18 11:50:00,GPRO,8.275,8.305,8.275,8.295,25101.0
2017-05-18 11:55:00,GPRO,8.295,8.315,8.285,8.295,59907.0
2017-05-18 12:00:00,GPRO,8.295,8.335,8.295,8.325,15150.0
2017-05-18 12:05:00,GPRO,8.325,8.325,8.295,8.305,14435.0
2017-05-18 12:10:00,GPRO,8.305,8.31,8.295,8.305,19745.0
2017-05-18 12:15:00,GPRO,8.305,8.305,8.285,8.305,5745.0
2017-05-18 12:20:00,GPRO,8.305,8.305,8.295,8.295,5046.0
2017-05-18 12:25:00,GPRO,8.295,8.305,8.285,8.295,19002.0
2017-05-18 12:30:00,GPRO,8.295,8.305,8.285,8.295,9702.0
2017-05-18 12:35:00,GPRO,8.295,8.305,8.285,8.295,5651.0
2017-05-18 12:40:00,GPRO,8.295,8.305,8.285,8.285,5779.0
2017-05-18 12:45:00,GPRO,8.285,8.295,8.275,8.295,8412.0
2017-05-18 12:50:00,GPRO,8.295,8.295,8.275,8.285,14246.0
2017-05-18 12:55:00,GPRO,8.285,8.305,8.285,8.285,7400.0
2017-05-18 13:00:00,GPRO,8.285,8.305,8.285,8.305,3194.0
2017-05-18 13:05:00,GPRO,8.305,8.315,8.275,8.285,20863.0
2017-05-18 13:10:00,GPRO,8.285,8.305,8.285,8.285,5829.0
2017-05-18 13:15:00,GPRO,8.285,8.305,8.285,8.285,9063.0
2017-05-18 13:20:00,GPRO,8.285,8.305,8.285,8.305,5633.0
2017-05-18 13:25:00,GPRO,8.305,8.305,8.285,8.285,8298.0
2017-05-18 13:30:00,GPRO,8.285,8.305,8.275,8.295,17939.0
2017-05-18 13:35:00,GPRO,8.295,8.295,8.285,8.295,5021.0
2017-05-18 13:40:00,GPRO,8.295,8.305,8.285,8.305,9929.0
2017-05-18 13:45:00,GPRO,8.305,8.315,8.305,8.315,6428.0
2017-05-18 13:50:00,GPRO,8.315,8.315,8.295,8.295,10460.0
2017-05-18 13:55:00,GPRO,8.295,8.315,8.295,8.315,6342.0
2017-05-18 14:00:00,GPRO,8.315,8.325,8.295,8.305,21971.0
2017-05-18 14:05:00,GPRO,8.305,8.325,8.295,8.305,20562.0
2017-05-18 14:10:00,GPRO,8.305,8.325,8.295,8.325,9403.0
2017-05-18 14:15:00,GPRO,8.325,8.325,8.305,8.305,11311.0
2017-05-18 14:20:00,GPRO,8.305,8.315,8.305,8.315,3540.0
2017-05-18 14:25:00,GPRO,8.315,8.325,8.295,8.305,15741.0
2017-05-18 14:30:00,GPRO,8.305,8.305,8.295,8.295,8895.0
2017-05-18 14:35:00,GPRO,8.295,8.305,8.285,8.285,24846.0
2017-05-18 14:40:00,GPRO,8.285,8.285,8.255,8.255,30935.0
2017-05-18 14:45:00,GPRO,8.255,8.265,8.255,8.265,13542.0
2017-05-18 14:50:00,GPRO,8.265,8.285,8.265,8.285,22323.0
2017-05-18 14:55:00,GPRO,8.285,8.295,8.275,8.275,20135.0
2017-05-18 15:00:00,GPRO,8.275,8.275,8.245,8.255,31203.0
2017-05-18 15:05:00,GPRO,8.255,8.275,8.255,8.275,11185.0
2017-05-18 15:10:00,GPRO,8.275,8.285,8.255,8.285,18540.0
2017-05-18 15:15:00,GPRO,8.285,8.295,8.265,8.275,20043.0
2017-05-18 15:20:00,GPRO,8.275,8.275,8.265,8.275,5787.0
2017-05-18 15:25:00,GPRO,8.275,8.275,8.275,8.275,5587.0
2017-05-18 15:30:00,GPRO,8.275,8.275,8.245,8.255,54137.0
2017-05-18 15:35:00,GPRO,8.255,8.255,8.235,8.235,20197.0
2017-05-18 15:40:00,GPRO,8.235,8.255,8.235,8.255,16451.0
2017-05-18 15:45:00,GPRO,8.255,8.255,8.245,8.245,42515.0
2017-05-18 15:50:00,GPRO,8.245,8.245,8.245,8.245,31509.0
2017-05-18 15:55:00,GPRO,8.245,8.265,8.245,8.245,60367.0
2017-05-18 16:00:00,GPRO,8.245,8.245,8.235,8.235,124077.0
2017-05-18 16:05:00,GPRO,8.235,8.24,8.23,8.235,87598.0
2017-05-18 16:10:00,GPRO,8.235,8.27,8.235,8.27,1950.0
2017-05-18 16:15:00,GPRO,8.27,8.27,8.27,8.27,100.0
2017-05-18 16:20:00,GPRO,8.27,8.27,8.27,8.27,100.0
2017-05-18 16:25:00,GPRO,8.27,8.27,8.27,8.27,0.0
2017-05-18 16:30:00,GPRO,8.27,8.27,8.27,8.27,0.0
2017-05-18 16:35:00,GPRO,8.27,8.27,8.27,8.27,5747.0
2017-05-18 16:40:00,GPRO,8.27,8.27,8.27,8.27,0.0
2017-05-18 16:45:00,GPRO,8.27,8.27,8.27,8.27,0.0
2017-05-18 16:50:00,GPRO,8.27,8.27,8.27,8.27,0.0
2017-05-18 16:55:00,GPRO,8.27,8.27,8.27,8.27,0.0
2017-05-18 17:00:00,GPRO,8.27,8.27,8.27,8.27,0.0
2017-05-18 17:05:00,GPRO,8.27,8.27,8.27,8.27,0.0
2017-05-18 17:10:00,GPRO,8.27,8.27,8.27,8.27,0.0
2017-05-18 17:15:00,GPRO,8.27,8.27,8.27,8.27,0.0
2017-05-18 17:20:00,GPRO,8.27,8.27,8.27,8.27,0.0
2017-05-18 17:25:00,GPRO,8.27,8.27,8.27,8.27,0.0
2017-05-18 17:30:00,GPRO,8.27,8.27,8.27,8.27,2580.0
2017-05-18 17:35:00,GPRO,8.27,8.275,8.27,8.275,10.0
2017-05-18 17:40:00,GPRO,8.275,8.275,8.275,8.275,0.0
2017-05-18 17:45:00,GPRO,8.275,8.275,8.275,8.275,0.0
2017-05-18 17:50:00,GPRO,8.275,8.275,8.275,8.275,0.0
2017-05-18 17:55:00,GPRO,8.275,8.275,8.275,8.275,0.0
2017-05-18 18:00:00,GPRO,8.275,8.275,8.275,8.275,0.0
2017-05-18 18:05:00,GPRO,8.275,8.275,8.275,8.275,0.0
2017-05-18 18:10:00,GPRO,8.275,8.275,8.275,8.275,0.0
2017-05-18 18:15:00,GPRO,8.275,8.275,8.275,8.275,0.0
2017-05-18 18:20:00,GPRO,8.275,8.275,8.275,8.275,0.0
2017-05-18 18:25:00,GPRO,8.275,8.275,8.275,8.275,0.0
2017-05-18 18:30:00,GPRO,8.275,8.275,8.275,8.275,0.0
2017-05-18 18:35:00,GPRO,8.275,8.275,8.275,8.275,0.0
2017-05-18 18:40:00,GPRO,8.275,8.275,8.275,8.275,0.0
2017-05-18 18:45:00,GPRO,8.275,8.275,8.275,8.275,0.0
2017-05-18 18:50:00,GPRO,8.275,8.275,8.275,8.275,0.0
2017-05-18 18:55:00,GPRO,8.275,8.275,8.275,8.275,0.0
2017-05-18 19:00:00,GPRO,8.275,8.275,8.275,8.275,0.0
2017-05-18 19:05:00,GPRO,8.275,8.275,8.275,8.275,0.0
2017-05-18 19:10:00,GPRO,8.275,8.275,8.275,8.275,0.0
2017-05-18 19:15:00,GPRO,8.275,8.275,8.275,8.275,0.0
2017-05-18 19:20:00,GPRO,8.275,8.275,8.275,8.275,0.0
2017-05-18 19:25:00,GPRO,8.275,8.275,8.275,8.275,0.0
2017-05-18 19:30:00,GPRO,8.275,8.275,8.275,8.275,0.0
2017-05-18 19:35:00,GPRO,8.275,8.275,8.275,8.275,0.0
2017-05-18 19:40:00,GPRO,8.275,8.275,8.275,8.275,0.0
2017-05-18 19:45:00,GPRO,8.275,8.275,8.275,8.275,0.0
2017-05-18 19:50:00,GPRO,8.275,8.275,8.275,8.275,0.0
2017-05-18 19:55:00,GPRO,8.275,8.275,8.275,8.275,0.0
2017-05-18 20:00:00,GPRO,8.275,8.275,8.275,8.275,0.0
2017-05-18 20:05:00,GPRO,8.275,8.275,8.265,8.265,0.0
2017-05-18 20:10:00,GPRO,8.265,8.265,8.265,8.265,0.0
2017-05-18 20:15:00,GPRO,8.265,8.265,8.265,8.265,0.0
2017-05-18 20:20:00,GPRO,8.265,8.265,8.265,8.265,0.0
2017-05-18 20:25:00,GPRO,8.265,8.265,8.265,8.265,0.0
2017-05-18 20:30:00,GPRO,8.265,8.265,8.265,8.265,0.0
2017-05-18 20:35:00,GPRO,8.265,8.265,8.265,8.265,0.0
2017-05-18 20:40:00,GPRO,8.265,8.265,8.265,8.265,0.0
2017-05-18 20:45:00,GPRO,8.265,8.265,8.265,8.265,0.0
2017-05-18 20:50:00,GPRO,8.265,8.265,8.265,8.265,0.0
2017-05-18 20:55:00,GPRO,8.265,8.265,8.265,8.265,0.0
