2017-04-24 08:10:00,NAVI,16.0,16.0,16.0,16.0,300.0
2017-04-21 16:05:00,NAVI,15.78,15.78,15.78,15.78,210937.0
2017-04-21 16:00:00,NAVI,15.81,15.82,15.78,15.78,273553.0
2017-04-24 08:10:00,NAVI,16.0,16.0,16.0,16.0,300.0
2017-04-21 15:55:00,NAVI,15.86,15.87,15.81,15.815,129634.0
2017-04-21 15:50:00,NAVI,15.875,15.88,15.86,15.865,55174.0
2017-04-21 15:45:00,NAVI,15.825,15.88,15.82,15.875,100294.0
2017-04-21 15:40:00,NAVI,15.8175,15.85,15.81,15.82,104150.0
2017-04-21 15:35:00,NAVI,15.83,15.84,15.81,15.815,41517.0
2017-04-21 15:30:00,NAVI,15.775,15.84,15.77,15.83,72493.0
2017-04-21 15:25:00,NAVI,15.795,15.81,15.77,15.77,68381.0
2017-04-21 15:20:00,NAVI,15.83,15.83,15.79,15.79,47565.0
2017-04-21 15:15:00,NAVI,15.855,15.855,15.82,15.83,37781.0
2017-04-21 15:10:00,NAVI,15.84,15.86,15.825,15.855,35090.0
2017-04-21 15:05:00,NAVI,15.9,15.9,15.84,15.84,21140.0
2017-04-21 15:00:00,NAVI,15.87,15.92,15.85,15.895,57606.0
2017-04-21 14:55:00,NAVI,15.87,15.875,15.845,15.87,65290.0
2017-04-21 14:50:00,NAVI,15.92,15.94,15.865,15.87,79884.0
2017-04-21 14:45:00,NAVI,15.965,15.965,15.915,15.92,20576.0
2017-04-21 14:40:00,NAVI,15.99,15.99,15.96,15.96,14845.0
2017-04-21 14:35:00,NAVI,15.98,15.99,15.975,15.985,17127.0
2017-04-21 14:30:00,NAVI,16.0,16.005,15.98,15.985,21753.0
2017-04-21 14:25:00,NAVI,15.96,16.0,15.96,16.0,19179.0
2017-04-21 14:20:00,NAVI,15.98,15.99,15.965,15.965,15436.0
2017-04-21 14:15:00,NAVI,16.01,16.02,15.97,15.985,25864.0
2017-04-21 14:10:00,NAVI,16.01,16.02,16.0,16.005,10460.0
2017-04-21 14:05:00,NAVI,16.0,16.02,15.995,16.01,14933.0
2017-04-21 14:00:00,NAVI,15.92,16.025,15.92,15.99,151292.0
2017-04-21 13:55:00,NAVI,15.96,15.97,15.92,15.92,22520.0
2017-04-21 13:50:00,NAVI,15.95,15.97,15.95,15.96,23836.0
2017-04-21 13:45:00,NAVI,15.915,15.95,15.905,15.95,20124.0
2017-04-21 13:40:00,NAVI,15.925,15.925,15.89,15.91,34991.0
2017-04-21 13:35:00,NAVI,15.96,15.97,15.91,15.925,48185.0
2017-04-21 13:30:00,NAVI,15.96,15.98,15.96,15.96,20212.0
2017-04-21 13:25:00,NAVI,15.93,15.95,15.92,15.95,14239.0
2017-04-21 13:20:00,NAVI,15.98,15.98,15.93,15.93,21613.0
2017-04-21 13:15:00,NAVI,15.945,15.995,15.92,15.985,142978.0
2017-04-21 13:10:00,NAVI,15.98,15.99,15.94,15.94,39467.0
2017-04-21 13:05:00,NAVI,15.99,15.99,15.97,15.975,122982.0
2017-04-21 13:00:00,NAVI,15.98,15.99,15.94,15.98,43599.0
2017-04-21 12:55:00,NAVI,16.01,16.015,15.975,15.985,94325.0
2017-04-21 12:50:00,NAVI,16.015,16.02,15.99,16.01,28385.0
2017-04-21 12:45:00,NAVI,16.05,16.05,16.005,16.01,27028.0
2017-04-21 12:40:00,NAVI,16.025,16.05,16.02,16.045,15829.0
2017-04-21 12:35:00,NAVI,16.02,16.03,16.02,16.03,13739.0
2017-04-21 12:30:00,NAVI,16.03,16.05,16.02,16.025,17210.0
2017-04-21 12:25:00,NAVI,16.025,16.04,16.02,16.035,17072.0
2017-04-21 12:20:00,NAVI,16.02,16.03,16.0,16.0289,8858.0
2017-04-21 12:15:00,NAVI,16.01,16.03,16.01,16.01,19429.0
2017-04-21 12:10:00,NAVI,16.055,16.055,16.01,16.015,46636.0
2017-04-21 12:05:00,NAVI,16.085,16.085,16.055,16.06,15847.0
2017-04-21 12:00:00,NAVI,16.12,16.13,16.08,16.08,61259.0
2017-04-21 11:55:00,NAVI,16.12,16.12,16.085,16.12,23840.0
2017-04-21 11:50:00,NAVI,16.1,16.12,16.095,16.12,29660.0
2017-04-21 11:45:00,NAVI,16.07,16.1,16.06,16.1,21868.0
2017-04-21 11:40:00,NAVI,16.08,16.095,16.07,16.07,16496.0
2017-04-21 11:35:00,NAVI,16.03,16.1,16.03,16.09,31640.0
2017-04-21 11:30:00,NAVI,16.04,16.045,16.015,16.03,24094.0
2017-04-21 11:25:00,NAVI,16.06,16.065,16.04,16.04,13016.0
2017-04-21 11:20:00,NAVI,16.01,16.07,15.98,16.0699,38107.0
2017-04-21 11:15:00,NAVI,16.035,16.035,16.0,16.01,49943.0
2017-04-21 11:10:00,NAVI,16.05,16.06,16.02,16.035,20892.0
2017-04-21 11:05:00,NAVI,16.11,16.1199,16.04,16.04,38550.0
2017-04-21 11:00:00,NAVI,16.125,16.13,16.075,16.11,117989.0
2017-04-21 10:55:00,NAVI,16.14,16.155,16.12,16.125,43094.0
2017-04-21 10:50:00,NAVI,16.2,16.22,16.13,16.13,53454.0
2017-04-21 10:45:00,NAVI,16.22,16.23,16.19,16.205,61327.0
2017-04-21 10:40:00,NAVI,16.25,16.27,16.22,16.22,36680.0
2017-04-21 10:35:00,NAVI,16.34,16.34,16.25,16.25,49949.0
2017-04-21 10:30:00,NAVI,16.36,16.36,16.32,16.3307,26303.0
2017-04-21 10:25:00,NAVI,16.38,16.39,16.32,16.36,22162.0
2017-04-21 10:20:00,NAVI,16.32,16.38,16.32,16.375,17497.0
2017-04-21 10:15:00,NAVI,16.25,16.32,16.25,16.3199,31155.0
2017-04-21 10:10:00,NAVI,16.3,16.315,16.25,16.25,33821.0
2017-04-21 10:05:00,NAVI,16.36,16.39,16.265,16.3,79511.0
2017-04-21 10:00:00,NAVI,16.26,16.36,16.26,16.355,52239.0
2017-04-21 09:55:00,NAVI,16.25,16.27,16.215,16.26,55376.0
2017-04-21 09:50:00,NAVI,16.32,16.32,16.24,16.25,41760.0
2017-04-21 09:45:00,NAVI,16.16,16.32,16.15,16.3199,71227.0
2017-04-21 09:40:00,NAVI,16.08,16.2,16.07,16.17,53016.0
2017-04-21 09:35:00,NAVI,16.02,16.14,15.97,16.08,139536.0
2017-04-21 09:30:00,NAVI,16.04,16.04,16.02,16.03,5424.0
2017-04-20 17:30:00,NAVI,16.02,16.02,16.02,16.02,100.0
2017-04-20 16:05:00,NAVI,16.01,16.01,16.01,16.01,182714.0
2017-04-20 16:00:00,NAVI,16.07,16.07,16.0,16.01,195440.0
2017-04-20 15:55:00,NAVI,16.02,16.08,16.0,16.065,202966.0
2017-04-20 15:50:00,NAVI,16.13,16.13,16.0,16.015,117409.0
2017-04-20 15:45:00,NAVI,16.04,16.13,16.03,16.13,136205.0
2017-04-20 15:40:00,NAVI,16.01,16.07,16.0,16.04,119555.0
2017-04-20 15:35:00,NAVI,16.025,16.06,16.0,16.015,169418.0
2017-04-20 15:30:00,NAVI,16.005,16.04,15.995,16.0253,93804.0
2017-04-20 15:25:00,NAVI,15.985,16.025,15.985,16.01,141848.0
2017-04-20 15:20:00,NAVI,15.93,16.125,15.925,15.985,252521.0
2017-04-20 15:15:00,NAVI,15.895,15.93,15.88,15.93,27616.0
2017-04-20 15:10:00,NAVI,15.835,15.94,15.835,15.895,130341.0
2017-04-20 15:05:00,NAVI,15.79,15.83,15.785,15.8275,69262.0
2017-04-20 15:00:00,NAVI,15.78,15.8,15.775,15.79,44693.0
2017-04-20 14:55:00,NAVI,15.79,15.795,15.7625,15.78,25148.0
2017-04-20 14:50:00,NAVI,15.765,15.79,15.76,15.785,20658.0
2017-04-20 14:45:00,NAVI,15.79,15.8,15.765,15.765,24883.0
2017-04-20 14:40:00,NAVI,15.78,15.8,15.78,15.79,18309.0
2017-04-20 14:35:00,NAVI,15.8,15.8,15.75,15.78,37781.0
2017-04-20 14:30:00,NAVI,15.795,15.8,15.78,15.8,16336.0
2017-04-20 14:25:00,NAVI,15.74,15.8,15.735,15.79,23513.0
2017-04-20 14:20:00,NAVI,15.7057,15.755,15.705,15.74,18340.0
2017-04-20 14:15:00,NAVI,15.715,15.715,15.69,15.705,12035.0
2017-04-20 14:10:00,NAVI,15.745,15.76,15.7038,15.71,65102.0
2017-04-20 14:05:00,NAVI,15.72,15.75,15.72,15.745,13678.0
2017-04-20 14:00:00,NAVI,15.725,15.74,15.7118,15.72,22352.0
2017-04-20 13:55:00,NAVI,15.69,15.73,15.681,15.73,29097.0
2017-04-20 13:50:00,NAVI,15.665,15.69,15.66,15.685,22911.0
2017-04-20 13:45:00,NAVI,15.7035,15.71,15.67,15.67,45527.0
2017-04-20 13:40:00,NAVI,15.67,15.72,15.67,15.7,35701.0
2017-04-20 13:35:00,NAVI,15.665,15.67,15.64,15.67,20776.0
2017-04-20 13:30:00,NAVI,15.675,15.69,15.66,15.6607,32788.0
2017-04-20 13:25:00,NAVI,15.645,15.68,15.645,15.675,26804.0
2017-04-20 13:20:00,NAVI,15.655,15.66,15.645,15.65,15648.0
2017-04-20 13:15:00,NAVI,15.65,15.66,15.63,15.66,16570.0
2017-04-20 13:10:00,NAVI,15.675,15.675,15.65,15.65,14276.0
2017-04-20 13:05:00,NAVI,15.65,15.68,15.64,15.675,67179.0
2017-04-20 13:00:00,NAVI,15.69,15.695,15.635,15.64,28139.0
2017-04-20 12:55:00,NAVI,15.71,15.71,15.69,15.695,14436.0
2017-04-20 12:50:00,NAVI,15.71,15.73,15.69,15.72,23440.0
2017-04-20 12:45:00,NAVI,15.68,15.72,15.68,15.71,29897.0
2017-04-20 12:40:00,NAVI,15.67,15.68,15.65,15.675,20132.0
2017-04-20 12:35:00,NAVI,15.68,15.7,15.67,15.675,14802.0
2017-04-20 12:30:00,NAVI,15.72,15.72,15.67,15.68,14850.0
2017-04-20 12:25:00,NAVI,15.76,15.78,15.715,15.715,25043.0
2017-04-20 12:20:00,NAVI,15.745,15.77,15.74,15.76,29619.0
2017-04-20 12:15:00,NAVI,15.74,15.77,15.735,15.74,27142.0
2017-04-20 12:10:00,NAVI,15.7,15.74,15.7,15.74,41687.0
2017-04-20 12:05:00,NAVI,15.7,15.715,15.685,15.7,38509.0
2017-04-20 12:00:00,NAVI,15.68,15.695,15.67,15.695,19192.0
2017-04-20 11:55:00,NAVI,15.67,15.69,15.65,15.67,25484.0
2017-04-20 11:50:00,NAVI,15.68,15.7,15.67,15.675,28770.0
2017-04-20 11:45:00,NAVI,15.69,15.69,15.65,15.6727,23119.0
2017-04-20 11:40:00,NAVI,15.64,15.71,15.635,15.695,31426.0
2017-04-20 11:35:00,NAVI,15.645,15.65,15.63,15.64,24568.0
2017-04-20 11:30:00,NAVI,15.635,15.66,15.625,15.65,25495.0
2017-04-20 11:25:00,NAVI,15.59,15.68,15.57,15.64,72456.0
2017-04-20 11:20:00,NAVI,15.545,15.59,15.51,15.59,36988.0
2017-04-20 11:15:00,NAVI,15.53,15.56,15.53,15.54,21274.0
2017-04-20 11:10:00,NAVI,15.475,15.54,15.46,15.53,38243.0
2017-04-20 11:05:00,NAVI,15.5,15.5,15.46,15.475,27441.0
2017-04-20 11:00:00,NAVI,15.48,15.5,15.475,15.5,21967.0
2017-04-20 10:55:00,NAVI,15.49,15.49,15.475,15.49,13666.0
2017-04-20 10:50:00,NAVI,15.46,15.495,15.455,15.49,52888.0
2017-04-20 10:45:00,NAVI,15.45,15.46,15.425,15.46,26476.0
2017-04-20 10:40:00,NAVI,15.415,15.45,15.4,15.45,30298.0
2017-04-20 10:35:00,NAVI,15.385,15.44,15.38,15.415,43420.0
2017-04-20 10:30:00,NAVI,15.455,15.455,15.37,15.385,28281.0
2017-04-20 10:25:00,NAVI,15.415,15.46,15.415,15.455,27494.0
2017-04-20 10:20:00,NAVI,15.37,15.415,15.37,15.41,26506.0
2017-04-20 10:15:00,NAVI,15.4,15.44,15.355,15.37,38755.0
2017-04-20 10:10:00,NAVI,15.35,15.405,15.32,15.4,16938.0
2017-04-20 10:05:00,NAVI,15.295,15.36,15.2925,15.35,36951.0
2017-04-20 10:00:00,NAVI,15.38,15.405,15.29,15.295,33130.0
2017-04-20 09:55:00,NAVI,15.285,15.39,15.285,15.375,52383.0
2017-04-20 09:50:00,NAVI,15.27,15.31,15.175,15.28,72427.0
2017-04-20 09:45:00,NAVI,15.19,15.27,15.15,15.27,41200.0
2017-04-20 09:40:00,NAVI,15.18,15.24,15.15,15.21,29762.0
2017-04-20 09:35:00,NAVI,15.13,15.25,15.09,15.19,98834.0
2017-04-20 09:30:00,NAVI,15.18,15.18,15.18,15.18,500.0
2017-04-19 16:35:00,NAVI,15.11,15.11,15.11,15.11,6673.0
2017-04-19 16:05:00,NAVI,15.11,15.11,14.8313,14.8313,195293.0
2017-04-19 16:00:00,NAVI,15.11,15.115,15.08,15.11,316855.0
2017-04-19 15:55:00,NAVI,15.07,15.12,15.06,15.11,142506.0
2017-04-19 15:50:00,NAVI,15.03,15.08,15.03,15.075,48671.0
2017-04-19 15:45:00,NAVI,15.075,15.08,14.995,15.04,99331.0
2017-04-19 15:40:00,NAVI,15.095,15.1,15.06,15.075,41131.0
2017-04-19 15:35:00,NAVI,15.045,15.105,15.04,15.095,57639.0
2017-04-19 15:30:00,NAVI,15.13,15.14,15.03,15.035,60758.0
2017-04-19 15:25:00,NAVI,15.155,15.16,15.12,15.1299,23273.0
2017-04-19 15:20:00,NAVI,15.165,15.19,15.125,15.155,82261.0
2017-04-19 15:15:00,NAVI,15.12,15.18,15.12,15.165,47142.0
2017-04-19 15:10:00,NAVI,15.09,15.14,15.09,15.12,55969.0
2017-04-19 15:05:00,NAVI,15.04,15.09,15.025,15.09,68666.0
2017-04-19 15:00:00,NAVI,15.03,15.04,15.0,15.04,43529.0
2017-04-19 14:55:00,NAVI,15.045,15.045,14.98,15.025,57559.0
2017-04-19 14:50:00,NAVI,15.065,15.085,15.04,15.04,22949.0
2017-04-19 14:45:00,NAVI,15.09,15.1,15.05,15.065,46313.0
2017-04-19 14:40:00,NAVI,15.085,15.11,15.08,15.09,29820.0
2017-04-19 14:35:00,NAVI,15.13,15.13,15.075,15.085,19508.0
2017-04-19 14:30:00,NAVI,15.07,15.14,15.07,15.13,38676.0
2017-04-19 14:25:00,NAVI,15.08,15.09,15.0447,15.07,23319.0
2017-04-19 14:20:00,NAVI,15.11,15.12,15.02,15.08,30921.0
2017-04-19 14:15:00,NAVI,15.08,15.13,15.075,15.115,46746.0
2017-04-19 14:10:00,NAVI,14.995,15.1,14.99,15.08,43888.0
2017-04-19 14:05:00,NAVI,14.96,15.01,14.955,14.995,19730.0
2017-04-19 14:00:00,NAVI,14.98,14.98,14.93,14.955,23285.0
2017-04-19 13:55:00,NAVI,15.01,15.01,14.98,14.98,18857.0
2017-04-19 13:50:00,NAVI,14.99,15.01,14.975,15.01,10512.0
2017-04-19 13:45:00,NAVI,14.98,15.01,14.975,14.99,27841.0
2017-04-19 13:40:00,NAVI,15.01,15.01,14.965,14.98,16902.0
2017-04-19 13:35:00,NAVI,14.97,15.01,14.96,15.005,24795.0
2017-04-19 13:30:00,NAVI,14.995,15.0,14.96,14.96,16792.0
2017-04-19 13:25:00,NAVI,14.89,15.015,14.88,14.995,61968.0
2017-04-19 13:20:00,NAVI,14.93,14.93,14.88,14.89,66883.0
2017-04-19 13:15:00,NAVI,14.92,14.95,14.92,14.93,44401.0
2017-04-19 13:10:00,NAVI,14.91,14.93,14.9,14.92,44834.0
2017-04-19 13:05:00,NAVI,14.97,14.97,14.9,14.91,18375.0
2017-04-19 13:00:00,NAVI,14.945,14.98,14.94,14.9727,21827.0
2017-04-19 12:55:00,NAVI,14.92,14.9599,14.92,14.95,8152.0
2017-04-19 12:50:00,NAVI,14.92,14.94,14.915,14.92,11328.0
2017-04-19 12:45:00,NAVI,14.88,14.93,14.88,14.925,12874.0
2017-04-19 12:40:00,NAVI,14.925,14.94,14.865,14.87,24417.0
2017-04-19 12:35:00,NAVI,14.92,14.93,14.92,14.93,8325.0
2017-04-19 12:30:00,NAVI,14.965,14.97,14.92,14.925,12271.0
2017-04-19 12:25:00,NAVI,14.985,14.99,14.96,14.97,21360.0
2017-04-19 12:20:00,NAVI,14.94,14.99,14.935,14.98,17694.0
2017-04-19 12:15:00,NAVI,14.92,14.95,14.9,14.94,18855.0
2017-04-19 12:10:00,NAVI,14.9236,14.94,14.905,14.92,17034.0
2017-04-19 12:05:00,NAVI,14.855,14.94,14.85,14.9232,45514.0
2017-04-19 12:00:00,NAVI,14.8756,14.88,14.84,14.85,17196.0
2017-04-19 11:55:00,NAVI,14.9,14.91,14.86,14.88,22577.0
2017-04-19 11:50:00,NAVI,14.9,14.91,14.87,14.89,27791.0
2017-04-19 11:45:00,NAVI,14.91,14.92,14.86,14.9,28082.0
2017-04-19 11:40:00,NAVI,14.855,14.91,14.83,14.91,38838.0
2017-04-19 11:35:00,NAVI,14.965,14.97,14.84,14.85,31089.0
2017-04-19 11:30:00,NAVI,14.955,14.98,14.94,14.97,58858.0
2017-04-19 11:25:00,NAVI,14.97,14.975,14.92,14.955,43993.0
2017-04-19 11:20:00,NAVI,14.92,14.99,14.89,14.975,51280.0
2017-04-19 11:15:00,NAVI,14.86,14.92,14.81,14.915,88860.0
2017-04-19 11:10:00,NAVI,14.86,14.91,14.83,14.85,59340.0
2017-04-19 11:05:00,NAVI,14.8992,14.917,14.84,14.87,49445.0
2017-04-19 11:00:00,NAVI,14.81,14.9,14.81,14.9,40544.0
2017-04-19 10:55:00,NAVI,14.74,14.815,14.74,14.805,33036.0
2017-04-19 10:50:00,NAVI,14.75,14.81,14.74,14.745,50260.0
2017-04-19 10:45:00,NAVI,14.665,14.76,14.65,14.76,91815.0
2017-04-19 10:40:00,NAVI,14.69,14.7,14.65,14.66,37228.0
2017-04-19 10:35:00,NAVI,14.65,14.69,14.6,14.68,43398.0
2017-04-19 10:30:00,NAVI,14.68,14.69,14.64,14.645,23768.0
2017-04-19 10:25:00,NAVI,14.72,14.72,14.66,14.67,34832.0
2017-04-19 10:20:00,NAVI,14.655,14.76,14.65,14.725,56113.0
2017-04-19 10:15:00,NAVI,14.7,14.83,14.615,14.65,162482.0
2017-04-19 10:10:00,NAVI,14.59,14.69,14.565,14.69,105055.0
2017-04-19 10:05:00,NAVI,14.66,14.72,14.56,14.59,96374.0
2017-04-19 10:00:00,NAVI,14.64,14.67,14.59,14.65,88205.0
2017-04-19 09:55:00,NAVI,14.38,14.69,14.38,14.64,163402.0
2017-04-19 09:50:00,NAVI,14.33,14.42,14.15,14.38,303628.0
2017-04-19 09:45:00,NAVI,14.44,14.6464,14.23,14.31,234513.0
2017-04-19 09:40:00,NAVI,14.65,15.05,14.44,14.44,106070.0
2017-04-19 09:35:00,NAVI,15.1,15.1,14.5,14.62,153058.0
2017-04-19 09:30:00,NAVI,15.1,15.11,15.1,15.11,1200.0
2017-04-18 18:55:00,NAVI,15.0,15.0,15.0,15.0,250.0
2017-04-18 17:50:00,NAVI,15.1,15.1,15.1,15.1,9987.0
2017-04-18 17:25:00,NAVI,14.65,15.3,14.65,15.3,2200.0
2017-04-18 16:55:00,NAVI,15.25,15.31,15.0,15.25,2695.0
2017-04-18 16:50:00,NAVI,15.5,15.5,15.5,15.5,100.0
2017-04-18 16:35:00,NAVI,15.25,15.9,15.05,15.05,18213.0
2017-04-18 16:30:00,NAVI,15.25,15.25,15.25,15.25,2000.0
2017-04-18 16:20:00,NAVI,15.15,15.15,15.15,15.15,2694.0
2017-04-18 16:05:00,NAVI,15.05,15.15,15.05,15.15,113154.0
2017-04-18 16:00:00,NAVI,15.04,15.08,15.02,15.05,243853.0
2017-04-18 15:55:00,NAVI,15.06,15.06,15.04,15.045,98030.0
2017-04-18 15:50:00,NAVI,15.065,15.065,15.05,15.06,40216.0
2017-04-18 15:45:00,NAVI,15.09,15.09,15.06,15.065,36695.0
2017-04-18 15:40:00,NAVI,15.045,15.09,15.04,15.09,56044.0
2017-04-18 15:35:00,NAVI,15.05,15.06,15.04,15.04,33954.0
2017-04-18 15:30:00,NAVI,15.055,15.06,15.05,15.06,21346.0
2017-04-18 15:25:00,NAVI,15.04,15.06,15.04,15.055,39668.0
2017-04-18 15:20:00,NAVI,15.015,15.04,15.0,15.04,24035.0
2017-04-18 15:15:00,NAVI,15.01,15.02,14.99,15.015,17355.0
2017-04-18 15:10:00,NAVI,14.985,15.0,14.98,15.0,21805.0
2017-04-18 15:05:00,NAVI,15.01,15.015,14.98,14.985,16274.0
2017-04-18 15:00:00,NAVI,15.01,15.02,14.99,15.01,23908.0
2017-04-18 14:55:00,NAVI,15.015,15.02,15.005,15.015,11906.0
2017-04-18 14:50:00,NAVI,14.99,15.01,14.99,15.01,26092.0
2017-04-18 14:45:00,NAVI,15.02,15.03,14.99,14.99,17248.0
2017-04-18 14:40:00,NAVI,15.02,15.05,15.015,15.02,29951.0
2017-04-18 14:35:00,NAVI,15.01,15.02,15.01,15.015,10809.0
2017-04-18 14:30:00,NAVI,14.99,15.015,14.99,15.015,16224.0
2017-04-18 14:25:00,NAVI,15.005,15.01,14.99,14.99,15008.0
2017-04-18 14:20:00,NAVI,14.98,15.01,14.98,15.005,27936.0
2017-04-18 14:15:00,NAVI,15.0,15.0,14.98,14.98,10782.0
2017-04-18 14:10:00,NAVI,15.01,15.015,14.99,14.99,13155.0
2017-04-18 14:05:00,NAVI,14.99,15.02,14.985,15.01,21730.0
2017-04-18 14:00:00,NAVI,15.005,15.01,14.985,14.99,14531.0
2017-04-18 13:55:00,NAVI,14.985,15.01,14.985,15.01,23040.0
2017-04-18 13:50:00,NAVI,14.98,14.99,14.98,14.985,18630.0
2017-04-18 13:45:00,NAVI,14.98,14.99,14.975,14.985,11274.0
2017-04-18 13:40:00,NAVI,14.97,14.98,14.965,14.975,64803.0
2017-04-18 13:35:00,NAVI,14.97,14.97,14.94,14.97,27665.0
2017-04-18 13:30:00,NAVI,14.985,14.985,14.96,14.97,28218.0
2017-04-18 13:25:00,NAVI,14.98,14.99,14.98,14.98,10078.0
2017-04-18 13:20:00,NAVI,14.995,15.0,14.97,14.98,19783.0
2017-04-18 13:15:00,NAVI,14.95,14.99,14.94,14.99,19630.0
2017-04-18 13:10:00,NAVI,14.93,14.95,14.93,14.95,9605.0
2017-04-18 13:05:00,NAVI,14.96,14.96,14.935,14.935,11257.0
2017-04-18 13:00:00,NAVI,14.965,14.98,14.96,14.96,17201.0
2017-04-18 12:55:00,NAVI,14.935,14.97,14.93,14.965,14259.0
2017-04-18 12:50:00,NAVI,14.95,14.96,14.935,14.94,17066.0
2017-04-18 12:45:00,NAVI,14.94,14.96,14.93,14.95,7899.0
2017-04-18 12:40:00,NAVI,14.98,14.98,14.93,14.94,19224.0
2017-04-18 12:35:00,NAVI,14.975,14.99,14.97,14.97,9579.0
2017-04-18 12:30:00,NAVI,14.97,14.99,14.965,14.98,20049.0
2017-04-18 12:25:00,NAVI,14.95,14.98,14.945,14.97,13601.0
2017-04-18 12:20:00,NAVI,14.94,14.95,14.93,14.945,20720.0
2017-04-18 12:15:00,NAVI,14.925,14.95,14.91,14.95,43655.0
2017-04-18 12:10:00,NAVI,14.95,14.96,14.92,14.92,16828.0
2017-04-18 12:05:00,NAVI,15.005,15.005,14.92,14.95,30634.0
2017-04-18 12:00:00,NAVI,15.015,15.025,14.955,15.01,123538.0
2017-04-18 11:55:00,NAVI,15.0,15.04,14.99,15.0181,55382.0
2017-04-18 11:50:00,NAVI,14.96,15.0,14.95,14.995,75508.0
2017-04-18 11:45:00,NAVI,14.98,14.985,14.95,14.96,39140.0
2017-04-18 11:40:00,NAVI,15.01,15.01,14.975,14.98,18842.0
2017-04-18 11:35:00,NAVI,15.04,15.05,15.01,15.01,16096.0
2017-04-18 11:30:00,NAVI,15.04,15.05,15.025,15.04,18058.0
2017-04-18 11:25:00,NAVI,15.04,15.05,15.02,15.04,37044.0
2017-04-18 11:20:00,NAVI,15.01,15.04,15.01,15.035,46478.0
2017-04-18 11:15:00,NAVI,14.99,15.02,14.98,15.02,34519.0
2017-04-18 11:10:00,NAVI,14.985,14.99,14.97,14.99,41696.0
2017-04-18 11:05:00,NAVI,15.05,15.05,14.98,14.985,55732.0
2017-04-18 11:00:00,NAVI,15.045,15.06,15.03,15.05,80805.0
2017-04-18 10:55:00,NAVI,15.05,15.05,15.02,15.045,56311.0
2017-04-18 10:50:00,NAVI,15.025,15.05,15.015,15.045,54295.0
2017-04-18 10:45:00,NAVI,15.03,15.03,15.02,15.03,14663.0
2017-04-18 10:40:00,NAVI,15.01,15.035,15.005,15.035,27010.0
2017-04-18 10:35:00,NAVI,14.95,15.015,14.94,15.015,27557.0
2017-04-18 10:30:00,NAVI,14.95,14.99,14.95,14.955,36621.0
2017-04-18 10:25:00,NAVI,14.92,14.95,14.92,14.95,31142.0
2017-04-18 10:20:00,NAVI,14.94,14.97,14.91,14.93,49380.0
2017-04-18 10:15:00,NAVI,14.95,14.97,14.93,14.94,29356.0
2017-04-18 10:10:00,NAVI,14.99,14.99,14.945,14.95,52036.0
2017-04-18 10:05:00,NAVI,15.06,15.07,14.985,14.99,30477.0
2017-04-18 10:00:00,NAVI,14.99,15.06,14.99,15.06,29997.0
2017-04-18 09:55:00,NAVI,15.04,15.04,14.99,14.99,32756.0
2017-04-18 09:50:00,NAVI,15.115,15.12,15.04,15.04,114782.0
2017-04-18 09:45:00,NAVI,15.015,15.12,15.01,15.11,70099.0
2017-04-18 09:40:00,NAVI,14.89,15.04,14.86,15.01,65000.0
2017-04-18 09:35:00,NAVI,14.81,14.88,14.78,14.88,30637.0
2017-04-17 17:00:00,NAVI,14.92,14.92,14.92,14.92,500.0
2017-04-17 16:25:00,NAVI,14.93,14.93,14.93,14.93,6831.0
2017-04-17 16:10:00,NAVI,14.93,14.93,14.93,14.93,1500.0
2017-04-17 16:05:00,NAVI,14.93,14.93,14.93,14.93,107775.0
2017-04-17 16:00:00,NAVI,14.935,14.94,14.92,14.93,144876.0
2017-04-17 15:55:00,NAVI,14.95,14.95,14.92,14.94,80069.0
2017-04-17 15:50:00,NAVI,14.9,14.96,14.89,14.95,56209.0
2017-04-17 15:45:00,NAVI,14.895,14.9,14.89,14.9,20599.0
2017-04-17 15:40:00,NAVI,14.9,14.9,14.89,14.9,8008.0
2017-04-17 15:35:00,NAVI,14.905,14.92,14.89,14.895,26806.0
2017-04-17 15:30:00,NAVI,14.88,14.92,14.875,14.905,19771.0
2017-04-17 15:25:00,NAVI,14.89,14.89,14.875,14.88,22225.0
2017-04-17 15:20:00,NAVI,14.85,14.89,14.84,14.89,29427.0
2017-04-17 15:15:00,NAVI,14.83,14.845,14.81,14.845,25762.0
2017-04-17 15:10:00,NAVI,14.805,14.83,14.8,14.83,15191.0
2017-04-17 15:05:00,NAVI,14.81,14.815,14.8,14.805,23587.0
2017-04-17 15:00:00,NAVI,14.815,14.815,14.785,14.805,26872.0
2017-04-17 14:55:00,NAVI,14.815,14.83,14.81,14.815,12006.0
2017-04-17 14:50:00,NAVI,14.82,14.83,14.81,14.81,20928.0
2017-04-17 14:45:00,NAVI,14.7863,14.82,14.785,14.82,13708.0
2017-04-17 14:40:00,NAVI,14.78,14.79,14.76,14.785,15410.0
2017-04-17 14:35:00,NAVI,14.715,14.77,14.715,14.77,12021.0
2017-04-17 14:30:00,NAVI,14.73,14.735,14.71,14.71,16026.0
2017-04-17 14:25:00,NAVI,14.74,14.74,14.73,14.73,4700.0
2017-04-17 14:20:00,NAVI,14.74,14.75,14.73,14.735,17470.0
2017-04-17 14:15:00,NAVI,14.705,14.73,14.7,14.73,17081.0
2017-04-17 14:10:00,NAVI,14.71,14.715,14.7,14.7,13699.0
2017-04-17 14:05:00,NAVI,14.72,14.725,14.7,14.71,21477.0
2017-04-17 14:00:00,NAVI,14.71,14.73,14.71,14.72,6403.0
2017-04-17 13:55:00,NAVI,14.7,14.72,14.7,14.71,9473.0
2017-04-17 13:50:00,NAVI,14.7,14.71,14.7,14.7,5009.0
2017-04-17 13:45:00,NAVI,14.72,14.73,14.7,14.7,10131.0
2017-04-17 13:40:00,NAVI,14.72,14.73,14.71,14.71,8518.0
2017-04-17 13:35:00,NAVI,14.7,14.73,14.6901,14.72,15213.0
2017-04-17 13:30:00,NAVI,14.68,14.7,14.68,14.69,13021.0
2017-04-17 13:25:00,NAVI,14.68,14.689,14.68,14.68,7391.0
2017-04-17 13:20:00,NAVI,14.69,14.69,14.68,14.68,5578.0
2017-04-17 13:15:00,NAVI,14.71,14.71,14.69,14.69,10703.0
2017-04-17 13:10:00,NAVI,14.7,14.71,14.7,14.71,4830.0
2017-04-17 13:05:00,NAVI,14.71,14.71,14.7,14.7,14438.0
2017-04-17 13:00:00,NAVI,14.67,14.71,14.67,14.71,12044.0
2017-04-17 12:55:00,NAVI,14.67,14.68,14.665,14.675,10895.0
2017-04-17 12:50:00,NAVI,14.68,14.69,14.67,14.67,9454.0
2017-04-17 12:45:00,NAVI,14.69,14.69,14.68,14.68,5200.0
2017-04-17 12:40:00,NAVI,14.69,14.69,14.67,14.68,13701.0
2017-04-17 12:35:00,NAVI,14.69,14.705,14.69,14.69,10208.0
2017-04-17 12:30:00,NAVI,14.71,14.71,14.69,14.69,13044.0
2017-04-17 12:25:00,NAVI,14.71,14.72,14.71,14.71,5500.0
2017-04-17 12:20:00,NAVI,14.725,14.74,14.71,14.71,10620.0
2017-04-17 12:15:00,NAVI,14.69,14.73,14.68,14.73,10395.0
2017-04-17 12:10:00,NAVI,14.68,14.69,14.67,14.68,16333.0
2017-04-17 12:05:00,NAVI,14.67,14.68,14.67,14.67,6893.0
2017-04-17 12:00:00,NAVI,14.68,14.69,14.67,14.675,8782.0
2017-04-17 11:55:00,NAVI,14.7,14.7,14.69,14.69,9214.0
2017-04-17 11:50:00,NAVI,14.7,14.71,14.685,14.695,23046.0
2017-04-17 11:45:00,NAVI,14.74,14.74,14.7,14.7,10580.0
2017-04-17 11:40:00,NAVI,14.7,14.74,14.7,14.73,15403.0
2017-04-17 11:35:00,NAVI,14.71,14.73,14.7,14.7,15224.0
2017-04-17 11:30:00,NAVI,14.7,14.72,14.7,14.71,28169.0
2017-04-17 11:25:00,NAVI,14.69,14.7,14.68,14.7,17673.0
2017-04-17 11:20:00,NAVI,14.72,14.72,14.68,14.68,13230.0
2017-04-17 11:15:00,NAVI,14.71,14.72,14.7,14.71,8429.0
2017-04-17 11:10:00,NAVI,14.69,14.71,14.69,14.7,14043.0
2017-04-17 11:05:00,NAVI,14.665,14.695,14.66,14.68,17420.0
2017-04-17 11:00:00,NAVI,14.64,14.6766,14.64,14.665,14008.0
2017-04-17 10:55:00,NAVI,14.645,14.65,14.63,14.64,14611.0
2017-04-17 10:50:00,NAVI,14.63,14.66,14.63,14.64,10831.0
2017-04-17 10:45:00,NAVI,14.66,14.66,14.625,14.63,12717.0
2017-04-17 10:40:00,NAVI,14.66,14.67,14.63,14.655,14042.0
2017-04-17 10:35:00,NAVI,14.675,14.68,14.66,14.665,11418.0
2017-04-17 10:30:00,NAVI,14.7,14.71,14.67,14.67,8531.0
2017-04-17 10:25:00,NAVI,14.695,14.7,14.685,14.695,7008.0
2017-04-17 10:20:00,NAVI,14.72,14.72,14.68,14.695,10932.0
2017-04-17 10:15:00,NAVI,14.75,14.75,14.71,14.715,8843.0
2017-04-17 10:10:00,NAVI,14.75,14.77,14.74,14.76,9378.0
2017-04-17 10:05:00,NAVI,14.7689,14.77,14.745,14.755,15717.0
2017-04-17 10:00:00,NAVI,14.79,14.79,14.76,14.76,49718.0
2017-04-17 09:55:00,NAVI,14.77,14.79,14.76,14.79,5545.0
2017-04-17 09:50:00,NAVI,14.69,14.77,14.69,14.77,12491.0
2017-04-17 09:45:00,NAVI,14.69,14.7,14.66,14.67,8381.0
2017-04-17 09:40:00,NAVI,14.72,14.72,14.69,14.7,12521.0
2017-04-17 09:35:00,NAVI,14.71,14.7392,14.61,14.73,22496.0
2017-04-17 04:05:00,NAVI,14.45,14.45,14.45,14.45,100.0
2017-04-13 16:40:00,NAVI,14.68,14.68,14.68,14.68,4972.0
2017-04-13 16:05:00,NAVI,14.68,14.68,14.68,14.68,133064.0
2017-04-13 16:00:00,NAVI,14.705,14.71,14.67,14.68,133524.0
2017-04-13 15:55:00,NAVI,14.74,14.745,14.69,14.71,67747.0
2017-04-13 15:50:00,NAVI,14.68,14.74,14.675,14.74,49246.0
2017-04-13 15:45:00,NAVI,14.675,14.68,14.655,14.68,35931.0
2017-04-13 15:40:00,NAVI,14.675,14.68,14.66,14.675,28393.0
2017-04-13 15:35:00,NAVI,14.72,14.72,14.67,14.67,44217.0
2017-04-13 15:30:00,NAVI,14.73,14.735,14.72,14.72,29773.0
2017-04-13 15:25:00,NAVI,14.72,14.73,14.715,14.725,17619.0
2017-04-13 15:20:00,NAVI,14.72,14.72,14.69,14.715,18072.0
2017-04-13 15:15:00,NAVI,14.745,14.745,14.71,14.715,23159.0
2017-04-13 15:10:00,NAVI,14.755,14.76,14.74,14.745,20066.0
2017-04-13 15:05:00,NAVI,14.75,14.76,14.75,14.755,8316.0
2017-04-13 15:00:00,NAVI,14.735,14.75,14.73,14.74,11546.0
2017-04-13 14:55:00,NAVI,14.73,14.74,14.725,14.735,18237.0
2017-04-13 14:50:00,NAVI,14.735,14.74,14.73,14.735,5308.0
2017-04-13 14:45:00,NAVI,14.73,14.74,14.72,14.74,9548.0
2017-04-13 14:40:00,NAVI,14.755,14.7599,14.73,14.73,15992.0
2017-04-13 14:35:00,NAVI,14.74,14.76,14.735,14.75,10741.0
2017-04-13 14:30:00,NAVI,14.73,14.75,14.725,14.745,12623.0
2017-04-13 14:25:00,NAVI,14.73,14.75,14.72,14.7233,18899.0
2017-04-13 14:20:00,NAVI,14.72,14.735,14.7,14.73,18760.0
2017-04-13 14:15:00,NAVI,14.72,14.735,14.72,14.7201,15018.0
2017-04-13 14:10:00,NAVI,14.7,14.725,14.7,14.725,12943.0
2017-04-13 14:05:00,NAVI,14.71,14.72,14.695,14.71,20679.0
2017-04-13 14:00:00,NAVI,14.69,14.71,14.685,14.7,30754.0
2017-04-13 13:55:00,NAVI,14.67,14.69,14.6614,14.68,12212.0
2017-04-13 13:50:00,NAVI,14.67,14.675,14.634,14.67,22937.0
2017-04-13 13:45:00,NAVI,14.71,14.715,14.67,14.67,10111.0
2017-04-13 13:40:00,NAVI,14.745,14.745,14.71,14.715,16449.0
2017-04-13 13:35:00,NAVI,14.73,14.75,14.73,14.745,15563.0
2017-04-13 13:30:00,NAVI,14.695,14.73,14.69,14.73,13023.0
2017-04-13 13:25:00,NAVI,14.7,14.7,14.685,14.7,19494.0
2017-04-13 13:20:00,NAVI,14.66,14.7,14.655,14.7,13762.0
2017-04-13 13:15:00,NAVI,14.64,14.66,14.63,14.66,34561.0
2017-04-13 13:10:00,NAVI,14.66,14.66,14.62,14.64,21706.0
2017-04-13 13:05:00,NAVI,14.69,14.69,14.66,14.66,12156.0
2017-04-13 13:00:00,NAVI,14.685,14.69,14.67,14.68,41781.0
2017-04-13 12:55:00,NAVI,14.64,14.69,14.64,14.68,29137.0
2017-04-13 12:50:00,NAVI,14.64,14.65,14.63,14.64,75151.0
2017-04-13 12:45:00,NAVI,14.67,14.67,14.63,14.64,15017.0
2017-04-13 12:40:00,NAVI,14.69,14.69,14.665,14.67,14574.0
2017-04-13 12:35:00,NAVI,14.675,14.69,14.67,14.685,7291.0
2017-04-13 12:30:00,NAVI,14.66,14.685,14.66,14.67,9742.0
2017-04-13 12:25:00,NAVI,14.69,14.69,14.66,14.66,12790.0
2017-04-13 12:20:00,NAVI,14.71,14.715,14.68,14.69,17327.0
2017-04-13 12:15:00,NAVI,14.7,14.72,14.69,14.71,13029.0
2017-04-13 12:10:00,NAVI,14.73,14.73,14.69,14.695,17179.0
2017-04-13 12:05:00,NAVI,14.76,14.76,14.73,14.73,11522.0
2017-04-13 12:00:00,NAVI,14.8,14.8,14.76,14.77,21787.0
2017-04-13 11:55:00,NAVI,14.76,14.8,14.76,14.79,10727.0
2017-04-13 11:50:00,NAVI,14.73,14.77,14.72,14.755,18150.0
2017-04-13 11:45:00,NAVI,14.76,14.77,14.715,14.72,15724.0
2017-04-13 11:40:00,NAVI,14.78,14.8,14.76,14.765,20215.0
2017-04-13 11:35:00,NAVI,14.75,14.79,14.74,14.79,25924.0
2017-04-13 11:30:00,NAVI,14.755,14.76,14.75,14.75,5765.0
2017-04-13 11:25:00,NAVI,14.735,14.755,14.71,14.75,21438.0
2017-04-13 11:20:00,NAVI,14.775,14.78,14.73,14.73,40419.0
2017-04-13 11:15:00,NAVI,14.805,14.805,14.77,14.775,19181.0
2017-04-13 11:10:00,NAVI,14.845,14.85,14.8,14.8,17145.0
2017-04-13 11:05:00,NAVI,14.83,14.86,14.82,14.84,32195.0
2017-04-13 11:00:00,NAVI,14.85,14.86,14.82,14.83,20022.0
2017-04-13 10:55:00,NAVI,14.8,14.85,14.8,14.85,21371.0
2017-04-13 10:50:00,NAVI,14.84,14.86,14.8,14.8,22618.0
2017-04-13 10:45:00,NAVI,14.79,14.845,14.79,14.845,24671.0
2017-04-13 10:40:00,NAVI,14.8,14.8,14.765,14.79,30962.0
2017-04-13 10:35:00,NAVI,14.78,14.815,14.77,14.8,26715.0
2017-04-13 10:30:00,NAVI,14.82,14.82,14.765,14.77,15713.0
2017-04-13 10:25:00,NAVI,14.84,14.84,14.77,14.82,26470.0
2017-04-13 10:20:00,NAVI,14.89,14.89,14.84,14.85,34027.0
2017-04-13 10:15:00,NAVI,14.9,14.93,14.89,14.89,19684.0
2017-04-13 10:10:00,NAVI,14.93,14.93,14.89,14.91,33794.0
2017-04-13 10:05:00,NAVI,14.88,14.94,14.88,14.93,33192.0
2017-04-13 10:00:00,NAVI,14.91,14.925,14.84,14.87,27516.0
2017-04-13 09:55:00,NAVI,14.92,14.95,14.9,14.9,30985.0
2017-04-13 09:50:00,NAVI,14.88,14.93,14.855,14.9199,69669.0
2017-04-13 09:45:00,NAVI,14.84,14.885,14.82,14.885,36517.0
2017-04-13 09:40:00,NAVI,14.79,14.85,14.72,14.85,43003.0
2017-04-13 09:35:00,NAVI,14.6,14.82,14.6,14.79,77562.0
2017-04-12 17:00:00,NAVI,14.67,14.67,14.67,14.67,2979.0
2017-04-12 16:05:00,NAVI,14.675,14.675,14.67,14.67,110549.0
2017-04-12 16:00:00,NAVI,14.67,14.69,14.66,14.67,250916.0
2017-04-12 15:55:00,NAVI,14.66,14.67,14.65,14.6625,126598.0
2017-04-12 15:50:00,NAVI,14.645,14.66,14.64,14.66,69069.0
2017-04-12 15:45:00,NAVI,14.64,14.65,14.62,14.65,95845.0
2017-04-12 15:40:00,NAVI,14.65,14.655,14.64,14.64,33560.0
2017-04-12 15:35:00,NAVI,14.62,14.65,14.61,14.65,23024.0
2017-04-12 15:30:00,NAVI,14.62,14.63,14.605,14.62,37998.0
2017-04-12 15:25:00,NAVI,14.58,14.65,14.58,14.625,57269.0
2017-04-12 15:20:00,NAVI,14.62,14.625,14.58,14.585,59087.0
2017-04-12 15:15:00,NAVI,14.635,14.66,14.62,14.625,48632.0
2017-04-12 15:10:00,NAVI,14.64,14.645,14.63,14.63,13696.0
2017-04-12 15:05:00,NAVI,14.64,14.66,14.64,14.64,25452.0
2017-04-12 15:00:00,NAVI,14.66,14.67,14.635,14.645,32227.0
2017-04-12 14:55:00,NAVI,14.645,14.66,14.63,14.655,29243.0
2017-04-12 14:50:00,NAVI,14.64,14.65,14.635,14.64,12147.0
2017-04-12 14:45:00,NAVI,14.67,14.67,14.64,14.64,38719.0
2017-04-12 14:40:00,NAVI,14.72,14.72,14.68,14.68,26323.0
2017-04-12 14:35:00,NAVI,14.68,14.72,14.68,14.72,22631.0
2017-04-12 14:30:00,NAVI,14.69,14.695,14.68,14.68,17862.0
2017-04-12 14:25:00,NAVI,14.7,14.705,14.69,14.69,15644.0
2017-04-12 14:20:00,NAVI,14.69,14.7,14.68,14.7,15224.0
2017-04-12 14:15:00,NAVI,14.7,14.7,14.69,14.69,16995.0
2017-04-12 14:10:00,NAVI,14.715,14.72,14.7,14.7,19862.0
2017-04-12 14:05:00,NAVI,14.735,14.735,14.71,14.72,22801.0
2017-04-12 14:00:00,NAVI,14.69,14.735,14.68,14.73,30084.0
2017-04-12 13:55:00,NAVI,14.71,14.72,14.685,14.69,24990.0
2017-04-12 13:50:00,NAVI,14.72,14.72,14.7,14.715,21993.0
2017-04-12 13:45:00,NAVI,14.7,14.725,14.7,14.71,19109.0
2017-04-12 13:40:00,NAVI,14.66,14.71,14.66,14.71,18732.0
2017-04-12 13:35:00,NAVI,14.65,14.66,14.645,14.66,13821.0
2017-04-12 13:30:00,NAVI,14.65,14.67,14.645,14.65,11703.0
2017-04-12 13:25:00,NAVI,14.65,14.655,14.64,14.655,14846.0
2017-04-12 13:20:00,NAVI,14.67,14.67,14.65,14.6535,8776.0
2017-04-12 13:15:00,NAVI,14.67,14.68,14.66,14.66,9903.0
2017-04-12 13:10:00,NAVI,14.66,14.68,14.64,14.67,19751.0
2017-04-12 13:05:00,NAVI,14.59,14.68,14.59,14.66,48676.0
2017-04-12 13:00:00,NAVI,14.59,14.6,14.58,14.6,20948.0
2017-04-12 12:55:00,NAVI,14.625,14.625,14.5801,14.59,21267.0
2017-04-12 12:50:00,NAVI,14.6046,14.645,14.6,14.63,26238.0
2017-04-12 12:45:00,NAVI,14.61,14.615,14.6,14.605,13483.0
2017-04-12 12:40:00,NAVI,14.61,14.63,14.6,14.6,12784.0
2017-04-12 12:35:00,NAVI,14.61,14.63,14.61,14.61,17638.0
2017-04-12 12:30:00,NAVI,14.61,14.62,14.6,14.61,15194.0
2017-04-12 12:25:00,NAVI,14.625,14.63,14.6,14.605,16918.0
2017-04-12 12:20:00,NAVI,14.64,14.64,14.625,14.625,12159.0
2017-04-12 12:15:00,NAVI,14.62,14.64,14.62,14.635,12247.0
2017-04-12 12:10:00,NAVI,14.62,14.63,14.61,14.62,14540.0
2017-04-12 12:05:00,NAVI,14.605,14.63,14.595,14.615,17663.0
2017-04-12 12:00:00,NAVI,14.59,14.6,14.575,14.6,11865.0
2017-04-12 11:55:00,NAVI,14.6,14.605,14.58,14.59,27486.0
2017-04-12 11:50:00,NAVI,14.6,14.615,14.595,14.6005,28571.0
2017-04-12 11:45:00,NAVI,14.59,14.61,14.585,14.605,10389.0
2017-04-12 11:40:00,NAVI,14.62,14.63,14.585,14.585,22775.0
2017-04-12 11:35:00,NAVI,14.64,14.64,14.62,14.62,8643.0
2017-04-12 11:30:00,NAVI,14.64,14.66,14.6309,14.64,13990.0
2017-04-12 11:25:00,NAVI,14.675,14.68,14.64,14.65,23943.0
2017-04-12 11:20:00,NAVI,14.68,14.69,14.665,14.68,21360.0
2017-04-12 11:15:00,NAVI,14.73,14.73,14.68,14.68,14201.0
2017-04-12 11:10:00,NAVI,14.67,14.73,14.665,14.73,23630.0
2017-04-12 11:05:00,NAVI,14.685,14.69,14.66,14.67,14220.0
2017-04-12 11:00:00,NAVI,14.67,14.71,14.6601,14.69,27785.0
2017-04-12 10:55:00,NAVI,14.69,14.69,14.66,14.67,26147.0
2017-04-12 10:50:00,NAVI,14.72,14.72,14.685,14.69,15113.0
2017-04-12 10:45:00,NAVI,14.76,14.76,14.73,14.73,16702.0
2017-04-12 10:40:00,NAVI,14.8,14.81,14.75,14.76,24335.0
2017-04-12 10:35:00,NAVI,14.8,14.84,14.795,14.795,16206.0
2017-04-12 10:30:00,NAVI,14.835,14.835,14.795,14.8,19404.0
2017-04-12 10:25:00,NAVI,14.86,14.865,14.825,14.83,14624.0
2017-04-12 10:20:00,NAVI,14.82,14.88,14.82,14.86,16134.0
2017-04-12 10:15:00,NAVI,14.8,14.825,14.79,14.82,10149.0
2017-04-12 10:10:00,NAVI,14.83,14.83,14.8,14.81,12139.0
2017-04-12 10:05:00,NAVI,14.84,14.86,14.81,14.815,14514.0
2017-04-12 10:00:00,NAVI,14.88,14.88,14.83,14.835,12440.0
2017-04-12 09:55:00,NAVI,14.87,14.89,14.83,14.885,20443.0
2017-04-12 09:50:00,NAVI,14.89,14.9,14.845,14.86,22360.0
2017-04-12 09:45:00,NAVI,14.86,14.925,14.86,14.88,15261.0
2017-04-12 09:40:00,NAVI,14.87,14.91,14.83,14.86,19188.0
2017-04-12 09:35:00,NAVI,14.88,14.89,14.8,14.89,39412.0
2017-04-11 17:00:00,NAVI,14.89,14.89,14.89,14.89,1691.0
2017-04-11 16:05:00,NAVI,14.89,14.89,14.89,14.89,170392.0
2017-04-11 16:00:00,NAVI,14.855,14.9,14.85,14.9,161430.0
2017-04-11 15:55:00,NAVI,14.86,14.865,14.835,14.8501,67276.0
2017-04-11 15:50:00,NAVI,14.84,14.87,14.84,14.87,35537.0
2017-04-11 15:45:00,NAVI,14.87,14.879,14.84,14.845,19475.0
2017-04-11 15:40:00,NAVI,14.865,14.88,14.86,14.88,25188.0
2017-04-11 15:35:00,NAVI,14.85,14.87,14.84,14.87,22988.0
2017-04-11 15:30:00,NAVI,14.85,14.86,14.845,14.855,14436.0
2017-04-11 15:25:00,NAVI,14.825,14.845,14.825,14.845,18271.0
2017-04-11 15:20:00,NAVI,14.825,14.83,14.805,14.825,21056.0
2017-04-11 15:15:00,NAVI,14.8349,14.845,14.815,14.82,19912.0
2017-04-11 15:10:00,NAVI,14.83,14.835,14.815,14.835,16606.0
2017-04-11 15:05:00,NAVI,14.84,14.8501,14.825,14.835,17059.0
2017-04-11 15:00:00,NAVI,14.855,14.87,14.84,14.845,26550.0
2017-04-11 14:55:00,NAVI,14.835,14.86,14.82,14.855,16084.0
2017-04-11 14:50:00,NAVI,14.81,14.84,14.805,14.839,15996.0
2017-04-11 14:45:00,NAVI,14.805,14.8182,14.8,14.81,10477.0
2017-04-11 14:40:00,NAVI,14.79,14.82,14.785,14.805,14707.0
2017-04-11 14:35:00,NAVI,14.785,14.795,14.77,14.795,24181.0
2017-04-11 14:30:00,NAVI,14.755,14.79,14.755,14.79,18686.0
2017-04-11 14:25:00,NAVI,14.74,14.755,14.7322,14.755,12383.0
2017-04-11 14:20:00,NAVI,14.74,14.745,14.725,14.73,10768.0
2017-04-11 14:15:00,NAVI,14.76,14.765,14.71,14.74,19125.0
2017-04-11 14:10:00,NAVI,14.73,14.755,14.7282,14.755,10740.0
2017-04-11 14:05:00,NAVI,14.725,14.745,14.725,14.725,10573.0
2017-04-11 14:00:00,NAVI,14.71,14.725,14.7,14.725,10956.0
2017-04-11 13:55:00,NAVI,14.695,14.7191,14.695,14.7134,6297.0
2017-04-11 13:50:00,NAVI,14.69,14.715,14.69,14.69,7964.0
2017-04-11 13:45:00,NAVI,14.74,14.7484,14.69,14.695,14852.0
2017-04-11 13:40:00,NAVI,14.72,14.74,14.72,14.735,6429.0
2017-04-11 13:35:00,NAVI,14.72,14.74,14.71,14.71,14737.0
2017-04-11 13:30:00,NAVI,14.72,14.725,14.715,14.72,5609.0
2017-04-11 13:25:00,NAVI,14.74,14.765,14.715,14.715,8741.0
2017-04-11 13:20:00,NAVI,14.73,14.74,14.72,14.74,6739.0
2017-04-11 13:15:00,NAVI,14.75,14.75,14.72,14.73,10768.0
2017-04-11 13:10:00,NAVI,14.75,14.77,14.75,14.755,22628.0
2017-04-11 13:05:00,NAVI,14.7,14.75,14.7,14.745,20937.0
2017-04-11 13:00:00,NAVI,14.71,14.7125,14.69,14.695,6357.0
2017-04-11 12:55:00,NAVI,14.67,14.71,14.67,14.71,10846.0
2017-04-11 12:50:00,NAVI,14.665,14.68,14.66,14.665,11588.0
2017-04-11 12:45:00,NAVI,14.67,14.68,14.66,14.665,20937.0
2017-04-11 12:40:00,NAVI,14.67,14.7,14.67,14.68,8552.0
2017-04-11 12:35:00,NAVI,14.6731,14.69,14.66,14.665,8283.0
2017-04-11 12:30:00,NAVI,14.67,14.685,14.66,14.68,9024.0
2017-04-11 12:25:00,NAVI,14.66,14.68,14.66,14.67,8066.0
2017-04-11 12:20:00,NAVI,14.63,14.655,14.63,14.65,6880.0
2017-04-11 12:15:00,NAVI,14.5925,14.625,14.59,14.625,6360.0
2017-04-11 12:10:00,NAVI,14.585,14.605,14.585,14.595,6903.0
2017-04-11 12:05:00,NAVI,14.615,14.615,14.58,14.585,9350.0
2017-04-11 12:00:00,NAVI,14.64,14.645,14.61,14.615,7597.0
2017-04-11 11:55:00,NAVI,14.61,14.64,14.605,14.63,9175.0
2017-04-11 11:50:00,NAVI,14.59,14.615,14.57,14.61,17035.0
2017-04-11 11:45:00,NAVI,14.62,14.62,14.5825,14.59,5975.0
2017-04-11 11:40:00,NAVI,14.6,14.625,14.59,14.62,15581.0
2017-04-11 11:35:00,NAVI,14.57,14.6,14.57,14.6,11663.0
2017-04-11 11:30:00,NAVI,14.57,14.57,14.55,14.57,17971.0
2017-04-11 11:25:00,NAVI,14.53,14.575,14.52,14.56,11160.0
2017-04-11 11:20:00,NAVI,14.5,14.5325,14.48,14.53,10869.0
2017-04-11 11:15:00,NAVI,14.54,14.54,14.5,14.51,10510.0
2017-04-11 11:10:00,NAVI,14.54,14.565,14.53,14.54,15813.0
2017-04-11 11:05:00,NAVI,14.51,14.545,14.5,14.54,14864.0
2017-04-11 11:00:00,NAVI,14.54,14.54,14.5,14.51,15779.0
2017-04-11 10:55:00,NAVI,14.575,14.575,14.52,14.5353,18472.0
2017-04-11 10:50:00,NAVI,14.56,14.595,14.56,14.585,9092.0
2017-04-11 10:45:00,NAVI,14.585,14.595,14.535,14.56,16936.0
2017-04-11 10:40:00,NAVI,14.53,14.595,14.53,14.59,8683.0
2017-04-11 10:35:00,NAVI,14.61,14.615,14.53,14.535,15627.0
2017-04-11 10:30:00,NAVI,14.57,14.615,14.56,14.615,6495.0
2017-04-11 10:25:00,NAVI,14.625,14.625,14.565,14.57,13820.0
2017-04-11 10:20:00,NAVI,14.65,14.65,14.601,14.63,11279.0
2017-04-11 10:15:00,NAVI,14.67,14.675,14.64,14.65,7716.0
2017-04-11 10:10:00,NAVI,14.72,14.72,14.67,14.675,8458.0
2017-04-11 10:05:00,NAVI,14.655,14.715,14.65,14.71,15291.0
2017-04-11 10:00:00,NAVI,14.6,14.65,14.59,14.65,9074.0
2017-04-11 09:55:00,NAVI,14.57,14.605,14.545,14.6,8606.0
2017-04-11 09:50:00,NAVI,14.57,14.58,14.55,14.57,13028.0
2017-04-11 09:45:00,NAVI,14.57,14.61,14.51,14.58,24971.0
2017-04-11 09:40:00,NAVI,14.52,14.58,14.5099,14.57,14907.0
2017-04-11 09:35:00,NAVI,14.52,14.58,14.46,14.4901,36989.0
2017-04-10 16:40:00,NAVI,14.63,14.63,14.63,14.63,5834.0
2017-04-10 16:05:00,NAVI,14.63,14.63,14.63,14.63,154664.0
2017-04-10 16:00:00,NAVI,14.63,14.64,14.62,14.64,243991.0
2017-04-10 15:55:00,NAVI,14.64,14.67,14.63,14.63,111039.0
2017-04-10 15:50:00,NAVI,14.655,14.66,14.64,14.645,51137.0
2017-04-10 15:45:00,NAVI,14.685,14.69,14.65,14.655,57922.0
2017-04-10 15:40:00,NAVI,14.67,14.69,14.665,14.685,66474.0
2017-04-10 15:35:00,NAVI,14.71,14.715,14.66,14.665,66415.0
2017-04-10 15:30:00,NAVI,14.72,14.72,14.71,14.715,15036.0
2017-04-10 15:25:00,NAVI,14.74,14.74,14.695,14.72,22339.0
2017-04-10 15:20:00,NAVI,14.74,14.76,14.73,14.73,33601.0
2017-04-10 15:15:00,NAVI,14.75,14.75,14.73,14.735,28020.0
2017-04-10 15:10:00,NAVI,14.77,14.78,14.74,14.74,33183.0
2017-04-10 15:05:00,NAVI,14.765,14.77,14.76,14.765,12161.0
2017-04-10 15:00:00,NAVI,14.755,14.7699,14.75,14.765,15639.0
2017-04-10 14:55:00,NAVI,14.76,14.77,14.75,14.755,15096.0
2017-04-10 14:50:00,NAVI,14.74,14.76,14.74,14.76,17138.0
2017-04-10 14:45:00,NAVI,14.74,14.74,14.71,14.735,26211.0
2017-04-10 14:40:00,NAVI,14.735,14.74,14.73,14.735,10351.0
2017-04-10 14:35:00,NAVI,14.715,14.74,14.715,14.74,7600.0
2017-04-10 14:30:00,NAVI,14.73,14.74,14.71,14.715,25061.0
2017-04-10 14:25:00,NAVI,14.73,14.74,14.725,14.735,8919.0
2017-04-10 14:20:00,NAVI,14.73,14.74,14.72,14.72,16304.0
2017-04-10 14:15:00,NAVI,14.71,14.74,14.71,14.735,12920.0
2017-04-10 14:10:00,NAVI,14.7,14.715,14.7,14.71,7000.0
2017-04-10 14:05:00,NAVI,14.74,14.745,14.7,14.705,16068.0
2017-04-10 14:00:00,NAVI,14.74,14.75,14.73,14.735,6100.0
2017-04-10 13:55:00,NAVI,14.73,14.745,14.725,14.735,13269.0
2017-04-10 13:50:00,NAVI,14.745,14.745,14.73,14.73,7952.0
2017-04-10 13:45:00,NAVI,14.755,14.76,14.74,14.75,10329.0
2017-04-10 13:40:00,NAVI,14.725,14.765,14.725,14.7512,26467.0
2017-04-10 13:35:00,NAVI,14.7,14.72,14.7,14.72,15095.0
2017-04-10 13:30:00,NAVI,14.725,14.725,14.7,14.7036,8088.0
2017-04-10 13:25:00,NAVI,14.72,14.73,14.715,14.72,3300.0
2017-04-10 13:20:00,NAVI,14.73,14.73,14.7,14.715,9242.0
2017-04-10 13:15:00,NAVI,14.715,14.73,14.7135,14.73,8316.0
2017-04-10 13:10:00,NAVI,14.71,14.72,14.71,14.715,5746.0
2017-04-10 13:05:00,NAVI,14.7,14.71,14.7,14.71,7410.0
2017-04-10 13:00:00,NAVI,14.71,14.71,14.7,14.7,7743.0
2017-04-10 12:55:00,NAVI,14.69,14.71,14.69,14.71,6412.0
2017-04-10 12:50:00,NAVI,14.67,14.69,14.67,14.69,7653.0
2017-04-10 12:45:00,NAVI,14.64,14.68,14.635,14.67,6701.0
2017-04-10 12:40:00,NAVI,14.63,14.64,14.625,14.63,7030.0
2017-04-10 12:35:00,NAVI,14.61,14.63,14.6,14.63,8684.0
2017-04-10 12:30:00,NAVI,14.585,14.61,14.585,14.61,6898.0
2017-04-10 12:25:00,NAVI,14.605,14.605,14.585,14.59,6528.0
2017-04-10 12:20:00,NAVI,14.59,14.61,14.59,14.6,4931.0
2017-04-10 12:15:00,NAVI,14.66,14.66,14.59,14.59,22404.0
2017-04-10 12:10:00,NAVI,14.67,14.68,14.65,14.655,11953.0
2017-04-10 12:05:00,NAVI,14.64,14.675,14.64,14.67,8570.0
2017-04-10 12:00:00,NAVI,14.69,14.695,14.64,14.645,13983.0
2017-04-10 11:55:00,NAVI,14.69,14.71,14.68,14.69,20590.0
2017-04-10 11:50:00,NAVI,14.66,14.695,14.66,14.69,8659.0
2017-04-10 11:45:00,NAVI,14.66,14.665,14.63,14.665,10372.0
2017-04-10 11:40:00,NAVI,14.67,14.675,14.65,14.66,9103.0
2017-04-10 11:35:00,NAVI,14.76,14.76,14.68,14.68,13573.0
2017-04-10 11:30:00,NAVI,14.759,14.765,14.745,14.755,16547.0
2017-04-10 11:25:00,NAVI,14.74,14.755,14.73,14.755,9909.0
2017-04-10 11:20:00,NAVI,14.73,14.74,14.73,14.74,7637.0
2017-04-10 11:15:00,NAVI,14.71,14.73,14.7,14.73,7011.0
2017-04-10 11:10:00,NAVI,14.72,14.72,14.69,14.7,12994.0
2017-04-10 11:05:00,NAVI,14.7,14.73,14.7,14.71,9756.0
2017-04-10 11:00:00,NAVI,14.75,14.75,14.695,14.7,15450.0
2017-04-10 10:55:00,NAVI,14.75,14.755,14.74,14.75,9039.0
2017-04-10 10:50:00,NAVI,14.76,14.77,14.74,14.745,12029.0
2017-04-10 10:45:00,NAVI,14.78,14.78,14.75,14.76,20205.0
2017-04-10 10:40:00,NAVI,14.81,14.81,14.775,14.78,13889.0
2017-04-10 10:35:00,NAVI,14.8,14.81,14.79,14.8,8404.0
2017-04-10 10:30:00,NAVI,14.79,14.8,14.78,14.8,8611.0
2017-04-10 10:25:00,NAVI,14.8,14.8,14.76,14.78,11631.0
2017-04-10 10:20:00,NAVI,14.83,14.83,14.8,14.805,14303.0
2017-04-10 10:15:00,NAVI,14.87,14.87,14.82,14.835,8887.0
2017-04-10 10:10:00,NAVI,14.87,14.885,14.865,14.88,10102.0
2017-04-10 10:05:00,NAVI,14.86,14.87,14.85,14.86,10931.0
2017-04-10 10:00:00,NAVI,14.86,14.86,14.85,14.86,7583.0
2017-04-10 09:55:00,NAVI,14.83,14.89,14.825,14.86,11546.0
2017-04-10 09:50:00,NAVI,14.79,14.83,14.79,14.83,5160.0
2017-04-10 09:45:00,NAVI,14.75,14.81,14.75,14.79,17499.0
2017-04-10 09:40:00,NAVI,14.68,14.75,14.68,14.74,12577.0
2017-04-10 09:35:00,NAVI,14.73,14.74,14.63,14.7,27561.0
2017-04-10 08:05:00,NAVI,14.6,14.6,14.6,14.6,410.0
2017-04-07 16:20:00,NAVI,14.68,14.68,14.68,14.68,5188.0
2017-04-07 16:05:00,NAVI,14.68,14.68,14.68,14.68,242328.0
2017-04-07 16:00:00,NAVI,14.695,14.71,14.68,14.68,223056.0
2017-04-07 15:55:00,NAVI,14.71,14.73,14.69,14.69,105958.0
2017-04-07 15:50:00,NAVI,14.715,14.73,14.71,14.71,39355.0
2017-04-07 15:45:00,NAVI,14.72,14.73,14.71,14.71,28968.0
2017-04-07 15:40:00,NAVI,14.725,14.73,14.72,14.72,17906.0
2017-04-07 15:35:00,NAVI,14.74,14.745,14.72,14.725,20922.0
2017-04-07 15:30:00,NAVI,14.76,14.77,14.74,14.74,30351.0
2017-04-07 15:25:00,NAVI,14.73,14.77,14.73,14.765,31955.0
2017-04-07 15:20:00,NAVI,14.72,14.74,14.715,14.735,23315.0
2017-04-07 15:15:00,NAVI,14.72,14.72,14.71,14.72,14210.0
2017-04-07 15:10:00,NAVI,14.705,14.73,14.7,14.715,24211.0
2017-04-07 15:05:00,NAVI,14.6933,14.71,14.69,14.705,22606.0
2017-04-07 15:00:00,NAVI,14.7,14.7,14.69,14.69,14696.0
2017-04-07 14:55:00,NAVI,14.71,14.715,14.68,14.69,19547.0
2017-04-07 14:50:00,NAVI,14.7,14.72,14.7,14.71,10969.0
2017-04-07 14:45:00,NAVI,14.735,14.735,14.705,14.71,21056.0
2017-04-07 14:40:00,NAVI,14.75,14.76,14.72,14.73,20074.0
2017-04-07 14:35:00,NAVI,14.74,14.755,14.74,14.75,11897.0
2017-04-07 14:30:00,NAVI,14.77,14.77,14.74,14.745,13693.0
2017-04-07 14:25:00,NAVI,14.75,14.77,14.75,14.765,10475.0
2017-04-07 14:20:00,NAVI,14.76,14.765,14.75,14.75,11878.0
2017-04-07 14:15:00,NAVI,14.775,14.78,14.76,14.76,13348.0
2017-04-07 14:10:00,NAVI,14.77,14.78,14.765,14.78,9932.0
2017-04-07 14:05:00,NAVI,14.73,14.77,14.73,14.76,16540.0
2017-04-07 14:00:00,NAVI,14.74,14.75,14.725,14.73,14973.0
2017-04-07 13:55:00,NAVI,14.73,14.75,14.72,14.74,13083.0
2017-04-07 13:50:00,NAVI,14.71,14.73,14.7,14.72,14794.0
2017-04-07 13:45:00,NAVI,14.72,14.7201,14.7,14.71,10344.0
2017-04-07 13:40:00,NAVI,14.75,14.76,14.72,14.7201,7769.0
2017-04-07 13:35:00,NAVI,14.77,14.79,14.75,14.75,29296.0
2017-04-07 13:30:00,NAVI,14.725,14.765,14.72,14.765,15074.0
2017-04-07 13:25:00,NAVI,14.71,14.7351,14.71,14.73,17111.0
2017-04-07 13:20:00,NAVI,14.725,14.735,14.71,14.72,11284.0
2017-04-07 13:15:00,NAVI,14.71,14.735,14.71,14.72,14930.0
2017-04-07 13:10:00,NAVI,14.68,14.71,14.68,14.71,12524.0
2017-04-07 13:05:00,NAVI,14.69,14.7,14.67,14.68,9732.0
2017-04-07 13:00:00,NAVI,14.69,14.71,14.69,14.695,7163.0
2017-04-07 12:55:00,NAVI,14.66,14.69,14.65,14.68,14040.0
2017-04-07 12:50:00,NAVI,14.65,14.66,14.64,14.65,10029.0
2017-04-07 12:45:00,NAVI,14.6365,14.66,14.63,14.66,11664.0
2017-04-07 12:40:00,NAVI,14.65,14.65,14.63,14.63,14508.0
2017-04-07 12:35:00,NAVI,14.65,14.67,14.65,14.65,5523.0
2017-04-07 12:30:00,NAVI,14.65,14.68,14.645,14.645,20589.0
2017-04-07 12:25:00,NAVI,14.65,14.66,14.645,14.65,18166.0
2017-04-07 12:20:00,NAVI,14.61,14.65,14.61,14.645,39867.0
2017-04-07 12:15:00,NAVI,14.61,14.615,14.61,14.615,1600.0
2017-04-07 12:10:00,NAVI,14.6,14.615,14.59,14.615,9258.0
2017-04-07 12:05:00,NAVI,14.585,14.62,14.585,14.6,8803.0
2017-04-07 12:00:00,NAVI,14.59,14.59,14.58,14.58,5312.0
2017-04-07 11:55:00,NAVI,14.58,14.595,14.57,14.59,11076.0
2017-04-07 11:50:00,NAVI,14.575,14.58,14.55,14.575,12858.0
2017-04-07 11:45:00,NAVI,14.57,14.59,14.56,14.57,18297.0
2017-04-07 11:40:00,NAVI,14.605,14.615,14.57,14.57,16052.0
2017-04-07 11:35:00,NAVI,14.6,14.62,14.59,14.61,19240.0
2017-04-07 11:30:00,NAVI,14.61,14.625,14.6,14.6,15700.0
2017-04-07 11:25:00,NAVI,14.6,14.626,14.595,14.61,8278.0
2017-04-07 11:20:00,NAVI,14.555,14.605,14.55,14.6,23102.0
2017-04-07 11:15:00,NAVI,14.55,14.56,14.54,14.56,11559.0
2017-04-07 11:10:00,NAVI,14.58,14.58,14.55,14.55,10946.0
2017-04-07 11:05:00,NAVI,14.57,14.595,14.56,14.58,12638.0
2017-04-07 11:00:00,NAVI,14.57,14.585,14.56,14.57,11573.0
2017-04-07 10:55:00,NAVI,14.59,14.6,14.57,14.575,15241.0
2017-04-07 10:50:00,NAVI,14.63,14.635,14.58,14.585,15031.0
2017-04-07 10:45:00,NAVI,14.67,14.675,14.63,14.63,8649.0
2017-04-07 10:40:00,NAVI,14.65,14.685,14.64,14.675,16619.0
2017-04-07 10:35:00,NAVI,14.625,14.65,14.6,14.65,13502.0
2017-04-07 10:30:00,NAVI,14.64,14.6699,14.63,14.63,8205.0
2017-04-07 10:25:00,NAVI,14.61,14.64,14.61,14.64,7591.0
2017-04-07 10:20:00,NAVI,14.59,14.6,14.58,14.6,13327.0
2017-04-07 10:15:00,NAVI,14.58,14.62,14.58,14.6,7867.0
2017-04-07 10:10:00,NAVI,14.58,14.59,14.57,14.58,11842.0
2017-04-07 10:05:00,NAVI,14.48,14.58,14.47,14.58,25130.0
2017-04-07 10:00:00,NAVI,14.51,14.51,14.46,14.48,18969.0
2017-04-07 09:55:00,NAVI,14.56,14.6,14.5,14.5,22699.0
2017-04-07 09:50:00,NAVI,14.57,14.59,14.55,14.57,11997.0
2017-04-07 09:45:00,NAVI,14.65,14.65,14.57,14.58,13520.0
2017-04-07 09:40:00,NAVI,14.54,14.6601,14.53,14.65,10108.0
2017-04-07 09:35:00,NAVI,14.56,14.6,14.49,14.54,28160.0
2017-04-06 16:40:00,NAVI,14.62,14.62,14.62,14.62,3175.0
2017-04-06 16:05:00,NAVI,14.62,14.62,14.62,14.62,187887.0
2017-04-06 16:00:00,NAVI,14.61,14.65,14.61,14.625,147528.0
2017-04-06 15:55:00,NAVI,14.61,14.62,14.595,14.615,105691.0
2017-04-06 15:50:00,NAVI,14.61,14.62,14.6,14.615,69676.0
2017-04-06 15:45:00,NAVI,14.595,14.61,14.59,14.605,49710.0
2017-04-06 15:40:00,NAVI,14.575,14.6,14.575,14.6,33779.0
2017-04-06 15:35:00,NAVI,14.595,14.595,14.56,14.58,40013.0
2017-04-06 15:30:00,NAVI,14.59,14.61,14.585,14.595,38373.0
2017-04-06 15:25:00,NAVI,14.625,14.63,14.59,14.595,41560.0
2017-04-06 15:20:00,NAVI,14.6,14.63,14.59,14.625,27834.0
2017-04-06 15:15:00,NAVI,14.605,14.615,14.575,14.6,31621.0
2017-04-06 15:10:00,NAVI,14.585,14.61,14.56,14.6,44908.0
2017-04-06 15:05:00,NAVI,14.555,14.59,14.555,14.585,31631.0
2017-04-06 15:00:00,NAVI,14.575,14.575,14.545,14.555,23821.0
2017-04-06 14:55:00,NAVI,14.585,14.59,14.555,14.575,31493.0
2017-04-06 14:50:00,NAVI,14.635,14.64,14.58,14.585,35344.0
2017-04-06 14:45:00,NAVI,14.62,14.65,14.61,14.635,26398.0
2017-04-06 14:40:00,NAVI,14.615,14.64,14.61,14.625,24004.0
2017-04-06 14:35:00,NAVI,14.6,14.62,14.6,14.615,10580.0
2017-04-06 14:30:00,NAVI,14.65,14.65,14.6,14.605,25523.0
2017-04-06 14:25:00,NAVI,14.6431,14.65,14.64,14.65,10748.0
2017-04-06 14:20:00,NAVI,14.625,14.65,14.62,14.64,37931.0
2017-04-06 14:15:00,NAVI,14.64,14.64,14.625,14.625,15096.0
2017-04-06 14:10:00,NAVI,14.65,14.65,14.63,14.64,19147.0
2017-04-06 14:05:00,NAVI,14.63,14.65,14.63,14.65,9116.0
2017-04-06 14:00:00,NAVI,14.65,14.65,14.63,14.6347,12373.0
2017-04-06 13:55:00,NAVI,14.64,14.655,14.63,14.65,27471.0
2017-04-06 13:50:00,NAVI,14.65,14.65,14.63,14.64,13584.0
2017-04-06 13:45:00,NAVI,14.665,14.665,14.64,14.64,12567.0
2017-04-06 13:40:00,NAVI,14.7,14.7,14.65,14.65,19602.0
2017-04-06 13:35:00,NAVI,14.7,14.71,14.68,14.69,33135.0
2017-04-06 13:30:00,NAVI,14.71,14.72,14.7,14.705,18188.0
2017-04-06 13:25:00,NAVI,14.72,14.72,14.6936,14.7,14921.0
2017-04-06 13:20:00,NAVI,14.66,14.72,14.66,14.72,19197.0
2017-04-06 13:15:00,NAVI,14.65,14.66,14.63,14.66,10713.0
2017-04-06 13:10:00,NAVI,14.61,14.65,14.61,14.65,19087.0
2017-04-06 13:05:00,NAVI,14.61,14.615,14.59,14.615,9024.0
2017-04-06 13:00:00,NAVI,14.58,14.61,14.58,14.6,11800.0
2017-04-06 12:55:00,NAVI,14.58,14.59,14.575,14.58,2300.0
2017-04-06 12:50:00,NAVI,14.57,14.58,14.56,14.58,7771.0
2017-04-06 12:45:00,NAVI,14.59,14.59,14.555,14.56,11937.0
2017-04-06 12:40:00,NAVI,14.62,14.62,14.565,14.59,20030.0
2017-04-06 12:35:00,NAVI,14.6,14.63,14.6,14.615,12631.0
2017-04-06 12:30:00,NAVI,14.6,14.6,14.59,14.595,7570.0
2017-04-06 12:25:00,NAVI,14.63,14.63,14.61,14.61,11050.0
2017-04-06 12:20:00,NAVI,14.61,14.63,14.605,14.63,6765.0
2017-04-06 12:15:00,NAVI,14.605,14.61,14.59,14.6,13480.0
2017-04-06 12:10:00,NAVI,14.61,14.63,14.6,14.6,13513.0
2017-04-06 12:05:00,NAVI,14.59,14.61,14.5836,14.61,17872.0
2017-04-06 12:00:00,NAVI,14.56,14.595,14.545,14.59,26888.0
2017-04-06 11:55:00,NAVI,14.56,14.565,14.55,14.565,25384.0
2017-04-06 11:50:00,NAVI,14.56,14.57,14.56,14.565,14543.0
2017-04-06 11:45:00,NAVI,14.575,14.59,14.57,14.57,24687.0
2017-04-06 11:40:00,NAVI,14.605,14.63,14.57,14.58,41919.0
2017-04-06 11:35:00,NAVI,14.63,14.63,14.6,14.6,24640.0
2017-04-06 11:30:00,NAVI,14.6,14.64,14.592,14.62,27607.0
2017-04-06 11:25:00,NAVI,14.56,14.61,14.56,14.6,38895.0
2017-04-06 11:20:00,NAVI,14.54,14.57,14.52,14.555,46870.0
2017-04-06 11:15:00,NAVI,14.55,14.555,14.535,14.54,44045.0
2017-04-06 11:10:00,NAVI,14.55,14.56,14.54,14.54,16861.0
2017-04-06 11:05:00,NAVI,14.525,14.56,14.52,14.545,19851.0
2017-04-06 11:00:00,NAVI,14.53,14.5597,14.52,14.525,27739.0
2017-04-06 10:55:00,NAVI,14.54,14.55,14.52,14.525,23626.0
2017-04-06 10:50:00,NAVI,14.55,14.57,14.54,14.54,19951.0
2017-04-06 10:45:00,NAVI,14.6,14.605,14.54,14.55,21731.0
2017-04-06 10:40:00,NAVI,14.57,14.62,14.57,14.6,12565.0
2017-04-06 10:35:00,NAVI,14.56,14.59,14.56,14.58,8568.0
2017-04-06 10:30:00,NAVI,14.53,14.56,14.51,14.56,16259.0
2017-04-06 10:25:00,NAVI,14.53,14.57,14.53,14.535,17184.0
2017-04-06 10:20:00,NAVI,14.53,14.58,14.52,14.53,25844.0
2017-04-06 10:15:00,NAVI,14.54,14.56,14.51,14.52,8892.0
2017-04-06 10:10:00,NAVI,14.4971,14.55,14.49,14.54,12061.0
2017-04-06 10:05:00,NAVI,14.49,14.5,14.47,14.49,18593.0
2017-04-06 10:00:00,NAVI,14.47,14.49,14.46,14.4883,15473.0
2017-04-06 09:55:00,NAVI,14.4,14.46,14.39,14.46,8014.0
2017-04-06 09:50:00,NAVI,14.46,14.46,14.36,14.39,7004.0
2017-04-06 09:45:00,NAVI,14.47,14.51,14.45,14.45,11055.0
2017-04-06 09:40:00,NAVI,14.4,14.48,14.4,14.47,11662.0
2017-04-06 09:35:00,NAVI,14.44,14.48,14.38,14.4,29012.0
2017-04-05 16:35:00,NAVI,14.43,14.43,14.43,14.43,1707.0
2017-04-05 16:05:00,NAVI,14.44,14.45,14.43,14.43,554737.0
2017-04-05 16:00:00,NAVI,14.44,14.45,14.41,14.44,430061.0
2017-04-05 15:55:00,NAVI,14.44,14.48,14.43,14.44,174031.0
2017-04-05 15:50:00,NAVI,14.46,14.475,14.43,14.45,85006.0
2017-04-05 15:45:00,NAVI,14.5,14.505,14.46,14.465,34043.0
2017-04-05 15:40:00,NAVI,14.45,14.51,14.445,14.505,65714.0
2017-04-05 15:35:00,NAVI,14.52,14.52,14.44,14.455,94038.0
2017-04-05 15:30:00,NAVI,14.49,14.525,14.465,14.525,33870.0
2017-04-05 15:25:00,NAVI,14.54,14.5456,14.485,14.495,34879.0
2017-04-05 15:20:00,NAVI,14.57,14.57,14.525,14.54,35983.0
2017-04-05 15:15:00,NAVI,14.605,14.605,14.565,14.565,26971.0
2017-04-05 15:10:00,NAVI,14.625,14.63,14.605,14.605,18720.0
2017-04-05 15:05:00,NAVI,14.61,14.63,14.61,14.62,14093.0
2017-04-05 15:00:00,NAVI,14.625,14.64,14.615,14.615,13754.0
2017-04-05 14:55:00,NAVI,14.66,14.66,14.6,14.62,15694.0
2017-04-05 14:50:00,NAVI,14.68,14.68,14.65,14.66,15215.0
2017-04-05 14:45:00,NAVI,14.675,14.69,14.65,14.685,32046.0
2017-04-05 14:40:00,NAVI,14.705,14.71,14.68,14.68,13468.0
2017-04-05 14:35:00,NAVI,14.75,14.75,14.71,14.71,22839.0
2017-04-05 14:30:00,NAVI,14.72,14.75,14.72,14.75,8569.0
2017-04-05 14:25:00,NAVI,14.75,14.755,14.72,14.72,19264.0
2017-04-05 14:20:00,NAVI,14.74,14.76,14.735,14.75,15259.0
2017-04-05 14:15:00,NAVI,14.76,14.7701,14.74,14.74,21195.0
2017-04-05 14:10:00,NAVI,14.77,14.8,14.76,14.76,10559.0
2017-04-05 14:05:00,NAVI,14.73,14.77,14.71,14.765,38075.0
2017-04-05 14:00:00,NAVI,14.74,14.75,14.73,14.73,16618.0
2017-04-05 13:55:00,NAVI,14.75,14.75,14.735,14.735,9100.0
2017-04-05 13:50:00,NAVI,14.74,14.76,14.74,14.75,7150.0
2017-04-05 13:45:00,NAVI,14.75,14.75,14.715,14.73,18661.0
2017-04-05 13:40:00,NAVI,14.77,14.78,14.75,14.75,19514.0
2017-04-05 13:35:00,NAVI,14.765,14.77,14.76,14.76,9304.0
2017-04-05 13:30:00,NAVI,14.76,14.77,14.76,14.77,12430.0
2017-04-05 13:25:00,NAVI,14.76,14.77,14.75,14.76,12843.0
2017-04-05 13:20:00,NAVI,14.78,14.78,14.7601,14.7601,17912.0
2017-04-05 13:15:00,NAVI,14.795,14.795,14.78,14.785,10470.0
2017-04-05 13:10:00,NAVI,14.79,14.81,14.79,14.79,11664.0
2017-04-05 13:05:00,NAVI,14.74,14.8,14.735,14.8,16768.0
2017-04-05 13:00:00,NAVI,14.7467,14.7467,14.725,14.736,13339.0
2017-04-05 12:55:00,NAVI,14.75,14.75,14.73,14.74,14373.0
2017-04-05 12:50:00,NAVI,14.75,14.75,14.735,14.75,6987.0
2017-04-05 12:45:00,NAVI,14.73,14.75,14.725,14.75,5427.0
2017-04-05 12:40:00,NAVI,14.725,14.74,14.725,14.725,34282.0
2017-04-05 12:35:00,NAVI,14.705,14.73,14.705,14.73,4792.0
2017-04-05 12:30:00,NAVI,14.71,14.72,14.7,14.71,11058.0
2017-04-05 12:25:00,NAVI,14.665,14.7,14.665,14.7,17268.0
2017-04-05 12:20:00,NAVI,14.68,14.68,14.66,14.66,11706.0
2017-04-05 12:15:00,NAVI,14.655,14.68,14.65,14.67,9475.0
2017-04-05 12:10:00,NAVI,14.65,14.67,14.65,14.655,9639.0
2017-04-05 12:05:00,NAVI,14.655,14.66,14.635,14.655,9214.0
2017-04-05 12:00:00,NAVI,14.69,14.69,14.65,14.65,14947.0
2017-04-05 11:55:00,NAVI,14.675,14.685,14.67,14.685,7000.0
2017-04-05 11:50:00,NAVI,14.67,14.685,14.665,14.67,13000.0
2017-04-05 11:45:00,NAVI,14.635,14.67,14.635,14.66,16333.0
2017-04-05 11:40:00,NAVI,14.58,14.645,14.57,14.64,21705.0
2017-04-05 11:35:00,NAVI,14.57,14.6,14.555,14.57,61719.0
2017-04-05 11:30:00,NAVI,14.56,14.57,14.54,14.57,22205.0
2017-04-05 11:25:00,NAVI,14.57,14.59,14.55,14.56,32270.0
2017-04-05 11:20:00,NAVI,14.61,14.615,14.55,14.565,34379.0
2017-04-05 11:15:00,NAVI,14.605,14.63,14.6,14.61,16701.0
2017-04-05 11:10:00,NAVI,14.67,14.67,14.6,14.6,21047.0
2017-04-05 11:05:00,NAVI,14.725,14.74,14.67,14.67,20482.0
2017-04-05 11:00:00,NAVI,14.705,14.73,14.7,14.725,17361.0
2017-04-05 10:55:00,NAVI,14.715,14.715,14.68,14.705,24445.0
2017-04-05 10:50:00,NAVI,14.76,14.765,14.7105,14.72,28087.0
2017-04-05 10:45:00,NAVI,14.75,14.76,14.745,14.755,11650.0
2017-04-05 10:40:00,NAVI,14.76,14.775,14.73,14.75,21109.0
2017-04-05 10:35:00,NAVI,14.81,14.815,14.76,14.765,19020.0
2017-04-05 10:30:00,NAVI,14.83,14.83,14.805,14.82,15610.0
2017-04-05 10:25:00,NAVI,14.895,14.9,14.825,14.83,19548.0
2017-04-05 10:20:00,NAVI,14.92,14.945,14.89,14.895,22834.0
2017-04-05 10:15:00,NAVI,14.94,14.94,14.905,14.92,13366.0
2017-04-05 10:10:00,NAVI,14.965,14.965,14.925,14.945,12994.0
2017-04-05 10:05:00,NAVI,14.94,14.97,14.9,14.97,15349.0
2017-04-05 10:00:00,NAVI,14.93,14.955,14.93,14.945,8332.0
2017-04-05 09:55:00,NAVI,14.895,14.94,14.895,14.94,7941.0
2017-04-05 09:50:00,NAVI,14.89,14.91,14.89,14.9,20098.0
2017-04-05 09:45:00,NAVI,14.88,14.9,14.87,14.88,17037.0
2017-04-05 09:40:00,NAVI,14.93,14.93,14.8775,14.8775,12349.0
2017-04-05 09:35:00,NAVI,14.85,14.97,14.85,14.93,32181.0
2017-04-05 09:30:00,NAVI,14.85,14.85,14.85,14.85,100.0
2017-04-04 19:00:00,NAVI,14.62,14.62,14.62,14.62,100.0
2017-04-04 16:05:00,NAVI,14.73,14.73,14.73,14.73,142997.0
2017-04-04 16:00:00,NAVI,14.73,14.75,14.72,14.73,168439.0
2017-04-04 15:55:00,NAVI,14.735,14.745,14.73,14.735,49990.0
2017-04-04 15:50:00,NAVI,14.73,14.74,14.72,14.735,25324.0
2017-04-04 15:45:00,NAVI,14.745,14.745,14.72,14.73,19061.0
2017-04-04 15:40:00,NAVI,14.75,14.755,14.73,14.74,29590.0
2017-04-04 15:35:00,NAVI,14.73,14.759,14.72,14.75,56926.0
2017-04-04 15:30:00,NAVI,14.745,14.75,14.73,14.73,16024.0
2017-04-04 15:25:00,NAVI,14.73,14.75,14.72,14.745,33520.0
2017-04-04 15:20:00,NAVI,14.755,14.755,14.73,14.7353,25328.0
2017-04-04 15:15:00,NAVI,14.74,14.765,14.74,14.755,16773.0
2017-04-04 15:10:00,NAVI,14.75,14.76,14.74,14.74,20207.0
2017-04-04 15:05:00,NAVI,14.73,14.75,14.72,14.75,35748.0
2017-04-04 15:00:00,NAVI,14.725,14.75,14.72,14.73,107656.0
2017-04-04 14:55:00,NAVI,14.725,14.73,14.72,14.725,10093.0
2017-04-04 14:50:00,NAVI,14.7265,14.73,14.71,14.73,30379.0
2017-04-04 14:45:00,NAVI,14.71,14.735,14.71,14.73,25455.0
2017-04-04 14:40:00,NAVI,14.715,14.72,14.7,14.7,8398.0
2017-04-04 14:35:00,NAVI,14.71,14.72,14.7,14.715,13254.0
2017-04-04 14:30:00,NAVI,14.7001,14.72,14.7,14.71,13134.0
2017-04-04 14:25:00,NAVI,14.7,14.71,14.68,14.7,20977.0
2017-04-04 14:20:00,NAVI,14.69,14.71,14.685,14.7,16217.0
2017-04-04 14:15:00,NAVI,14.685,14.685,14.68,14.68,4496.0
2017-04-04 14:10:00,NAVI,14.67,14.695,14.665,14.6888,31412.0
2017-04-24 09:00:00,NAVI,16.11,16.11,16.11,16.11,100.0
2017-04-24 09:30:00,NAVI,16.11,16.11,16.11,16.11,300.0
2017-04-24 09:35:00,NAVI,16.16,16.23,16.11,16.2,45878.0
2017-04-24 09:40:00,NAVI,16.2,16.22,16.1,16.21,37505.0
2017-04-24 09:45:00,NAVI,16.21,16.23,16.15,16.23,35994.0
2017-04-24 09:50:00,NAVI,16.23,16.24,16.17,16.23,26529.0
2017-04-24 09:55:00,NAVI,16.22,16.23,16.14,16.14,61249.0
2017-04-24 10:00:00,NAVI,16.14,16.16,16.13,16.145,56208.0
2017-04-24 10:05:00,NAVI,16.145,16.16,16.14,16.15,77426.0
2017-04-24 10:10:00,NAVI,16.14,16.16,16.085,16.107,75497.0
2017-04-24 10:15:00,NAVI,16.11,16.12,16.08,16.115,32751.0
2017-04-24 10:20:00,NAVI,16.11,16.135,16.09,16.11,23689.0
2017-04-24 10:25:00,NAVI,16.11,16.11,16.08,16.085,20128.0
2017-04-24 10:30:00,NAVI,16.09,16.14,16.085,16.125,15632.0
2017-04-24 10:35:00,NAVI,16.125,16.125,16.0442,16.05,31219.0
2017-04-24 10:40:00,NAVI,16.05,16.07,16.03,16.03,11953.0
2017-04-24 10:45:00,NAVI,16.03,16.06,16.02,16.04,20848.0
2017-04-24 10:50:00,NAVI,16.04,16.04,16.0,16.04,15096.0
2017-04-24 10:55:00,NAVI,16.035,16.045,15.99,15.99,19957.0
2017-04-24 11:00:00,NAVI,16.0,16.02,15.99,16.0,18469.0
2017-04-24 11:05:00,NAVI,16.01,16.03,16.005,16.01,22925.0
2017-04-24 11:10:00,NAVI,16.005,16.01,15.99,15.99,16178.0
2017-04-24 11:15:00,NAVI,16.0,16.02,15.985,15.99,20163.0
2017-04-24 11:20:00,NAVI,16.0,16.005,15.96,15.97,16435.0
2017-04-24 11:25:00,NAVI,15.97,15.98,15.94,15.94,25815.0
2017-04-24 11:30:00,NAVI,15.95,15.97,15.93,15.96,20973.0
2017-04-24 11:35:00,NAVI,15.965,15.97,15.93,15.93,22993.0
2017-04-24 11:40:00,NAVI,15.93,15.9599,15.93,15.93,30336.0
2017-04-24 11:45:00,NAVI,15.935,15.9499,15.915,15.9499,31852.0
2017-04-24 11:50:00,NAVI,15.95,15.99,15.945,15.98,59244.0
2017-04-24 11:55:00,NAVI,15.98,16.0,15.98,16.0,15750.0
2017-04-24 12:00:00,NAVI,15.99,15.995,15.97,15.97,17291.0
2017-04-24 12:05:00,NAVI,15.98,16.02,15.98,16.02,18512.0
2017-04-24 12:10:00,NAVI,16.02,16.04,16.02,16.04,17520.0
2017-04-24 12:15:00,NAVI,16.035,16.055,16.02,16.03,54725.0
2017-04-24 12:20:00,NAVI,16.04,16.07,16.035,16.07,18419.0
2017-04-24 12:25:00,NAVI,16.07,16.075,16.04,16.055,18917.0
2017-04-24 12:30:00,NAVI,16.05,16.05,16.04,16.04,4938.0
2017-04-24 12:35:00,NAVI,16.045,16.05,16.04,16.045,5109.0
2017-04-24 12:40:00,NAVI,16.05,16.09,16.045,16.09,20324.0
2017-04-24 12:45:00,NAVI,16.085,16.09,16.085,16.085,1800.0
2017-04-24 12:50:00,NAVI,16.085,16.09,16.05,16.05,13011.0
2017-04-24 12:55:00,NAVI,16.06,16.06,16.05,16.06,5500.0
2017-04-24 13:00:00,NAVI,16.06,16.06,16.035,16.045,19227.0
2017-04-24 13:05:00,NAVI,16.045,16.08,16.035,16.06,22155.0
2017-04-24 13:10:00,NAVI,16.06,16.06,16.035,16.035,11240.0
2017-04-24 13:15:00,NAVI,16.03,16.05,16.02,16.045,10883.0
2017-04-24 13:20:00,NAVI,16.05,16.07,16.045,16.07,8828.0
2017-04-24 13:25:00,NAVI,16.07,16.08,16.05,16.05,14344.0
2017-04-24 13:30:00,NAVI,16.055,16.09,16.05,16.065,11062.0
2017-04-24 13:35:00,NAVI,16.06,16.06,16.04,16.045,6501.0
2017-04-24 13:40:00,NAVI,16.04,16.05,16.02,16.02,14298.0
2017-04-24 13:45:00,NAVI,16.03,16.03,16.005,16.02,54309.0
2017-04-24 13:50:00,NAVI,16.02,16.02,15.99,15.99,18267.0
2017-04-24 13:55:00,NAVI,15.995,16.01,15.99,16.005,7607.0
2017-04-24 14:00:00,NAVI,16.005,16.01,16.0,16.0,10377.0
2017-04-24 14:05:00,NAVI,16.0,16.02,15.98,15.985,29843.0
2017-04-24 14:10:00,NAVI,15.98,16.01,15.98,16.01,29005.0
2017-04-24 14:15:00,NAVI,16.01,16.015,15.98,15.995,14615.0
2017-04-24 14:20:00,NAVI,16.0,16.02,15.995,16.02,28432.0
2017-04-24 14:25:00,NAVI,16.015,16.035,16.01,16.01,18558.0
2017-04-24 14:30:00,NAVI,16.01,16.02,15.99,15.995,18300.0
2017-04-24 14:35:00,NAVI,16.0,16.02,15.99,16.01,12169.0
2017-04-24 14:40:00,NAVI,16.005,16.005,15.98,15.985,24123.0
2017-04-24 14:45:00,NAVI,15.985,15.99,15.98,15.98,12000.0
2017-04-24 14:50:00,NAVI,15.9859,15.99,15.97,15.97,15706.0
2017-04-24 14:55:00,NAVI,15.975,15.98,15.92,15.925,36220.0
2017-04-24 15:00:00,NAVI,15.925,15.93,15.91,15.915,31827.0
2017-04-24 15:05:00,NAVI,15.91,15.925,15.88,15.91,79190.0
2017-04-24 15:10:00,NAVI,15.91,15.945,15.905,15.94,56165.0
2017-04-24 15:15:00,NAVI,15.935,15.94,15.93,15.93,22638.0
2017-04-24 15:20:00,NAVI,15.94,15.945,15.9,15.91,53398.0
2017-04-24 15:25:00,NAVI,15.91,15.925,15.9,15.9,63029.0
2017-04-24 15:30:00,NAVI,15.9,15.905,15.88,15.88,64161.0
2017-04-24 15:35:00,NAVI,15.89,15.89,15.84,15.845,90026.0
2017-04-24 15:40:00,NAVI,15.85,15.86,15.84,15.855,55654.0
2017-04-24 15:45:00,NAVI,15.8564,15.86,15.81,15.81,107163.0
2017-04-24 15:50:00,NAVI,15.81,15.82,15.78,15.79,121168.0
2017-04-24 15:55:00,NAVI,15.79,15.8,15.77,15.78,305274.0
2017-04-24 16:00:00,NAVI,15.78,15.79,15.76,15.76,493605.0
2017-04-24 16:05:00,NAVI,15.76,15.78,15.76,15.76,440389.0
2017-04-24 16:10:00,NAVI,15.77,15.77,15.77,15.77,1675.0
2017-04-24 16:20:00,NAVI,15.8,15.8,15.76,15.76,13714.0
2017-04-24 16:25:00,NAVI,15.82,15.82,15.82,15.82,200.0
2017-04-24 16:25:00,NAVI,15.82,15.82,15.82,15.82,200.0
2017-04-24 16:20:00,NAVI,15.8,15.8,15.76,15.76,13714.0
2017-04-24 16:10:00,NAVI,15.77,15.77,15.77,15.77,1675.0
2017-04-06 13:15:00,NAVI,14.65,14.66,14.63,14.66,10713.0
2017-04-06 13:10:00,NAVI,14.61,14.65,14.61,14.65,19087.0
2017-04-06 13:05:00,NAVI,14.61,14.615,14.59,14.615,9024.0
2017-04-06 13:00:00,NAVI,14.58,14.61,14.58,14.6,11800.0
2017-04-06 12:55:00,NAVI,14.58,14.59,14.575,14.58,2300.0
2017-04-06 12:50:00,NAVI,14.57,14.58,14.56,14.58,7771.0
2017-04-06 12:45:00,NAVI,14.59,14.59,14.555,14.56,11937.0
2017-04-06 12:40:00,NAVI,14.62,14.62,14.565,14.59,20030.0
2017-04-06 12:35:00,NAVI,14.6,14.63,14.6,14.615,12631.0
2017-04-06 12:30:00,NAVI,14.6,14.6,14.59,14.595,7570.0
2017-04-06 12:25:00,NAVI,14.63,14.63,14.61,14.61,11050.0
2017-04-06 12:20:00,NAVI,14.61,14.63,14.605,14.63,6765.0
2017-04-06 12:15:00,NAVI,14.605,14.61,14.59,14.6,13480.0
2017-04-06 12:10:00,NAVI,14.61,14.63,14.6,14.6,13513.0
2017-04-06 12:05:00,NAVI,14.59,14.61,14.5836,14.61,17872.0
2017-04-06 12:00:00,NAVI,14.56,14.595,14.545,14.59,26888.0
2017-04-06 11:55:00,NAVI,14.56,14.565,14.55,14.565,25384.0
2017-04-06 11:50:00,NAVI,14.56,14.57,14.56,14.565,14543.0
2017-04-06 11:45:00,NAVI,14.575,14.59,14.57,14.57,24687.0
2017-04-06 11:40:00,NAVI,14.605,14.63,14.57,14.58,41919.0
2017-04-06 11:35:00,NAVI,14.63,14.63,14.6,14.6,24640.0
2017-04-06 11:30:00,NAVI,14.6,14.64,14.592,14.62,27607.0
2017-04-06 11:25:00,NAVI,14.56,14.61,14.56,14.6,38895.0
2017-04-06 11:20:00,NAVI,14.54,14.57,14.52,14.555,46870.0
2017-04-06 11:15:00,NAVI,14.55,14.555,14.535,14.54,44045.0
2017-04-06 11:10:00,NAVI,14.55,14.56,14.54,14.54,16861.0
2017-04-06 11:05:00,NAVI,14.525,14.56,14.52,14.545,19851.0
2017-04-06 11:00:00,NAVI,14.53,14.5597,14.52,14.525,27739.0
2017-04-06 10:55:00,NAVI,14.54,14.55,14.52,14.525,23626.0
2017-04-06 10:50:00,NAVI,14.55,14.57,14.54,14.54,19951.0
2017-04-06 10:45:00,NAVI,14.6,14.605,14.54,14.55,21731.0
2017-04-06 10:40:00,NAVI,14.57,14.62,14.57,14.6,12565.0
2017-04-06 10:35:00,NAVI,14.56,14.59,14.56,14.58,8568.0
2017-04-06 10:30:00,NAVI,14.53,14.56,14.51,14.56,16259.0
2017-04-06 10:25:00,NAVI,14.53,14.57,14.53,14.535,17184.0
2017-04-06 10:20:00,NAVI,14.53,14.58,14.52,14.53,25844.0
2017-04-06 10:15:00,NAVI,14.54,14.56,14.51,14.52,8892.0
2017-04-06 10:10:00,NAVI,14.4971,14.55,14.49,14.54,12061.0
2017-04-06 10:05:00,NAVI,14.49,14.5,14.47,14.49,18593.0
2017-04-06 10:00:00,NAVI,14.47,14.49,14.46,14.4883,15473.0
2017-04-06 09:55:00,NAVI,14.4,14.46,14.39,14.46,8014.0
2017-04-06 09:50:00,NAVI,14.46,14.46,14.36,14.39,7004.0
2017-04-06 09:45:00,NAVI,14.47,14.51,14.45,14.45,11055.0
2017-04-06 09:40:00,NAVI,14.4,14.48,14.4,14.47,11662.0
2017-04-06 09:35:00,NAVI,14.44,14.48,14.38,14.4,29012.0
2017-04-05 16:35:00,NAVI,14.43,14.43,14.43,14.43,1707.0
2017-04-05 16:05:00,NAVI,14.44,14.45,14.43,14.43,554737.0
2017-04-05 16:00:00,NAVI,14.44,14.45,14.41,14.44,430061.0
2017-04-05 15:55:00,NAVI,14.44,14.48,14.43,14.44,174031.0
2017-04-05 15:50:00,NAVI,14.46,14.475,14.43,14.45,85006.0
2017-04-05 15:45:00,NAVI,14.5,14.505,14.46,14.465,34043.0
2017-04-05 15:40:00,NAVI,14.45,14.51,14.445,14.505,65714.0
2017-04-05 15:35:00,NAVI,14.52,14.52,14.44,14.455,94038.0
2017-04-05 15:30:00,NAVI,14.49,14.525,14.465,14.525,33870.0
2017-04-05 15:25:00,NAVI,14.54,14.5456,14.485,14.495,34879.0
2017-04-05 15:20:00,NAVI,14.57,14.57,14.525,14.54,35983.0
2017-04-05 15:15:00,NAVI,14.605,14.605,14.565,14.565,26971.0
2017-04-05 15:10:00,NAVI,14.625,14.63,14.605,14.605,18720.0
2017-04-05 15:05:00,NAVI,14.61,14.63,14.61,14.62,14093.0
2017-04-05 15:00:00,NAVI,14.625,14.64,14.615,14.615,13754.0
2017-04-05 14:55:00,NAVI,14.66,14.66,14.6,14.62,15694.0
2017-04-05 14:50:00,NAVI,14.68,14.68,14.65,14.66,15215.0
2017-04-05 14:45:00,NAVI,14.675,14.69,14.65,14.685,32046.0
2017-04-05 14:40:00,NAVI,14.705,14.71,14.68,14.68,13468.0
2017-04-05 14:35:00,NAVI,14.75,14.75,14.71,14.71,22839.0
2017-04-05 14:30:00,NAVI,14.72,14.75,14.72,14.75,8569.0
2017-04-05 14:25:00,NAVI,14.75,14.755,14.72,14.72,19264.0
2017-04-25 09:35:00,NAVI,15.88,15.915,15.8,15.86,40286.0
2017-04-25 09:40:00,NAVI,15.86,15.89,15.82,15.87,19512.0
2017-04-25 09:45:00,NAVI,15.87,15.89,15.85,15.87,16162.0
2017-04-25 09:50:00,NAVI,15.875,15.9,15.87,15.88,21727.0
2017-04-25 09:55:00,NAVI,15.88,15.925,15.85,15.89,32788.0
2017-04-25 10:00:00,NAVI,15.88,15.98,15.88,15.975,25013.0
2017-04-25 10:05:00,NAVI,15.97,15.97,15.93,15.94,20925.0
2017-04-25 10:10:00,NAVI,15.94,15.965,15.93,15.935,37880.0
2017-04-25 10:15:00,NAVI,15.94,15.95,15.91,15.91,15095.0
2017-04-25 10:20:00,NAVI,15.915,15.925,15.86,15.87,39262.0
2017-04-25 10:25:00,NAVI,15.87,15.8979,15.87,15.89,15264.0
2017-04-25 10:30:00,NAVI,15.895,15.92,15.88,15.88,16139.0
2017-04-25 10:35:00,NAVI,15.89,15.9,15.855,15.88,24467.0
2017-04-25 10:40:00,NAVI,15.875,15.91,15.875,15.89,20653.0
2017-04-25 10:45:00,NAVI,15.885,15.89,15.84,15.845,26112.0
2017-04-25 10:50:00,NAVI,15.85,15.87,15.85,15.86,7228.0
2017-04-25 10:55:00,NAVI,15.86,15.9,15.855,15.9,21131.0
2017-04-25 11:00:00,NAVI,15.9,15.9074,15.875,15.875,11305.0
2017-04-25 11:05:00,NAVI,15.875,15.91,15.875,15.91,9929.0
2017-04-25 11:10:00,NAVI,15.9,15.935,15.895,15.92,25042.0
2017-04-25 11:15:00,NAVI,15.92,15.94,15.92,15.93,15987.0
2017-04-25 11:20:00,NAVI,15.93,15.955,15.925,15.955,10860.0
2017-04-25 11:25:00,NAVI,15.955,15.96,15.94,15.945,13948.0
2017-04-25 11:30:00,NAVI,15.94,15.94,15.88,15.88,21491.0
2017-04-25 11:35:00,NAVI,15.88,15.895,15.84,15.895,19912.0
2017-04-25 11:40:00,NAVI,15.89,15.89,15.85,15.87,13544.0
2017-04-25 11:45:00,NAVI,15.865,15.87,15.8458,15.85,24254.0
2017-04-25 11:50:00,NAVI,15.84,15.865,15.84,15.855,14322.0
2017-04-25 11:55:00,NAVI,15.85,15.87,15.85,15.87,10465.0
2017-04-25 12:00:00,NAVI,15.87,15.9,15.87,15.89,21365.0
2017-04-25 12:05:00,NAVI,15.89,15.9,15.89,15.895,4091.0
2017-04-25 12:10:00,NAVI,15.9,15.905,15.89,15.9,18599.0
2017-04-25 12:15:00,NAVI,15.9,15.905,15.89,15.9,9608.0
2017-04-25 12:20:00,NAVI,15.9,15.91,15.9,15.9,6855.0
2017-04-25 12:25:00,NAVI,15.905,15.905,15.89,15.895,7358.0
2017-04-25 12:30:00,NAVI,15.895,15.905,15.89,15.895,10692.0
2017-04-25 12:35:00,NAVI,15.895,15.91,15.89,15.89,18101.0
2017-04-25 12:40:00,NAVI,15.9,15.905,15.87,15.875,15300.0
2017-04-25 12:45:00,NAVI,15.87,15.895,15.87,15.89,20339.0
