2017-05-19 19:55:00,P,9.2,9.2,9.2,9.2,250.0
2017-05-19 19:45:00,P,9.25,9.25,9.25,9.25,5330.0
2017-05-19 19:40:00,P,9.26,9.26,9.26,9.26,128.0
2017-05-19 19:35:00,P,9.28,9.28,9.28,9.28,400.0
2017-05-19 19:30:00,P,9.26,9.26,9.26,9.26,187.0
2017-05-19 19:25:00,P,9.27,9.27,9.27,9.27,713.0
2017-05-19 19:10:00,P,9.27,9.27,9.27,9.27,555.0
2017-05-19 19:05:00,P,9.27,9.27,9.27,9.27,200.0
2017-05-19 18:55:00,P,9.28,9.28,9.28,9.28,2500.0
2017-05-19 18:50:00,P,9.26,9.26,9.26,9.26,4000.0
2017-05-19 18:25:00,P,9.26,9.26,9.26,9.26,1100.0
2017-05-19 18:15:00,P,9.29,9.29,9.29,9.29,386.0
2017-05-19 18:10:00,P,9.29,9.29,9.29,9.29,4080.0
2017-05-19 17:50:00,P,9.26,9.26,9.26,9.26,1300.0
2017-05-19 17:20:00,P,9.26,9.26,9.26,9.26,2000.0
2017-05-19 17:15:00,P,9.26,9.26,9.26,9.26,1000.0
2017-05-19 17:10:00,P,9.26,9.26,9.26,9.26,1000.0
2017-05-19 17:00:00,P,9.27,9.29,9.27,9.29,750.0
2017-05-19 16:30:00,P,9.26,9.27,9.26,9.27,5100.0
2017-05-19 16:20:00,P,9.26,9.26,9.26,9.26,1000.0
2017-05-19 16:05:00,P,9.24,9.24,9.24,9.24,249237.0
2017-05-19 16:00:00,P,9.2493,9.25,9.22,9.23,1034865.0
2017-05-19 15:55:00,P,9.25,9.27,9.24,9.245,331309.0
2017-05-19 15:50:00,P,9.255,9.26,9.245,9.25,172365.0
2017-05-19 15:45:00,P,9.265,9.27,9.25,9.255,110837.0
2017-05-19 15:40:00,P,9.2598,9.27,9.24,9.265,173465.0
2017-05-19 15:35:00,P,9.245,9.26,9.24,9.26,110511.0
2017-05-19 15:30:00,P,9.22,9.26,9.22,9.245,135336.0
2017-05-19 15:25:00,P,9.22,9.23,9.2,9.23,222673.0
2017-05-19 15:20:00,P,9.23,9.235,9.22,9.225,106499.0
2017-05-19 15:15:00,P,9.25,9.259,9.23,9.23,96148.0
2017-05-19 15:10:00,P,9.27,9.28,9.25,9.25,152399.0
2017-05-19 15:05:00,P,9.29,9.295,9.27,9.27,47609.0
2017-05-19 15:00:00,P,9.28,9.3,9.27,9.295,91441.0
2017-05-19 14:55:00,P,9.28,9.305,9.28,9.2899,95646.0
2017-05-19 14:50:00,P,9.29,9.2999,9.28,9.28,34231.0
2017-05-19 14:45:00,P,9.295,9.31,9.29,9.29,72071.0
2017-05-19 14:40:00,P,9.3,9.3061,9.29,9.29,61120.0
2017-05-19 14:35:00,P,9.33,9.34,9.29,9.3058,341372.0
2017-05-19 14:30:00,P,9.34,9.35,9.33,9.33,34661.0
2017-05-19 14:25:00,P,9.33,9.36,9.32,9.35,115136.0
2017-05-19 14:20:00,P,9.34,9.35,9.33,9.33,37290.0
2017-05-19 14:15:00,P,9.36,9.36,9.34,9.35,32816.0
2017-05-19 14:10:00,P,9.375,9.38,9.36,9.36,34606.0
2017-05-19 14:05:00,P,9.37,9.38,9.35,9.375,70359.0
2017-05-19 14:00:00,P,9.37,9.37,9.36,9.37,32881.0
2017-05-19 13:55:00,P,9.34,9.37,9.34,9.37,98242.0
2017-05-19 13:50:00,P,9.315,9.36,9.315,9.35,137041.0
2017-05-19 13:45:00,P,9.33,9.33,9.31,9.315,87517.0
2017-05-19 13:40:00,P,9.33,9.34,9.32,9.33,76221.0
2017-05-19 13:35:00,P,9.325,9.34,9.31,9.33,76691.0
2017-05-19 13:30:00,P,9.32,9.33,9.32,9.32,22550.0
2017-05-19 13:25:00,P,9.325,9.33,9.32,9.325,41557.0
2017-05-19 13:20:00,P,9.34,9.345,9.32,9.32,148967.0
2017-05-19 13:15:00,P,9.315,9.355,9.31,9.34,156658.0
2017-05-19 13:10:00,P,9.325,9.33,9.31,9.315,84393.0
2017-05-19 13:05:00,P,9.35,9.36,9.32,9.325,134762.0
2017-05-19 13:00:00,P,9.37,9.37,9.35,9.35,33575.0
2017-05-19 12:55:00,P,9.37,9.37,9.36,9.365,24345.0
2017-05-19 12:50:00,P,9.365,9.37,9.355,9.37,29711.0
2017-05-19 12:45:00,P,9.36,9.3699,9.36,9.36,28763.0
2017-05-19 12:40:00,P,9.37,9.3753,9.345,9.36,56762.0
2017-05-19 12:35:00,P,9.37,9.38,9.36,9.37,82987.0
2017-05-19 12:30:00,P,9.38,9.4,9.36,9.375,105803.0
2017-05-19 12:25:00,P,9.375,9.38,9.35,9.375,77430.0
2017-05-19 12:20:00,P,9.39,9.39,9.37,9.37,74463.0
2017-05-19 12:15:00,P,9.39,9.4,9.38,9.38,28484.0
2017-05-19 12:10:00,P,9.41,9.435,9.39,9.39,125107.0
2017-05-19 12:05:00,P,9.4154,9.43,9.39,9.4,127715.0
2017-05-19 12:00:00,P,9.43,9.43,9.4,9.415,97239.0
2017-05-19 11:55:00,P,9.44,9.44,9.43,9.44,40651.0
2017-05-19 11:50:00,P,9.41,9.44,9.4,9.435,84872.0
2017-05-19 11:45:00,P,9.4,9.41,9.39,9.41,35015.0
2017-05-19 11:40:00,P,9.39,9.42,9.385,9.4,67189.0
2017-05-19 11:35:00,P,9.39,9.4,9.38,9.39,58175.0
2017-05-19 11:30:00,P,9.41,9.42,9.37,9.39,171479.0
2017-05-19 11:25:00,P,9.37,9.41,9.36,9.41,93699.0
2017-05-19 11:20:00,P,9.34,9.37,9.33,9.37,74909.0
2017-05-19 11:15:00,P,9.36,9.36,9.34,9.34,63539.0
2017-05-19 11:10:00,P,9.38,9.38,9.36,9.36,69604.0
2017-05-19 11:05:00,P,9.33,9.38,9.31,9.38,109198.0
2017-05-19 11:00:00,P,9.325,9.34,9.32,9.33,93059.0
2017-05-19 10:55:00,P,9.32,9.33,9.31,9.33,73155.0
2017-05-19 10:50:00,P,9.32,9.33,9.31,9.315,71478.0
2017-05-19 10:45:00,P,9.325,9.34,9.315,9.315,63613.0
2017-05-19 10:40:00,P,9.335,9.35,9.32,9.33,75084.0
2017-05-19 10:35:00,P,9.345,9.35,9.32,9.335,53131.0
2017-05-19 10:30:00,P,9.34,9.35,9.33,9.34,109598.0
2017-05-19 10:25:00,P,9.33,9.34,9.32,9.34,97104.0
2017-05-19 10:20:00,P,9.33,9.36,9.31,9.32,163531.0
2017-05-19 10:15:00,P,9.27,9.37,9.27,9.3214,326694.0
2017-05-19 10:10:00,P,9.28,9.29,9.27,9.27,93850.0
2017-05-19 10:05:00,P,9.3,9.31,9.27,9.29,87189.0
2017-05-19 10:00:00,P,9.255,9.31,9.25,9.305,143778.0
2017-05-19 09:55:00,P,9.295,9.3,9.25,9.25,152901.0
2017-05-19 09:50:00,P,9.28,9.31,9.25,9.29,253033.0
2017-05-19 09:45:00,P,9.31,9.3106,9.27,9.275,139080.0
2017-05-19 09:40:00,P,9.35,9.37,9.28,9.305,202513.0
2017-05-19 09:35:00,P,9.32,9.38,9.26,9.34,322965.0
2017-05-19 09:30:00,P,9.4,9.4,9.35,9.35,4192.0
2017-05-19 09:25:00,P,9.46,9.46,9.4,9.4,8931.0
2017-05-19 09:20:00,P,9.42,9.44,9.42,9.43,6900.0
2017-05-19 09:15:00,P,9.45,9.45,9.42,9.42,800.0
2017-05-19 09:10:00,P,9.4,9.4,9.4,9.4,1500.0
2017-05-19 09:05:00,P,9.35,9.35,9.35,9.35,350.0
2017-05-19 09:00:00,P,9.42,9.42,9.42,9.42,100.0
2017-05-19 08:55:00,P,9.47,9.48,9.35,9.35,1700.0
2017-05-19 08:45:00,P,9.44,9.44,9.44,9.44,2200.0
2017-05-19 08:40:00,P,9.45,9.46,9.44,9.44,6375.0
2017-05-19 08:35:00,P,9.45,9.45,9.45,9.45,500.0
2017-05-19 08:10:00,P,9.45,9.45,9.45,9.45,500.0
2017-05-19 08:05:00,P,9.45,9.45,9.4,9.42,7100.0
2017-05-19 07:50:00,P,9.24,9.24,9.24,9.24,500.0
2017-05-19 07:35:00,P,9.4,9.4,9.4,9.4,3500.0
2017-05-19 07:25:00,P,9.41,9.41,9.4,9.4,1500.0
2017-05-19 07:05:00,P,9.42,9.42,9.4,9.4,500.0
2017-05-19 06:55:00,P,9.4,9.4,9.4,9.4,600.0
2017-05-18 20:00:00,P,9.43,9.43,9.43,9.43,200.0
2017-05-18 19:55:00,P,9.45,9.45,9.45,9.45,500.0
2017-05-18 19:45:00,P,9.46,9.46,9.46,9.46,527.0
2017-05-18 19:40:00,P,9.46,9.46,9.46,9.46,200.0
2017-05-18 19:15:00,P,9.47,9.47,9.47,9.47,370.0
2017-05-18 19:10:00,P,9.47,9.47,9.47,9.47,300.0
2017-05-18 19:05:00,P,9.47,9.47,9.47,9.47,142.0
2017-05-18 18:35:00,P,9.47,9.47,9.47,9.47,132.0
2017-05-18 18:30:00,P,9.47,9.47,9.47,9.47,17436.0
2017-05-18 18:25:00,P,9.47,9.47,9.47,9.47,100.0
2017-05-18 18:00:00,P,9.45,9.45,9.43,9.44,10800.0
2017-05-18 17:55:00,P,9.45,9.45,9.45,9.45,5200.0
2017-05-18 17:35:00,P,9.45,9.45,9.45,9.45,100.0
2017-05-18 17:30:00,P,9.45,9.45,9.45,9.45,100.0
2017-05-18 17:05:00,P,9.43,9.43,9.43,9.43,500.0
2017-05-18 17:00:00,P,9.45,9.45,9.45,9.45,200.0
2017-05-18 16:55:00,P,9.43,9.43,9.43,9.43,100.0
2017-05-18 16:50:00,P,9.45,9.45,9.45,9.45,600.0
2017-05-18 16:45:00,P,9.45,9.45,9.45,9.45,2050.0
2017-05-18 16:40:00,P,9.45,9.45,9.45,9.45,2000.0
2017-05-18 16:35:00,P,9.45,9.45,9.45,9.45,470.0
2017-05-18 16:30:00,P,9.45,9.45,9.43,9.43,1176.0
2017-05-18 16:20:00,P,9.45,9.45,9.45,9.45,800.0
2017-05-18 16:15:00,P,9.46,9.46,9.46,9.46,500.0
2017-05-18 16:05:00,P,9.41,9.43,9.41,9.43,247582.0
2017-05-18 16:00:00,P,9.48,9.51,9.4,9.41,1038612.0
2017-05-18 15:55:00,P,9.5,9.51,9.47,9.48,684378.0
2017-05-18 15:50:00,P,9.48,9.5,9.45,9.5,536176.0
2017-05-18 15:45:00,P,9.4294,9.49,9.42,9.49,414101.0
2017-05-18 15:40:00,P,9.375,9.43,9.37,9.43,250799.0
2017-05-18 15:35:00,P,9.37,9.38,9.35,9.375,183858.0
2017-05-18 15:30:00,P,9.3687,9.37,9.35,9.365,112386.0
2017-05-18 15:25:00,P,9.345,9.37,9.33,9.365,153238.0
2017-05-18 15:20:00,P,9.34,9.35,9.33,9.345,97129.0
2017-05-18 15:15:00,P,9.3775,9.39,9.34,9.34,137968.0
2017-05-18 15:10:00,P,9.315,9.39,9.31,9.3743,324600.0
2017-05-18 15:05:00,P,9.3254,9.33,9.305,9.3199,85560.0
2017-05-18 15:00:00,P,9.32,9.34,9.305,9.325,136626.0
2017-05-18 14:55:00,P,9.305,9.335,9.29,9.325,250902.0
2017-05-18 14:50:00,P,9.335,9.335,9.3,9.3,296912.0
2017-05-18 14:45:00,P,9.3299,9.35,9.32,9.33,176610.0
2017-05-18 14:40:00,P,9.31,9.33,9.29,9.325,129033.0
2017-05-18 14:35:00,P,9.315,9.32,9.29,9.3,123966.0
2017-05-18 14:30:00,P,9.3,9.32,9.295,9.32,119965.0
2017-05-18 14:25:00,P,9.29,9.31,9.27,9.3,169122.0
2017-05-18 14:20:00,P,9.241,9.3,9.24,9.3,218106.0
2017-05-18 14:15:00,P,9.245,9.25,9.235,9.245,134934.0
2017-05-18 14:10:00,P,9.22,9.25,9.21,9.245,103101.0
2017-05-18 14:05:00,P,9.23,9.24,9.21,9.23,77545.0
2017-05-18 14:00:00,P,9.24,9.25,9.21,9.23,96748.0
2017-05-18 13:55:00,P,9.21,9.24,9.19,9.24,114160.0
2017-05-18 13:50:00,P,9.25,9.26,9.2,9.21,106731.0
2017-05-18 13:45:00,P,9.255,9.2599,9.25,9.255,47642.0
2017-05-18 13:40:00,P,9.2537,9.29,9.24,9.25,120712.0
2017-05-18 13:35:00,P,9.24,9.26,9.225,9.259,160183.0
2017-05-18 13:30:00,P,9.2266,9.24,9.22,9.24,138953.0
2017-05-18 13:25:00,P,9.22,9.23,9.22,9.225,93848.0
2017-05-18 13:20:00,P,9.2,9.23,9.195,9.23,220805.0
2017-05-18 13:15:00,P,9.14,9.22,9.14,9.19,213744.0
2017-05-18 13:10:00,P,9.14,9.15,9.12,9.14,89420.0
2017-05-18 13:05:00,P,9.105,9.14,9.1,9.13,124724.0
2017-05-18 13:00:00,P,9.15,9.16,9.1,9.1,79234.0
2017-05-18 12:55:00,P,9.175,9.2,9.15,9.15,137861.0
2017-05-18 12:50:00,P,9.1628,9.18,9.135,9.18,161006.0
2017-05-18 12:45:00,P,9.1553,9.17,9.11,9.17,159426.0
2017-05-18 12:40:00,P,9.12,9.16,9.07,9.16,264952.0
2017-05-18 12:35:00,P,9.14,9.15,9.115,9.13,190749.0
2017-05-18 12:30:00,P,9.18,9.185,9.14,9.1401,162807.0
2017-05-18 12:25:00,P,9.195,9.2099,9.18,9.18,203150.0
2017-05-18 12:20:00,P,9.16,9.21,9.15,9.195,200867.0
2017-05-18 12:15:00,P,9.2199,9.2199,9.16,9.165,240557.0
2017-05-18 12:10:00,P,9.23,9.25,9.21,9.21,108304.0
2017-05-18 12:05:00,P,9.255,9.275,9.23,9.23,246258.0
2017-05-18 12:00:00,P,9.3,9.31,9.25,9.26,138259.0
2017-05-18 11:55:00,P,9.315,9.33,9.29,9.3,238933.0
2017-05-18 11:50:00,P,9.335,9.35,9.3,9.315,282055.0
2017-05-18 11:45:00,P,9.4,9.41,9.33,9.33,253741.0
2017-05-18 11:40:00,P,9.4316,9.44,9.4,9.405,128116.0
2017-05-18 11:35:00,P,9.45,9.45,9.39,9.44,359656.0
2017-05-18 11:30:00,P,9.49,9.5,9.45,9.46,294445.0
2017-05-18 11:25:00,P,9.48,9.5,9.46,9.49,260298.0
2017-05-18 11:20:00,P,9.37,9.52,9.365,9.48,626085.0
2017-05-18 11:15:00,P,9.37,9.37,9.345,9.365,227614.0
2017-05-18 11:10:00,P,9.345,9.37,9.31,9.37,230742.0
2017-05-18 11:05:00,P,9.35,9.36,9.33,9.35,136575.0
2017-05-18 11:00:00,P,9.3282,9.36,9.325,9.35,143049.0
2017-05-18 10:55:00,P,9.36,9.365,9.31,9.33,148440.0
2017-05-18 10:50:00,P,9.39,9.395,9.335,9.36,174773.0
2017-05-18 10:45:00,P,9.36,9.3999,9.35,9.3999,179144.0
2017-05-18 10:40:00,P,9.35,9.38,9.34,9.36,191360.0
2017-05-18 10:35:00,P,9.42,9.43,9.35,9.35,233128.0
2017-05-18 10:30:00,P,9.475,9.48,9.41,9.425,189029.0
2017-05-18 10:25:00,P,9.48,9.52,9.47,9.4735,187102.0
2017-05-18 10:20:00,P,9.5828,9.6,9.48,9.485,555066.0
2017-05-18 10:15:00,P,9.545,9.64,9.5401,9.585,360288.0
2017-05-18 10:10:00,P,9.515,9.58,9.51,9.55,596286.0
2017-05-18 10:05:00,P,9.495,9.52,9.485,9.5159,659918.0
2017-05-18 10:00:00,P,9.475,9.52,9.4692,9.5,697128.0
2017-05-18 09:55:00,P,9.335,9.48,9.31,9.4775,608153.0
2017-05-18 09:50:00,P,9.425,9.44,9.315,9.3354,506940.0
2017-05-18 09:45:00,P,9.47,9.47,9.36,9.425,704505.0
2017-05-18 09:40:00,P,9.5964,9.7,9.325,9.47,1353905.0
2017-05-18 09:35:00,P,9.71,9.71,9.48,9.6,990467.0
2017-05-18 09:30:00,P,9.61,9.71,9.6,9.71,70882.0
2017-05-18 09:25:00,P,9.61,9.64,9.58,9.64,29649.0
2017-05-18 09:20:00,P,9.63,9.66,9.6,9.6,32157.0
2017-05-18 09:15:00,P,9.63,9.65,9.6,9.63,17150.0
2017-05-18 09:10:00,P,9.65,9.7,9.65,9.65,15547.0
2017-05-18 09:05:00,P,9.65,9.69,9.6,9.68,8878.0
2017-05-18 09:00:00,P,9.65,9.65,9.65,9.65,4235.0
2017-05-18 08:55:00,P,9.56,9.68,9.55,9.6,24140.0
2017-05-18 08:50:00,P,9.63,9.65,9.55,9.57,23450.0
2017-05-18 08:45:00,P,9.59,9.67,9.55,9.64,117412.0
2017-05-18 08:40:00,P,9.63,9.63,9.5,9.53,28293.0
2017-05-18 08:35:00,P,9.7,9.72,9.64,9.64,25546.0
2017-05-18 08:30:00,P,9.69,9.69,9.6,9.65,24591.0
2017-05-18 08:25:00,P,9.76,9.76,9.65,9.65,21096.0
2017-05-18 08:20:00,P,9.71,9.77,9.7,9.75,69850.0
2017-05-18 08:15:00,P,9.68,9.69,9.68,9.69,1100.0
2017-05-18 08:10:00,P,9.69,9.71,9.65,9.71,6345.0
2017-05-18 08:05:00,P,9.7,9.72,9.65,9.65,45755.0
2017-05-18 08:00:00,P,9.72,9.72,9.69,9.71,1700.0
2017-05-18 07:50:00,P,9.72,9.72,9.68,9.68,4120.0
2017-05-18 07:45:00,P,9.65,9.68,9.65,9.68,4740.0
2017-05-18 07:40:00,P,9.65,9.65,9.6,9.6,1600.0
2017-05-18 07:35:00,P,9.68,9.68,9.68,9.68,3600.0
2017-05-18 07:30:00,P,9.69,9.69,9.68,9.68,600.0
2017-05-18 07:25:00,P,9.71,9.71,9.71,9.71,1900.0
2017-05-18 07:20:00,P,9.68,9.68,9.68,9.68,6700.0
2017-05-18 07:15:00,P,9.7,9.7,9.68,9.68,2950.0
2017-05-18 07:10:00,P,9.7,9.7,9.7,9.7,100.0
2017-05-18 07:05:00,P,9.68,9.68,9.68,9.68,1584.0
2017-05-18 06:50:00,P,9.69,9.69,9.69,9.69,100.0
2017-05-18 06:45:00,P,9.68,9.68,9.68,9.68,1300.0
2017-05-18 06:40:00,P,9.68,9.68,9.68,9.68,200.0
2017-05-18 06:25:00,P,9.69,9.69,9.69,9.69,200.0
2017-05-18 06:20:00,P,9.68,9.68,9.68,9.68,800.0
2017-05-18 06:15:00,P,9.65,9.69,9.65,9.69,1450.0
2017-05-18 06:10:00,P,9.6,9.6,9.6,9.6,200.0
2017-05-18 05:50:00,P,9.65,9.65,9.65,9.65,100.0
2017-05-18 05:45:00,P,9.55,9.55,9.55,9.55,100.0
2017-05-18 05:15:00,P,9.51,9.51,9.51,9.51,200.0
2017-05-18 04:55:00,P,9.57,9.57,9.57,9.57,100.0
2017-05-18 04:50:00,P,9.73,9.75,9.73,9.75,700.0
2017-05-18 04:35:00,P,9.75,9.75,9.53,9.75,1600.0
2017-05-18 04:30:00,P,10.1,10.1,10.0,10.0,1700.0
2017-05-18 04:25:00,P,10.65,10.65,10.15,10.15,2078.0
2017-05-18 04:10:00,P,9.85,9.85,9.85,9.85,100.0
2017-05-17 20:00:00,P,9.68,9.69,9.66,9.69,4800.0
2017-05-17 19:55:00,P,9.69,9.69,9.69,9.69,250.0
2017-05-17 19:50:00,P,9.68,9.7,9.66,9.66,7003.0
2017-05-17 19:45:00,P,9.68,9.68,9.68,9.68,3200.0
2017-05-17 19:40:00,P,9.67,9.68,9.67,9.67,1173.0
2017-05-17 19:35:00,P,9.7,9.7,9.67,9.67,6730.0
2017-05-17 19:25:00,P,9.65,9.7,9.65,9.7,6100.0
2017-05-17 19:20:00,P,9.73,9.73,9.7,9.7,7500.0
2017-05-17 19:15:00,P,9.75,9.75,9.7,9.7,1252.0
2017-05-17 19:10:00,P,9.74,9.75,9.7,9.7,5000.0
2017-05-17 19:05:00,P,9.61,9.75,9.61,9.75,9173.0
2017-05-17 19:00:00,P,9.6,9.65,9.57,9.64,14727.0
2017-05-17 18:55:00,P,9.71,9.71,9.65,9.65,12617.0
2017-05-17 18:50:00,P,9.69,9.75,9.69,9.7,51848.0
2017-05-17 18:45:00,P,9.65,9.72,9.65,9.72,9657.0
2017-05-17 18:40:00,P,9.66,9.67,9.65,9.65,6525.0
2017-05-17 18:35:00,P,9.65,9.7,9.6,9.65,35524.0
2017-05-17 18:30:00,P,9.69,9.7,9.6,9.65,48050.0
2017-05-17 18:25:00,P,9.6,9.7,9.6,9.66,61436.0
2017-05-17 18:20:00,P,9.55,9.6,9.55,9.6,40793.0
2017-05-17 18:15:00,P,9.6,9.6,9.57,9.57,5307.0
2017-05-17 18:10:00,P,9.75,9.75,9.52,9.7,72410.0
2017-05-17 18:05:00,P,9.72,9.84,9.72,9.79,76880.0
2017-05-17 18:00:00,P,9.79,9.85,9.6,9.79,205208.0
2017-05-17 17:55:00,P,9.18,9.8,9.18,9.79,151484.0
2017-05-17 17:50:00,P,9.0,9.14,9.0,9.14,11775.0
2017-05-17 17:45:00,P,8.99,9.0,8.99,9.0,1500.0
2017-05-17 17:15:00,P,8.99,9.0,8.99,9.0,3425.0
2017-05-17 16:50:00,P,8.94,8.97,8.94,8.97,600.0
2017-05-17 16:20:00,P,8.95,8.95,8.95,8.95,7825.0
2017-05-17 16:15:00,P,8.95,8.95,8.95,8.95,6000.0
2017-05-17 16:10:00,P,8.94,8.94,8.94,8.94,800.0
2017-05-17 16:05:00,P,8.93,8.93,8.93,8.93,164155.0
2017-05-17 16:00:00,P,8.925,8.9578,8.92,8.94,660301.0
2017-05-17 15:55:00,P,8.96,8.96,8.92,8.92,625445.0
2017-05-17 15:50:00,P,8.97,8.97,8.94,8.955,522206.0
2017-05-17 15:45:00,P,8.995,9.0,8.96,8.965,295776.0
2017-05-17 15:40:00,P,8.995,9.01,8.99,8.99,101777.0
2017-05-17 15:35:00,P,8.995,9.03,8.99,8.99,197021.0
2017-05-17 15:30:00,P,9.015,9.02,8.965,8.995,501384.0
2017-05-17 15:25:00,P,9.03,9.035,9.01,9.01,86620.0
2017-05-17 15:20:00,P,9.02,9.07,9.01,9.03,132719.0
2017-05-17 15:15:00,P,9.02,9.03,9.0,9.015,129160.0
2017-05-17 15:10:00,P,9.03,9.04,9.01,9.02,98366.0
2017-05-17 15:05:00,P,9.02,9.04,9.01,9.03,84770.0
2017-05-17 15:00:00,P,9.025,9.04,9.015,9.02,92539.0
2017-05-17 14:55:00,P,9.02,9.03,9.01,9.02,81628.0
2017-05-17 14:50:00,P,9.045,9.05,9.01,9.02,156429.0
2017-05-17 14:45:00,P,9.045,9.05,9.04,9.045,104513.0
2017-05-17 14:40:00,P,9.05,9.07,9.045,9.0499,84569.0
2017-05-17 14:35:00,P,9.05,9.08,9.05,9.06,102477.0
2017-05-17 14:30:00,P,9.095,9.1,9.05,9.055,175572.0
2017-05-17 14:25:00,P,9.095,9.1,9.09,9.095,26154.0
2017-05-17 14:20:00,P,9.1,9.1,9.09,9.095,128707.0
2017-05-17 14:15:00,P,9.095,9.1,9.09,9.095,14900.0
2017-05-17 14:10:00,P,9.1,9.13,9.09,9.09,77395.0
2017-05-17 14:05:00,P,9.105,9.11,9.09,9.1,80452.0
2017-05-17 14:00:00,P,9.1,9.11,9.09,9.105,54450.0
2017-05-17 13:55:00,P,9.095,9.105,9.09,9.1,71846.0
2017-05-17 13:50:00,P,9.1,9.11,9.09,9.095,86631.0
2017-05-17 13:45:00,P,9.105,9.11,9.09,9.1,154438.0
2017-05-17 13:40:00,P,9.07,9.11,9.065,9.1,153726.0
2017-05-17 13:35:00,P,9.055,9.0884,9.055,9.07,92951.0
2017-05-17 13:30:00,P,9.06,9.08,9.05,9.0575,80030.0
2017-05-17 13:25:00,P,9.06,9.06,9.05,9.0599,50074.0
2017-05-17 13:20:00,P,9.045,9.07,9.04,9.06,86829.0
2017-05-17 13:15:00,P,9.035,9.05,9.035,9.05,100414.0
2017-05-17 13:10:00,P,9.04,9.04,9.03,9.035,36919.0
2017-05-17 13:05:00,P,9.045,9.06,9.04,9.045,57205.0
2017-05-17 13:00:00,P,9.035,9.05,9.03,9.045,31275.0
2017-05-17 12:55:00,P,9.035,9.04,9.03,9.035,24491.0
2017-05-17 12:50:00,P,9.045,9.05,9.03,9.03,27433.0
2017-05-17 12:45:00,P,9.05,9.0599,9.035,9.05,48617.0
2017-05-17 12:40:00,P,9.02,9.065,9.015,9.05,177009.0
2017-05-17 12:35:00,P,9.005,9.02,9.0,9.01,74898.0
2017-05-17 12:30:00,P,9.035,9.04,9.0,9.005,134701.0
2017-05-17 12:25:00,P,9.05,9.0537,9.03,9.0398,127930.0
2017-05-17 12:20:00,P,9.055,9.06,9.05,9.055,44439.0
2017-05-17 12:15:00,P,9.07,9.075,9.05,9.05,63975.0
2017-05-17 12:10:00,P,9.07,9.085,9.07,9.07,60135.0
2017-05-17 12:05:00,P,9.09,9.1,9.07,9.075,85374.0
2017-05-17 12:00:00,P,9.1141,9.115,9.095,9.095,28859.0
2017-05-17 11:55:00,P,9.12,9.15,9.11,9.115,153041.0
2017-05-17 11:50:00,P,9.1001,9.125,9.095,9.115,312049.0
2017-05-17 11:45:00,P,9.13,9.15,9.1,9.1045,85760.0
2017-05-17 11:40:00,P,9.095,9.14,9.09,9.13,167526.0
2017-05-17 11:35:00,P,9.075,9.1,9.07,9.0999,94616.0
2017-05-17 11:30:00,P,9.08,9.13,9.07,9.075,169347.0
2017-05-17 11:25:00,P,9.09,9.1,9.075,9.08,78605.0
2017-05-17 11:20:00,P,9.125,9.125,9.09,9.09,79789.0
2017-05-17 11:15:00,P,9.07,9.13,9.05,9.13,107569.0
2017-05-17 11:10:00,P,9.095,9.0952,9.07,9.07,135505.0
2017-05-17 11:05:00,P,9.135,9.14,9.09,9.0901,208479.0
2017-05-17 11:00:00,P,9.12,9.1584,9.105,9.1399,247970.0
2017-05-17 10:55:00,P,9.14,9.145,9.1,9.12,164814.0
2017-05-17 10:50:00,P,9.15,9.1666,9.14,9.14,118938.0
2017-05-17 10:45:00,P,9.16,9.17,9.14,9.15,85653.0
2017-05-17 10:40:00,P,9.19,9.2,9.15,9.17,109665.0
2017-05-17 10:35:00,P,9.19,9.195,9.18,9.19,25694.0
2017-05-17 10:30:00,P,9.18,9.2,9.18,9.19,63001.0
2017-05-17 10:25:00,P,9.21,9.22,9.18,9.19,111679.0
2017-05-17 10:20:00,P,9.24,9.28,9.21,9.21,133311.0
2017-05-17 10:15:00,P,9.2,9.25,9.2,9.24,146491.0
2017-05-17 10:10:00,P,9.16,9.19,9.15,9.19,57008.0
2017-05-17 10:05:00,P,9.155,9.185,9.15,9.165,79723.0
2017-05-17 10:00:00,P,9.17,9.1701,9.11,9.155,408781.0
2017-05-17 09:55:00,P,9.23,9.23,9.17,9.17,202829.0
2017-05-17 09:50:00,P,9.225,9.27,9.21,9.24,171168.0
2017-05-17 09:45:00,P,9.25,9.3193,9.225,9.23,223930.0
2017-05-17 09:40:00,P,9.1896,9.27,9.1,9.26,354269.0
2017-05-17 09:35:00,P,9.12,9.23,9.08,9.1864,272037.0
2017-05-17 09:30:00,P,9.165,9.17,9.12,9.12,7269.0
2017-05-17 09:25:00,P,9.15,9.17,9.15,9.17,2674.0
2017-05-17 09:20:00,P,9.16,9.16,9.16,9.16,500.0
2017-05-17 09:15:00,P,9.16,9.16,9.16,9.16,302.0
2017-05-17 09:10:00,P,9.17,9.17,9.15,9.15,22174.0
2017-05-17 09:05:00,P,9.18,9.19,9.16,9.16,3768.0
2017-05-17 09:00:00,P,9.2,9.2,9.2,9.2,1100.0
2017-05-17 08:55:00,P,9.22,9.22,9.17,9.2,5900.0
2017-05-17 08:45:00,P,9.2,9.2,9.16,9.16,1750.0
2017-05-17 08:40:00,P,9.19,9.21,9.19,9.2,6400.0
2017-05-17 08:35:00,P,9.23,9.23,9.15,9.15,10050.0
2017-05-17 08:30:00,P,9.28,9.28,9.28,9.28,300.0
2017-05-17 08:25:00,P,9.23,9.23,9.21,9.21,5600.0
2017-05-17 08:20:00,P,9.23,9.25,9.23,9.25,6622.0
2017-05-17 08:15:00,P,9.27,9.27,9.23,9.23,1000.0
2017-05-17 08:10:00,P,9.21,9.28,9.21,9.28,1050.0
2017-05-17 08:05:00,P,9.3,9.3,9.28,9.28,1200.0
2017-05-17 08:00:00,P,9.3,9.3,9.3,9.3,200.0
2017-05-17 07:55:00,P,9.31,9.31,9.3,9.3,1200.0
2017-05-17 07:50:00,P,9.31,9.31,9.31,9.31,100.0
2017-05-17 07:45:00,P,9.31,9.31,9.31,9.31,300.0
2017-05-17 07:40:00,P,9.33,9.33,9.33,9.33,100.0
2017-05-17 07:35:00,P,9.31,9.31,9.31,9.31,200.0
2017-05-17 07:30:00,P,9.31,9.31,9.31,9.31,400.0
2017-05-16 19:50:00,P,9.32,9.32,9.32,9.32,500.0
2017-05-16 19:10:00,P,9.31,9.31,9.31,9.31,250.0
2017-05-16 18:35:00,P,9.31,9.31,9.31,9.31,420.0
2017-05-16 18:10:00,P,9.31,9.31,9.31,9.31,500.0
2017-05-16 18:00:00,P,9.32,9.32,9.32,9.32,100.0
2017-05-16 17:45:00,P,9.34,9.34,9.32,9.32,575.0
2017-05-16 17:40:00,P,9.34,9.34,9.34,9.34,463.0
2017-05-16 17:35:00,P,9.34,9.34,9.34,9.34,537.0
2017-05-16 17:05:00,P,9.34,9.34,9.34,9.34,3350.0
2017-05-16 16:50:00,P,9.35,9.35,9.35,9.35,4100.0
2017-05-16 16:40:00,P,9.38,9.38,9.35,9.35,2000.0
2017-05-16 16:35:00,P,9.34,9.34,9.34,9.34,250.0
2017-05-16 16:30:00,P,9.34,9.38,9.34,9.38,695.0
2017-05-16 16:15:00,P,9.42,9.42,9.42,9.42,250.0
2017-05-16 16:10:00,P,9.41,9.42,9.41,9.42,950.0
2017-05-16 16:05:00,P,9.35,9.4,9.35,9.4,990917.0
2017-05-16 16:00:00,P,9.34,9.37,9.33,9.35,713939.0
2017-05-16 15:55:00,P,9.365,9.39,9.335,9.34,322841.0
2017-05-16 15:50:00,P,9.375,9.43,9.35,9.36,695662.0
2017-05-16 15:45:00,P,9.38,9.4,9.37,9.37,383262.0
2017-05-16 15:40:00,P,9.325,9.38,9.32,9.375,285861.0
2017-05-16 15:35:00,P,9.36,9.36,9.32,9.32,276121.0
2017-05-16 15:30:00,P,9.32,9.36,9.31,9.36,242688.0
2017-05-16 15:25:00,P,9.325,9.33,9.31,9.32,137706.0
2017-05-16 15:20:00,P,9.33,9.3394,9.32,9.32,73921.0
2017-05-16 15:15:00,P,9.31,9.34,9.3,9.3292,208615.0
2017-05-16 15:10:00,P,9.335,9.34,9.31,9.31,128988.0
2017-05-16 15:05:00,P,9.315,9.34,9.315,9.3398,129691.0
2017-05-16 15:00:00,P,9.315,9.33,9.305,9.32,96684.0
2017-05-16 14:55:00,P,9.32,9.329,9.3,9.31,86667.0
2017-05-16 14:50:00,P,9.305,9.34,9.3,9.32,172116.0
2017-05-16 14:45:00,P,9.325,9.33,9.3,9.3,127933.0
2017-05-16 14:40:00,P,9.325,9.33,9.32,9.32,61967.0
2017-05-16 14:35:00,P,9.335,9.35,9.32,9.32,163309.0
2017-05-16 14:30:00,P,9.33,9.34,9.33,9.33,55395.0
2017-05-16 14:25:00,P,9.35,9.35,9.325,9.335,104789.0
2017-05-16 14:20:00,P,9.34,9.38,9.33,9.345,179832.0
2017-05-16 14:15:00,P,9.34,9.3464,9.33,9.33,66328.0
2017-05-16 14:10:00,P,9.32,9.345,9.32,9.34,173952.0
2017-05-16 14:05:00,P,9.305,9.33,9.29,9.32,164909.0
2017-05-16 14:00:00,P,9.335,9.34,9.3,9.3,129494.0
2017-05-16 13:55:00,P,9.355,9.36,9.325,9.33,117930.0
2017-05-16 13:50:00,P,9.365,9.37,9.35,9.35,65645.0
2017-05-16 13:45:00,P,9.355,9.37,9.35,9.36,45033.0
2017-05-16 13:40:00,P,9.37,9.3858,9.35,9.35,101188.0
2017-05-16 13:35:00,P,9.35,9.365,9.34,9.36,109864.0
2017-05-16 13:30:00,P,9.32,9.37,9.32,9.345,118619.0
2017-05-16 13:25:00,P,9.29,9.35,9.285,9.33,223607.0
2017-05-16 13:20:00,P,9.34,9.34,9.275,9.29,351343.0
2017-05-16 13:15:00,P,9.36,9.38,9.335,9.34,170166.0
2017-05-16 13:10:00,P,9.36,9.385,9.355,9.361,180722.0
2017-05-16 13:05:00,P,9.355,9.37,9.33,9.356,145688.0
2017-05-16 13:00:00,P,9.36,9.38,9.355,9.3594,122854.0
2017-05-16 12:55:00,P,9.371,9.4,9.36,9.36,129249.0
2017-05-16 12:50:00,P,9.385,9.39,9.37,9.38,88323.0
2017-05-16 12:45:00,P,9.365,9.41,9.35,9.38,233977.0
2017-05-16 12:40:00,P,9.3772,9.39,9.35,9.365,146282.0
2017-05-16 12:35:00,P,9.415,9.42,9.36,9.37,264701.0
2017-05-16 12:30:00,P,9.42,9.43,9.41,9.4192,64920.0
2017-05-16 12:25:00,P,9.42,9.43,9.405,9.41,140788.0
2017-05-16 12:20:00,P,9.43,9.44,9.39,9.415,448027.0
2017-05-16 12:15:00,P,9.4345,9.44,9.4,9.43,178323.0
2017-05-16 12:10:00,P,9.45,9.46,9.42,9.44,233388.0
2017-05-16 12:05:00,P,9.47,9.48,9.45,9.45,104808.0
2017-05-16 12:00:00,P,9.5,9.51,9.47,9.47,84892.0
2017-05-16 11:55:00,P,9.495,9.51,9.49,9.505,65193.0
2017-05-16 11:50:00,P,9.5,9.51,9.49,9.495,115551.0
2017-05-16 11:45:00,P,9.505,9.51,9.5,9.51,67052.0
2017-05-16 11:40:00,P,9.505,9.51,9.5,9.5099,51658.0
2017-05-16 11:35:00,P,9.51,9.55,9.5,9.505,234052.0
2017-05-16 11:30:00,P,9.51,9.51,9.5,9.5099,33215.0
2017-05-16 11:25:00,P,9.5199,9.52,9.5,9.5,92818.0
2017-05-16 11:20:00,P,9.475,9.52,9.47,9.52,130793.0
2017-05-16 11:15:00,P,9.465,9.48,9.46,9.48,47957.0
2017-05-16 11:10:00,P,9.47,9.4799,9.46,9.47,34207.0
2017-05-16 11:05:00,P,9.4673,9.485,9.45,9.475,325336.0
2017-05-16 11:00:00,P,9.46,9.47,9.45,9.47,67804.0
2017-05-16 10:55:00,P,9.4899,9.49,9.45,9.455,156193.0
2017-05-16 10:50:00,P,9.48,9.49,9.47,9.49,128944.0
2017-05-16 10:45:00,P,9.48,9.49,9.47,9.47,71749.0
2017-05-16 10:40:00,P,9.5,9.51,9.44,9.48,543339.0
2017-05-16 10:35:00,P,9.4866,9.5186,9.48,9.4999,95063.0
2017-05-16 10:30:00,P,9.5085,9.51,9.46,9.48,317366.0
2017-05-16 10:25:00,P,9.56,9.5698,9.5,9.51,367610.0
2017-05-16 10:20:00,P,9.55,9.57,9.55,9.565,94535.0
2017-05-16 10:15:00,P,9.56,9.56,9.55,9.555,52002.0
2017-05-16 10:10:00,P,9.5607,9.57,9.55,9.56,62268.0
2017-05-16 10:05:00,P,9.58,9.59,9.55,9.5607,122034.0
2017-05-16 10:00:00,P,9.605,9.62,9.58,9.5825,132176.0
2017-05-16 09:55:00,P,9.625,9.66,9.6,9.61,114828.0
2017-05-16 09:50:00,P,9.695,9.7,9.62,9.62,247115.0
2017-05-16 09:45:00,P,9.7,9.7,9.691,9.7,28072.0
2017-05-16 09:40:00,P,9.6996,9.745,9.66,9.7,210914.0
2017-05-16 09:35:00,P,9.67,9.73,9.66,9.7,129096.0
2017-05-16 09:30:00,P,9.73,9.73,9.71,9.71,6000.0
2017-05-16 09:25:00,P,9.77,9.77,9.72,9.73,15300.0
2017-05-16 09:15:00,P,9.77,9.77,9.77,9.77,5000.0
2017-05-16 09:10:00,P,9.77,9.8,9.77,9.77,3500.0
2017-05-16 09:00:00,P,9.77,9.77,9.77,9.77,100.0
2017-05-16 08:55:00,P,9.75,9.8,9.75,9.75,14641.0
2017-05-16 08:50:00,P,9.75,9.75,9.75,9.75,100.0
2017-05-16 08:45:00,P,9.75,9.75,9.75,9.75,3000.0
2017-05-16 08:35:00,P,9.8,9.8,9.8,9.8,600.0
2017-05-16 08:05:00,P,9.87,9.87,9.87,9.87,3000.0
2017-05-16 07:35:00,P,9.9,9.9,9.9,9.9,500.0
2017-05-16 07:00:00,P,9.93,9.93,9.93,9.93,300.0
2017-05-15 20:00:00,P,9.75,9.75,9.74,9.74,1500.0
2017-05-15 19:55:00,P,9.76,9.76,9.76,9.76,500.0
2017-05-15 19:40:00,P,9.79,9.79,9.79,9.79,2500.0
2017-05-15 19:20:00,P,9.73,9.73,9.73,9.73,4000.0
2017-05-15 19:15:00,P,9.73,9.73,9.73,9.73,300.0
2017-05-15 19:10:00,P,9.72,9.72,9.72,9.72,500.0
2017-05-15 17:15:00,P,9.72,9.72,9.72,9.72,2000.0
2017-05-15 17:10:00,P,9.72,9.72,9.72,9.72,3900.0
2017-05-15 17:00:00,P,9.79,9.8,9.72,9.72,5149.0
2017-05-15 16:50:00,P,9.76,9.76,9.2,9.75,1639.0
2017-05-15 16:25:00,P,9.74,9.74,9.74,9.74,700.0
2017-05-15 16:05:00,P,9.71,9.72,9.71,9.72,287503.0
2017-05-15 16:00:00,P,9.7299,9.735,9.69,9.72,948900.0
2017-05-15 15:55:00,P,9.73,9.74,9.72,9.725,212730.0
2017-05-15 15:50:00,P,9.77,9.775,9.73,9.73,279430.0
2017-05-15 15:45:00,P,9.78,9.78,9.77,9.77,31654.0
2017-05-15 15:40:00,P,9.7895,9.79,9.77,9.775,105085.0
2017-05-15 15:35:00,P,9.785,9.79,9.77,9.7895,110002.0
2017-05-15 15:30:00,P,9.775,9.79,9.77,9.785,62670.0
2017-05-15 15:25:00,P,9.77,9.78,9.77,9.775,25869.0
2017-05-15 15:20:00,P,9.79,9.8,9.77,9.78,81774.0
2017-05-15 15:15:00,P,9.785,9.79,9.775,9.79,45428.0
2017-05-15 15:10:00,P,9.8,9.805,9.78,9.78,95085.0
2017-05-15 15:05:00,P,9.8,9.805,9.79,9.79,53810.0
2017-05-15 15:00:00,P,9.82,9.825,9.8,9.805,53932.0
2017-05-15 14:55:00,P,9.825,9.83,9.81,9.825,63070.0
2017-05-15 14:50:00,P,9.815,9.83,9.8,9.823,70349.0
2017-05-15 14:45:00,P,9.805,9.82,9.805,9.81,35696.0
2017-05-15 14:40:00,P,9.815,9.82,9.79,9.805,88155.0
2017-05-15 14:35:00,P,9.79,9.8199,9.79,9.8173,67800.0
2017-05-15 14:30:00,P,9.82,9.83,9.79,9.79,155813.0
2017-05-15 14:25:00,P,9.82,9.83,9.82,9.82,18000.0
2017-05-15 14:20:00,P,9.83,9.84,9.82,9.83,26880.0
2017-05-15 14:15:00,P,9.855,9.855,9.83,9.83,46180.0
2017-05-15 14:10:00,P,9.85,9.86,9.845,9.855,24977.0
2017-05-15 14:05:00,P,9.86,9.865,9.84,9.8425,54454.0
2017-05-15 14:00:00,P,9.86,9.869,9.86,9.86,19100.0
2017-05-15 13:55:00,P,9.9,9.91,9.86,9.8693,64669.0
2017-05-15 13:50:00,P,9.89,9.9075,9.89,9.9,78044.0
2017-05-15 13:45:00,P,9.91,9.915,9.89,9.89,54127.0
2017-05-15 13:40:00,P,9.92,9.93,9.91,9.91,33179.0
2017-05-15 13:35:00,P,9.93,9.93,9.92,9.92,12575.0
2017-05-15 13:30:00,P,9.925,9.93,9.92,9.92,10063.0
2017-05-15 13:25:00,P,9.9417,9.95,9.92,9.93,95734.0
2017-05-15 13:20:00,P,9.925,9.95,9.92,9.945,61043.0
2017-05-15 13:15:00,P,9.925,9.93,9.92,9.925,13268.0
2017-05-15 13:10:00,P,9.905,9.94,9.9,9.925,62960.0
2017-05-15 13:05:00,P,9.91,9.91,9.89,9.905,37520.0
2017-05-15 13:00:00,P,9.88,9.93,9.85,9.92,401791.0
2017-05-15 12:55:00,P,9.94,9.96,9.84,9.875,1257094.0
2017-05-15 12:50:00,P,9.94,9.9499,9.93,9.93,34809.0
2017-05-15 12:45:00,P,9.94,9.95,9.94,9.94,16613.0
2017-05-15 12:40:00,P,9.94,9.95,9.94,9.9405,13551.0
2017-05-15 12:35:00,P,9.9499,9.95,9.94,9.94,12413.0
2017-05-15 12:30:00,P,9.945,9.955,9.92,9.945,125931.0
2017-05-15 12:25:00,P,9.95,9.95,9.93,9.94,85167.0
2017-05-15 12:20:00,P,9.935,9.95,9.93,9.945,39133.0
2017-05-15 12:15:00,P,9.945,9.95,9.93,9.935,77294.0
2017-05-15 12:10:00,P,9.925,9.95,9.92,9.943,57033.0
2017-05-15 12:05:00,P,9.945,9.955,9.92,9.925,196206.0
2017-05-15 12:00:00,P,9.955,9.96,9.94,9.94,90742.0
2017-05-15 11:55:00,P,9.97,10.0,9.93,9.95,404278.0
2017-05-15 11:50:00,P,9.925,9.97,9.92,9.97,184085.0
2017-05-15 11:45:00,P,9.9072,9.93,9.9,9.9294,109398.0
2017-05-15 11:40:00,P,9.93,9.93,9.885,9.9,117263.0
2017-05-15 11:35:00,P,9.93,9.93,9.92,9.93,42689.0
2017-05-15 11:30:00,P,9.915,9.93,9.91,9.925,52650.0
2017-05-15 11:25:00,P,9.9053,9.93,9.9,9.915,111891.0
2017-05-15 11:20:00,P,9.905,9.92,9.895,9.905,104722.0
2017-05-15 11:15:00,P,9.89,9.91,9.88,9.91,113854.0
2017-05-15 11:10:00,P,9.87,9.89,9.84,9.885,152860.0
2017-05-15 11:05:00,P,9.895,9.91,9.87,9.87,271413.0
2017-05-15 11:00:00,P,9.885,9.9,9.88,9.89,148663.0
2017-05-15 10:55:00,P,9.9,9.91,9.855,9.8805,268994.0
2017-05-15 10:50:00,P,9.9,9.92,9.89,9.9001,100566.0
2017-05-15 10:45:00,P,9.775,9.91,9.775,9.9,376472.0
2017-05-15 10:40:00,P,9.74,9.7816,9.7244,9.77,152678.0
2017-05-15 10:35:00,P,9.74,9.76,9.72,9.735,94162.0
2017-05-15 10:30:00,P,9.735,9.75,9.725,9.745,71455.0
2017-05-15 10:25:00,P,9.725,9.76,9.725,9.735,52484.0
2017-05-15 10:20:00,P,9.7,9.74,9.7,9.73,134173.0
2017-05-15 10:15:00,P,9.705,9.7299,9.7,9.7082,124115.0
2017-05-15 10:10:00,P,9.7,9.71,9.7,9.705,38598.0
2017-05-15 10:05:00,P,9.69,9.71,9.69,9.7,77207.0
2017-05-15 10:00:00,P,9.74,9.75,9.68,9.69,106584.0
2017-05-15 09:55:00,P,9.78,9.78,9.73,9.74,196628.0
2017-05-15 09:50:00,P,9.77,9.82,9.76,9.7711,189761.0
2017-05-15 09:45:00,P,9.78,9.8,9.75,9.78,241068.0
2017-05-15 09:40:00,P,9.825,9.83,9.77,9.77,439795.0
2017-05-15 09:35:00,P,9.83,9.87,9.82,9.825,305974.0
2017-05-15 09:30:00,P,9.85,9.85,9.85,9.85,1145.0
2017-05-15 09:25:00,P,9.85,9.88,9.85,9.87,4200.0
2017-05-15 09:20:00,P,9.89,9.89,9.89,9.89,400.0
2017-05-15 09:15:00,P,9.89,9.89,9.89,9.89,175.0
2017-05-15 09:05:00,P,9.85,9.89,9.85,9.89,3078.0
2017-05-15 08:50:00,P,9.82,9.82,9.82,9.82,3000.0
2017-05-15 08:45:00,P,9.92,9.92,9.92,9.92,2110.0
2017-05-12 20:00:00,P,9.83,9.83,9.83,9.83,1000.0
2017-05-12 19:45:00,P,9.82,9.82,9.82,9.82,500.0
2017-05-12 19:30:00,P,9.83,9.83,9.83,9.83,1000.0
2017-05-12 19:25:00,P,9.82,9.82,9.82,9.82,100.0
2017-05-12 19:05:00,P,9.83,9.83,9.83,9.83,300.0
2017-05-12 18:50:00,P,9.83,9.83,9.83,9.83,5000.0
2017-05-12 18:45:00,P,9.82,9.83,9.82,9.83,3687.0
2017-05-12 18:05:00,P,9.78,9.78,9.78,9.78,1979.0
2017-05-12 17:10:00,P,9.78,9.78,9.75,9.75,1425.0
2017-05-12 17:05:00,P,9.8,9.8,9.8,9.8,696.0
2017-05-12 17:00:00,P,9.8,9.8,9.8,9.8,100.0
2017-05-12 16:50:00,P,9.82,9.82,9.82,9.82,17524.0
2017-05-12 16:45:00,P,9.81,9.83,9.81,9.83,5080.0
2017-05-12 16:40:00,P,9.8,9.8,9.8,9.8,1000.0
2017-05-12 16:35:00,P,9.8,9.8,9.8,9.8,500.0
2017-05-12 16:30:00,P,9.81,9.81,9.81,9.81,1500.0
2017-05-12 16:20:00,P,9.84,9.84,9.84,9.84,200.0
2017-05-12 16:10:00,P,9.82,9.83,9.82,9.83,4300.0
2017-05-12 16:05:00,P,9.82,9.82,9.8,9.8,269736.0
2017-05-12 16:00:00,P,9.705,9.83,9.7,9.82,1643614.0
2017-05-12 15:55:00,P,9.63,9.72,9.63,9.7,562762.0
2017-05-12 15:50:00,P,9.615,9.64,9.6,9.62,1719792.0
2017-05-12 15:45:00,P,9.605,9.62,9.6,9.61,729781.0
2017-05-12 15:40:00,P,9.6,9.61,9.59,9.605,179656.0
2017-05-12 15:35:00,P,9.605,9.615,9.59,9.6,337477.0
2017-05-12 15:30:00,P,9.625,9.63,9.605,9.61,860070.0
2017-05-12 15:25:00,P,9.63,9.64,9.62,9.63,147556.0
2017-05-12 15:20:00,P,9.605,9.63,9.605,9.63,143031.0
2017-05-12 15:15:00,P,9.64,9.64,9.59,9.605,316671.0
2017-05-12 15:10:00,P,9.67,9.68,9.63,9.64,358250.0
2017-05-12 15:05:00,P,9.685,9.69,9.665,9.67,96136.0
2017-05-12 15:00:00,P,9.685,9.69,9.68,9.685,39846.0
2017-05-12 14:55:00,P,9.685,9.69,9.68,9.68,114503.0
2017-05-12 14:50:00,P,9.695,9.7,9.68,9.685,138502.0
2017-05-12 14:45:00,P,9.695,9.7,9.69,9.69,37828.0
2017-05-12 14:40:00,P,9.71,9.715,9.69,9.69,54755.0
2017-05-12 14:35:00,P,9.705,9.72,9.69,9.715,73821.0
2017-05-12 14:30:00,P,9.7,9.71,9.7,9.7,30725.0
2017-05-12 14:25:00,P,9.71,9.715,9.7,9.7,92294.0
2017-05-12 14:20:00,P,9.71,9.72,9.71,9.71,32114.0
2017-05-12 14:15:00,P,9.72,9.72,9.71,9.72,19903.0
2017-05-12 14:10:00,P,9.69,9.74,9.69,9.72,161015.0
2017-05-12 14:05:00,P,9.68,9.69,9.67,9.685,34954.0
2017-05-12 14:00:00,P,9.675,9.68,9.67,9.675,56592.0
2017-05-12 13:55:00,P,9.68,9.69,9.67,9.6784,61802.0
2017-05-12 13:50:00,P,9.67,9.68,9.66,9.67,30679.0
2017-05-12 13:45:00,P,9.7001,9.705,9.65,9.6685,223801.0
2017-05-12 13:40:00,P,9.725,9.73,9.695,9.708,68276.0
2017-05-12 13:35:00,P,9.7201,9.73,9.72,9.72,17934.0
2017-05-12 13:30:00,P,9.725,9.73,9.72,9.7263,20065.0
2017-05-12 13:25:00,P,9.74,9.74,9.72,9.725,43595.0
2017-05-12 13:20:00,P,9.746,9.75,9.725,9.74,155832.0
2017-05-12 13:15:00,P,9.74,9.75,9.731,9.745,39856.0
2017-05-12 13:10:00,P,9.72,9.74,9.72,9.735,32619.0
2017-05-12 13:05:00,P,9.705,9.73,9.7,9.72,112454.0
2017-05-12 13:00:00,P,9.7,9.72,9.7,9.705,51558.0
2017-05-12 12:55:00,P,9.7,9.71,9.7,9.7,64088.0
2017-05-12 12:50:00,P,9.7,9.72,9.7,9.705,100506.0
2017-05-12 12:45:00,P,9.72,9.72,9.7,9.7,74554.0
2017-05-12 12:40:00,P,9.72,9.72,9.71,9.72,17311.0
2017-05-12 12:35:00,P,9.725,9.73,9.71,9.72,74059.0
2017-05-12 12:30:00,P,9.715,9.75,9.71,9.73,101191.0
2017-05-12 12:25:00,P,9.74,9.74,9.71,9.72,82120.0
2017-05-12 12:20:00,P,9.71,9.74,9.71,9.735,109129.0
2017-05-12 12:15:00,P,9.745,9.75,9.71,9.71,51284.0
2017-05-12 12:10:00,P,9.77,9.775,9.74,9.747,88891.0
2017-05-12 12:05:00,P,9.8,9.81,9.77,9.77,240839.0
2017-05-12 12:00:00,P,9.795,9.81,9.79,9.8,104588.0
2017-05-12 11:55:00,P,9.77,9.8,9.77,9.795,79657.0
2017-05-12 11:50:00,P,9.795,9.805,9.77,9.77,130016.0
2017-05-12 11:45:00,P,9.79,9.81,9.79,9.795,81283.0
2017-05-12 11:40:00,P,9.79,9.81,9.78,9.79,63791.0
2017-05-12 11:35:00,P,9.805,9.83,9.79,9.795,128608.0
2017-05-12 11:30:00,P,9.82,9.82,9.8,9.8025,59874.0
2017-05-12 11:25:00,P,9.815,9.82,9.79,9.82,104194.0
2017-05-12 11:20:00,P,9.8,9.83,9.79,9.82,155528.0
2017-05-12 11:15:00,P,9.82,9.82,9.78,9.7959,172743.0
2017-05-12 11:10:00,P,9.835,9.835,9.81,9.8199,106615.0
2017-05-12 11:05:00,P,9.8201,9.85,9.815,9.84,218632.0
2017-05-12 11:00:00,P,9.85,9.87,9.82,9.829,326882.0
2017-05-12 10:55:00,P,9.85,9.89,9.8399,9.85,196691.0
2017-05-12 10:50:00,P,9.85,9.875,9.84,9.86,179301.0
2017-05-12 10:45:00,P,9.835,9.85,9.8,9.84,214658.0
2017-05-12 10:40:00,P,9.875,9.875,9.83,9.83,107300.0
2017-05-12 10:35:00,P,9.845,9.88,9.8299,9.8706,161150.0
2017-05-12 10:30:00,P,9.905,9.9058,9.82,9.845,289260.0
2017-05-12 10:25:00,P,9.92,9.93,9.885,9.9092,1091410.0
2017-05-12 10:20:00,P,9.895,9.95,9.88,9.925,313253.0
2017-05-12 10:15:00,P,9.88,9.91,9.87,9.9,242497.0
2017-05-12 10:10:00,P,9.83,9.9,9.8,9.88,676614.0
2017-05-12 10:05:00,P,9.8101,9.86,9.81,9.83,334399.0
2017-05-12 10:00:00,P,9.78,9.82,9.77,9.815,271351.0
2017-05-12 09:55:00,P,9.785,9.8,9.76,9.775,121191.0
2017-05-12 09:50:00,P,9.72,9.84,9.7,9.7836,476281.0
2017-05-12 09:45:00,P,9.72,9.84,9.66,9.73,663368.0
2017-05-12 09:40:00,P,9.565,9.72,9.54,9.715,620624.0
2017-05-12 09:35:00,P,9.59,9.65,9.54,9.565,327159.0
2017-05-12 09:30:00,P,9.67,9.67,9.58,9.58,22444.0
2017-05-12 09:25:00,P,9.66,9.67,9.66,9.66,2438.0
2017-05-12 09:20:00,P,9.66,9.66,9.66,9.66,3073.0
2017-05-12 09:15:00,P,9.66,9.66,9.66,9.66,5092.0
2017-05-12 09:05:00,P,9.71,9.71,9.6,9.6,10918.0
2017-05-12 09:00:00,P,9.7,9.72,9.7,9.71,8631.0
2017-05-12 08:55:00,P,9.68,9.7,9.68,9.7,5800.0
2017-05-12 08:50:00,P,9.7,9.7,9.7,9.7,3250.0
2017-05-12 08:45:00,P,9.71,9.71,9.71,9.71,100.0
2017-05-12 08:40:00,P,9.7,9.7,9.68,9.68,10100.0
2017-05-12 08:35:00,P,9.7,9.72,9.7,9.72,3100.0
2017-05-12 08:30:00,P,9.7,9.72,9.7,9.72,1000.0
2017-05-12 08:25:00,P,9.7,9.7,9.7,9.7,10000.0
2017-05-12 08:20:00,P,9.69,9.7,9.69,9.7,6500.0
2017-05-12 08:15:00,P,9.68,9.68,9.68,9.68,4999.0
2017-05-12 08:10:00,P,9.69,9.69,9.69,9.69,1000.0
2017-05-12 08:05:00,P,9.67,9.69,9.67,9.69,6200.0
2017-05-12 08:00:00,P,9.69,9.69,9.69,9.69,100.0
2017-05-12 07:50:00,P,9.7,9.7,9.7,9.7,200.0
2017-05-12 07:45:00,P,9.73,9.73,9.68,9.68,5300.0
2017-05-12 07:10:00,P,9.74,9.74,9.74,9.74,100.0
2017-05-12 07:05:00,P,9.74,9.75,9.74,9.75,200.0
2017-05-12 06:30:00,P,9.74,9.74,9.74,9.74,100.0
2017-05-11 20:00:00,P,9.68,9.69,9.66,9.69,3678.0
2017-05-11 19:55:00,P,9.68,9.68,9.68,9.68,3500.0
2017-05-11 19:50:00,P,9.66,9.68,9.66,9.68,2950.0
2017-05-11 19:40:00,P,9.68,9.68,9.68,9.68,2000.0
2017-05-11 19:35:00,P,9.66,9.66,9.66,9.66,1000.0
2017-05-11 19:15:00,P,9.68,9.68,9.68,9.68,519.0
2017-05-11 19:10:00,P,9.64,9.64,9.64,9.64,250.0
2017-05-11 19:00:00,P,9.68,9.68,9.68,9.68,1000.0
2017-05-11 18:50:00,P,9.68,9.68,9.68,9.68,2100.0
2017-05-11 18:45:00,P,9.68,9.68,9.68,9.68,3500.0
2017-05-11 18:30:00,P,9.68,9.68,9.68,9.68,750.0
2017-05-11 18:25:00,P,9.68,9.68,9.68,9.68,1200.0
2017-05-11 18:20:00,P,9.67,9.67,9.67,9.67,1000.0
2017-05-11 18:15:00,P,9.67,9.67,9.67,9.67,1600.0
2017-05-11 18:10:00,P,9.65,9.65,9.65,9.65,5000.0
2017-05-11 17:45:00,P,9.68,9.68,9.66,9.68,950.0
2017-05-11 17:40:00,P,9.66,9.68,9.66,9.66,3200.0
2017-05-11 17:35:00,P,9.66,9.66,9.66,9.66,2000.0
2017-05-11 17:30:00,P,9.68,9.68,9.68,9.68,900.0
2017-05-11 17:25:00,P,9.67,9.67,9.66,9.66,3623.0
2017-05-11 17:20:00,P,9.66,9.66,9.66,9.66,900.0
2017-05-11 17:15:00,P,9.69,9.69,9.67,9.67,6400.0
2017-05-11 17:10:00,P,9.67,9.67,9.66,9.67,15628.0
2017-05-11 17:05:00,P,9.7,9.7,9.67,9.67,5275.0
2017-05-11 17:00:00,P,9.67,9.7,9.67,9.7,11865.0
2017-05-11 16:55:00,P,9.67,9.7,9.66,9.67,12800.0
2017-05-11 16:50:00,P,9.69,9.7,9.68,9.7,8120.0
2017-05-11 16:45:00,P,9.67,9.7,9.67,9.68,22500.0
2017-05-11 16:40:00,P,9.66,9.71,9.66,9.7,25833.0
2017-05-11 16:35:00,P,9.67,9.67,9.5,9.65,58775.0
2017-05-11 16:30:00,P,9.67,9.67,9.63,9.63,7098.0
2017-05-11 16:25:00,P,9.64,9.69,9.64,9.69,16700.0
2017-05-11 16:20:00,P,9.63,9.69,9.63,9.69,74385.0
2017-05-11 16:15:00,P,9.55,9.68,9.55,9.63,54369.0
2017-05-11 16:10:00,P,9.5,9.55,9.5,9.55,2243.0
2017-05-11 16:05:00,P,9.49,9.52,9.49,9.52,331446.0
2017-05-11 16:00:00,P,9.485,9.5,9.46,9.5,846840.0
2017-05-11 15:55:00,P,9.43,9.5,9.42,9.485,793689.0
2017-05-11 15:50:00,P,9.435,9.45,9.415,9.42,322718.0
2017-05-11 15:45:00,P,9.415,9.44,9.41,9.43,423816.0
2017-05-11 15:40:00,P,9.435,9.44,9.41,9.41,139626.0
2017-05-11 15:35:00,P,9.405,9.44,9.4,9.44,149104.0
2017-05-11 15:30:00,P,9.43,9.43,9.395,9.4001,229128.0
2017-05-11 15:25:00,P,9.445,9.45,9.41,9.42,221949.0
2017-05-11 15:20:00,P,9.4869,9.4869,9.44,9.445,173728.0
2017-05-11 15:15:00,P,9.45,9.49,9.45,9.49,217807.0
2017-05-11 15:10:00,P,9.49,9.51,9.45,9.45,183928.0
2017-05-11 15:05:00,P,9.4599,9.49,9.45,9.485,118720.0
2017-05-11 15:00:00,P,9.46,9.46,9.45,9.46,34086.0
2017-05-11 14:55:00,P,9.4538,9.46,9.45,9.46,70453.0
2017-05-11 14:50:00,P,9.475,9.48,9.45,9.455,111607.0
2017-05-11 14:45:00,P,9.48,9.48,9.47,9.48,21126.0
2017-05-11 14:40:00,P,9.465,9.475,9.45,9.47,137193.0
2017-05-11 14:35:00,P,9.46,9.49,9.45,9.4699,135142.0
2017-05-11 14:30:00,P,9.45,9.46,9.45,9.4525,68504.0
2017-05-11 14:25:00,P,9.4564,9.46,9.45,9.45,57433.0
2017-05-11 14:20:00,P,9.4599,9.47,9.43,9.46,179253.0
2017-05-11 14:15:00,P,9.4559,9.5,9.45,9.45,176020.0
2017-05-11 14:10:00,P,9.49,9.49,9.44,9.4552,268181.0
2017-05-11 14:05:00,P,9.48,9.495,9.48,9.485,51534.0
2017-05-11 14:00:00,P,9.495,9.5,9.47,9.49,132188.0
2017-05-11 13:55:00,P,9.51,9.51,9.49,9.4979,41689.0
2017-05-11 13:50:00,P,9.51,9.51,9.5,9.51,16350.0
2017-05-11 13:45:00,P,9.475,9.52,9.47,9.505,213778.0
2017-05-11 13:40:00,P,9.4899,9.49,9.47,9.475,101661.0
2017-05-11 13:35:00,P,9.4899,9.51,9.48,9.49,58248.0
2017-05-11 13:30:00,P,9.51,9.51,9.48,9.4872,148692.0
2017-05-11 13:25:00,P,9.48,9.51,9.47,9.51,95334.0
2017-05-11 13:20:00,P,9.49,9.5,9.47,9.48,66595.0
2017-05-11 13:15:00,P,9.47,9.4894,9.45,9.48,168478.0
2017-05-11 13:10:00,P,9.51,9.52,9.465,9.47,236203.0
2017-05-11 13:05:00,P,9.51,9.5199,9.5,9.51,165648.0
2017-05-11 13:00:00,P,9.53,9.535,9.51,9.51,158564.0
2017-05-11 12:55:00,P,9.53,9.54,9.53,9.53,59127.0
2017-05-11 12:50:00,P,9.555,9.57,9.53,9.53,227301.0
2017-05-11 12:45:00,P,9.55,9.56,9.54,9.555,77725.0
2017-05-11 12:40:00,P,9.54,9.6,9.53,9.54,554494.0
2017-05-11 12:35:00,P,9.525,9.54,9.47,9.5373,615611.0
2017-05-11 12:30:00,P,9.533,9.54,9.5,9.52,294340.0
2017-05-11 12:25:00,P,9.53,9.54,9.53,9.54,33631.0
2017-05-11 12:20:00,P,9.575,9.575,9.52,9.54,237675.0
2017-05-11 12:15:00,P,9.5599,9.58,9.55,9.5769,64611.0
2017-05-11 12:10:00,P,9.5699,9.59,9.55,9.56,62667.0
2017-05-11 12:05:00,P,9.575,9.58,9.55,9.57,119580.0
2017-05-11 12:00:00,P,9.61,9.61,9.56,9.57,122832.0
2017-05-11 11:55:00,P,9.571,9.61,9.57,9.61,174028.0
2017-05-11 11:50:00,P,9.56,9.58,9.55,9.58,39333.0
2017-05-11 11:45:00,P,9.555,9.57,9.51,9.56,178794.0
2017-05-11 11:40:00,P,9.59,9.6,9.56,9.56,99484.0
2017-05-11 11:35:00,P,9.565,9.61,9.56,9.59,96151.0
2017-05-11 11:30:00,P,9.6,9.6,9.55,9.5658,113841.0
2017-05-11 11:25:00,P,9.63,9.635,9.6,9.6083,86388.0
2017-05-11 11:20:00,P,9.655,9.7,9.615,9.62,190083.0
2017-05-11 11:15:00,P,9.6,9.67,9.6,9.6562,133805.0
2017-05-11 11:10:00,P,9.5951,9.61,9.59,9.6,119617.0
2017-05-11 11:05:00,P,9.595,9.6,9.56,9.59,237756.0
2017-05-11 11:00:00,P,9.5798,9.61,9.57,9.6,358826.0
2017-05-11 10:55:00,P,9.62,9.63,9.57,9.575,225106.0
2017-05-11 10:50:00,P,9.5999,9.65,9.57,9.62,255019.0
2017-05-11 10:45:00,P,9.57,9.605,9.565,9.5992,251254.0
2017-05-11 10:40:00,P,9.565,9.57,9.535,9.57,151649.0
2017-05-11 10:35:00,P,9.58,9.61,9.565,9.57,243067.0
2017-05-11 10:30:00,P,9.64,9.64,9.59,9.59,132104.0
2017-05-11 10:25:00,P,9.59,9.64,9.58,9.64,435754.0
2017-05-11 10:20:00,P,9.645,9.65,9.59,9.61,336213.0
2017-05-11 10:15:00,P,9.67,9.67,9.635,9.645,180748.0
2017-05-11 10:10:00,P,9.665,9.69,9.635,9.665,331345.0
2017-05-11 10:05:00,P,9.755,9.76,9.66,9.66,272404.0
2017-05-11 10:00:00,P,9.74,9.77,9.7299,9.7525,279965.0
2017-05-11 09:55:00,P,9.81,9.83,9.74,9.7403,178635.0
2017-05-11 09:50:00,P,9.835,9.835,9.74,9.8087,294556.0
2017-05-11 09:45:00,P,9.88,9.88,9.78,9.84,285461.0
2017-05-11 09:40:00,P,9.8784,9.9,9.865,9.87,176732.0
2017-05-11 09:35:00,P,9.98,10.0,9.86,9.875,220930.0
2017-05-11 09:30:00,P,9.98,9.98,9.96,9.97,1348.0
2017-05-11 09:25:00,P,9.95,10.0,9.95,10.0,3060.0
2017-05-11 09:10:00,P,9.87,9.87,9.87,9.87,100.0
2017-05-11 09:00:00,P,9.94,9.94,9.94,9.94,100.0
2017-05-11 08:35:00,P,9.95,9.95,9.95,9.95,100.0
2017-05-11 08:25:00,P,9.95,9.95,9.95,9.95,3000.0
2017-05-11 08:05:00,P,9.98,9.98,9.95,9.95,450.0
2017-05-11 08:00:00,P,9.9,9.9,9.9,9.9,1500.0
2017-05-10 20:00:00,P,9.98,9.98,9.98,9.98,5000.0
2017-05-10 19:55:00,P,9.99,10.0,9.99,10.0,400.0
2017-05-10 19:50:00,P,9.99,9.99,9.99,9.99,250.0
2017-05-10 19:20:00,P,9.95,9.95,9.95,9.95,300.0
2017-05-10 19:15:00,P,9.95,9.95,9.95,9.95,5000.0
2017-05-10 19:05:00,P,9.95,9.95,9.95,9.95,300.0
2017-05-10 18:50:00,P,9.9,9.95,9.9,9.95,11300.0
2017-05-10 18:35:00,P,9.95,9.95,9.95,9.95,100.0
2017-05-10 18:15:00,P,9.94,10.0,9.94,10.0,4300.0
2017-05-10 18:10:00,P,9.9,9.9,9.9,9.9,200.0
2017-05-10 18:05:00,P,9.9,9.9,9.9,9.9,225.0
2017-05-10 18:00:00,P,9.91,9.91,9.91,9.91,500.0
2017-05-10 17:55:00,P,9.94,9.94,9.94,9.94,1000.0
2017-05-10 17:50:00,P,9.9,9.94,9.9,9.94,3120.0
2017-05-10 17:45:00,P,9.9,9.9,9.9,9.9,500.0
2017-05-10 17:40:00,P,9.9,9.9,9.9,9.9,1000.0
2017-05-10 17:35:00,P,9.87,9.87,9.87,9.87,100.0
2017-05-10 17:30:00,P,9.9,9.9,9.9,9.9,150.0
2017-05-10 17:25:00,P,9.9,9.9,9.9,9.9,500.0
2017-05-10 17:10:00,P,9.87,9.87,9.86,9.86,295.0
2017-05-10 17:00:00,P,9.9,9.9,9.9,9.9,1000.0
2017-05-10 16:55:00,P,9.85,9.85,9.85,9.85,3500.0
2017-05-10 16:50:00,P,9.85,9.85,9.85,9.85,8225.0
2017-05-10 16:45:00,P,9.9,9.9,9.87,9.87,1700.0
2017-05-10 16:35:00,P,9.95,9.95,9.95,9.95,14679.0
2017-05-10 16:25:00,P,9.91,9.91,9.91,9.91,100.0
2017-05-10 16:20:00,P,9.9,9.9,9.86,9.86,2529.0
2017-05-10 16:15:00,P,9.91,9.91,9.87,9.87,12811.0
2017-05-10 16:10:00,P,9.91,9.91,9.88,9.9,1374.0
2017-05-10 16:05:00,P,9.91,9.95,9.9,9.9,518235.0
2017-05-10 16:00:00,P,9.945,9.96,9.91,9.92,1051850.0
2017-05-10 15:55:00,P,9.95,9.97,9.94,9.94,326987.0
2017-05-10 15:50:00,P,10.005,10.02,9.95,9.96,619372.0
2017-05-10 15:45:00,P,10.005,10.01,10.0,10.0,250257.0
2017-05-10 15:40:00,P,10.0,10.01,10.0,10.005,52877.0
2017-05-10 15:35:00,P,10.015,10.02,9.99,10.01,154405.0
2017-05-10 15:30:00,P,10.0,10.03,10.0,10.015,101041.0
2017-05-10 15:25:00,P,10.0284,10.03,10.0,10.0,122571.0
2017-05-10 15:20:00,P,10.041,10.05,10.0,10.02,247078.0
2017-05-10 15:15:00,P,10.0202,10.07,10.02,10.045,290702.0
2017-05-10 15:10:00,P,10.015,10.03,10.01,10.025,82210.0
2017-05-10 15:05:00,P,10.012,10.02,10.01,10.015,43479.0
2017-05-10 15:00:00,P,10.025,10.05,10.01,10.01,170175.0
2017-05-10 14:55:00,P,10.0,10.03,9.995,10.03,172998.0
2017-05-10 14:50:00,P,10.015,10.03,9.99,10.0,302180.0
2017-05-10 14:45:00,P,10.01,10.02,10.0,10.0199,91472.0
2017-05-10 14:40:00,P,10.015,10.02,10.0,10.0,62135.0
2017-05-10 14:35:00,P,10.03,10.035,10.005,10.02,146221.0
2017-05-10 14:30:00,P,10.005,10.03,10.0,10.025,108792.0
2017-05-10 14:25:00,P,10.04,10.05,10.0,10.0,115582.0
2017-05-10 14:20:00,P,10.02,10.05,10.01,10.04,145532.0
2017-05-10 14:15:00,P,10.015,10.04,10.0,10.0238,132665.0
2017-05-10 14:10:00,P,10.03,10.04,10.0,10.02,141332.0
2017-05-10 14:05:00,P,10.045,10.05,10.03,10.04,65764.0
2017-05-10 14:00:00,P,10.06,10.07,10.03,10.04,252411.0
2017-05-10 13:55:00,P,10.03,10.1,10.03,10.05,306140.0
2017-05-10 13:50:00,P,10.12,10.155,10.03,10.03,527931.0
2017-05-10 13:45:00,P,9.995,10.12,9.99,10.1199,2780722.0
2017-05-10 13:40:00,P,10.005,10.03,9.99,9.995,573643.0
2017-05-10 13:35:00,P,10.01,10.03,10.0,10.005,188603.0
2017-05-10 13:30:00,P,10.01,10.02,9.99,10.01,99133.0
2017-05-10 13:25:00,P,10.02,10.025,9.99,10.0,218588.0
2017-05-10 13:20:00,P,9.98,10.03,9.97,10.03,167263.0
2017-05-10 13:15:00,P,9.995,10.0,9.97,9.9742,72754.0
2017-05-10 13:10:00,P,10.0,10.0,9.97,9.99,165633.0
2017-05-10 13:05:00,P,10.01,10.01,9.99,10.0,132732.0
2017-05-10 13:00:00,P,10.005,10.01,10.0,10.0099,91096.0
2017-05-10 12:55:00,P,9.99,10.02,9.96,10.005,369656.0
2017-05-10 12:50:00,P,9.9199,9.99,9.9,9.99,349930.0
2017-05-10 12:45:00,P,9.86,9.92,9.86,9.915,184378.0
2017-05-10 12:40:00,P,9.87,9.88,9.85,9.865,176800.0
2017-05-10 12:35:00,P,9.81,9.87,9.805,9.87,153576.0
2017-05-10 12:30:00,P,9.805,9.81,9.8,9.81,28400.0
2017-05-10 12:25:00,P,9.775,9.81,9.77,9.805,97924.0
2017-05-10 12:20:00,P,9.79,9.8,9.77,9.78,175122.0
2017-05-10 12:15:00,P,9.815,9.82,9.79,9.795,163265.0
2017-05-10 12:10:00,P,9.84,9.84,9.81,9.819,127849.0
2017-05-10 12:05:00,P,9.8,9.88,9.8,9.8351,195761.0
2017-05-10 12:00:00,P,9.725,9.83,9.725,9.81,283145.0
2017-05-10 11:55:00,P,9.705,9.73,9.7,9.725,156706.0
2017-05-10 11:50:00,P,9.7,9.72,9.695,9.71,76940.0
2017-05-10 11:45:00,P,9.7391,9.74,9.69,9.7,92962.0
2017-05-10 11:40:00,P,9.7,9.74,9.695,9.735,113099.0
2017-05-10 11:35:00,P,9.705,9.718,9.69,9.7,91230.0
2017-05-10 11:30:00,P,9.74,9.75,9.705,9.705,156674.0
2017-05-10 11:25:00,P,9.74,9.76,9.73,9.735,61962.0
2017-05-10 11:20:00,P,9.76,9.77,9.73,9.74,49195.0
2017-05-10 11:15:00,P,9.74,9.79,9.74,9.765,127093.0
2017-05-10 11:10:00,P,9.73,9.75,9.71,9.74,175141.0
2017-05-10 11:05:00,P,9.74,9.7482,9.72,9.73,72092.0
2017-05-10 11:00:00,P,9.74,9.75,9.71,9.75,141933.0
2017-05-10 10:55:00,P,9.76,9.76,9.73,9.739,77467.0
2017-05-10 10:50:00,P,9.7793,9.83,9.75,9.75,134056.0
2017-05-10 10:45:00,P,9.74,9.79,9.71,9.77,176518.0
2017-05-10 10:40:00,P,9.78,9.78,9.73,9.735,102214.0
2017-05-10 10:35:00,P,9.735,9.79,9.73,9.775,193308.0
2017-05-10 10:30:00,P,9.72,9.84,9.72,9.73,221708.0
2017-05-10 10:25:00,P,9.71,9.79,9.71,9.72,166836.0
2017-05-10 10:20:00,P,9.635,9.72,9.63,9.715,258674.0
2017-05-10 10:15:00,P,9.66,9.67,9.63,9.6314,342759.0
2017-05-10 10:10:00,P,9.68,9.68,9.65,9.66,205017.0
2017-05-10 10:05:00,P,9.7,9.72,9.67,9.675,262484.0
2017-05-10 10:00:00,P,9.7816,9.787,9.71,9.71,172244.0
2017-05-10 09:55:00,P,9.68,9.79,9.675,9.78,245494.0
2017-05-10 09:50:00,P,9.7,9.72,9.65,9.69,304624.0
2017-05-10 09:45:00,P,9.6942,9.72,9.66,9.7,518351.0
2017-05-10 09:40:00,P,9.77,9.77,9.67,9.6982,373409.0
2017-05-10 09:35:00,P,9.81,9.94,9.755,9.7701,383060.0
2017-05-10 09:30:00,P,9.81,9.87,9.81,9.815,2000.0
2017-05-10 09:25:00,P,9.9,9.9,9.9,9.9,1200.0
2017-05-10 09:15:00,P,9.9,9.9,9.9,9.9,353.0
2017-05-10 09:10:00,P,9.95,9.95,9.95,9.95,1400.0
2017-05-10 09:05:00,P,9.95,9.95,9.95,9.95,500.0
2017-05-10 08:55:00,P,9.91,9.91,9.91,9.91,950.0
2017-05-10 08:50:00,P,9.91,9.95,9.91,9.95,1200.0
2017-05-10 08:40:00,P,9.91,9.91,9.91,9.91,100.0
2017-05-10 08:35:00,P,9.94,10.2717,9.94,10.2717,7000.0
2017-05-10 08:30:00,P,9.95,9.96,9.95,9.96,5000.0
2017-05-10 08:15:00,P,9.96,9.96,9.95,9.95,1000.0
2017-05-10 08:10:00,P,9.96,9.98,9.96,9.98,2000.0
2017-05-10 08:05:00,P,9.99,9.99,9.95,9.95,4650.0
2017-05-10 07:50:00,P,9.9,9.9,9.9,9.9,200.0
2017-05-09 20:00:00,P,9.93,9.93,9.9,9.9,8062.0
2017-05-09 19:55:00,P,9.94,9.94,9.93,9.93,2850.0
2017-05-09 19:50:00,P,9.94,9.94,9.91,9.91,6554.0
2017-05-09 19:30:00,P,9.91,9.91,9.91,9.91,5000.0
2017-05-09 19:25:00,P,9.93,9.93,9.93,9.93,100.0
2017-05-09 19:15:00,P,9.93,9.93,9.93,9.93,400.0
2017-05-09 19:10:00,P,9.94,9.94,9.94,9.94,300.0
2017-05-09 19:05:00,P,9.95,9.95,9.95,9.95,1000.0
2017-05-09 19:00:00,P,9.95,9.95,9.95,9.95,2600.0
2017-05-09 18:55:00,P,9.94,9.94,9.91,9.91,1950.0
2017-05-09 18:50:00,P,9.95,9.95,9.95,9.95,3000.0
2017-05-09 18:45:00,P,9.93,9.93,9.93,9.93,1000.0
2017-05-09 18:40:00,P,9.95,9.95,9.95,9.95,500.0
2017-05-09 18:30:00,P,9.95,9.95,9.95,9.95,1500.0
2017-05-09 18:10:00,P,9.97,9.97,9.97,9.97,5000.0
2017-05-09 18:05:00,P,9.98,9.98,9.95,9.95,400.0
2017-05-09 17:25:00,P,9.91,9.91,9.91,9.91,700.0
2017-05-09 17:20:00,P,9.95,9.95,9.95,9.95,200.0
2017-05-09 17:10:00,P,9.94,9.94,9.94,9.94,3000.0
2017-05-09 17:05:00,P,9.91,9.91,9.91,9.91,800.0
2017-05-09 17:00:00,P,9.94,9.94,9.94,9.94,6000.0
2017-05-09 16:55:00,P,9.91,9.94,9.91,9.94,15250.0
2017-05-09 16:45:00,P,10.0,10.0,10.0,10.0,100.0
2017-05-09 16:40:00,P,9.94,9.94,9.94,9.94,24157.0
2017-05-09 16:35:00,P,9.91,10.0,9.91,10.0,1597.0
2017-05-09 16:30:00,P,9.9,9.91,9.9,9.91,4975.0
2017-05-09 16:25:00,P,9.91,9.91,9.91,9.91,200.0
2017-05-09 16:20:00,P,9.91,9.92,9.91,9.92,22400.0
2017-05-09 16:15:00,P,9.92,9.92,9.91,9.91,2870.0
2017-05-09 16:10:00,P,9.9,9.91,9.9,9.91,1300.0
2017-05-09 16:05:00,P,9.93,9.94,9.9,9.9,401382.0
2017-05-09 16:00:00,P,9.925,9.97,9.9,9.93,1582780.0
2017-05-09 15:55:00,P,9.92,9.95,9.92,9.92,566654.0
2017-05-19 19:55:00,P,9.2,9.2,9.2,9.2,250.0
2017-05-23 19:30:00,P,9.14,9.14,9.14,9.14,2600.0
2017-05-23 17:45:00,P,9.17,9.17,9.17,9.17,600.0
2017-05-23 17:15:00,P,9.12,9.12,9.12,9.12,295.0
2017-05-23 17:05:00,P,9.13,9.13,9.13,9.13,500.0
2017-05-23 17:00:00,P,9.13,9.13,9.13,9.13,345.0
2017-05-23 16:45:00,P,9.13,9.13,9.13,9.13,100.0
2017-05-23 16:30:00,P,9.12,9.12,9.12,9.12,935.0
2017-05-23 16:20:00,P,9.12,9.12,9.11,9.11,7949.0
2017-05-23 16:05:00,P,9.14,9.15,9.14,9.14,123582.0
2017-05-23 16:00:00,P,9.15,9.16,9.14,9.15,320551.0
2017-05-23 15:55:00,P,9.141,9.15,9.14,9.15,133035.0
2017-05-23 15:50:00,P,9.165,9.17,9.14,9.14,198748.0
2017-05-23 15:45:00,P,9.15,9.17,9.15,9.16,87655.0
2017-05-23 15:40:00,P,9.15,9.16,9.15,9.15,64342.0
2017-05-23 15:35:00,P,9.16,9.17,9.14,9.145,108409.0
2017-05-23 15:30:00,P,9.165,9.17,9.16,9.16,33653.0
2017-05-23 15:25:00,P,9.185,9.185,9.16,9.165,71183.0
2017-05-23 15:20:00,P,9.18,9.19,9.17,9.185,140209.0
2017-05-23 15:15:00,P,9.19,9.19,9.17,9.18,69018.0
2017-05-23 15:10:00,P,9.19,9.19,9.18,9.19,12938.0
2017-05-23 15:05:00,P,9.1831,9.19,9.18,9.19,16375.0
2017-05-23 15:00:00,P,9.19,9.19,9.18,9.18,23864.0
2017-05-23 14:55:00,P,9.2,9.2,9.18,9.18,37889.0
2017-05-23 14:50:00,P,9.2,9.2,9.19,9.2,11560.0
2017-05-23 14:45:00,P,9.19,9.2,9.19,9.2,15640.0
2017-05-23 14:40:00,P,9.19,9.205,9.18,9.2,134621.0
2017-05-23 14:35:00,P,9.185,9.19,9.18,9.1853,13375.0
2017-05-23 14:30:00,P,9.17,9.19,9.165,9.19,99224.0
2017-05-23 14:25:00,P,9.16,9.17,9.16,9.17,11803.0
2017-05-23 14:20:00,P,9.1742,9.18,9.16,9.16,38900.0
2017-05-23 14:15:00,P,9.17,9.18,9.17,9.17,23819.0
2017-05-23 14:10:00,P,9.1998,9.1998,9.17,9.17,45155.0
2017-05-23 14:05:00,P,9.2082,9.21,9.19,9.19,42242.0
2017-05-23 14:00:00,P,9.23,9.23,9.205,9.205,42666.0
2017-05-23 13:55:00,P,9.22,9.249,9.21,9.2347,134244.0
2017-05-23 13:50:00,P,9.1801,9.22,9.18,9.22,130198.0
2017-05-23 13:45:00,P,9.215,9.22,9.18,9.18,197039.0
2017-05-23 13:40:00,P,9.205,9.22,9.2,9.215,61495.0
2017-05-23 13:35:00,P,9.2,9.21,9.19,9.2079,54728.0
2017-05-23 13:30:00,P,9.22,9.225,9.195,9.195,124437.0
2017-05-23 13:25:00,P,9.23,9.235,9.21,9.225,52823.0
2017-05-23 13:20:00,P,9.235,9.255,9.23,9.23,107817.0
2017-05-23 13:15:00,P,9.24,9.24,9.23,9.2336,7817.0
2017-05-23 13:10:00,P,9.235,9.25,9.22,9.23,106013.0
2017-05-23 13:05:00,P,9.205,9.24,9.2,9.2301,176948.0
2017-05-23 13:00:00,P,9.2155,9.23,9.2,9.21,133549.0
2017-05-23 12:55:00,P,9.235,9.24,9.21,9.21,46583.0
2017-05-23 12:50:00,P,9.2549,9.257,9.23,9.23,214606.0
2017-05-23 12:45:00,P,9.29,9.2999,9.23,9.2563,323761.0
2017-05-23 12:40:00,P,9.29,9.3,9.29,9.29,11332.0
2017-05-23 12:35:00,P,9.335,9.34,9.2839,9.295,220047.0
2017-05-23 12:30:00,P,9.34,9.35,9.33,9.3301,49087.0
2017-05-23 12:25:00,P,9.3507,9.3599,9.34,9.34,48646.0
2017-05-23 12:20:00,P,9.38,9.38,9.35,9.35,28338.0
2017-05-23 12:15:00,P,9.39,9.4,9.375,9.38,110503.0
2017-05-23 12:10:00,P,9.38,9.39,9.36,9.39,118166.0
2017-05-23 12:05:00,P,9.325,9.39,9.32,9.38,289869.0
2017-05-23 12:00:00,P,9.315,9.34,9.315,9.32,66360.0
2017-05-23 11:55:00,P,9.32,9.35,9.31,9.31,57547.0
2017-05-23 11:50:00,P,9.325,9.33,9.315,9.32,53955.0
2017-05-23 11:45:00,P,9.34,9.35,9.32,9.32,137857.0
2017-05-23 11:40:00,P,9.31,9.34,9.31,9.34,97431.0
2017-05-23 11:35:00,P,9.315,9.3195,9.3,9.31,45651.0
2017-05-23 11:30:00,P,9.29,9.319,9.29,9.31,87021.0
2017-05-23 11:25:00,P,9.3051,9.307,9.29,9.29,36320.0
2017-05-23 11:20:00,P,9.299,9.32,9.2901,9.305,166333.0
2017-05-23 11:15:00,P,9.265,9.29,9.26,9.29,51090.0
2017-05-23 11:10:00,P,9.27,9.28,9.255,9.27,89727.0
2017-05-23 11:05:00,P,9.26,9.3,9.255,9.274,382337.0
2017-05-23 11:00:00,P,9.26,9.27,9.225,9.2501,123371.0
2017-05-23 10:55:00,P,9.29,9.3,9.26,9.264,122686.0
2017-05-23 10:50:00,P,9.24,9.295,9.24,9.28,327484.0
2017-05-23 10:45:00,P,9.21,9.25,9.21,9.24,121634.0
2017-05-23 10:40:00,P,9.205,9.22,9.2,9.22,143261.0
2017-05-23 10:35:00,P,9.21,9.22,9.2,9.21,58587.0
2017-05-23 10:30:00,P,9.19,9.24,9.19,9.21,127221.0
2017-05-23 10:25:00,P,9.2286,9.23,9.19,9.1952,76158.0
2017-05-23 10:20:00,P,9.165,9.24,9.16,9.225,253194.0
2017-05-23 10:15:00,P,9.175,9.175,9.15,9.165,38289.0
2017-05-23 10:10:00,P,9.195,9.199,9.16,9.175,31993.0
2017-05-23 10:05:00,P,9.14,9.2,9.14,9.195,225069.0
2017-05-23 10:00:00,P,9.14,9.16,9.131,9.1401,70368.0
2017-05-23 09:55:00,P,9.14,9.14,9.12,9.14,47400.0
2017-05-23 09:50:00,P,9.14,9.149,9.12,9.1301,72592.0
2017-05-23 09:45:00,P,9.17,9.18,9.14,9.144,52619.0
2017-05-23 09:40:00,P,9.15,9.185,9.13,9.1764,115329.0
2017-05-23 09:35:00,P,9.13,9.199,9.125,9.15,187458.0
2017-05-23 09:30:00,P,9.15,9.15,9.15,9.15,100.0
2017-05-23 08:30:00,P,9.12,9.12,9.12,9.12,335.0
2017-05-22 19:40:00,P,9.12,9.12,9.12,9.12,1000.0
2017-05-22 18:40:00,P,9.16,9.16,9.16,9.16,105.0
2017-05-22 18:20:00,P,9.16,9.16,9.16,9.16,125.0
2017-05-22 18:10:00,P,9.16,9.16,9.16,9.16,1350.0
2017-05-22 18:05:00,P,9.18,9.18,9.18,9.18,100.0
2017-05-22 17:15:00,P,9.2,9.2,9.2,9.2,900.0
2017-05-22 17:05:00,P,9.18,9.18,9.18,9.18,1860.0
2017-05-22 17:00:00,P,9.18,9.18,9.18,9.18,150.0
2017-05-22 16:55:00,P,9.17,9.17,9.17,9.17,140.0
2017-05-22 16:25:00,P,9.15,9.15,9.15,9.15,100.0
2017-05-22 16:15:00,P,9.16,9.16,9.16,9.16,100.0
2017-05-22 16:10:00,P,9.15,9.15,9.15,9.15,200.0
2017-05-22 16:05:00,P,9.12,9.12,9.12,9.12,1000825.0
2017-05-22 16:00:00,P,9.135,9.15,9.12,9.13,375901.0
2017-05-22 15:55:00,P,9.15,9.155,9.13,9.13,195671.0
2017-05-22 15:50:00,P,9.155,9.16,9.15,9.155,132012.0
2017-05-22 15:45:00,P,9.15,9.16,9.145,9.15,195897.0
2017-05-22 15:40:00,P,9.165,9.18,9.15,9.15,87600.0
2017-05-22 15:35:00,P,9.16,9.18,9.1506,9.165,104877.0
2017-05-22 15:30:00,P,9.185,9.1866,9.16,9.165,48683.0
2017-05-22 15:25:00,P,9.17,9.19,9.17,9.189,34645.0
2017-05-22 15:20:00,P,9.17,9.18,9.16,9.175,46546.0
2017-05-22 15:15:00,P,9.19,9.195,9.17,9.17,51934.0
2017-05-22 15:10:00,P,9.195,9.2,9.185,9.19,76004.0
2017-05-22 15:05:00,P,9.17,9.2,9.16,9.2,84787.0
2017-05-22 15:00:00,P,9.16,9.17,9.16,9.16,21237.0
2017-05-22 14:55:00,P,9.165,9.17,9.16,9.16,7700.0
2017-05-22 14:50:00,P,9.16,9.17,9.155,9.16,24906.0
2017-05-22 14:45:00,P,9.16,9.175,9.155,9.165,75480.0
2017-05-22 14:40:00,P,9.16,9.18,9.16,9.1633,41903.0
