2017-04-19 16:05:00,STL,22.9,22.9,22.9,22.9,62878.0
2017-04-19 16:00:00,STL,22.85,22.9,22.8,22.9,162263.0
2017-04-19 15:55:00,STL,22.875,22.9,22.8,22.85,71911.0
2017-04-20 09:35:00,STL,23.05,23.2,22.95,23.15,15535.0
2017-04-20 09:40:00,STL,23.15,23.175,23.05,23.05,13885.0
2017-04-20 09:45:00,STL,23.1,23.1,23.0,23.0,8302.0
2017-04-20 09:50:00,STL,23.0,23.0,22.925,22.95,10019.0
2017-04-20 09:55:00,STL,22.95,23.0105,22.95,23.0105,4869.0
2017-04-20 10:00:00,STL,22.95,22.95,22.875,22.925,14298.0
2017-04-20 10:05:00,STL,22.95,22.9673,22.875,22.925,16300.0
2017-04-20 10:10:00,STL,22.925,22.95,22.875,22.925,7038.0
2017-04-20 10:15:00,STL,22.95,23.0,22.925,22.95,24571.0
2017-04-20 10:20:00,STL,22.975,23.0,22.925,22.975,5201.0
2017-04-20 10:25:00,STL,22.975,23.05,22.95,22.975,7139.0
2017-04-20 10:30:00,STL,22.975,23.0,22.925,22.975,9318.0
2017-04-20 10:35:00,STL,22.975,22.975,22.925,22.975,13395.0
2017-04-20 10:40:00,STL,22.975,23.0,22.925,22.925,5293.0
2017-04-20 10:45:00,STL,22.9824,22.9824,22.95,22.95,3596.0
2017-04-20 10:50:00,STL,23.0,23.025,22.975,22.975,16932.0
2017-04-20 10:55:00,STL,23.0,23.05,22.975,23.05,5000.0
2017-04-20 11:00:00,STL,23.025,23.05,23.025,23.05,700.0
2017-04-20 11:05:00,STL,23.05,23.05,22.975,23.0,7169.0
2017-04-20 11:10:00,STL,23.0,23.05,22.975,23.05,8596.0
2017-04-20 11:15:00,STL,23.075,23.1,23.0,23.1,10636.0
2017-04-20 11:20:00,STL,23.1,23.15,23.025,23.15,13984.0
2017-04-20 11:25:00,STL,23.125,23.2,23.075,23.15,16165.0
2017-04-20 11:30:00,STL,23.15,23.2,23.125,23.15,8000.0
2017-04-20 11:35:00,STL,23.15,23.2,23.15,23.175,3276.0
2017-04-20 11:40:00,STL,23.175,23.25,23.175,23.2,19960.0
2017-04-20 11:45:00,STL,23.2,23.225,23.175,23.2,12575.0
2017-04-20 11:50:00,STL,23.2,23.25,23.175,23.25,12266.0
2017-04-20 11:55:00,STL,23.2,23.225,23.175,23.175,14870.0
2017-04-20 12:00:00,STL,23.2,23.225,23.15,23.2,5400.0
2017-04-20 12:05:00,STL,23.2,23.25,23.175,23.2,18567.0
2017-04-20 12:10:00,STL,23.2,23.2,23.2,23.2,2200.0
2017-04-20 12:15:00,STL,23.2,23.25,23.2,23.2,2690.0
2017-04-20 12:20:00,STL,23.25,23.25,23.2,23.25,800.0
2017-04-20 12:25:00,STL,23.25,23.275,23.2,23.225,15527.0
2017-04-20 12:30:00,STL,23.2,23.25,23.15,23.175,3900.0
2017-04-20 12:35:00,STL,23.175,23.2,23.175,23.2,4859.0
2017-04-20 12:40:00,STL,23.2,23.2,23.175,23.175,3320.0
2017-04-20 12:45:00,STL,23.2,23.225,23.175,23.2,3680.0
2017-04-20 12:50:00,STL,23.225,23.25,23.225,23.225,1100.0
2017-04-20 12:55:00,STL,23.225,23.3,23.225,23.225,8852.0
2017-04-20 13:00:00,STL,23.225,23.25,23.175,23.25,11671.0
2017-04-20 13:05:00,STL,23.225,23.25,23.2,23.225,2400.0
2017-04-20 13:10:00,STL,23.25,23.25,23.175,23.2,2800.0
2017-04-20 13:15:00,STL,23.175,23.2,23.175,23.2,600.0
2017-04-20 13:20:00,STL,23.15,23.2,23.125,23.175,17248.0
2017-04-20 13:25:00,STL,23.15,23.175,23.113,23.15,27572.0
2017-04-20 13:30:00,STL,23.15,23.2,23.125,23.2,10065.0
2017-04-20 13:35:00,STL,23.2,23.225,23.175,23.225,4600.0
2017-04-20 13:40:00,STL,23.225,23.25,23.175,23.175,19121.0
2017-04-20 13:45:00,STL,23.2,23.2,23.2,23.2,800.0
2017-04-20 13:50:00,STL,23.2,23.2,23.175,23.2,3800.0
2017-04-20 13:55:00,STL,23.2,23.25,23.2,23.25,4475.0
2017-04-20 14:00:00,STL,23.25,23.25,23.2,23.225,4300.0
2017-04-20 14:05:00,STL,23.225,23.25,23.2,23.225,1200.0
2017-04-20 14:10:00,STL,23.25,23.25,23.15,23.175,13440.0
2017-04-20 14:15:00,STL,23.175,23.2,23.1687,23.2,3800.0
2017-04-20 14:20:00,STL,23.15,23.225,23.15,23.175,13536.0
2017-04-20 14:25:00,STL,23.175,23.25,23.15,23.25,22306.0
2017-04-20 14:30:00,STL,23.25,23.275,23.2,23.275,8325.0
2017-04-20 14:35:00,STL,23.275,23.3,23.225,23.3,151411.0
2017-04-20 14:40:00,STL,23.3,23.35,23.275,23.35,21940.0
2017-04-20 14:45:00,STL,23.325,23.35,23.25,23.3,12842.0
2017-04-20 14:50:00,STL,23.3,23.35,23.25,23.35,26260.0
2017-04-20 14:55:00,STL,23.35,23.35,23.325,23.35,12632.0
2017-04-20 15:00:00,STL,23.3279,23.35,23.3,23.35,11362.0
2017-04-20 15:05:00,STL,23.35,23.35,23.275,23.325,30193.0
2017-04-20 15:10:00,STL,23.35,23.35,23.3,23.325,2821.0
2017-04-20 15:15:00,STL,23.35,23.35,23.3,23.35,6900.0
2017-04-20 15:20:00,STL,23.35,23.4,23.3,23.375,90810.0
2017-04-20 15:25:00,STL,23.375,23.4,23.375,23.4,29582.0
2017-04-20 15:30:00,STL,23.375,23.45,23.375,23.45,30111.0
2017-04-20 15:35:00,STL,23.45,23.5,23.4,23.45,80844.0
2017-04-20 15:40:00,STL,23.45,23.5,23.4,23.45,44007.0
2017-04-20 15:45:00,STL,23.425,23.475,23.4,23.425,22962.0
2017-04-20 15:50:00,STL,23.45,23.45,23.4,23.425,24710.0
2017-04-20 15:55:00,STL,23.4,23.45,23.4,23.425,44156.0
2017-04-20 16:00:00,STL,23.4,23.45,23.4,23.4,62239.0
2017-04-20 16:05:00,STL,23.45,23.45,23.45,23.45,83239.0
2017-04-20 16:15:00,STL,23.3,23.3,23.2,23.2,32034.0
2017-04-21 09:35:00,STL,23.35,23.4266,23.25,23.25,56262.0
2017-04-21 09:40:00,STL,23.3,23.375,23.25,23.35,43240.0
2017-04-21 09:45:00,STL,23.35,23.425,23.35,23.4,7518.0
2017-04-21 09:50:00,STL,23.375,23.425,23.375,23.4,11600.0
2017-04-21 09:55:00,STL,23.35,23.375,23.3,23.3,1854.0
2017-04-21 10:00:00,STL,23.375,23.4,23.35,23.35,1200.0
2017-04-21 10:05:00,STL,23.4,23.45,23.35,23.4,13332.0
2017-04-21 10:10:00,STL,23.4,23.4,23.3,23.4,13247.0
2017-04-21 10:15:00,STL,23.4,23.4,23.35,23.375,1300.0
2017-04-21 10:20:00,STL,23.4,23.45,23.4,23.425,2734.0
2017-04-21 10:25:00,STL,23.45,23.45,23.425,23.425,15995.0
2017-04-21 10:30:00,STL,23.425,23.425,23.375,23.4,6888.0
2017-04-21 10:35:00,STL,23.4,23.425,23.375,23.425,46475.0
2017-04-21 10:40:00,STL,23.4,23.45,23.35,23.35,19264.0
2017-04-21 10:45:00,STL,23.4,23.4,23.3,23.3,12203.0
2017-04-21 10:50:00,STL,23.3,23.395,23.3,23.375,6259.0
2017-04-21 10:55:00,STL,23.4,23.4,23.35,23.35,900.0
2017-04-21 11:00:00,STL,23.4,23.4,23.25,23.3,18371.0
2017-04-21 11:05:00,STL,23.35,23.35,23.25,23.275,9719.0
2017-04-21 11:10:00,STL,23.25,23.25,23.2,23.225,4365.0
2017-04-21 11:15:00,STL,23.225,23.25,23.2,23.225,900.0
2017-04-21 11:20:00,STL,23.225,23.275,23.15,23.25,15148.0
2017-04-21 11:25:00,STL,23.275,23.275,23.2651,23.2651,628.0
2017-04-21 11:30:00,STL,23.3,23.3,23.225,23.25,10056.0
2017-04-21 11:35:00,STL,23.275,23.3,23.25,23.275,5621.0
2017-04-21 11:40:00,STL,23.275,23.3,23.275,23.275,800.0
2017-04-21 11:45:00,STL,23.3,23.325,23.25,23.325,4479.0
2017-04-21 11:50:00,STL,23.325,23.325,23.25,23.25,7011.0
2017-04-21 11:55:00,STL,23.25,23.3,23.25,23.3,1100.0
2017-04-21 12:00:00,STL,23.3,23.325,23.275,23.275,9785.0
2017-04-21 12:05:00,STL,23.275,23.275,23.275,23.275,500.0
2017-04-21 12:10:00,STL,23.25,23.275,23.2,23.25,8067.0
2017-04-21 12:15:00,STL,23.275,23.275,23.225,23.225,10694.0
2017-04-21 12:20:00,STL,23.225,23.25,23.15,23.225,36330.0
2017-04-21 12:25:00,STL,23.2,23.225,23.2,23.2,400.0
2017-04-21 12:30:00,STL,23.25,23.25,23.175,23.175,6688.0
2017-04-21 12:35:00,STL,23.2,23.225,23.175,23.225,3795.0
2017-04-21 12:40:00,STL,23.2,23.25,23.2,23.225,1500.0
2017-04-21 12:45:00,STL,23.25,23.25,23.225,23.25,1200.0
2017-04-21 12:50:00,STL,23.225,23.225,23.2,23.225,1800.0
2017-04-21 12:55:00,STL,23.225,23.25,23.225,23.25,2810.0
2017-04-21 13:00:00,STL,23.225,23.3,23.2,23.25,12996.0
2017-04-21 13:05:00,STL,23.25,23.2662,23.25,23.2662,478.0
2017-04-21 13:10:00,STL,23.275,23.275,23.275,23.275,300.0
2017-04-21 13:15:00,STL,23.25,23.275,23.2,23.225,8370.0
2017-04-21 13:20:00,STL,23.225,23.25,23.175,23.2,11797.0
2017-04-21 13:25:00,STL,23.2,23.2,23.175,23.2,6912.0
2017-04-21 13:30:00,STL,23.225,23.25,23.2,23.225,500.0
2017-04-21 13:35:00,STL,23.225,23.25,23.225,23.225,900.0
2017-04-21 13:40:00,STL,23.225,23.225,23.15,23.2,10030.0
2017-04-21 13:45:00,STL,23.2,23.25,23.2,23.25,400.0
2017-04-21 13:50:00,STL,23.225,23.275,23.225,23.2605,5115.0
2017-04-21 13:55:00,STL,23.275,23.3,23.25,23.275,1400.0
2017-04-21 14:00:00,STL,23.275,23.35,23.275,23.325,13693.0
2017-04-21 14:05:00,STL,23.35,23.35,23.325,23.325,2900.0
2017-04-21 14:10:00,STL,23.325,23.4,23.325,23.375,4491.0
2017-04-21 14:15:00,STL,23.375,23.4,23.325,23.325,16599.0
2017-04-21 14:20:00,STL,23.325,23.4,23.3,23.375,9098.0
2017-04-21 14:25:00,STL,23.375,23.475,23.35,23.45,51264.0
2017-04-21 14:30:00,STL,23.45,23.5,23.45,23.475,5067.0
2017-04-21 14:35:00,STL,23.4811,23.5,23.45,23.45,1145.0
2017-04-21 14:40:00,STL,23.475,23.5,23.45,23.475,1800.0
2017-04-21 14:45:00,STL,23.5,23.5,23.4,23.4,16679.0
2017-04-21 14:50:00,STL,23.4,23.4,23.375,23.4,12651.0
2017-04-21 14:55:00,STL,23.375,23.4,23.35,23.375,1000.0
2017-04-21 15:00:00,STL,23.375,23.425,23.375,23.425,7127.0
2017-04-21 15:05:00,STL,23.425,23.45,23.35,23.375,13832.0
2017-04-21 15:10:00,STL,23.395,23.4,23.375,23.4,6469.0
2017-04-21 15:15:00,STL,23.375,23.4,23.35,23.375,1600.0
2017-04-21 15:20:00,STL,23.375,23.45,23.375,23.45,13130.0
2017-04-21 15:25:00,STL,23.45,23.45,23.4,23.45,4200.0
2017-04-21 15:30:00,STL,23.425,23.45,23.4,23.45,4800.0
2017-04-21 15:35:00,STL,23.425,23.45,23.4,23.425,6500.0
2017-04-21 15:40:00,STL,23.45,23.45,23.425,23.425,5418.0
2017-04-21 15:45:00,STL,23.45,23.5,23.425,23.5,20151.0
2017-04-21 15:50:00,STL,23.475,23.475,23.4,23.425,32745.0
2017-04-21 15:55:00,STL,23.425,23.45,23.4,23.45,18428.0
2017-04-21 16:00:00,STL,23.45,23.45,23.4,23.425,58258.0
2017-04-21 16:05:00,STL,23.4,23.4,23.4,23.4,93639.0
2017-04-21 16:30:00,STL,23.4,23.4,23.4,23.4,7596.0
2017-04-24 17:00:00,STL,23.85,23.85,23.85,23.85,190.0
2017-04-24 16:35:00,STL,23.75,23.75,23.75,23.75,5807.0
2017-04-24 16:05:00,STL,23.75,23.75,23.75,23.75,303197.0
2017-04-24 17:00:00,STL,23.85,23.85,23.85,23.85,190.0
2017-04-24 16:00:00,STL,23.8,23.85,23.75,23.8,95686.0
2017-04-24 15:55:00,STL,23.825,23.85,23.8,23.8,20242.0
2017-04-24 15:50:00,STL,23.85,23.85,23.8,23.85,27261.0
2017-04-24 15:45:00,STL,23.825,23.85,23.8,23.825,21014.0
2017-04-24 15:40:00,STL,23.85,23.85,23.8,23.85,9410.0
2017-04-24 15:35:00,STL,23.825,23.85,23.8,23.825,7575.0
2017-04-24 15:30:00,STL,23.825,23.85,23.8,23.85,5503.0
2017-04-24 15:25:00,STL,23.85,23.85,23.8,23.85,5466.0
2017-04-24 15:20:00,STL,23.825,23.85,23.8,23.85,3900.0
2017-04-24 15:15:00,STL,23.8,23.85,23.76,23.825,15070.0
2017-04-24 15:10:00,STL,23.8,23.8,23.775,23.8,18303.0
2017-04-24 15:05:00,STL,23.775,23.8,23.75,23.775,900.0
2017-04-24 15:00:00,STL,23.75,23.8,23.725,23.8,7759.0
2017-04-24 14:55:00,STL,23.8,23.8,23.75,23.75,7600.0
2017-04-24 14:50:00,STL,23.8,23.825,23.775,23.8,7093.0
2017-04-24 14:45:00,STL,23.8,23.825,23.775,23.775,4121.0
2017-04-24 14:40:00,STL,23.85,23.85,23.8,23.8,16407.0
2017-04-24 14:35:00,STL,23.825,23.85,23.8,23.85,3500.0
2017-04-24 14:30:00,STL,23.825,23.85,23.8,23.825,2074.0
2017-04-24 14:25:00,STL,23.85,23.85,23.8,23.825,10804.0
2017-04-24 14:20:00,STL,23.825,23.85,23.825,23.85,3700.0
2017-04-24 14:15:00,STL,23.85,23.875,23.8,23.8,30835.0
2017-04-24 14:10:00,STL,23.825,23.85,23.8,23.85,3200.0
2017-04-24 14:05:00,STL,23.85,23.9,23.8,23.85,9175.0
2017-04-24 14:00:00,STL,23.85,23.9,23.85,23.875,2100.0
2017-04-24 13:55:00,STL,23.85,23.9,23.85,23.85,2400.0
2017-04-24 13:50:00,STL,23.875,23.9,23.85,23.875,1900.0
2017-04-24 13:45:00,STL,23.9,23.9,23.8671,23.8671,1600.0
2017-04-24 13:40:00,STL,23.9,23.925,23.875,23.875,3323.0
2017-04-24 13:35:00,STL,23.9,23.925,23.85,23.925,10100.0
2017-04-24 13:30:00,STL,23.9,23.95,23.85,23.9,20900.0
2017-04-24 13:25:00,STL,23.9,23.925,23.85,23.9,16260.0
2017-04-24 13:20:00,STL,23.875,23.95,23.85,23.925,25432.0
2017-04-24 13:15:00,STL,23.875,23.9,23.85,23.875,8400.0
2017-04-24 13:10:00,STL,23.875,23.875,23.85,23.875,500.0
2017-04-24 13:05:00,STL,23.875,23.925,23.85,23.9,16030.0
2017-04-24 13:00:00,STL,23.85,23.9,23.8,23.85,14100.0
2017-04-24 12:55:00,STL,23.9,23.9,23.85,23.875,8677.0
2017-04-24 12:50:00,STL,23.85,23.875,23.825,23.875,2500.0
2017-04-24 12:45:00,STL,23.8,23.9,23.8,23.875,13883.0
2017-04-24 12:40:00,STL,23.8,23.85,23.8,23.85,1300.0
2017-04-24 12:35:00,STL,23.85,23.85,23.8,23.8,1100.0
2017-04-24 12:30:00,STL,23.85,23.875,23.825,23.825,7278.0
2017-04-24 12:25:00,STL,23.85,23.875,23.8,23.825,8580.0
2017-04-24 12:20:00,STL,23.8,23.8,23.8,23.8,100.0
2017-04-24 12:15:00,STL,23.875,23.875,23.8,23.8,6800.0
2017-04-24 12:10:00,STL,23.85,23.875,23.8,23.825,9100.0
2017-04-24 12:05:00,STL,23.825,23.9,23.8,23.85,12046.0
2017-04-24 12:00:00,STL,23.8,23.85,23.75,23.825,11617.0
2017-04-24 11:55:00,STL,23.825,23.85,23.775,23.825,14282.0
2017-04-24 11:50:00,STL,23.775,23.85,23.775,23.85,9822.0
2017-04-24 11:45:00,STL,23.775,23.8,23.65,23.775,29346.0
2017-04-24 11:40:00,STL,23.8,23.85,23.75,23.75,3089.0
2017-04-24 11:35:00,STL,23.85,23.85,23.8,23.825,8189.0
2017-04-24 11:30:00,STL,23.85,23.925,23.825,23.875,7139.0
2017-04-24 11:25:00,STL,23.9,23.925,23.85,23.85,18410.0
2017-04-24 11:20:00,STL,23.85,23.9,23.8,23.875,26408.0
2017-04-24 11:15:00,STL,23.875,23.95,23.825,23.85,22363.0
2017-04-24 11:10:00,STL,23.95,23.95,23.8,23.875,12426.0
2017-04-24 11:05:00,STL,23.85,23.95,23.85,23.925,16470.0
2017-04-24 11:00:00,STL,23.85,23.875,23.8,23.8,25032.0
2017-04-24 10:55:00,STL,23.85,23.85,23.75,23.85,16573.0
2017-04-24 10:50:00,STL,23.85,23.9,23.825,23.85,10065.0
2017-04-24 10:45:00,STL,23.8,23.875,23.8,23.85,6951.0
2017-04-24 10:40:00,STL,23.825,23.875,23.8,23.825,11167.0
2017-04-24 10:35:00,STL,23.925,23.95,23.8,23.85,17409.0
2017-04-24 10:30:00,STL,23.8665,23.95,23.85,23.925,10924.0
2017-04-24 10:25:00,STL,23.95,23.95,23.85,23.9,13277.0
2017-04-24 10:20:00,STL,24.025,24.05,23.95,23.975,15684.0
2017-04-24 10:15:00,STL,24.05,24.1,23.95,24.1,12295.0
2017-04-24 10:10:00,STL,24.075,24.125,24.0,24.05,19189.0
2017-04-24 10:05:00,STL,24.05,24.15,24.0,24.1,11570.0
2017-04-24 10:00:00,STL,23.95,24.05,23.9,24.05,20249.0
2017-04-24 09:55:00,STL,23.95,24.0,23.95,24.0,1602.0
2017-04-24 09:50:00,STL,23.95,24.0,23.85,24.0,19207.0
2017-04-24 09:45:00,STL,23.95,24.0,23.85,23.95,16949.0
2017-04-24 09:40:00,STL,23.95,23.95,23.8,23.892,13857.0
2017-04-24 09:35:00,STL,24.0,24.05,23.8,23.9,26075.0
2017-04-24 08:05:00,STL,23.65,23.65,23.65,23.65,200.0
2017-04-20 15:55:00,STL,23.4,23.45,23.4,23.425,44156.0
2017-04-20 15:50:00,STL,23.45,23.45,23.4,23.425,24710.0
2017-04-20 15:45:00,STL,23.425,23.475,23.4,23.425,22962.0
2017-04-20 15:40:00,STL,23.45,23.5,23.4,23.45,44007.0
2017-04-20 15:35:00,STL,23.45,23.5,23.4,23.45,80844.0
2017-04-19 12:05:00,STL,22.95,22.95,22.925,22.925,8131.0
2017-04-19 12:00:00,STL,22.95,22.975,22.9,22.9,11560.0
2017-04-19 11:55:00,STL,22.9,22.975,22.9,22.95,10663.0
2017-04-12 11:25:00,STL,22.85,22.875,22.8,22.825,6700.0
2017-04-12 11:20:00,STL,22.85,22.925,22.85,22.85,17480.0
2017-04-12 11:15:00,STL,22.925,22.95,22.85,22.875,10450.0
2017-04-12 11:10:00,STL,22.9,22.925,22.9,22.9,7602.0
2017-04-12 11:05:00,STL,22.875,22.875,22.85,22.875,11717.0
2017-04-12 11:00:00,STL,22.875,22.925,22.85,22.85,11890.0
2017-04-12 10:55:00,STL,22.805,22.875,22.8,22.85,11706.0
2017-04-12 10:50:00,STL,22.9,22.9,22.75,22.85,27801.0
2017-04-12 10:45:00,STL,22.925,22.925,22.85,22.85,15403.0
2017-04-12 10:40:00,STL,22.95,22.975,22.9,22.9,9813.0
2017-04-12 10:35:00,STL,22.95,23.0,22.9182,23.0,16228.0
2017-04-12 10:30:00,STL,22.975,22.995,22.9,22.995,18100.0
2017-04-12 10:25:00,STL,23.0,23.0256,22.975,23.0,7350.0
2017-04-12 10:20:00,STL,22.95,23.075,22.95,23.05,15443.0
2017-04-12 10:15:00,STL,23.05,23.05,22.95,22.975,10353.0
2017-04-12 10:10:00,STL,23.05,23.1,23.025,23.05,6456.0
2017-04-12 10:05:00,STL,23.1,23.125,23.0,23.05,10138.0
2017-04-12 10:00:00,STL,23.1,23.1,23.1,23.1,4200.0
2017-04-12 09:55:00,STL,23.1,23.15,23.1,23.125,6400.0
2017-04-12 09:50:00,STL,23.125,23.125,23.075,23.075,7642.0
2017-04-12 09:45:00,STL,23.1,23.175,23.05,23.05,7900.0
2017-04-12 09:40:00,STL,23.05,23.15,22.95,23.1,12280.0
2017-04-12 09:35:00,STL,23.15,23.25,23.05,23.05,12244.0
2017-04-11 16:05:00,STL,23.2,23.2,23.2,23.2,252994.0
2017-04-11 16:00:00,STL,23.2,23.25,23.15,23.2,100600.0
2017-04-11 15:55:00,STL,23.175,23.2,23.15,23.2,26100.0
2017-04-11 15:50:00,STL,23.2,23.225,23.15,23.15,17261.0
2017-04-11 15:45:00,STL,23.275,23.3,23.2,23.225,35240.0
2017-04-11 15:40:00,STL,23.225,23.3,23.2,23.3,33847.0
2017-04-11 15:35:00,STL,23.225,23.25,23.2,23.25,5814.0
2017-04-11 15:30:00,STL,23.2,23.25,23.2,23.225,13882.0
2017-04-11 15:25:00,STL,23.175,23.2,23.175,23.175,12709.0
2017-04-11 15:20:00,STL,23.175,23.2,23.15,23.175,4700.0
2017-04-11 15:15:00,STL,23.2,23.2,23.15,23.15,13538.0
2017-04-11 15:10:00,STL,23.175,23.2,23.175,23.175,5600.0
2017-04-11 15:05:00,STL,23.175,23.2,23.175,23.2,3636.0
2017-04-11 15:00:00,STL,23.2,23.2,23.175,23.2,2500.0
2017-04-11 14:55:00,STL,23.125,23.2,23.1,23.175,11503.0
2017-04-11 14:50:00,STL,23.125,23.15,23.1,23.125,3552.0
2017-04-11 14:45:00,STL,23.15,23.15,23.1,23.125,22300.0
2017-04-11 14:40:00,STL,23.125,23.15,23.125,23.125,3025.0
2017-04-11 14:35:00,STL,23.05,23.15,23.05,23.125,13906.0
2017-04-11 14:30:00,STL,23.075,23.1,23.05,23.05,3635.0
2017-04-11 14:25:00,STL,23.05,23.075,23.05,23.075,1200.0
2017-04-11 14:20:00,STL,23.075,23.075,23.05,23.075,800.0
2017-04-11 14:15:00,STL,23.125,23.125,23.05,23.05,8313.0
2017-04-11 14:10:00,STL,23.05,23.15,23.05,23.125,23227.0
2017-04-11 14:05:00,STL,23.075,23.1,23.05,23.075,1300.0
2017-04-11 14:00:00,STL,23.075,23.075,23.0,23.075,15948.0
2017-04-11 13:55:00,STL,23.0846,23.0846,23.05,23.075,3585.0
2017-04-11 13:50:00,STL,23.075,23.075,23.05,23.05,1832.0
2017-04-11 13:45:00,STL,23.1,23.1,23.05,23.05,8180.0
2017-04-11 13:40:00,STL,23.075,23.1,23.05,23.1,4451.0
2017-04-11 13:35:00,STL,23.05,23.1,23.05,23.075,3300.0
2017-04-11 13:30:00,STL,23.075,23.075,23.05,23.075,800.0
2017-04-11 13:25:00,STL,23.1,23.15,23.075,23.075,8172.0
2017-04-11 13:20:00,STL,23.125,23.125,23.1,23.125,1800.0
2017-04-11 13:15:00,STL,23.2,23.2,23.1,23.1,6974.0
2017-04-11 13:10:00,STL,23.15,23.2,23.15,23.175,12891.0
2017-04-11 13:05:00,STL,23.1,23.15,23.1,23.15,3500.0
2017-04-11 13:00:00,STL,23.15,23.15,23.075,23.075,4816.0
2017-04-11 12:55:00,STL,23.025,23.125,23.025,23.125,20266.0
2017-04-11 12:50:00,STL,23.0,23.025,23.0,23.0,1428.0
2017-04-11 12:45:00,STL,23.125,23.125,23.05,23.05,8694.0
2017-04-11 12:40:00,STL,23.125,23.125,23.1,23.125,3917.0
2017-04-11 12:35:00,STL,23.125,23.15,23.1,23.125,1800.0
2017-04-11 12:30:00,STL,23.1,23.125,23.1,23.125,2100.0
2017-04-11 12:25:00,STL,23.075,23.2,23.075,23.125,23343.0
2017-04-11 12:20:00,STL,23.075,23.1,23.05,23.075,7966.0
2017-04-11 12:15:00,STL,23.0,23.1,23.0,23.075,6479.0
2017-04-11 12:10:00,STL,23.025,23.025,23.0,23.025,2921.0
2017-04-11 12:05:00,STL,23.05,23.05,23.0,23.0,13031.0
2017-04-11 12:00:00,STL,23.05,23.1,23.05,23.075,6000.0
2017-04-11 11:55:00,STL,23.025,23.1,23.0,23.05,23765.0
2017-04-11 11:50:00,STL,22.95,23.05,22.95,23.05,2826.0
2017-04-11 11:45:00,STL,23.025,23.025,22.975,23.0,11116.0
2017-04-11 11:40:00,STL,22.95,23.05,22.95,23.0252,17851.0
2017-04-11 11:35:00,STL,22.95,22.95,22.9,22.95,3700.0
2017-04-11 11:30:00,STL,22.875,22.95,22.875,22.95,8001.0
2017-04-11 11:25:00,STL,22.875,22.9,22.825,22.9,10669.0
2017-04-11 11:20:00,STL,22.775,22.9,22.725,22.9,55480.0
2017-04-11 11:15:00,STL,22.775,22.825,22.775,22.8,9000.0
2017-04-11 11:10:00,STL,22.775,22.825,22.75,22.75,9915.0
2017-04-11 11:05:00,STL,22.725,22.775,22.7,22.75,8495.0
2017-04-11 11:00:00,STL,22.7,22.725,22.65,22.7,12817.0
2017-04-11 10:55:00,STL,22.75,22.775,22.65,22.7,13595.0
2017-04-11 10:50:00,STL,22.75,22.775,22.725,22.75,6650.0
2017-04-11 10:45:00,STL,22.8,22.8,22.725,22.75,29275.0
2017-04-11 10:40:00,STL,22.75,22.85,22.75,22.825,26507.0
2017-04-11 10:35:00,STL,22.825,22.85,22.725,22.75,29403.0
2017-04-11 10:30:00,STL,22.825,22.825,22.8,22.825,14019.0
2017-04-11 10:25:00,STL,22.875,22.875,22.8,22.8,12650.0
2017-04-11 10:20:00,STL,22.9,22.9,22.8,22.85,8277.0
2017-04-11 10:15:00,STL,22.95,22.95,22.875,22.9,11142.0
2017-04-11 10:10:00,STL,22.975,23.0,22.9,22.95,5830.0
2017-04-11 10:05:00,STL,22.9,22.975,22.9,22.95,10539.0
2017-04-11 10:00:00,STL,22.85,22.875,22.8,22.85,9982.0
2017-04-11 09:55:00,STL,22.8,22.85,22.775,22.85,11707.0
2017-04-11 09:50:00,STL,22.8,22.85,22.75,22.85,21548.0
2017-04-11 09:45:00,STL,22.75,22.875,22.75,22.825,38237.0
2017-04-11 09:40:00,STL,22.85,22.95,22.75,22.8,40087.0
2017-04-11 09:35:00,STL,22.75,23.0,22.725,22.8,19581.0
2017-04-10 16:05:00,STL,22.95,22.95,22.95,22.95,107432.0
2017-04-10 16:00:00,STL,23.0,23.0,22.95,22.95,37754.0
2017-04-10 15:55:00,STL,23.0,23.0,22.95,22.975,14642.0
2017-04-10 15:50:00,STL,23.0,23.0,22.95,23.0,7801.0
2017-04-10 15:45:00,STL,23.0,23.0,22.975,23.0,9600.0
2017-04-10 15:40:00,STL,23.0,23.025,22.975,23.0,15111.0
2017-04-10 15:35:00,STL,23.05,23.05,22.9655,22.975,24266.0
2017-04-10 15:30:00,STL,23.05,23.05,23.005,23.025,1973.0
2017-04-10 15:25:00,STL,23.05,23.05,23.01,23.05,6100.0
2017-04-10 15:20:00,STL,23.0,23.075,23.0,23.05,31828.0
2017-04-10 15:15:00,STL,23.075,23.075,23.0,23.025,11860.0
2017-04-10 15:10:00,STL,23.05,23.1,23.05,23.075,18852.0
2017-04-10 15:05:00,STL,23.025,23.05,23.0,23.025,2000.0
2017-04-10 15:00:00,STL,23.0,23.05,23.0,23.05,1200.0
2017-04-10 14:55:00,STL,23.0,23.05,23.0,23.0,1200.0
2017-04-10 14:50:00,STL,23.0,23.05,22.975,23.025,12480.0
2017-04-10 14:45:00,STL,22.95,23.0,22.95,22.975,8066.0
2017-04-10 14:40:00,STL,22.95,22.95,22.925,22.95,2800.0
2017-04-10 14:35:00,STL,22.9286,22.975,22.925,22.95,10206.0
2017-04-10 14:30:00,STL,22.95,22.975,22.9,22.9,11315.0
2017-04-10 14:25:00,STL,22.95,23.0,22.925,22.975,7100.0
2017-04-10 14:20:00,STL,22.95,22.975,22.9,22.925,6821.0
2017-04-10 14:15:00,STL,22.925,22.975,22.925,22.925,12527.0
2017-04-10 14:10:00,STL,22.925,22.975,22.9,22.95,14706.0
2017-04-10 14:05:00,STL,22.975,22.975,22.9,22.9,20740.0
2017-04-10 14:00:00,STL,22.975,23.025,22.95,22.975,16873.0
2017-04-10 13:55:00,STL,22.975,22.975,22.95,22.95,1600.0
2017-04-10 13:50:00,STL,22.975,22.975,22.95,22.975,900.0
2017-04-10 13:45:00,STL,22.975,23.0,22.925,22.975,17472.0
2017-04-10 13:40:00,STL,22.9,23.0,22.9,22.975,11085.0
2017-04-10 13:35:00,STL,22.925,22.95,22.9,22.95,2306.0
2017-04-10 13:30:00,STL,22.95,22.95,22.9,22.925,835.0
2017-04-10 13:25:00,STL,22.925,22.95,22.9,22.9,1700.0
2017-04-10 13:20:00,STL,22.95,22.95,22.9,22.9,1900.0
2017-04-10 13:15:00,STL,22.9,22.95,22.9,22.925,1075.0
2017-04-10 13:10:00,STL,22.95,22.95,22.925,22.925,1900.0
2017-04-10 13:05:00,STL,22.925,22.95,22.9,22.925,6814.0
2017-04-10 13:00:00,STL,22.925,22.95,22.9,22.925,4000.0
2017-04-10 12:55:00,STL,22.95,23.0,22.9,22.925,40465.0
2017-04-10 12:50:00,STL,22.975,23.0,22.9,22.95,15624.0
2017-04-10 12:45:00,STL,22.925,22.975,22.925,22.95,10965.0
2017-04-10 12:40:00,STL,22.9,22.95,22.85,22.925,7205.0
2017-04-10 12:35:00,STL,22.875,22.95,22.85,22.925,10879.0
2017-04-10 12:30:00,STL,22.85,22.9,22.825,22.875,6590.0
2017-04-10 12:25:00,STL,22.875,22.875,22.8,22.8,10073.0
2017-04-10 12:20:00,STL,22.8,22.9,22.8,22.85,12313.0
2017-04-10 12:15:00,STL,22.9,22.95,22.8,22.8,8998.0
2017-04-10 12:10:00,STL,22.975,22.975,22.9,22.95,4729.0
2017-04-10 12:05:00,STL,22.925,23.0,22.9,22.95,14011.0
2017-04-10 12:00:00,STL,22.95,22.975,22.9,22.95,7740.0
2017-04-10 11:55:00,STL,22.95,23.0,22.925,22.95,3300.0
2017-04-10 11:50:00,STL,22.9,22.975,22.9,22.925,11415.0
2017-04-10 11:45:00,STL,22.95,22.95,22.875,22.925,7983.0
2017-04-10 11:40:00,STL,22.95,23.0,22.925,22.975,11838.0
2017-04-10 11:35:00,STL,23.0,23.025,22.925,22.95,14448.0
2017-04-10 11:30:00,STL,23.075,23.1,23.025,23.05,9062.0
2017-04-10 11:25:00,STL,23.075,23.1,23.0,23.075,3351.0
2017-04-10 11:20:00,STL,23.075,23.15,23.05,23.075,18250.0
2017-04-10 11:15:00,STL,23.05,23.125,23.05,23.075,10140.0
2017-04-10 11:10:00,STL,23.075,23.075,23.0,23.025,2102.0
2017-04-10 11:05:00,STL,23.05,23.125,23.05,23.1,11903.0
2017-04-10 11:00:00,STL,23.1,23.1,23.05,23.075,3200.0
2017-04-10 10:55:00,STL,23.1,23.15,23.1,23.1,10172.0
2017-04-10 10:50:00,STL,23.15,23.15,23.125,23.15,2179.0
2017-04-10 10:45:00,STL,23.125,23.15,23.075,23.125,15249.0
2017-04-10 10:40:00,STL,23.15,23.175,23.105,23.125,12522.0
2017-04-10 10:35:00,STL,23.2,23.2,23.15,23.15,4480.0
2017-04-10 10:30:00,STL,23.2,23.225,23.15,23.15,4701.0
2017-04-10 10:25:00,STL,23.25,23.25,23.15,23.15,13600.0
2017-04-10 10:20:00,STL,23.25,23.25,23.171,23.25,6797.0
2017-04-10 10:15:00,STL,23.25,23.25,23.2,23.2,3033.0
2017-04-10 10:10:00,STL,23.25,23.275,23.2,23.25,15676.0
2017-04-10 10:05:00,STL,23.25,23.25,23.2,23.25,700.0
2017-04-10 10:00:00,STL,23.3,23.3,23.225,23.25,5362.0
2017-04-10 09:55:00,STL,23.3,23.3,23.275,23.275,500.0
2017-04-10 09:50:00,STL,23.2,23.2718,23.2,23.25,4608.0
2017-04-10 09:45:00,STL,23.15,23.2,23.15,23.2,7799.0
2017-04-10 09:40:00,STL,23.05,23.1,23.05,23.1,4750.0
2017-04-10 09:35:00,STL,23.1,23.1,22.95,23.0,9348.0
2017-04-07 16:35:00,STL,23.05,23.05,23.05,23.05,14801.0
2017-04-07 16:20:00,STL,23.05,23.05,23.05,23.05,50866.0
2017-04-07 16:05:00,STL,23.05,23.05,23.05,23.05,247091.0
2017-04-07 16:00:00,STL,23.15,23.15,23.05,23.05,73404.0
2017-04-07 15:55:00,STL,23.125,23.15,23.1,23.1,13885.0
2017-04-07 15:50:00,STL,23.15,23.15,23.1,23.15,10707.0
2017-04-07 15:45:00,STL,23.1,23.15,23.1,23.125,10749.0
2017-04-07 15:40:00,STL,23.05,23.15,23.05,23.125,16259.0
2017-04-07 15:35:00,STL,23.1,23.1,23.05,23.075,7759.0
2017-04-07 15:30:00,STL,23.15,23.15,23.075,23.1,19304.0
2017-04-07 15:25:00,STL,23.075,23.15,23.05,23.15,16144.0
2017-04-07 15:20:00,STL,23.1,23.1,23.05,23.075,7717.0
2017-04-07 15:15:00,STL,23.05,23.1,23.05,23.1,700.0
2017-04-07 15:10:00,STL,23.075,23.1,23.075,23.1,1400.0
2017-04-07 15:05:00,STL,23.05,23.1,23.05,23.075,6678.0
2017-04-07 15:00:00,STL,23.05,23.1,23.05,23.075,1800.0
2017-04-07 14:55:00,STL,23.125,23.125,23.05,23.05,4400.0
2017-04-07 14:50:00,STL,23.1,23.125,23.1,23.125,200.0
2017-04-07 14:45:00,STL,23.1,23.125,23.075,23.1,28457.0
2017-04-07 14:40:00,STL,23.125,23.15,23.1,23.125,1200.0
2017-04-07 14:35:00,STL,23.15,23.15,23.1,23.15,2866.0
2017-04-07 14:30:00,STL,23.175,23.175,23.125,23.175,6131.0
2017-04-07 14:25:00,STL,23.15,23.2,23.125,23.175,8413.0
2017-04-07 14:20:00,STL,23.15,23.175,23.125,23.125,8925.0
2017-04-07 14:15:00,STL,23.175,23.1815,23.15,23.15,1900.0
2017-04-07 14:10:00,STL,23.15,23.2,23.15,23.15,2500.0
2017-04-07 14:05:00,STL,23.15,23.175,23.15,23.15,800.0
2017-04-07 14:00:00,STL,23.15,23.175,23.15,23.175,5000.0
2017-04-07 13:55:00,STL,23.1,23.175,23.1,23.15,18306.0
2017-04-07 13:50:00,STL,23.125,23.15,23.1,23.125,1900.0
2017-04-07 13:45:00,STL,23.1,23.125,23.1,23.1,600.0
2017-04-07 13:40:00,STL,23.15,23.15,23.1,23.1,5590.0
2017-04-07 13:35:00,STL,23.125,23.1815,23.1,23.15,12154.0
2017-04-07 13:30:00,STL,23.1,23.125,23.1,23.1,2100.0
2017-04-07 13:25:00,STL,23.1,23.1,23.1,23.1,300.0
2017-04-07 13:20:00,STL,23.15,23.175,23.1,23.1,17950.0
2017-04-07 13:15:00,STL,23.15,23.15,23.1,23.1,3200.0
2017-04-07 13:10:00,STL,23.075,23.125,23.05,23.125,5190.0
2017-04-07 13:05:00,STL,23.15,23.15,23.075,23.1,5803.0
2017-04-07 13:00:00,STL,23.075,23.125,23.05,23.125,19505.0
2017-04-07 12:55:00,STL,23.025,23.1,23.0,23.075,14339.0
2017-04-07 12:50:00,STL,22.95,23.0257,22.95,23.0,18540.0
2017-04-07 12:45:00,STL,22.95,22.975,22.925,22.95,11131.0
2017-04-07 12:40:00,STL,22.975,23.0,22.95,22.975,6803.0
2017-04-07 12:35:00,STL,22.95,22.975,22.95,22.975,5512.0
2017-04-07 12:30:00,STL,22.975,23.0,22.925,22.95,11678.0
2017-04-07 12:25:00,STL,22.975,23.0,22.95,23.0,600.0
2017-04-07 12:20:00,STL,22.925,23.0,22.9,22.95,28216.0
2017-04-07 12:15:00,STL,22.9,22.925,22.875,22.925,14638.0
2017-04-07 12:10:00,STL,22.95,22.95,22.9,22.925,2100.0
2017-04-07 12:05:00,STL,22.875,23.0,22.85,22.9,12661.0
2017-04-07 12:00:00,STL,22.875,22.9,22.85,22.875,8776.0
2017-04-07 11:55:00,STL,22.875,22.875,22.85,22.875,1000.0
2017-04-07 11:50:00,STL,22.9,22.9,22.8,22.85,20361.0
2017-04-07 11:45:00,STL,22.875,22.9,22.8,22.85,18969.0
2017-04-07 11:40:00,STL,22.9,22.925,22.85,22.9,8350.0
2017-04-07 11:35:00,STL,22.9,22.95,22.85,22.9,14355.0
2017-04-07 11:30:00,STL,22.95,23.0,22.9,22.9,14614.0
2017-04-07 11:25:00,STL,22.95,22.975,22.9,22.95,11389.0
2017-04-07 11:20:00,STL,22.85,22.975,22.85,22.9,26624.0
2017-04-07 11:15:00,STL,22.85,22.9,22.85,22.875,30800.0
2017-04-07 11:10:00,STL,22.9,22.95,22.85,22.875,5600.0
2017-04-07 11:05:00,STL,22.925,22.975,22.85,22.9,31519.0
2017-04-07 11:00:00,STL,22.975,23.0,22.9,22.925,10760.0
2017-04-07 10:55:00,STL,23.0,23.025,22.9,22.95,12748.0
2017-04-07 10:50:00,STL,23.1,23.1,22.95,23.0,26533.0
2017-04-07 10:45:00,STL,23.15,23.15,23.05,23.075,7972.0
2017-04-07 10:40:00,STL,23.1,23.2,23.05,23.125,13111.0
2017-04-07 10:35:00,STL,23.05,23.1,23.0,23.075,5316.0
2017-04-07 10:30:00,STL,23.0,23.1,23.0,23.063,10064.0
2017-04-07 10:25:00,STL,22.975,23.0,22.925,22.95,9791.0
2017-04-07 10:20:00,STL,22.9177,22.975,22.875,22.95,11463.0
2017-04-07 10:15:00,STL,22.975,22.975,22.925,22.925,6984.0
2017-04-07 10:10:00,STL,22.95,23.0,22.9,22.975,21053.0
2017-04-07 10:05:00,STL,22.8,22.95,22.8,22.925,18483.0
2017-04-07 10:00:00,STL,22.85,22.875,22.8,22.825,7271.0
2017-04-07 09:55:00,STL,22.95,23.0,22.85,22.85,28528.0
2017-04-07 09:50:00,STL,23.025,23.05,22.9,22.925,10723.0
2017-04-07 09:45:00,STL,23.1,23.15,23.0,23.0,14080.0
2017-04-07 09:40:00,STL,22.95,23.1,22.9,23.05,37492.0
2017-04-07 09:35:00,STL,22.9,23.15,22.9,22.95,64529.0
2017-04-06 16:05:00,STL,23.2,23.2,23.2,23.2,69250.0
2017-04-06 16:00:00,STL,23.15,23.25,23.15,23.25,42697.0
2017-04-06 15:55:00,STL,23.175,23.2,23.15,23.175,5600.0
2017-04-06 15:50:00,STL,23.175,23.225,23.1,23.175,42478.0
2017-04-06 15:45:00,STL,23.15,23.2,23.15,23.175,6296.0
2017-04-06 15:40:00,STL,23.1,23.175,23.1,23.175,15151.0
2017-04-06 15:35:00,STL,23.175,23.175,23.075,23.1,42854.0
2017-04-06 15:30:00,STL,23.175,23.2,23.15,23.175,1800.0
2017-04-06 15:25:00,STL,23.175,23.225,23.15,23.175,8275.0
2017-04-06 15:20:00,STL,23.1,23.175,23.1,23.175,24783.0
2017-04-06 15:15:00,STL,23.125,23.125,23.1,23.125,4396.0
2017-04-06 15:10:00,STL,23.1,23.125,23.05,23.1,17330.0
2017-04-06 15:05:00,STL,23.125,23.125,23.1,23.125,400.0
2017-04-06 15:00:00,STL,23.125,23.125,23.05,23.125,10656.0
2017-04-06 14:55:00,STL,23.125,23.15,23.075,23.15,13716.0
2017-04-06 14:50:00,STL,23.175,23.175,23.125,23.125,7865.0
2017-04-06 14:45:00,STL,23.15,23.175,23.1,23.175,8597.0
2017-04-06 14:40:00,STL,23.1,23.175,23.1,23.175,4995.0
2017-04-06 14:35:00,STL,23.1,23.125,23.1,23.125,1100.0
2017-04-06 14:30:00,STL,23.175,23.175,23.075,23.1,24336.0
2017-04-06 14:25:00,STL,23.25,23.25,23.15,23.175,4147.0
2017-04-06 14:20:00,STL,23.175,23.225,23.15,23.225,8531.0
2017-04-06 14:15:00,STL,23.15,23.175,23.15,23.15,7000.0
2017-04-06 14:10:00,STL,23.225,23.225,23.15,23.15,16696.0
2017-04-06 14:05:00,STL,23.2,23.25,23.2,23.225,1200.0
2017-04-06 14:00:00,STL,23.225,23.225,23.225,23.225,800.0
2017-04-06 13:55:00,STL,23.2,23.25,23.2,23.225,1798.0
2017-04-06 13:50:00,STL,23.225,23.225,23.2,23.225,1000.0
2017-04-06 13:45:00,STL,23.225,23.225,23.225,23.225,700.0
2017-04-06 13:40:00,STL,23.25,23.25,23.2,23.225,5414.0
2017-04-06 13:35:00,STL,23.25,23.3,23.225,23.3,9825.0
2017-04-06 13:30:00,STL,23.25,23.325,23.25,23.275,8962.0
2017-04-06 13:25:00,STL,23.275,23.3,23.25,23.275,1400.0
2017-04-06 13:20:00,STL,23.25,23.3,23.225,23.3,12837.0
2017-04-06 13:15:00,STL,23.225,23.25,23.2,23.25,1500.0
2017-04-06 13:10:00,STL,23.15,23.225,23.15,23.225,4921.0
2017-04-06 13:05:00,STL,23.175,23.175,23.125,23.15,6706.0
2017-04-06 13:00:00,STL,23.125,23.175,23.125,23.175,3700.0
2017-04-06 12:55:00,STL,23.15,23.15,23.15,23.15,1698.0
2017-04-06 12:50:00,STL,23.075,23.125,23.05,23.125,4116.0
2017-04-06 12:45:00,STL,23.125,23.125,23.05,23.05,8313.0
2017-04-06 12:40:00,STL,23.15,23.15,23.1,23.125,8171.0
2017-04-06 12:35:00,STL,23.15,23.175,23.125,23.175,7552.0
2017-04-06 12:30:00,STL,23.15,23.175,23.125,23.15,4593.0
2017-04-06 12:25:00,STL,23.1,23.175,23.1,23.15,22890.0
2017-04-06 12:20:00,STL,23.125,23.15,23.1,23.125,1600.0
2017-04-06 12:15:00,STL,23.1,23.125,23.075,23.125,7400.0
2017-04-06 12:10:00,STL,23.175,23.175,23.1,23.1,5063.0
2017-04-06 12:05:00,STL,23.15,23.179,23.15,23.175,6880.0
2017-04-06 12:00:00,STL,23.175,23.175,23.15,23.15,9864.0
2017-04-06 11:55:00,STL,23.15,23.175,23.15,23.175,1303.0
2017-04-06 11:50:00,STL,23.15,23.175,23.15,23.15,1000.0
2017-04-06 11:45:00,STL,23.175,23.175,23.15,23.15,1600.0
2017-04-06 11:40:00,STL,23.2,23.225,23.15,23.15,6518.0
2017-04-06 11:35:00,STL,23.275,23.275,23.2,23.225,6709.0
2017-04-06 11:30:00,STL,23.25,23.3,23.25,23.3,7760.0
2017-04-06 11:25:00,STL,23.15,23.25,23.15,23.225,16802.0
2017-04-06 11:20:00,STL,23.15,23.2,23.15,23.15,7931.0
2017-04-06 11:15:00,STL,23.15,23.2,23.15,23.15,8236.0
2017-04-06 11:10:00,STL,23.1,23.15,23.1,23.15,6400.0
2017-04-06 11:05:00,STL,23.1,23.2,23.1,23.125,10007.0
2017-04-06 11:00:00,STL,23.15,23.15,23.075,23.1,15937.0
2017-04-06 10:55:00,STL,23.1,23.175,23.1,23.1,13369.0
2017-04-06 10:50:00,STL,23.15,23.175,23.1,23.1,15283.0
2017-04-06 10:45:00,STL,23.225,23.225,23.125,23.15,5919.0
2017-04-06 10:40:00,STL,23.175,23.25,23.175,23.225,5030.0
2017-04-06 10:35:00,STL,23.2,23.2332,23.15,23.2,20616.0
2017-04-06 10:30:00,STL,23.15,23.2,23.125,23.2,7175.0
2017-04-06 10:25:00,STL,23.15,23.2,23.1,23.15,29777.0
2017-04-06 10:20:00,STL,23.1,23.2,23.1,23.15,16552.0
2017-04-06 10:15:00,STL,23.1,23.2,23.1,23.1,17759.0
2017-04-06 10:10:00,STL,23.025,23.1,23.0,23.075,35229.0
2017-04-06 10:05:00,STL,23.025,23.025,22.95,23.025,13626.0
2017-04-06 10:00:00,STL,23.0,23.05,22.95,23.025,13817.0
2017-04-06 09:55:00,STL,22.85,23.0,22.85,23.0,17888.0
2017-04-06 09:50:00,STL,22.9,22.95,22.85,22.85,22454.0
2017-04-06 09:45:00,STL,22.95,23.05,22.9,22.9,27824.0
2017-04-06 09:40:00,STL,22.85,23.0,22.85,22.95,32476.0
2017-04-06 09:35:00,STL,23.05,23.1,22.85,22.9,25468.0
2017-04-05 17:45:00,STL,23.0,23.0,23.0,23.0,1200.0
2017-04-05 16:05:00,STL,23.0,23.0,23.0,23.0,97540.0
2017-04-05 16:00:00,STL,23.025,23.05,22.95,23.0,124944.0
2017-04-05 15:55:00,STL,22.975,23.05,22.95,23.025,51169.0
2017-04-05 15:50:00,STL,23.075,23.1,22.95,22.975,54791.0
2017-04-05 15:45:00,STL,23.05,23.1,23.05,23.1,9800.0
2017-04-05 15:40:00,STL,23.0,23.1,22.975,23.05,31354.0
2017-04-05 15:35:00,STL,23.05,23.05,22.95,23.0,21258.0
2017-04-05 15:30:00,STL,23.05,23.075,22.95,23.05,31422.0
2017-04-05 15:25:00,STL,23.075,23.1,23.0,23.075,27466.0
2017-04-05 15:20:00,STL,23.05,23.1,23.05,23.05,5450.0
2017-04-05 15:15:00,STL,23.15,23.2,23.05,23.075,28051.0
2017-04-05 15:10:00,STL,23.2,23.225,23.15,23.15,5227.0
2017-04-05 15:05:00,STL,23.2,23.25,23.2,23.225,21292.0
2017-04-05 15:00:00,STL,23.2,23.25,23.15,23.15,8681.0
2017-04-05 14:55:00,STL,23.25,23.275,23.15,23.2,25222.0
2017-04-05 14:50:00,STL,23.3,23.3,23.225,23.275,13902.0
2017-04-05 14:45:00,STL,23.25,23.35,23.225,23.3,13918.0
2017-04-05 14:40:00,STL,23.35,23.35,23.25,23.3,18814.0
2017-04-05 14:35:00,STL,23.4,23.4,23.35,23.35,19538.0
2017-04-05 14:30:00,STL,23.375,23.425,23.35,23.4,10723.0
2017-04-05 14:25:00,STL,23.425,23.45,23.375,23.4,14226.0
2017-04-05 14:20:00,STL,23.4,23.45,23.375,23.45,7103.0
2017-04-05 14:15:00,STL,23.4,23.475,23.375,23.375,12527.0
2017-04-05 14:10:00,STL,23.425,23.475,23.425,23.45,9499.0
2017-04-05 14:05:00,STL,23.35,23.475,23.35,23.4,26852.0
2017-04-05 14:00:00,STL,23.375,23.4,23.35,23.4,2862.0
2017-04-05 13:55:00,STL,23.425,23.425,23.35,23.375,9692.0
2017-04-05 13:50:00,STL,23.35,23.425,23.35,23.425,5828.0
2017-04-05 13:45:00,STL,23.4,23.425,23.35,23.375,28742.0
2017-04-05 13:40:00,STL,23.425,23.45,23.4,23.45,5748.0
2017-04-05 13:35:00,STL,23.4,23.4315,23.4,23.425,1633.0
2017-04-05 13:30:00,STL,23.375,23.425,23.35,23.425,15317.0
2017-04-05 13:25:00,STL,23.4,23.4,23.35,23.375,14180.0
2017-04-05 13:20:00,STL,23.425,23.425,23.4,23.425,1400.0
2017-04-05 13:15:00,STL,23.475,23.5,23.4,23.425,10606.0
2017-04-05 13:10:00,STL,23.475,23.5,23.45,23.475,3500.0
2017-04-05 13:05:00,STL,23.475,23.475,23.4,23.475,17258.0
2017-04-05 13:00:00,STL,23.5,23.5,23.45,23.45,1200.0
2017-04-05 12:55:00,STL,23.4,23.5,23.4,23.475,4000.0
2017-04-05 12:50:00,STL,23.45,23.45,23.4,23.45,4200.0
2017-04-05 12:45:00,STL,23.375,23.425,23.35,23.425,7546.0
2017-04-05 12:40:00,STL,23.35,23.375,23.35,23.375,2888.0
2017-04-05 12:35:00,STL,23.35,23.375,23.35,23.35,1400.0
2017-04-25 09:35:00,STL,24.0,24.1,23.9,24.1,23110.0
2017-04-25 09:40:00,STL,24.075,24.1,24.0,24.05,33151.0
2017-04-25 09:45:00,STL,24.05,24.05,24.0,24.05,2725.0
2017-04-25 09:50:00,STL,24.05,24.1,24.0,24.1,11267.0
2017-04-25 09:55:00,STL,24.05,24.075,24.0,24.0,13095.0
2017-04-25 10:00:00,STL,24.0,24.075,23.95,24.05,11095.0
2017-04-25 10:05:00,STL,24.0,24.125,24.0,24.1,20585.0
2017-04-25 10:10:00,STL,24.1332,24.15,24.05,24.1,12157.0
2017-04-25 10:15:00,STL,24.05,24.1,24.05,24.1,2376.0
2017-04-25 10:20:00,STL,24.1,24.1,24.025,24.05,7000.0
2017-04-25 10:25:00,STL,24.05,24.05,24.0,24.05,7198.0
2017-04-25 10:30:00,STL,24.05,24.05,24.005,24.025,6688.0
2017-04-25 10:35:00,STL,24.05,24.05,23.95,23.975,15767.0
2017-04-25 10:40:00,STL,23.95,24.025,23.95,23.95,14548.0
2017-04-25 10:45:00,STL,23.95,24.0,23.875,23.9,11571.0
2017-04-25 10:50:00,STL,23.925,23.925,23.85,23.9,10514.0
2017-04-25 10:55:00,STL,23.9,23.975,23.875,23.975,8186.0
2017-04-25 11:00:00,STL,23.95,23.975,23.9,23.9,10487.0
2017-04-25 11:05:00,STL,23.95,23.975,23.925,23.95,11965.0
2017-04-25 11:10:00,STL,23.975,24.0,23.925,23.975,15474.0
2017-04-25 11:15:00,STL,23.95,24.0,23.9,24.0,5454.0
2017-04-25 11:20:00,STL,23.975,24.05,23.95,24.0,14819.0
2017-04-25 11:25:00,STL,23.975,23.975,23.95,23.95,1157.0
2017-04-25 11:30:00,STL,23.975,23.975,23.9,23.9,8795.0
2017-04-25 11:35:00,STL,23.9,23.925,23.875,23.9,9238.0
2017-04-25 11:40:00,STL,23.9,23.925,23.875,23.9,4500.0
2017-04-25 11:45:00,STL,23.9,23.95,23.875,23.9,4600.0
2017-04-25 11:50:00,STL,23.9,23.925,23.85,23.875,7913.0
2017-04-25 11:55:00,STL,23.85,23.875,23.812,23.85,11697.0
2017-04-25 12:00:00,STL,23.85,23.9,23.85,23.875,7000.0
2017-04-25 12:05:00,STL,23.875,23.9,23.875,23.9,1205.0
2017-04-25 12:10:00,STL,23.9,23.95,23.875,23.875,20762.0
2017-04-25 12:15:00,STL,23.9,23.925,23.85,23.85,10682.0
2017-04-25 12:20:00,STL,23.85,23.9,23.85,23.85,4908.0
2017-04-25 12:25:00,STL,23.875,23.875,23.85,23.85,1287.0
2017-04-25 12:30:00,STL,23.875,23.9,23.85,23.85,1931.0
2017-04-25 12:35:00,STL,23.875,23.875,23.8,23.8,6528.0
2017-04-25 12:40:00,STL,23.8,23.85,23.8,23.8,2307.0
2017-04-25 12:45:00,STL,23.8,23.85,23.8,23.8,3101.0
