2017-05-19 16:05:00,TWI,10.44,10.44,10.44,10.44,36265.0
2017-05-19 16:00:00,TWI,10.47,10.47,10.43,10.435,30412.0
2017-05-19 15:55:00,TWI,10.43,10.47,10.43,10.47,13012.0
2017-05-19 15:50:00,TWI,10.41,10.44,10.39,10.435,18688.0
2017-05-19 15:45:00,TWI,10.42,10.44,10.41,10.41,8181.0
2017-05-19 15:40:00,TWI,10.38,10.42,10.38,10.42,9031.0
2017-05-19 15:35:00,TWI,10.37,10.385,10.37,10.38,6517.0
2017-05-19 15:30:00,TWI,10.415,10.43,10.37,10.37,6942.0
2017-05-19 15:25:00,TWI,10.43,10.45,10.41,10.41,6716.0
2017-05-19 15:20:00,TWI,10.46,10.46,10.42,10.43,7353.0
2017-05-19 15:15:00,TWI,10.48,10.48,10.45,10.47,8309.0
2017-05-19 15:10:00,TWI,10.5,10.51,10.49,10.49,7020.0
2017-05-19 15:05:00,TWI,10.5,10.505,10.48,10.5,10464.0
2017-05-19 15:00:00,TWI,10.49,10.51,10.48,10.505,3900.0
2017-05-19 14:55:00,TWI,10.48,10.5,10.48,10.5,1760.0
2017-05-19 14:50:00,TWI,10.49,10.495,10.48,10.49,2605.0
2017-05-19 14:45:00,TWI,10.49,10.5,10.47,10.48,2890.0
2017-05-19 14:40:00,TWI,10.49,10.49,10.47,10.48,3207.0
2017-05-19 14:35:00,TWI,10.5,10.51,10.49,10.49,2918.0
2017-05-19 14:30:00,TWI,10.49,10.51,10.49,10.51,1344.0
2017-05-19 14:25:00,TWI,10.5301,10.5301,10.495,10.5,5090.0
2017-05-19 14:20:00,TWI,10.55,10.5566,10.53,10.54,2431.0
2017-05-19 14:15:00,TWI,10.535,10.56,10.535,10.55,2591.0
2017-05-19 14:10:00,TWI,10.56,10.565,10.53,10.535,3700.0
2017-05-19 14:05:00,TWI,10.54,10.57,10.54,10.56,2300.0
2017-05-19 14:00:00,TWI,10.5,10.54,10.5,10.54,7639.0
2017-05-19 13:55:00,TWI,10.5093,10.5093,10.5,10.5,1200.0
2017-05-19 13:50:00,TWI,10.49,10.51,10.485,10.51,2000.0
2017-05-19 13:45:00,TWI,10.49,10.4948,10.47,10.47,1850.0
2017-05-19 13:40:00,TWI,10.49,10.51,10.49,10.51,2200.0
2017-05-19 13:35:00,TWI,10.51,10.53,10.49,10.5,5104.0
2017-05-19 13:30:00,TWI,10.52,10.52,10.5,10.52,900.0
2017-05-19 13:25:00,TWI,10.52,10.52,10.505,10.52,2274.0
2017-05-19 13:20:00,TWI,10.505,10.53,10.505,10.525,1400.0
2017-05-19 13:15:00,TWI,10.52,10.53,10.5,10.5,2303.0
2017-05-19 13:10:00,TWI,10.54,10.54,10.51,10.52,1700.0
2017-05-19 13:05:00,TWI,10.6,10.61,10.54,10.54,2000.0
2017-05-19 13:00:00,TWI,10.59,10.61,10.57,10.61,2516.0
2017-05-19 12:55:00,TWI,10.5799,10.61,10.565,10.59,3650.0
2017-05-19 12:50:00,TWI,10.53,10.58,10.53,10.58,5410.0
2017-05-19 12:45:00,TWI,10.46,10.54,10.45,10.53,10000.0
2017-05-19 12:40:00,TWI,10.42,10.47,10.41,10.46,8902.0
2017-05-19 12:35:00,TWI,10.45,10.45,10.42,10.43,3000.0
2017-05-19 12:30:00,TWI,10.4,10.46,10.4,10.43,11693.0
2017-05-19 12:25:00,TWI,10.46,10.46,10.4,10.41,6800.0
2017-05-19 12:20:00,TWI,10.49,10.51,10.46,10.47,12200.0
2017-05-19 12:15:00,TWI,10.5,10.5,10.48,10.49,1000.0
2017-05-19 12:10:00,TWI,10.49,10.5,10.48,10.49,1813.0
2017-05-19 12:05:00,TWI,10.49,10.51,10.49,10.49,2601.0
2017-05-19 12:00:00,TWI,10.46,10.495,10.46,10.49,2200.0
2017-05-19 11:55:00,TWI,10.43,10.45,10.41,10.45,2100.0
2017-05-19 11:50:00,TWI,10.39,10.41,10.39,10.41,5107.0
2017-05-19 11:45:00,TWI,10.37,10.37,10.37,10.37,700.0
2017-05-19 11:40:00,TWI,10.375,10.39,10.37,10.38,1500.0
2017-05-19 11:35:00,TWI,10.41,10.42,10.365,10.365,4600.0
2017-05-19 11:30:00,TWI,10.37,10.41,10.355,10.41,3600.0
2017-05-19 11:25:00,TWI,10.39,10.39,10.35,10.36,2700.0
2017-05-19 11:20:00,TWI,10.4,10.41,10.375,10.4,4087.0
2017-05-19 11:15:00,TWI,10.42,10.42,10.4,10.4,2390.0
2017-05-19 11:10:00,TWI,10.44,10.44,10.42,10.44,1832.0
2017-05-19 11:05:00,TWI,10.47,10.47,10.385,10.44,3836.0
2017-05-19 11:00:00,TWI,10.46,10.47,10.44,10.47,700.0
2017-05-19 10:55:00,TWI,10.47,10.49,10.46,10.47,9221.0
2017-05-19 10:50:00,TWI,10.44,10.49,10.44,10.47,3100.0
2017-05-19 10:45:00,TWI,10.5406,10.5406,10.44,10.44,3001.0
2017-05-19 10:40:00,TWI,10.5,10.55,10.4701,10.53,10529.0
2017-05-19 10:35:00,TWI,10.59,10.59,10.49,10.5,4350.0
2017-05-19 10:30:00,TWI,10.52,10.59,10.52,10.56,2600.0
2017-05-19 10:25:00,TWI,10.52,10.54,10.46,10.49,8492.0
2017-05-19 10:20:00,TWI,10.51,10.57,10.51,10.55,2900.0
2017-05-19 10:15:00,TWI,10.58,10.58,10.49,10.52,4000.0
2017-05-19 10:10:00,TWI,10.48,10.58,10.46,10.58,14424.0
2017-05-19 10:05:00,TWI,10.51,10.53,10.41,10.46,12400.0
2017-05-19 10:00:00,TWI,10.51,10.57,10.51,10.515,7350.0
2017-05-19 09:55:00,TWI,10.55,10.58,10.45,10.49,5647.0
2017-05-19 09:50:00,TWI,10.55,10.59,10.54,10.55,5301.0
2017-05-19 09:45:00,TWI,10.47,10.54,10.4,10.54,19265.0
2017-05-19 09:40:00,TWI,10.32,10.48,10.28,10.48,18075.0
2017-05-19 09:35:00,TWI,9.89,10.3435,9.89,10.32,38965.0
2017-05-19 08:30:00,TWI,9.98,10.0,9.98,10.0,1000.0
2017-05-18 16:05:00,TWI,9.72,9.72,9.72,9.72,17882.0
2017-05-18 16:00:00,TWI,9.77,9.775,9.71,9.73,28693.0
2017-05-18 15:55:00,TWI,9.77,9.78,9.77,9.77,5702.0
2017-05-18 15:50:00,TWI,9.76,9.77,9.755,9.76,3650.0
2017-05-18 15:45:00,TWI,9.775,9.78,9.745,9.75,7196.0
2017-05-18 15:40:00,TWI,9.76,9.775,9.75,9.775,1729.0
2017-05-18 15:35:00,TWI,9.75,9.76,9.74,9.755,3096.0
2017-05-18 15:30:00,TWI,9.74,9.75,9.73,9.75,4197.0
2017-05-18 15:25:00,TWI,9.75,9.75,9.72,9.75,4361.0
2017-05-18 15:20:00,TWI,9.73,9.74,9.73,9.74,900.0
2017-05-18 15:15:00,TWI,9.75,9.75,9.72,9.7399,2400.0
2017-05-18 15:10:00,TWI,9.74,9.76,9.72,9.75,2300.0
2017-05-18 15:05:00,TWI,9.7,9.74,9.7,9.74,1110.0
2017-05-18 15:00:00,TWI,9.71,9.73,9.71,9.72,1800.0
2017-05-18 14:55:00,TWI,9.71,9.71,9.7,9.7,700.0
2017-05-18 14:50:00,TWI,9.72,9.72,9.69,9.71,2700.0
2017-05-18 14:45:00,TWI,9.73,9.73,9.71,9.71,1100.0
2017-05-18 14:40:00,TWI,9.75,9.75,9.73,9.735,5604.0
2017-05-18 14:35:00,TWI,9.73,9.76,9.73,9.7468,512.0
2017-05-18 14:30:00,TWI,9.67,9.71,9.67,9.71,814.0
2017-05-18 14:25:00,TWI,9.65,9.673,9.65,9.66,1061.0
2017-05-18 14:20:00,TWI,9.65,9.65,9.63,9.64,700.0
2017-05-18 14:15:00,TWI,9.66,9.66,9.63,9.64,1619.0
2017-05-18 14:10:00,TWI,9.65,9.665,9.65,9.665,1100.0
2017-05-18 14:05:00,TWI,9.67,9.68,9.66,9.66,5667.0
2017-05-18 14:00:00,TWI,9.69,9.69,9.66,9.67,1659.0
2017-05-18 13:55:00,TWI,9.67,9.68,9.67,9.68,1000.0
2017-05-18 13:50:00,TWI,9.7,9.7,9.66,9.68,1600.0
2017-05-18 13:45:00,TWI,9.7,9.7,9.68,9.68,781.0
2017-05-18 13:40:00,TWI,9.68,9.69,9.67,9.69,1901.0
2017-05-18 13:35:00,TWI,9.69,9.69,9.67,9.67,2232.0
2017-05-18 13:30:00,TWI,9.71,9.71,9.68,9.68,2313.0
2017-05-18 13:25:00,TWI,9.72,9.72,9.71,9.71,500.0
2017-05-18 13:20:00,TWI,9.73,9.75,9.73,9.73,3468.0
2017-05-18 13:15:00,TWI,9.71,9.73,9.71,9.72,1301.0
2017-05-18 13:10:00,TWI,9.71,9.73,9.705,9.73,1200.0
2017-05-18 13:05:00,TWI,9.74,9.74,9.71,9.71,1500.0
2017-05-18 13:00:00,TWI,9.71,9.75,9.71,9.75,1922.0
2017-05-18 12:55:00,TWI,9.71,9.71,9.7,9.7,2100.0
2017-05-18 12:50:00,TWI,9.72,9.72,9.7,9.72,2100.0
2017-05-18 12:45:00,TWI,9.73,9.73,9.72,9.72,500.0
2017-05-18 12:40:00,TWI,9.73,9.73,9.72,9.725,1937.0
2017-05-18 12:35:00,TWI,9.74,9.76,9.73,9.74,1700.0
2017-05-18 12:30:00,TWI,9.73,9.75,9.73,9.74,1500.0
2017-05-18 12:25:00,TWI,9.71,9.74,9.71,9.73,900.0
2017-05-18 12:20:00,TWI,9.76,9.79,9.68,9.695,16545.0
2017-05-18 12:15:00,TWI,9.77,9.77,9.72,9.75,3951.0
2017-05-18 12:10:00,TWI,9.74,9.76,9.73,9.76,2150.0
2017-05-18 12:05:00,TWI,9.75,9.75,9.73,9.73,600.0
2017-05-18 12:00:00,TWI,9.76,9.77,9.74,9.74,1999.0
2017-05-18 11:55:00,TWI,9.75,9.78,9.75,9.78,1800.0
2017-05-18 11:50:00,TWI,9.72,9.74,9.72,9.74,2207.0
2017-05-18 11:45:00,TWI,9.7494,9.7494,9.71,9.72,2501.0
2017-05-18 11:40:00,TWI,9.8,9.8,9.75,9.75,3000.0
2017-05-18 11:35:00,TWI,9.79,9.8,9.79,9.8,950.0
2017-05-18 11:30:00,TWI,9.77,9.8,9.77,9.79,2400.0
2017-05-18 11:25:00,TWI,9.75,9.75,9.75,9.75,200.0
2017-05-18 11:20:00,TWI,9.73,9.75,9.73,9.75,1500.0
2017-05-18 11:15:00,TWI,9.74,9.74,9.73,9.73,1793.0
2017-05-18 11:10:00,TWI,9.72,9.75,9.72,9.75,700.0
2017-05-18 11:05:00,TWI,9.69,9.71,9.69,9.71,3751.0
2017-05-18 11:00:00,TWI,9.68,9.69,9.68,9.69,1000.0
2017-05-18 10:55:00,TWI,9.67,9.68,9.6598,9.67,2775.0
2017-05-18 10:50:00,TWI,9.66,9.67,9.65,9.67,1597.0
2017-05-18 10:45:00,TWI,9.7,9.7044,9.64,9.64,3600.0
2017-05-18 10:40:00,TWI,9.65,9.72,9.65,9.7,2650.0
2017-05-18 10:35:00,TWI,9.65,9.65,9.631,9.631,5914.0
2017-05-18 10:30:00,TWI,9.6,9.65,9.6,9.65,1798.0
2017-05-18 10:25:00,TWI,9.64,9.64,9.59,9.59,2000.0
2017-05-18 10:20:00,TWI,9.67,9.68,9.65,9.66,2800.0
2017-05-18 10:15:00,TWI,9.68,9.69,9.68,9.68,600.0
2017-05-18 10:10:00,TWI,9.655,9.69,9.655,9.68,1100.0
2017-05-18 10:05:00,TWI,9.62,9.67,9.6,9.67,5904.0
2017-05-18 10:00:00,TWI,9.6244,9.6244,9.6,9.62,947.0
2017-05-18 09:55:00,TWI,9.64,9.64,9.59,9.63,3012.0
2017-05-18 09:50:00,TWI,9.74,9.74,9.67,9.67,2200.0
2017-05-18 09:45:00,TWI,9.77,9.78,9.72,9.77,8658.0
2017-05-18 09:40:00,TWI,9.74,9.83,9.74,9.77,1800.0
2017-05-18 09:35:00,TWI,9.8,9.81,9.7,9.73,4502.0
2017-05-17 16:05:00,TWI,9.87,9.87,9.87,9.87,83065.0
2017-05-17 16:00:00,TWI,9.88,9.89,9.87,9.87,14430.0
2017-05-17 15:55:00,TWI,9.91,9.92,9.89,9.89,16583.0
2017-05-17 15:50:00,TWI,9.94,9.94,9.905,9.9108,10668.0
2017-05-17 15:45:00,TWI,9.98,9.98,9.94,9.945,5635.0
2017-05-17 15:40:00,TWI,9.98,10.005,9.98,9.98,7554.0
2017-05-17 15:35:00,TWI,9.9754,9.99,9.97,9.97,5633.0
2017-05-17 15:30:00,TWI,9.96,9.98,9.96,9.98,3218.0
2017-05-17 15:25:00,TWI,9.955,9.98,9.95,9.955,6408.0
2017-05-17 15:20:00,TWI,9.93,9.95,9.93,9.95,2628.0
2017-05-17 15:15:00,TWI,9.8966,9.92,9.88,9.92,3262.0
2017-05-17 15:10:00,TWI,9.9,9.9074,9.89,9.9,1961.0
2017-05-17 15:05:00,TWI,9.91,9.91,9.9,9.9,500.0
2017-05-17 15:00:00,TWI,9.8863,9.92,9.885,9.92,2000.0
2017-05-17 14:55:00,TWI,9.87,9.89,9.86,9.89,4000.0
2017-05-17 14:50:00,TWI,9.89,9.89,9.8403,9.87,2310.0
2017-05-17 14:45:00,TWI,9.92,9.92,9.89,9.89,2500.0
2017-05-17 14:40:00,TWI,9.92,9.94,9.92,9.93,3951.0
2017-05-17 14:35:00,TWI,9.93,9.93,9.93,9.93,300.0
2017-05-17 14:30:00,TWI,9.93,9.955,9.93,9.93,2500.0
2017-05-17 14:25:00,TWI,9.98,9.98,9.92,9.92,3100.0
2017-05-17 14:20:00,TWI,10.0,10.0,9.965,9.98,3734.0
2017-05-17 14:15:00,TWI,10.03,10.03,10.01,10.01,2500.0
2017-05-17 14:10:00,TWI,10.06,10.06,10.05,10.05,400.0
2017-05-17 14:05:00,TWI,10.06,10.08,10.06,10.06,2600.0
2017-05-17 14:00:00,TWI,10.07,10.07,10.04,10.05,2083.0
2017-05-17 13:55:00,TWI,10.08,10.085,10.07,10.07,9823.0
2017-05-17 13:50:00,TWI,10.09,10.1,10.07,10.08,15472.0
2017-05-17 13:45:00,TWI,10.09,10.09,10.085,10.09,800.0
2017-05-17 13:40:00,TWI,10.1,10.1,10.09,10.09,1600.0
2017-05-17 13:35:00,TWI,10.11,10.11,10.1,10.1,774.0
2017-05-17 13:30:00,TWI,10.09,10.12,10.09,10.11,3343.0
2017-05-17 13:25:00,TWI,10.09,10.1,10.09,10.1,2500.0
2017-05-17 13:20:00,TWI,10.1,10.105,10.09,10.1,2175.0
2017-05-17 13:15:00,TWI,10.1,10.11,10.09,10.1,1800.0
2017-05-17 13:10:00,TWI,10.1,10.1,10.1,10.1,900.0
2017-05-17 13:05:00,TWI,10.08,10.1,10.07,10.1,5100.0
2017-05-17 13:00:00,TWI,10.08,10.09,10.075,10.09,4103.0
2017-05-17 12:55:00,TWI,10.09,10.09,10.08,10.08,300.0
2017-05-17 12:50:00,TWI,10.08,10.09,10.08,10.09,500.0
2017-05-17 12:45:00,TWI,10.0784,10.08,10.07,10.08,1100.0
2017-05-17 12:40:00,TWI,10.05,10.08,10.045,10.08,6240.0
2017-05-17 12:35:00,TWI,10.0295,10.04,10.015,10.04,19019.0
2017-05-17 12:30:00,TWI,10.04,10.04,10.01,10.02,3287.0
2017-05-17 12:25:00,TWI,10.09,10.09,10.0601,10.0601,600.0
2017-05-17 12:20:00,TWI,10.1,10.1,10.1,10.1,711.0
2017-05-17 12:15:00,TWI,10.1,10.1,10.09,10.1,1800.0
2017-05-17 12:10:00,TWI,10.11,10.11,10.08,10.11,1600.0
2017-05-17 12:05:00,TWI,10.11,10.11,10.11,10.11,200.0
2017-05-17 12:00:00,TWI,10.08,10.1,10.07,10.1,1300.0
2017-05-17 11:55:00,TWI,10.08,10.09,10.08,10.08,2543.0
2017-05-17 11:50:00,TWI,10.07,10.08,10.07,10.08,400.0
2017-05-17 11:40:00,TWI,10.0159,10.07,10.0159,10.07,1403.0
2017-05-17 11:35:00,TWI,10.0599,10.0599,10.02,10.02,733.0
2017-05-17 11:30:00,TWI,10.06,10.06,10.06,10.06,100.0
2017-05-17 11:25:00,TWI,10.07,10.07,10.045,10.045,1000.0
2017-05-17 11:20:00,TWI,10.08,10.09,10.06,10.09,1410.0
2017-05-17 11:15:00,TWI,10.03,10.07,10.03,10.07,1700.0
2017-05-17 11:10:00,TWI,10.01,10.04,10.01,10.04,2133.0
2017-05-17 11:05:00,TWI,10.05,10.05,10.02,10.02,3545.0
2017-05-17 11:00:00,TWI,10.05,10.07,10.05,10.07,4353.0
2017-05-17 10:55:00,TWI,10.1,10.1,10.07,10.07,1100.0
2017-05-17 10:50:00,TWI,10.11,10.11,10.1,10.1,400.0
2017-05-17 10:45:00,TWI,10.13,10.14,10.11,10.11,1776.0
2017-05-17 10:40:00,TWI,10.13,10.13,10.07,10.11,2401.0
2017-05-17 10:35:00,TWI,10.08,10.1,10.08,10.1,800.0
2017-05-17 10:30:00,TWI,10.1,10.1,10.05,10.08,3500.0
2017-05-17 10:25:00,TWI,10.17,10.17,10.11,10.11,600.0
2017-05-17 10:20:00,TWI,10.2,10.22,10.16,10.18,1700.0
2017-05-17 10:15:00,TWI,10.22,10.22,10.19,10.19,1100.0
2017-05-17 10:10:00,TWI,10.21,10.24,10.17,10.24,4300.0
2017-05-17 10:05:00,TWI,10.1399,10.21,10.13,10.21,2500.0
2017-05-17 10:00:00,TWI,10.17,10.17,10.15,10.15,900.0
2017-05-17 09:55:00,TWI,10.16,10.1853,10.16,10.1853,300.0
2017-05-17 09:50:00,TWI,10.17,10.19,10.13,10.17,2250.0
2017-05-17 09:45:00,TWI,10.21,10.24,10.16,10.16,1900.0
2017-05-17 09:40:00,TWI,10.23,10.23,10.12,10.18,2303.0
2017-05-17 09:35:00,TWI,10.25,10.26,10.18,10.18,5071.0
2017-05-16 16:05:00,TWI,10.5,10.5,10.5,10.5,40335.0
2017-05-16 16:00:00,TWI,10.46,10.5,10.45,10.49,32318.0
2017-05-16 15:55:00,TWI,10.44,10.48,10.44,10.46,24499.0
2017-05-16 15:50:00,TWI,10.45,10.46,10.44,10.45,3945.0
2017-05-16 15:45:00,TWI,10.47,10.47,10.45,10.46,4393.0
2017-05-16 15:40:00,TWI,10.46,10.47,10.46,10.47,2600.0
2017-05-16 15:35:00,TWI,10.46,10.46,10.46,10.46,1618.0
2017-05-16 15:30:00,TWI,10.45,10.47,10.45,10.46,4368.0
2017-05-16 15:25:00,TWI,10.465,10.47,10.45,10.45,2808.0
2017-05-16 15:20:00,TWI,10.46,10.47,10.46,10.47,2283.0
2017-05-16 15:15:00,TWI,10.48,10.48,10.45,10.45,4075.0
2017-05-16 15:10:00,TWI,10.485,10.49,10.48,10.48,1100.0
2017-05-16 15:05:00,TWI,10.5,10.5,10.48,10.48,4435.0
2017-05-16 15:00:00,TWI,10.5,10.5,10.49,10.49,400.0
2017-05-16 14:55:00,TWI,10.495,10.5,10.49,10.5,3292.0
2017-05-16 14:50:00,TWI,10.49,10.49,10.49,10.49,200.0
2017-05-16 14:45:00,TWI,10.49,10.49,10.48,10.49,2470.0
2017-05-16 14:40:00,TWI,10.5,10.5,10.48,10.485,1802.0
2017-05-16 14:35:00,TWI,10.51,10.52,10.51,10.51,5896.0
2017-05-16 14:30:00,TWI,10.5,10.5,10.5,10.5,2800.0
2017-05-16 14:25:00,TWI,10.51,10.51,10.5,10.5,1819.0
2017-05-16 14:20:00,TWI,10.51,10.51,10.51,10.51,1030.0
2017-05-16 14:15:00,TWI,10.527,10.527,10.52,10.52,3104.0
2017-05-16 14:10:00,TWI,10.5,10.53,10.49,10.53,4413.0
2017-05-16 14:05:00,TWI,10.48,10.49,10.48,10.49,2099.0
2017-05-16 14:00:00,TWI,10.47,10.48,10.47,10.47,1300.0
2017-05-16 13:55:00,TWI,10.45,10.475,10.45,10.47,3355.0
2017-05-16 13:50:00,TWI,10.44,10.46,10.42,10.44,5982.0
2017-05-16 13:45:00,TWI,10.45,10.45,10.44,10.44,2122.0
2017-05-16 13:40:00,TWI,10.45,10.45,10.44,10.45,500.0
2017-05-16 13:35:00,TWI,10.45,10.45,10.45,10.45,700.0
2017-05-16 13:30:00,TWI,10.45,10.45,10.45,10.45,2242.0
2017-05-16 13:25:00,TWI,10.46,10.46,10.44,10.44,200.0
2017-05-16 13:20:00,TWI,10.48,10.48,10.46,10.46,600.0
2017-05-16 13:15:00,TWI,10.475,10.48,10.47,10.48,3148.0
2017-05-16 13:10:00,TWI,10.46,10.47,10.46,10.47,500.0
2017-05-16 13:05:00,TWI,10.46,10.46,10.45,10.45,1876.0
2017-05-16 13:00:00,TWI,10.48,10.48,10.47,10.47,1599.0
2017-05-16 12:55:00,TWI,10.46,10.48,10.46,10.475,1400.0
2017-05-16 12:50:00,TWI,10.46,10.46,10.46,10.46,600.0
2017-05-16 12:45:00,TWI,10.47,10.47,10.45,10.45,910.0
2017-05-16 12:40:00,TWI,10.47,10.48,10.47,10.47,1526.0
2017-05-16 12:35:00,TWI,10.47,10.47,10.45,10.46,2966.0
2017-05-16 12:30:00,TWI,10.47,10.47,10.47,10.47,2393.0
2017-05-16 12:25:00,TWI,10.47,10.47,10.47,10.47,610.0
2017-05-16 12:20:00,TWI,10.47,10.47,10.47,10.47,2103.0
2017-05-16 12:15:00,TWI,10.485,10.49,10.46,10.46,3586.0
2017-05-16 12:00:00,TWI,10.4815,10.4829,10.475,10.4829,3000.0
2017-05-16 11:55:00,TWI,10.47,10.48,10.47,10.48,1712.0
2017-05-16 11:50:00,TWI,10.465,10.47,10.465,10.465,2324.0
2017-05-16 11:45:00,TWI,10.47,10.47,10.45,10.47,300.0
2017-05-16 11:40:00,TWI,10.51,10.51,10.44,10.465,17758.0
2017-05-16 11:35:00,TWI,10.53,10.53,10.49,10.5,1600.0
2017-05-16 11:30:00,TWI,10.505,10.54,10.505,10.54,2560.0
2017-05-16 11:25:00,TWI,10.45,10.51,10.45,10.5,4543.0
2017-05-16 11:20:00,TWI,10.43,10.46,10.43,10.46,6334.0
2017-05-16 11:15:00,TWI,10.42,10.44,10.42,10.43,2001.0
2017-05-16 11:10:00,TWI,10.4,10.415,10.4,10.41,1157.0
2017-05-16 11:05:00,TWI,10.37,10.4,10.37,10.4,1722.0
2017-05-16 11:00:00,TWI,10.39,10.39,10.38,10.38,1101.0
2017-05-16 10:55:00,TWI,10.38,10.39,10.375,10.39,1900.0
2017-05-16 10:45:00,TWI,10.38,10.38,10.36,10.37,800.0
2017-05-16 10:40:00,TWI,10.42,10.42,10.4,10.41,1700.0
2017-05-16 10:35:00,TWI,10.45,10.46,10.43,10.43,1500.0
2017-05-16 10:30:00,TWI,10.49,10.49,10.43,10.43,2151.0
2017-05-16 10:25:00,TWI,10.54,10.54,10.47,10.4852,2311.0
2017-05-16 10:20:00,TWI,10.49,10.52,10.49,10.52,2733.0
2017-05-16 10:15:00,TWI,10.47,10.497,10.45,10.497,2400.0
2017-05-16 10:10:00,TWI,10.47,10.47,10.47,10.47,282.0
2017-05-16 10:05:00,TWI,10.44,10.46,10.44,10.46,4749.0
2017-05-16 10:00:00,TWI,10.47,10.47,10.415,10.43,2335.0
2017-05-16 09:55:00,TWI,10.44,10.46,10.43,10.45,1876.0
2017-05-16 09:50:00,TWI,10.47,10.48,10.37,10.37,3850.0
2017-05-16 09:45:00,TWI,10.51,10.51,10.43,10.47,3485.0
2017-05-16 09:40:00,TWI,10.58,10.62,10.54,10.54,2075.0
2017-05-16 09:35:00,TWI,10.57,10.6631,10.57,10.62,6242.0
2017-05-15 16:05:00,TWI,10.4,10.4,10.4,10.4,22474.0
2017-05-15 16:00:00,TWI,10.455,10.46,10.38,10.4,55519.0
2017-05-15 15:55:00,TWI,10.46,10.46,10.45,10.45,6659.0
2017-05-15 15:50:00,TWI,10.47,10.47,10.45,10.46,13923.0
2017-05-15 15:45:00,TWI,10.445,10.46,10.44,10.46,6833.0
2017-05-15 15:40:00,TWI,10.455,10.455,10.44,10.44,2807.0
2017-05-15 15:35:00,TWI,10.45,10.47,10.44,10.45,7500.0
2017-05-15 15:30:00,TWI,10.42,10.46,10.42,10.45,4234.0
2017-05-15 15:25:00,TWI,10.43,10.43,10.415,10.415,1400.0
2017-05-15 15:20:00,TWI,10.42,10.4399,10.42,10.42,2500.0
2017-05-15 15:15:00,TWI,10.43,10.44,10.42,10.43,2000.0
2017-05-15 15:10:00,TWI,10.41,10.46,10.41,10.43,5033.0
2017-05-15 15:05:00,TWI,10.385,10.41,10.385,10.405,2400.0
2017-05-15 15:00:00,TWI,10.4,10.41,10.38,10.39,2100.0
2017-05-15 14:55:00,TWI,10.41,10.41,10.4,10.405,500.0
2017-05-15 14:50:00,TWI,10.42,10.42,10.4,10.41,2496.0
2017-05-15 14:45:00,TWI,10.4,10.415,10.4,10.41,1200.0
2017-05-15 14:40:00,TWI,10.41,10.42,10.4,10.4,604.0
2017-05-15 14:35:00,TWI,10.4,10.42,10.4,10.4,2041.0
2017-05-15 14:30:00,TWI,10.44,10.44,10.4,10.4,2919.0
2017-05-15 14:25:00,TWI,10.46,10.46,10.43,10.43,2490.0
2017-05-15 14:20:00,TWI,10.48,10.49,10.47,10.47,1800.0
2017-05-15 14:15:00,TWI,10.48,10.48,10.47,10.475,600.0
2017-05-15 14:10:00,TWI,10.49,10.5,10.48,10.48,800.0
2017-05-15 14:05:00,TWI,10.49,10.49,10.49,10.49,400.0
2017-05-15 14:00:00,TWI,10.49,10.49,10.485,10.485,300.0
2017-05-15 13:55:00,TWI,10.51,10.51,10.5,10.5,1092.0
2017-05-15 13:50:00,TWI,10.525,10.53,10.525,10.53,200.0
2017-05-15 13:45:00,TWI,10.53,10.5399,10.51,10.525,2700.0
2017-05-15 13:40:00,TWI,10.54,10.54,10.53,10.53,556.0
2017-05-15 13:35:00,TWI,10.53,10.53,10.53,10.53,200.0
2017-05-15 13:30:00,TWI,10.535,10.54,10.53,10.53,944.0
2017-05-15 13:15:00,TWI,10.52,10.54,10.52,10.54,200.0
2017-05-15 13:10:00,TWI,10.51,10.51,10.51,10.51,501.0
2017-05-15 13:05:00,TWI,10.52,10.53,10.51,10.51,500.0
2017-05-15 13:00:00,TWI,10.51,10.525,10.51,10.52,2106.0
2017-05-15 12:55:00,TWI,10.52,10.52,10.52,10.52,100.0
2017-05-15 12:50:00,TWI,10.52,10.52,10.52,10.52,200.0
2017-05-15 12:45:00,TWI,10.5,10.52,10.5,10.51,800.0
2017-05-15 12:40:00,TWI,10.5,10.5,10.5,10.5,1000.0
2017-05-15 12:35:00,TWI,10.49,10.49,10.49,10.49,100.0
2017-05-15 12:30:00,TWI,10.51,10.51,10.5,10.5,800.0
2017-05-15 12:20:00,TWI,10.53,10.53,10.52,10.52,400.0
2017-05-15 12:15:00,TWI,10.54,10.54,10.52,10.52,1331.0
2017-05-15 12:10:00,TWI,10.54,10.54,10.54,10.54,100.0
2017-05-15 12:05:00,TWI,10.56,10.56,10.55,10.55,800.0
2017-05-15 12:00:00,TWI,10.56,10.56,10.55,10.56,870.0
2017-05-15 11:55:00,TWI,10.565,10.569,10.56,10.56,900.0
2017-05-15 11:50:00,TWI,10.52,10.54,10.52,10.54,1500.0
2017-05-15 11:45:00,TWI,10.525,10.525,10.52,10.52,300.0
2017-05-15 11:40:00,TWI,10.535,10.535,10.515,10.53,3515.0
2017-05-15 11:35:00,TWI,10.535,10.54,10.535,10.54,205.0
2017-05-15 11:30:00,TWI,10.52,10.54,10.52,10.535,2042.0
2017-05-15 11:25:00,TWI,10.52,10.52,10.52,10.52,100.0
2017-05-15 11:20:00,TWI,10.51,10.515,10.51,10.51,1263.0
2017-05-15 11:15:00,TWI,10.51,10.51,10.49,10.49,1000.0
2017-05-15 11:05:00,TWI,10.49,10.515,10.49,10.515,1200.0
2017-05-15 11:00:00,TWI,10.48,10.48,10.47,10.48,500.0
2017-05-15 10:55:00,TWI,10.4801,10.51,10.4801,10.49,4095.0
2017-05-15 10:50:00,TWI,10.49,10.49,10.48,10.48,600.0
2017-05-15 10:45:00,TWI,10.5,10.5,10.49,10.49,1300.0
2017-05-15 10:40:00,TWI,10.51,10.51,10.5,10.505,1068.0
2017-05-15 10:35:00,TWI,10.54,10.54,10.53,10.53,1300.0
2017-05-15 10:30:00,TWI,10.56,10.56,10.55,10.55,1000.0
2017-05-15 10:25:00,TWI,10.59,10.6,10.57,10.57,1794.0
2017-05-15 10:20:00,TWI,10.58,10.58,10.58,10.58,200.0
2017-05-15 10:15:00,TWI,10.54,10.585,10.54,10.585,1800.0
2017-05-15 10:10:00,TWI,10.56,10.56,10.54,10.54,200.0
2017-05-15 10:05:00,TWI,10.61,10.61,10.58,10.58,600.0
2017-05-15 10:00:00,TWI,10.67,10.67,10.62,10.63,2400.0
2017-05-15 09:55:00,TWI,10.63,10.68,10.62,10.68,1403.0
2017-05-15 09:50:00,TWI,10.61,10.655,10.61,10.655,400.0
2017-05-15 09:45:00,TWI,10.55,10.6,10.55,10.6,400.0
2017-05-15 09:40:00,TWI,10.49,10.56,10.49,10.53,2000.0
2017-05-15 09:35:00,TWI,10.47,10.53,10.47,10.53,6256.0
2017-05-12 16:05:00,TWI,10.33,10.33,10.33,10.33,28738.0
2017-05-12 16:00:00,TWI,10.35,10.37,10.34,10.34,26691.0
2017-05-12 15:55:00,TWI,10.34,10.35,10.33,10.35,6026.0
2017-05-12 15:50:00,TWI,10.32,10.34,10.315,10.34,8681.0
2017-05-12 15:45:00,TWI,10.3,10.33,10.3,10.31,9771.0
2017-05-12 15:40:00,TWI,10.28,10.3,10.28,10.3,3753.0
2017-05-12 15:35:00,TWI,10.29,10.295,10.27,10.28,7853.0
2017-05-12 15:30:00,TWI,10.29,10.3,10.29,10.3,2500.0
2017-05-12 15:25:00,TWI,10.28,10.29,10.28,10.29,3951.0
2017-05-12 15:20:00,TWI,10.27,10.287,10.26,10.28,7185.0
2017-05-12 15:15:00,TWI,10.28,10.28,10.26,10.27,2532.0
2017-05-12 15:10:00,TWI,10.28,10.29,10.28,10.29,4291.0
2017-05-12 15:05:00,TWI,10.3,10.3,10.26,10.29,16713.0
2017-05-12 15:00:00,TWI,10.31,10.31,10.295,10.31,2536.0
2017-05-12 14:55:00,TWI,10.28,10.305,10.28,10.305,4372.0
2017-05-12 14:50:00,TWI,10.31,10.31,10.29,10.29,2200.0
2017-05-12 14:45:00,TWI,10.31,10.31,10.31,10.31,900.0
2017-05-12 14:40:00,TWI,10.31,10.32,10.31,10.32,800.0
2017-05-12 14:35:00,TWI,10.32,10.325,10.31,10.31,3638.0
2017-05-12 14:30:00,TWI,10.32,10.325,10.32,10.325,500.0
2017-05-12 14:25:00,TWI,10.32,10.32,10.31,10.31,200.0
2017-05-12 14:20:00,TWI,10.32,10.34,10.319,10.32,5068.0
2017-05-12 14:15:00,TWI,10.36,10.36,10.29,10.32,7981.0
2017-05-12 14:10:00,TWI,10.36,10.365,10.36,10.365,400.0
2017-05-12 14:05:00,TWI,10.36,10.37,10.36,10.37,2635.0
2017-05-12 14:00:00,TWI,10.34,10.3552,10.34,10.3552,2550.0
2017-05-12 13:55:00,TWI,10.32,10.35,10.32,10.35,1500.0
2017-05-12 13:50:00,TWI,10.34,10.34,10.32,10.32,1700.0
2017-05-12 13:45:00,TWI,10.3,10.34,10.3,10.34,2416.0
2017-05-12 13:40:00,TWI,10.31,10.31,10.31,10.31,300.0
2017-05-12 13:35:00,TWI,10.31,10.31,10.3,10.3,781.0
2017-05-12 13:30:00,TWI,10.28,10.32,10.27,10.32,3812.0
2017-05-12 13:25:00,TWI,10.28,10.285,10.27,10.28,4091.0
2017-05-12 13:20:00,TWI,10.32,10.34,10.26,10.28,20924.0
2017-05-12 13:15:00,TWI,10.34,10.36,10.315,10.32,11076.0
2017-05-12 13:10:00,TWI,10.37,10.37,10.34,10.34,4693.0
2017-05-12 13:05:00,TWI,10.37,10.38,10.36,10.38,1780.0
2017-05-12 13:00:00,TWI,10.34,10.38,10.34,10.37,6165.0
2017-05-12 12:55:00,TWI,10.33,10.33,10.3245,10.3245,1467.0
2017-05-12 12:50:00,TWI,10.35,10.35,10.339,10.34,500.0
2017-05-12 12:45:00,TWI,10.34,10.34,10.34,10.34,500.0
2017-05-12 12:40:00,TWI,10.33,10.33,10.33,10.33,300.0
2017-05-12 12:35:00,TWI,10.33,10.33,10.32,10.33,802.0
2017-05-12 12:30:00,TWI,10.34,10.34,10.34,10.34,893.0
2017-05-12 12:25:00,TWI,10.345,10.35,10.34,10.34,1785.0
2017-05-12 12:20:00,TWI,10.32,10.33,10.32,10.33,4200.0
2017-05-12 12:15:00,TWI,10.31,10.315,10.3032,10.315,1748.0
2017-05-12 12:05:00,TWI,10.36,10.36,10.31,10.31,7931.0
2017-05-12 12:00:00,TWI,10.35,10.35,10.34,10.35,2300.0
2017-05-12 11:55:00,TWI,10.36,10.36,10.36,10.36,100.0
2017-05-12 11:50:00,TWI,10.35,10.36,10.35,10.35,520.0
2017-05-12 11:45:00,TWI,10.35,10.35,10.35,10.35,388.0
2017-05-12 11:40:00,TWI,10.36,10.36,10.35,10.36,1661.0
2017-05-12 11:35:00,TWI,10.35,10.365,10.35,10.36,2236.0
2017-05-12 11:30:00,TWI,10.34,10.356,10.335,10.34,5394.0
2017-05-12 11:25:00,TWI,10.3434,10.3434,10.33,10.33,1200.0
2017-05-12 11:20:00,TWI,10.34,10.34,10.3,10.34,5790.0
2017-05-12 11:15:00,TWI,10.39,10.39,10.36,10.36,3261.0
2017-05-12 11:10:00,TWI,10.37,10.385,10.37,10.385,1000.0
2017-05-12 11:05:00,TWI,10.39,10.39,10.35,10.37,4356.0
2017-05-12 10:55:00,TWI,10.41,10.41,10.39,10.39,1800.0
2017-05-12 10:50:00,TWI,10.445,10.445,10.39,10.42,5603.0
2017-05-12 10:45:00,TWI,10.49,10.49,10.46,10.46,1995.0
2017-05-12 10:40:00,TWI,10.48,10.49,10.48,10.49,900.0
2017-05-12 10:35:00,TWI,10.4824,10.4824,10.4824,10.4824,500.0
2017-05-12 10:30:00,TWI,10.51,10.51,10.47,10.47,12050.0
2017-05-12 10:25:00,TWI,10.51,10.54,10.51,10.52,2200.0
2017-05-12 10:20:00,TWI,10.53,10.53,10.5,10.5,500.0
2017-05-12 10:15:00,TWI,10.5321,10.5321,10.47,10.51,6954.0
2017-05-12 10:10:00,TWI,10.54,10.54,10.52,10.54,1600.0
2017-05-12 10:05:00,TWI,10.59,10.59,10.55,10.57,1200.0
2017-05-12 10:00:00,TWI,10.62,10.62,10.59,10.61,800.0
2017-05-12 09:55:00,TWI,10.63,10.63,10.59,10.62,2650.0
2017-05-12 09:50:00,TWI,10.62,10.62,10.61,10.62,1188.0
2017-05-12 09:45:00,TWI,10.56,10.59,10.56,10.59,700.0
2017-05-12 09:40:00,TWI,10.63,10.63,10.51,10.56,5640.0
2017-05-12 09:35:00,TWI,10.65,10.67,10.63,10.63,4594.0
2017-05-11 16:05:00,TWI,10.78,10.78,10.78,10.78,16391.0
2017-05-11 16:00:00,TWI,10.8,10.805,10.78,10.78,10070.0
2017-05-11 15:55:00,TWI,10.82,10.84,10.8,10.8,12952.0
2017-05-11 15:50:00,TWI,10.82,10.83,10.82,10.82,2702.0
2017-05-11 15:45:00,TWI,10.82,10.825,10.82,10.82,3100.0
2017-05-11 15:40:00,TWI,10.825,10.83,10.82,10.82,3002.0
2017-05-11 15:35:00,TWI,10.83,10.83,10.82,10.825,1202.0
2017-05-11 15:30:00,TWI,10.84,10.84,10.83,10.84,3131.0
2017-05-11 15:25:00,TWI,10.865,10.87,10.84,10.845,4415.0
2017-05-11 15:20:00,TWI,10.88,10.885,10.86,10.86,4116.0
2017-05-11 15:15:00,TWI,10.88,10.885,10.88,10.885,3509.0
2017-05-11 15:10:00,TWI,10.88,10.88,10.87,10.87,915.0
2017-05-11 15:05:00,TWI,10.88,10.8801,10.88,10.88,594.0
2017-05-11 15:00:00,TWI,10.89,10.9,10.88,10.89,2136.0
2017-05-11 14:55:00,TWI,10.9,10.905,10.89,10.89,2600.0
2017-05-11 14:50:00,TWI,10.9,10.905,10.9,10.905,2200.0
2017-05-11 14:45:00,TWI,10.89,10.91,10.885,10.91,3661.0
2017-05-11 14:40:00,TWI,10.88,10.8846,10.88,10.88,1453.0
2017-05-11 14:35:00,TWI,10.89,10.895,10.89,10.895,400.0
2017-05-11 14:30:00,TWI,10.89,10.89,10.87,10.89,4000.0
2017-05-11 14:25:00,TWI,10.92,10.92,10.89,10.89,3702.0
2017-05-11 14:20:00,TWI,10.915,10.92,10.9,10.92,2300.0
2017-05-11 14:15:00,TWI,10.9,10.91,10.8955,10.91,2307.0
2017-05-11 14:10:00,TWI,10.9,10.905,10.87,10.8901,10338.0
2017-05-11 14:05:00,TWI,10.93,10.93,10.905,10.9075,2407.0
2017-05-11 14:00:00,TWI,10.88,10.94,10.88,10.925,12381.0
2017-05-11 13:55:00,TWI,10.84,10.8875,10.84,10.885,14553.0
2017-05-11 13:50:00,TWI,10.84,10.845,10.84,10.845,700.0
2017-05-11 13:45:00,TWI,10.84,10.84,10.84,10.84,400.0
2017-05-11 13:40:00,TWI,10.84,10.845,10.83,10.84,2002.0
2017-05-11 13:35:00,TWI,10.84,10.845,10.84,10.845,1456.0
2017-05-11 13:30:00,TWI,10.835,10.835,10.82,10.83,2309.0
2017-05-11 13:25:00,TWI,10.83,10.83,10.83,10.83,400.0
2017-05-11 13:20:00,TWI,10.835,10.835,10.82,10.82,1300.0
2017-05-11 13:15:00,TWI,10.82,10.84,10.82,10.835,6374.0
2017-05-11 13:10:00,TWI,10.8,10.845,10.8,10.82,14802.0
2017-05-11 13:05:00,TWI,10.82,10.82,10.8,10.8,1201.0
2017-05-11 13:00:00,TWI,10.81,10.82,10.81,10.82,1493.0
2017-05-11 12:55:00,TWI,10.84,10.84,10.81,10.81,1153.0
2017-05-11 12:50:00,TWI,10.82,10.855,10.82,10.84,6547.0
2017-05-11 12:45:00,TWI,10.835,10.835,10.82,10.82,1200.0
2017-05-11 12:40:00,TWI,10.83,10.83,10.83,10.83,300.0
2017-05-11 12:35:00,TWI,10.81,10.84,10.8,10.83,6643.0
2017-05-11 12:30:00,TWI,10.76,10.795,10.74,10.79,12500.0
2017-05-11 12:25:00,TWI,10.77,10.77,10.76,10.76,400.0
2017-05-11 12:20:00,TWI,10.78,10.8,10.78,10.78,2100.0
2017-05-11 12:15:00,TWI,10.8,10.8,10.78,10.78,500.0
2017-05-11 12:10:00,TWI,10.82,10.84,10.8,10.8,3167.0
2017-05-11 12:05:00,TWI,10.82,10.83,10.82,10.825,2214.0
2017-05-11 12:00:00,TWI,10.8,10.824,10.8,10.824,1875.0
2017-05-11 11:55:00,TWI,10.79,10.79,10.77,10.79,1901.0
2017-05-11 11:50:00,TWI,10.77,10.78,10.77,10.78,300.0
2017-05-11 11:40:00,TWI,10.78,10.83,10.78,10.79,6756.0
2017-05-11 11:35:00,TWI,10.765,10.79,10.76,10.77,4291.0
2017-05-11 11:30:00,TWI,10.76,10.765,10.76,10.765,946.0
2017-05-11 11:25:00,TWI,10.76,10.77,10.76,10.77,2310.0
2017-05-11 11:20:00,TWI,10.75,10.78,10.75,10.77,4812.0
2017-05-11 11:15:00,TWI,10.74,10.75,10.74,10.75,2800.0
2017-05-11 11:10:00,TWI,10.71,10.72,10.71,10.72,2600.0
2017-05-11 11:05:00,TWI,10.68,10.71,10.68,10.71,2700.0
2017-05-11 11:00:00,TWI,10.65,10.68,10.64,10.68,5025.0
2017-05-11 10:55:00,TWI,10.655,10.655,10.63,10.655,2278.0
2017-05-11 10:50:00,TWI,10.685,10.685,10.65,10.65,2700.0
2017-05-11 10:45:00,TWI,10.65,10.689,10.65,10.689,516.0
2017-05-11 10:40:00,TWI,10.645,10.67,10.62,10.65,3775.0
2017-05-11 10:35:00,TWI,10.58,10.63,10.57,10.63,2800.0
2017-05-11 10:30:00,TWI,10.56,10.59,10.56,10.59,500.0
2017-05-11 10:25:00,TWI,10.61,10.61,10.55,10.55,2500.0
2017-05-11 10:20:00,TWI,10.59,10.66,10.59,10.62,3147.0
2017-05-11 10:15:00,TWI,10.59,10.595,10.57,10.59,2300.0
2017-05-11 10:10:00,TWI,10.56,10.56,10.52,10.56,700.0
2017-05-11 10:05:00,TWI,10.55,10.55,10.53,10.53,585.0
2017-05-11 10:00:00,TWI,10.62,10.62,10.56,10.57,1700.0
2017-05-11 09:55:00,TWI,10.64,10.64,10.61,10.61,301.0
2017-05-11 09:50:00,TWI,10.65,10.7,10.63,10.64,1500.0
2017-05-11 09:45:00,TWI,10.709,10.73,10.65,10.65,2850.0
2017-05-11 09:40:00,TWI,10.79,10.79,10.69,10.71,1600.0
2017-05-11 09:35:00,TWI,10.83,10.84,10.75,10.84,4759.0
2017-05-10 16:05:00,TWI,10.79,10.79,10.79,10.79,11872.0
2017-05-10 16:00:00,TWI,10.78,10.82,10.78,10.79,28453.0
2017-05-10 15:55:00,TWI,10.8,10.8,10.78,10.78,9808.0
2017-05-10 15:50:00,TWI,10.78,10.8,10.78,10.795,4000.0
2017-05-10 15:45:00,TWI,10.78,10.79,10.77,10.785,3900.0
2017-05-10 15:40:00,TWI,10.765,10.785,10.765,10.78,7635.0
2017-05-10 15:35:00,TWI,10.77,10.77,10.755,10.77,4516.0
2017-05-10 15:30:00,TWI,10.79,10.8,10.77,10.775,5307.0
2017-05-10 15:25:00,TWI,10.78,10.79,10.77,10.79,2677.0
2017-05-10 15:20:00,TWI,10.81,10.81,10.76,10.7768,6806.0
2017-05-10 15:15:00,TWI,10.8,10.81,10.795,10.81,1714.0
2017-05-10 15:10:00,TWI,10.815,10.82,10.79,10.8,4967.0
2017-05-10 15:05:00,TWI,10.81,10.82,10.81,10.815,2300.0
2017-05-10 15:00:00,TWI,10.81,10.81,10.81,10.81,100.0
2017-05-10 14:55:00,TWI,10.81,10.81,10.805,10.81,564.0
2017-05-10 14:50:00,TWI,10.82,10.82,10.81,10.81,1271.0
2017-05-10 14:45:00,TWI,10.82,10.82,10.82,10.82,2200.0
2017-05-10 14:40:00,TWI,10.82,10.825,10.82,10.82,3300.0
2017-05-10 14:35:00,TWI,10.81,10.81,10.81,10.81,600.0
2017-05-10 14:30:00,TWI,10.83,10.83,10.8,10.8,2154.0
2017-05-10 14:25:00,TWI,10.865,10.87,10.83,10.83,3700.0
2017-05-10 14:20:00,TWI,10.84,10.86,10.84,10.86,1609.0
2017-05-10 14:15:00,TWI,10.81,10.83,10.81,10.83,1500.0
2017-05-10 14:10:00,TWI,10.78,10.79,10.7718,10.79,2000.0
2017-05-10 14:05:00,TWI,10.8,10.8,10.78,10.78,2036.0
2017-05-10 14:00:00,TWI,10.83,10.83,10.8,10.81,3290.0
2017-05-10 13:55:00,TWI,10.83,10.83,10.83,10.83,100.0
2017-05-10 13:50:00,TWI,10.79,10.82,10.79,10.82,3300.0
2017-05-10 13:45:00,TWI,10.81,10.81,10.795,10.795,3188.0
2017-05-10 13:40:00,TWI,10.815,10.82,10.81,10.81,800.0
2017-05-10 13:35:00,TWI,10.8233,10.84,10.82,10.82,2246.0
2017-05-10 13:30:00,TWI,10.81,10.86,10.805,10.82,9344.0
2017-05-10 13:25:00,TWI,10.81,10.81,10.805,10.805,300.0
2017-05-10 13:20:00,TWI,10.8,10.81,10.8,10.81,3174.0
2017-05-10 13:15:00,TWI,10.78,10.8,10.78,10.79,8600.0
2017-05-10 13:10:00,TWI,10.82,10.82,10.79,10.79,2903.0
2017-05-10 13:05:00,TWI,10.78,10.81,10.775,10.81,1300.0
2017-05-10 13:00:00,TWI,10.76,10.78,10.755,10.78,3832.0
2017-05-10 12:55:00,TWI,10.79,10.79,10.76,10.76,2179.0
2017-05-10 12:50:00,TWI,10.79,10.79,10.785,10.7875,1000.0
2017-05-10 12:45:00,TWI,10.77,10.79,10.77,10.79,1200.0
2017-05-10 12:40:00,TWI,10.775,10.79,10.77,10.77,600.0
2017-05-10 12:35:00,TWI,10.74,10.77,10.74,10.76,3540.0
2017-05-10 12:30:00,TWI,10.74,10.74,10.73,10.73,1153.0
2017-05-10 12:25:00,TWI,10.725,10.73,10.72,10.73,1600.0
2017-05-10 12:20:00,TWI,10.72,10.72,10.71,10.72,900.0
2017-05-10 12:15:00,TWI,10.7,10.71,10.7,10.71,1400.0
2017-05-10 12:10:00,TWI,10.71,10.72,10.7,10.7,2350.0
2017-05-10 12:05:00,TWI,10.7,10.7,10.69,10.69,1300.0
2017-05-10 12:00:00,TWI,10.7,10.7,10.7,10.7,500.0
2017-05-10 11:55:00,TWI,10.69,10.69,10.68,10.69,1189.0
2017-05-10 11:50:00,TWI,10.65,10.71,10.65,10.69,6100.0
2017-05-10 11:45:00,TWI,10.63,10.645,10.63,10.64,1400.0
2017-05-10 11:40:00,TWI,10.64,10.66,10.64,10.65,6700.0
2017-05-10 11:35:00,TWI,10.67,10.67,10.63,10.63,2290.0
2017-05-10 11:30:00,TWI,10.69,10.7,10.67,10.67,1823.0
2017-05-10 11:25:00,TWI,10.69,10.69,10.68,10.68,1200.0
2017-05-10 11:20:00,TWI,10.69,10.71,10.69,10.69,6280.0
2017-05-10 11:15:00,TWI,10.69,10.695,10.69,10.695,1110.0
2017-05-10 11:10:00,TWI,10.71,10.72,10.69,10.69,3650.0
2017-05-10 11:05:00,TWI,10.7,10.71,10.7,10.71,600.0
2017-05-10 11:00:00,TWI,10.71,10.71,10.68,10.7,3331.0
2017-05-10 10:55:00,TWI,10.67,10.71,10.67,10.71,2764.0
2017-05-10 10:50:00,TWI,10.7,10.7,10.66,10.66,1600.0
2017-05-10 10:45:00,TWI,10.66,10.68,10.65,10.68,2100.0
2017-05-10 10:40:00,TWI,10.66,10.66,10.63,10.66,3000.0
2017-05-10 10:35:00,TWI,10.62,10.65,10.61,10.65,3726.0
2017-05-10 10:30:00,TWI,10.65,10.65,10.61,10.61,3676.0
2017-05-10 10:25:00,TWI,10.68,10.68,10.66,10.66,1442.0
2017-05-10 10:20:00,TWI,10.6999,10.7,10.68,10.69,1520.0
2017-05-10 10:15:00,TWI,10.73,10.7499,10.692,10.692,5650.0
2017-05-10 10:10:00,TWI,10.74,10.78,10.73,10.76,1200.0
2017-05-10 10:05:00,TWI,10.69,10.7334,10.69,10.7334,720.0
2017-05-10 10:00:00,TWI,10.65,10.7,10.65,10.7,500.0
2017-05-10 09:55:00,TWI,10.65,10.65,10.65,10.65,600.0
2017-05-10 09:50:00,TWI,10.7,10.7,10.6432,10.6432,1300.0
2017-05-10 09:45:00,TWI,10.68,10.69,10.68,10.68,2146.0
2017-05-10 09:40:00,TWI,10.68,10.68,10.61,10.67,3600.0
2017-05-10 09:35:00,TWI,10.65,10.72,10.6,10.72,3396.0
2017-05-09 16:05:00,TWI,10.61,10.61,10.61,10.61,18455.0
2017-05-09 16:00:00,TWI,10.62,10.63,10.61,10.61,22027.0
2017-05-09 15:55:00,TWI,10.57,10.63,10.57,10.625,11628.0
2017-05-09 15:50:00,TWI,10.56,10.58,10.55,10.57,14282.0
2017-05-09 15:45:00,TWI,10.56,10.56,10.53,10.55,15252.0
2017-05-09 15:40:00,TWI,10.6,10.62,10.54,10.56,13320.0
2017-05-09 15:35:00,TWI,10.66,10.66,10.59,10.61,12723.0
2017-05-09 15:30:00,TWI,10.64,10.66,10.64,10.66,5500.0
2017-05-09 15:25:00,TWI,10.66,10.66,10.65,10.65,4101.0
2017-05-09 15:20:00,TWI,10.65,10.67,10.65,10.67,8873.0
2017-05-09 15:15:00,TWI,10.67,10.67,10.63,10.63,4353.0
2017-05-09 15:10:00,TWI,10.68,10.68,10.67,10.67,2700.0
2017-05-09 15:05:00,TWI,10.65,10.67,10.65,10.67,3710.0
2017-05-09 15:00:00,TWI,10.64,10.65,10.64,10.65,1100.0
2017-05-09 14:55:00,TWI,10.64,10.64,10.63,10.63,4710.0
2017-05-09 14:50:00,TWI,10.655,10.66,10.635,10.645,18024.0
2017-05-09 14:45:00,TWI,10.6532,10.66,10.6532,10.66,1000.0
2017-05-09 14:40:00,TWI,10.66,10.6652,10.65,10.66,3180.0
2017-05-09 14:35:00,TWI,10.68,10.68,10.67,10.67,4426.0
2017-05-09 14:30:00,TWI,10.67,10.68,10.67,10.67,2300.0
2017-05-09 14:25:00,TWI,10.685,10.685,10.66,10.66,2600.0
2017-05-09 14:20:00,TWI,10.66,10.6801,10.66,10.6801,2700.0
2017-05-09 14:15:00,TWI,10.6637,10.67,10.66,10.66,4556.0
2017-05-09 14:10:00,TWI,10.71,10.71,10.67,10.67,4636.0
2017-05-09 14:05:00,TWI,10.73,10.73,10.71,10.71,2903.0
2017-05-09 14:00:00,TWI,10.73,10.73,10.71,10.72,2775.0
2017-05-09 13:55:00,TWI,10.76,10.76,10.72,10.72,2990.0
2017-05-09 13:50:00,TWI,10.77,10.77,10.75,10.75,1200.0
2017-05-09 13:45:00,TWI,10.74,10.76,10.73,10.76,2300.0
2017-05-09 13:40:00,TWI,10.72,10.74,10.72,10.74,1567.0
2017-05-09 13:35:00,TWI,10.72,10.72,10.72,10.72,1019.0
2017-05-09 13:30:00,TWI,10.74,10.74,10.71,10.71,1093.0
2017-05-09 13:25:00,TWI,10.725,10.74,10.725,10.74,1400.0
2017-05-09 13:20:00,TWI,10.73,10.73,10.72,10.72,564.0
2017-05-09 13:15:00,TWI,10.76,10.76,10.73,10.73,2800.0
2017-05-09 13:10:00,TWI,10.73,10.76,10.73,10.76,2120.0
2017-05-09 13:05:00,TWI,10.692,10.72,10.68,10.72,4784.0
2017-05-09 13:00:00,TWI,10.69,10.7,10.69,10.69,1700.0
2017-05-09 12:55:00,TWI,10.73,10.73,10.695,10.695,9170.0
2017-05-09 12:50:00,TWI,10.74,10.75,10.73,10.73,2315.0
2017-05-09 12:45:00,TWI,10.775,10.775,10.74,10.75,4100.0
2017-05-09 12:35:00,TWI,10.77,10.78,10.75,10.75,4015.0
2017-05-09 12:30:00,TWI,10.74,10.78,10.74,10.78,4183.0
2017-05-09 12:25:00,TWI,10.76,10.764,10.73,10.745,5020.0
2017-05-09 12:20:00,TWI,10.8397,10.8397,10.75,10.76,24202.0
2017-05-09 12:15:00,TWI,10.83,10.83,10.83,10.83,200.0
2017-05-09 12:10:00,TWI,10.83,10.83,10.81,10.82,1810.0
2017-05-09 12:05:00,TWI,10.8,10.84,10.8,10.84,2910.0
2017-05-09 12:00:00,TWI,10.82,10.83,10.8,10.805,1600.0
2017-05-09 11:55:00,TWI,10.83,10.83,10.82,10.83,400.0
2017-05-09 11:50:00,TWI,10.795,10.8,10.78,10.8,2247.0
2017-05-09 11:45:00,TWI,10.79,10.79,10.79,10.79,300.0
2017-05-09 11:40:00,TWI,10.81,10.81,10.78,10.78,2400.0
2017-05-09 11:35:00,TWI,10.81,10.81,10.801,10.81,1750.0
2017-05-09 11:30:00,TWI,10.82,10.82,10.82,10.82,100.0
2017-05-09 11:25:00,TWI,10.81,10.83,10.8,10.82,3500.0
2017-05-09 11:20:00,TWI,10.88,10.88,10.81,10.82,2000.0
2017-05-09 11:15:00,TWI,10.88,10.88,10.86,10.88,2000.0
2017-05-09 11:10:00,TWI,10.92,10.92,10.88,10.88,1700.0
2017-05-09 11:05:00,TWI,10.9,10.94,10.89,10.91,4413.0
2017-05-09 11:00:00,TWI,10.9,10.91,10.9,10.9,3067.0
2017-05-09 10:55:00,TWI,10.89,10.9,10.89,10.9,348.0
2017-05-09 10:50:00,TWI,10.89,10.89,10.85,10.88,2872.0
2017-05-09 10:45:00,TWI,10.88,10.9,10.87,10.9,2550.0
2017-05-09 10:40:00,TWI,10.889,10.89,10.889,10.89,1204.0
2017-05-09 10:35:00,TWI,10.92,10.92,10.86,10.89,8200.0
2017-05-09 10:30:00,TWI,10.9,10.94,10.87,10.92,11795.0
2017-05-09 10:25:00,TWI,10.9,10.9,10.88,10.885,1150.0
2017-05-09 10:20:00,TWI,10.95,10.95,10.89,10.91,2205.0
2017-05-09 10:15:00,TWI,10.94,10.94,10.92,10.93,812.0
2017-05-09 10:10:00,TWI,10.96,10.98,10.96,10.96,2110.0
2017-05-09 10:05:00,TWI,10.99,11.02,10.97,10.97,1499.0
2017-05-09 10:00:00,TWI,10.96,10.99,10.93,10.99,3352.0
2017-05-09 09:55:00,TWI,10.95,10.98,10.94,10.95,2900.0
2017-05-09 09:50:00,TWI,10.975,11.0,10.975,10.99,2550.0
2017-05-09 09:45:00,TWI,10.9399,10.99,10.88,10.95,2475.0
2017-05-09 09:40:00,TWI,10.9,10.98,10.9,10.92,2470.0
2017-05-09 09:35:00,TWI,11.0,11.06,10.87,10.98,7443.0
2017-05-08 16:05:00,TWI,10.95,10.95,10.95,10.95,15767.0
2017-05-08 16:00:00,TWI,10.93,10.96,10.915,10.95,51063.0
2017-05-08 15:55:00,TWI,10.92,10.94,10.92,10.93,3300.0
2017-05-08 15:50:00,TWI,10.91,10.93,10.91,10.925,17349.0
2017-05-08 15:45:00,TWI,10.875,10.915,10.875,10.91,9482.0
2017-05-08 15:40:00,TWI,10.9,10.9,10.87,10.875,14201.0
2017-05-08 15:35:00,TWI,10.93,10.93,10.88,10.9,9129.0
2017-05-08 15:30:00,TWI,10.94,10.94,10.93,10.93,1518.0
2017-05-08 15:25:00,TWI,10.95,10.955,10.93,10.945,2953.0
2017-05-08 15:20:00,TWI,10.95,10.95,10.93,10.95,2700.0
2017-05-08 15:15:00,TWI,10.95,10.96,10.92,10.955,6100.0
2017-05-08 15:10:00,TWI,10.95,10.9532,10.95,10.95,1900.0
2017-05-08 15:05:00,TWI,10.97,10.97,10.95,10.95,3100.0
2017-05-08 15:00:00,TWI,10.97,10.97,10.96,10.97,5158.0
2017-05-08 14:55:00,TWI,10.955,10.97,10.955,10.97,1300.0
2017-05-08 14:50:00,TWI,10.98,10.98,10.95,10.95,4281.0
2017-05-08 14:45:00,TWI,10.98,10.99,10.97,10.98,2758.0
2017-05-08 14:40:00,TWI,10.98,10.98,10.98,10.98,200.0
2017-05-08 14:35:00,TWI,10.98,10.98,10.965,10.98,2987.0
2017-05-08 14:30:00,TWI,11.0,11.0,10.97,10.98,2284.0
2017-05-08 14:25:00,TWI,11.0,11.0,10.97,10.99,3546.0
2017-05-08 14:20:00,TWI,11.03,11.03,11.0,11.0,1492.0
2017-05-08 14:15:00,TWI,11.04,11.04,11.03,11.04,1400.0
2017-05-08 14:10:00,TWI,11.02,11.06,11.02,11.06,2300.0
2017-05-08 14:05:00,TWI,11.01,11.02,11.0,11.02,4375.0
2017-05-08 14:00:00,TWI,11.01,11.02,11.01,11.02,800.0
2017-05-08 13:55:00,TWI,10.97,11.01,10.97,11.01,2400.0
2017-05-08 13:50:00,TWI,10.98,10.99,10.97,10.98,2265.0
2017-05-08 13:45:00,TWI,10.97,10.98,10.97,10.98,1800.0
2017-05-08 13:40:00,TWI,10.96,10.98,10.94,10.96,2600.0
2017-05-08 13:35:00,TWI,10.99,10.995,10.95,10.95,1900.0
2017-05-08 13:30:00,TWI,10.99,11.0,10.97,11.0,3600.0
2017-05-08 13:25:00,TWI,10.99,11.0,10.99,11.0,378.0
2017-05-08 13:20:00,TWI,10.96,11.0,10.96,10.99,3600.0
2017-05-08 13:15:00,TWI,11.02,11.03,10.95,10.95,7399.0
2017-05-08 13:10:00,TWI,11.005,11.011,11.0,11.01,1400.0
2017-05-08 13:05:00,TWI,10.99,11.01,10.98,11.01,4209.0
2017-05-08 13:00:00,TWI,11.0,11.0,10.99,10.99,1300.0
2017-05-08 12:55:00,TWI,11.02,11.02,11.0,11.0,2160.0
2017-05-08 12:50:00,TWI,11.01,11.01,11.0,11.01,961.0
2017-05-08 12:45:00,TWI,10.93,11.02,10.93,11.01,6364.0
2017-05-08 12:40:00,TWI,10.89,10.94,10.89,10.935,4102.0
2017-05-08 12:35:00,TWI,10.92,10.92,10.89,10.895,9942.0
2017-05-08 12:30:00,TWI,10.93,10.94,10.92,10.92,1470.0
2017-05-08 12:25:00,TWI,10.96,10.96,10.91,10.93,6584.0
2017-05-08 12:20:00,TWI,10.98,10.98,10.955,10.96,3403.0
2017-05-08 12:15:00,TWI,10.98,10.98,10.97,10.98,1469.0
2017-05-08 12:10:00,TWI,10.98,10.99,10.98,10.985,1900.0
2017-05-08 12:05:00,TWI,10.99,10.99,10.985,10.99,1871.0
2017-05-08 12:00:00,TWI,11.0,11.0,10.98,11.0,3000.0
2017-05-08 11:55:00,TWI,11.07,11.07,11.0,11.0,3600.0
2017-05-08 11:50:00,TWI,11.05,11.06,11.05,11.06,1499.0
2017-05-08 11:45:00,TWI,11.07,11.07,11.04,11.04,2904.0
2017-05-08 11:40:00,TWI,11.08,11.08,11.06,11.08,4175.0
2017-05-08 11:35:00,TWI,11.04,11.07,11.03,11.07,6297.0
2017-05-08 11:30:00,TWI,11.03,11.05,11.025,11.05,2500.0
2017-05-08 11:25:00,TWI,11.09,11.09,11.04,11.04,2527.0
2017-05-08 11:20:00,TWI,11.04,11.095,11.04,11.095,7169.0
2017-05-08 11:15:00,TWI,11.07,11.07,11.04,11.04,3200.0
2017-05-08 11:10:00,TWI,11.1,11.12,11.07,11.08,3800.0
2017-05-08 11:05:00,TWI,11.13,11.14,11.09,11.1,3664.0
2017-05-08 11:00:00,TWI,11.13,11.14,11.115,11.13,5000.0
2017-05-08 10:55:00,TWI,11.22,11.22,11.11,11.11,3007.0
2017-05-08 10:50:00,TWI,11.22,11.24,11.21,11.23,8112.0
2017-05-08 10:45:00,TWI,11.21,11.23,11.2,11.21,5525.0
2017-05-08 10:40:00,TWI,11.205,11.22,11.19,11.22,2400.0
2017-05-08 10:35:00,TWI,11.26,11.26,11.2,11.2,3714.0
2017-05-08 10:30:00,TWI,11.21,11.25,11.21,11.25,2176.0
2017-05-08 10:25:00,TWI,11.24,11.24,11.19,11.24,4850.0
2017-05-08 10:20:00,TWI,11.15,11.24,11.15,11.24,11353.0
2017-05-08 10:15:00,TWI,11.17,11.19,11.13,11.13,3582.0
2017-05-08 10:10:00,TWI,11.215,11.215,11.18,11.18,2800.0
2017-05-08 10:05:00,TWI,11.17,11.23,11.15,11.22,4998.0
2017-05-08 10:00:00,TWI,11.18,11.24,11.18,11.2,3200.0
2017-05-08 09:55:00,TWI,11.11,11.19,11.09,11.1588,1478.0
2017-05-08 09:50:00,TWI,11.13,11.13,11.0,11.06,2477.0
2017-05-08 09:45:00,TWI,11.01,11.18,10.97,11.154,7732.0
2017-05-08 09:40:00,TWI,11.23,11.23,11.01,11.01,7126.0
2017-05-08 09:35:00,TWI,11.39,11.4,11.2,11.23,8304.0
2017-05-05 16:05:00,TWI,11.43,11.43,11.43,11.43,28299.0
2017-05-05 16:00:00,TWI,11.47,11.47,11.43,11.43,39466.0
2017-05-05 15:55:00,TWI,11.39,11.47,11.39,11.47,42776.0
2017-05-05 15:50:00,TWI,11.42,11.435,11.38,11.39,14425.0
2017-05-05 15:45:00,TWI,11.47,11.475,11.43,11.43,9413.0
2017-05-05 15:40:00,TWI,11.5,11.5,11.46,11.46,14963.0
2017-05-05 15:35:00,TWI,11.46,11.5,11.45,11.49,10875.0
2017-05-05 15:30:00,TWI,11.4,11.46,11.4,11.45,10660.0
2017-05-05 15:25:00,TWI,11.39,11.425,11.38,11.4,13866.0
2017-05-05 15:20:00,TWI,11.36,11.39,11.36,11.38,8780.0
2017-05-05 15:15:00,TWI,11.38,11.43,11.36,11.365,13634.0
2017-05-05 15:10:00,TWI,11.42,11.44,11.37,11.38,13424.0
2017-05-05 15:05:00,TWI,11.38,11.45,11.375,11.411,15152.0
2017-05-05 15:00:00,TWI,11.4,11.4,11.37,11.37,4551.0
2017-05-05 14:55:00,TWI,11.35,11.42,11.34,11.39,13075.0
2017-05-05 14:50:00,TWI,11.31,11.35,11.29,11.35,5134.0
2017-05-05 14:45:00,TWI,11.28,11.31,11.28,11.31,3800.0
2017-05-05 14:40:00,TWI,11.25,11.28,11.25,11.26,3102.0
2017-05-05 14:35:00,TWI,11.3,11.31,11.26,11.27,12500.0
2017-05-05 14:30:00,TWI,11.32,11.33,11.269,11.29,9365.0
2017-05-05 14:25:00,TWI,11.28,11.32,11.27,11.32,10505.0
2017-05-05 14:20:00,TWI,11.35,11.37,11.28,11.28,8200.0
2017-05-05 14:15:00,TWI,11.35,11.35,11.34,11.35,1000.0
2017-05-05 14:10:00,TWI,11.34,11.36,11.34,11.34,640.0
2017-05-05 14:05:00,TWI,11.39,11.41,11.36,11.36,11726.0
2017-05-05 14:00:00,TWI,11.41,11.43,11.38,11.395,9275.0
2017-05-05 13:55:00,TWI,11.4,11.43,11.4,11.4,5568.0
2017-05-05 13:50:00,TWI,11.4,11.41,11.39,11.4,3314.0
2017-05-05 13:45:00,TWI,11.39,11.4,11.39,11.4,800.0
2017-05-05 13:40:00,TWI,11.41,11.41,11.32,11.38,5687.0
2017-05-05 13:35:00,TWI,11.42,11.43,11.4,11.41,6300.0
2017-05-05 13:30:00,TWI,11.44,11.44,11.4,11.43,11447.0
2017-05-05 13:25:00,TWI,11.43,11.47,11.41,11.43,13585.0
2017-05-05 13:20:00,TWI,11.4,11.47,11.4,11.42,10150.0
2017-05-05 13:15:00,TWI,11.47,11.48,11.39,11.41,7994.0
2017-05-05 13:10:00,TWI,11.46,11.49,11.44,11.47,10395.0
2017-05-05 13:05:00,TWI,11.5,11.52,11.44,11.445,14640.0
2017-05-05 13:00:00,TWI,11.42,11.49,11.42,11.49,4801.0
2017-05-05 12:55:00,TWI,11.34,11.42,11.32,11.42,10595.0
2017-05-05 12:50:00,TWI,11.3,11.37,11.28,11.35,9522.0
2017-05-05 12:45:00,TWI,11.27,11.33,11.22,11.32,13741.0
2017-05-05 12:40:00,TWI,11.32,11.32,11.28,11.28,5900.0
2017-05-05 12:35:00,TWI,11.38,11.39,11.32,11.34,8736.0
2017-05-05 12:30:00,TWI,11.37,11.39,11.34,11.36,7476.0
2017-05-05 12:25:00,TWI,11.4,11.4,11.38,11.39,1300.0
2017-05-05 12:20:00,TWI,11.36,11.42,11.36,11.41,10738.0
2017-05-05 12:15:00,TWI,11.37,11.44,11.36,11.36,12200.0
2017-05-05 12:10:00,TWI,11.38,11.38,11.34,11.36,4500.0
2017-05-05 12:05:00,TWI,11.34,11.38,11.3,11.38,8588.0
2017-05-05 12:00:00,TWI,11.34,11.34,11.27,11.33,7872.0
2017-05-05 11:55:00,TWI,11.36,11.37,11.31,11.36,8792.0
2017-05-05 11:50:00,TWI,11.32,11.35,11.305,11.35,11719.0
2017-05-05 11:45:00,TWI,11.32,11.32,11.25,11.31,8545.0
2017-05-05 11:40:00,TWI,11.34,11.35,11.3,11.31,15119.0
2017-05-05 11:35:00,TWI,11.3374,11.37,11.33,11.35,7157.0
2017-05-05 11:30:00,TWI,11.39,11.4,11.33,11.33,2408.0
2017-05-05 11:25:00,TWI,11.41,11.43,11.38,11.38,1400.0
2017-05-05 11:20:00,TWI,11.45,11.45,11.36,11.41,13789.0
2017-05-05 11:15:00,TWI,11.38,11.46,11.32,11.46,8301.0
2017-05-05 11:10:00,TWI,11.36,11.3801,11.3,11.3801,11725.0
2017-05-05 11:05:00,TWI,11.27,11.38,11.27,11.36,6294.0
2017-05-05 11:00:00,TWI,11.26,11.29,11.235,11.27,6937.0
2017-05-05 10:55:00,TWI,11.271,11.276,11.25,11.25,5100.0
2017-05-05 10:50:00,TWI,11.31,11.33,11.245,11.27,12305.0
2017-05-05 10:45:00,TWI,11.3,11.31,11.28,11.29,2600.0
2017-05-05 10:40:00,TWI,11.28,11.3,11.26,11.29,2000.0
2017-05-05 10:35:00,TWI,11.27,11.31,11.27,11.27,900.0
2017-05-05 10:30:00,TWI,11.32,11.32,11.27,11.27,4400.0
2017-05-05 10:25:00,TWI,11.29,11.33,11.29,11.33,1400.0
2017-05-05 10:20:00,TWI,11.22,11.29,11.19,11.29,12385.0
2017-05-05 10:15:00,TWI,11.28,11.31,11.19,11.22,13806.0
2017-05-05 10:10:00,TWI,11.29,11.29,11.28,11.28,200.0
2017-05-05 10:05:00,TWI,11.24,11.27,11.21,11.26,4172.0
2017-05-05 10:00:00,TWI,11.29,11.29,11.24,11.26,800.0
2017-05-05 09:55:00,TWI,11.2741,11.32,11.265,11.32,1400.0
2017-05-05 09:50:00,TWI,11.29,11.36,11.26,11.26,4750.0
2017-05-05 09:45:00,TWI,11.32,11.32,11.24,11.27,3000.0
2017-05-05 09:40:00,TWI,11.4,11.4048,11.321,11.321,2500.0
2017-05-05 09:35:00,TWI,11.41,11.46,11.38,11.38,9838.0
2017-05-04 16:05:00,TWI,11.38,11.38,11.38,11.38,28429.0
2017-05-04 16:00:00,TWI,11.37,11.41,11.36,11.37,49347.0
2017-05-04 15:55:00,TWI,11.35,11.42,11.34,11.38,22506.0
2017-05-04 15:50:00,TWI,11.36,11.36,11.33,11.3401,25334.0
2017-05-04 15:45:00,TWI,11.35,11.385,11.35,11.36,15099.0
2017-05-04 15:40:00,TWI,11.34,11.35,11.33,11.34,9606.0
2017-05-04 15:35:00,TWI,11.31,11.37,11.29,11.35,11965.0
2017-05-04 15:30:00,TWI,11.32,11.37,11.31,11.31,6897.0
2017-05-04 15:25:00,TWI,11.26,11.32,11.26,11.32,7284.0
2017-05-04 15:20:00,TWI,11.35,11.35,11.26,11.26,8962.0
2017-05-04 15:15:00,TWI,11.41,11.42,11.32,11.36,17520.0
2017-05-04 15:10:00,TWI,11.38,11.47,11.36,11.4,11067.0
2017-05-04 15:05:00,TWI,11.34,11.38,11.31,11.36,8700.0
2017-05-04 15:00:00,TWI,11.29,11.4,11.29,11.34,8864.0
2017-05-04 14:55:00,TWI,11.3,11.32,11.27,11.3,4795.0
2017-05-04 14:50:00,TWI,11.31,11.35,11.235,11.31,14609.0
2017-05-04 14:45:00,TWI,11.175,11.3,11.175,11.3,5777.0
2017-05-04 14:40:00,TWI,11.18,11.1941,11.14,11.1941,6220.0
2017-05-04 14:35:00,TWI,11.18,11.233,11.17,11.17,3827.0
2017-05-04 14:30:00,TWI,11.11,11.29,11.1,11.18,9052.0
2017-05-04 14:25:00,TWI,11.14,11.17,11.06,11.1,5300.0
2017-05-04 14:20:00,TWI,11.22,11.22,11.035,11.15,8100.0
2017-05-04 14:15:00,TWI,11.08,11.27,11.07,11.27,13720.0
2017-05-04 14:10:00,TWI,11.01,11.07,11.01,11.065,2400.0
2017-05-04 14:05:00,TWI,11.03,11.24,11.03,11.0638,12631.0
2017-05-04 14:00:00,TWI,10.91,11.02,10.91,11.02,6873.0
2017-05-04 13:55:00,TWI,10.92,10.92,10.87,10.92,6778.0
2017-05-04 13:50:00,TWI,10.91,10.93,10.89,10.92,3369.0
2017-05-04 13:45:00,TWI,10.9,10.92,10.88,10.92,1511.0
2017-05-04 13:40:00,TWI,10.87,10.9,10.85,10.85,8002.0
2017-05-04 13:35:00,TWI,10.79,10.89,10.78,10.89,4567.0
2017-05-04 13:30:00,TWI,10.79,10.79,10.78,10.78,2600.0
2017-05-04 13:25:00,TWI,10.74,10.8,10.74,10.78,5744.0
2017-05-04 13:20:00,TWI,10.73,10.75,10.72,10.72,1700.0
2017-05-04 13:15:00,TWI,10.66,10.75,10.66,10.73,2489.0
2017-05-04 13:10:00,TWI,10.655,10.69,10.62,10.69,12288.0
2017-05-04 13:05:00,TWI,10.67,10.68,10.64,10.645,2200.0
2017-05-04 13:00:00,TWI,10.71,10.72,10.67,10.67,2309.0
2017-05-04 12:55:00,TWI,10.64,10.66,10.62,10.66,1852.0
2017-05-04 12:50:00,TWI,10.655,10.66,10.61,10.63,5513.0
2017-05-04 12:45:00,TWI,10.65,10.6899,10.615,10.64,1700.0
2017-05-04 12:40:00,TWI,10.67,10.67,10.605,10.64,4700.0
2017-05-04 12:35:00,TWI,10.74,10.77,10.7,10.73,6669.0
2017-05-04 12:30:00,TWI,10.815,10.84,10.72,10.72,3800.0
2017-05-04 12:25:00,TWI,10.9073,10.91,10.8,10.84,2526.0
2017-05-04 12:20:00,TWI,10.91,10.94,10.89,10.89,2957.0
2017-05-04 12:15:00,TWI,10.97,10.98,10.92,10.92,1457.0
2017-05-04 12:10:00,TWI,10.98,10.98,10.92,10.97,4401.0
2017-05-04 12:05:00,TWI,10.93,11.03,10.91,10.99,23637.0
2017-05-04 12:00:00,TWI,10.93,10.97,10.87,10.92,6130.0
2017-05-04 11:55:00,TWI,10.95,10.95,10.88,10.9,5007.0
2017-05-04 11:50:00,TWI,10.905,11.04,10.89,10.96,10533.0
2017-05-04 11:45:00,TWI,10.89,10.93,10.88,10.93,2600.0
2017-05-04 11:40:00,TWI,10.92,10.94,10.9,10.93,10100.0
2017-05-04 11:35:00,TWI,10.89,10.95,10.89,10.92,6330.0
2017-05-04 11:30:00,TWI,10.88,10.93,10.87,10.92,4100.0
2017-05-04 11:25:00,TWI,10.72,10.94,10.72,10.89,14778.0
2017-05-04 11:20:00,TWI,10.73,10.75,10.55,10.68,8013.0
2017-05-04 11:15:00,TWI,10.85,10.855,10.66,10.77,13032.0
2017-05-04 11:10:00,TWI,10.9156,10.9299,10.86,10.86,9549.0
2017-05-04 11:05:00,TWI,10.92,10.94,10.89,10.9,7325.0
2017-05-04 11:00:00,TWI,10.92,10.92,10.88,10.92,7300.0
2017-05-04 10:55:00,TWI,10.9,10.92,10.85,10.92,7129.0
2017-05-04 10:50:00,TWI,11.0119,11.02,10.81,10.9,16795.0
2017-05-04 10:45:00,TWI,11.005,11.01,10.99,11.0,10501.0
2017-05-04 10:40:00,TWI,11.04,11.09,10.94,10.99,16365.0
2017-05-04 10:35:00,TWI,11.25,11.26,11.06,11.06,10446.0
2017-05-04 10:30:00,TWI,11.26,11.29,11.23,11.23,9171.0
2017-05-04 10:25:00,TWI,11.36,11.369,11.23,11.24,8697.0
2017-05-04 10:20:00,TWI,11.26,11.35,11.2,11.25,42964.0
2017-05-04 10:15:00,TWI,11.465,11.465,11.21,11.25,12084.0
2017-05-04 10:10:00,TWI,11.53,11.55,11.33,11.42,23368.0
2017-05-04 10:05:00,TWI,11.97,11.97,11.49,11.535,24088.0
2017-05-04 10:00:00,TWI,11.88,12.12,11.83,12.0,58341.0
2017-05-04 09:55:00,TWI,11.58,11.89,11.54,11.827,41065.0
2017-05-04 09:50:00,TWI,11.51,11.62,11.46,11.58,13472.0
2017-05-04 09:45:00,TWI,11.15,11.65,11.12,11.51,24250.0
2017-05-04 09:40:00,TWI,10.59,11.36,10.585,11.21,38832.0
2017-05-04 09:35:00,TWI,10.36,10.74,9.91,10.59,28136.0
2017-05-04 09:30:00,TWI,10.36,10.36,10.36,10.36,100.0
2017-05-03 16:05:00,TWI,10.32,10.32,10.32,10.32,34313.0
2017-05-03 16:00:00,TWI,10.33,10.34,10.31,10.33,27050.0
2017-05-03 15:55:00,TWI,10.33,10.35,10.3,10.34,17521.0
2017-05-03 15:50:00,TWI,10.31,10.33,10.27,10.33,13728.0
2017-05-03 15:45:00,TWI,10.32,10.35,10.3,10.32,11056.0
2017-05-03 15:40:00,TWI,10.33,10.34,10.325,10.325,9982.0
2017-05-03 15:35:00,TWI,10.34,10.35,10.31,10.33,9711.0
2017-05-03 15:30:00,TWI,10.33,10.36,10.29,10.35,7876.0
2017-05-03 15:25:00,TWI,10.3101,10.36,10.3101,10.32,5922.0
2017-05-03 15:20:00,TWI,10.32,10.321,10.2901,10.32,4457.0
2017-05-03 15:15:00,TWI,10.34,10.34,10.32,10.32,3882.0
2017-05-03 15:10:00,TWI,10.35,10.37,10.33,10.34,8647.0
2017-05-03 15:05:00,TWI,10.33,10.37,10.325,10.36,4300.0
2017-05-03 15:00:00,TWI,10.3301,10.37,10.32,10.33,6509.0
2017-05-03 14:55:00,TWI,10.321,10.3301,10.32,10.3301,1100.0
2017-05-03 14:50:00,TWI,10.29,10.32,10.29,10.32,2534.0
2017-05-03 14:45:00,TWI,10.3,10.31,10.28,10.28,3000.0
2017-05-03 14:40:00,TWI,10.3,10.31,10.28,10.3,2800.0
2017-05-03 14:35:00,TWI,10.32,10.32,10.28,10.29,1610.0
2017-05-03 14:30:00,TWI,10.3,10.31,10.29,10.31,4100.0
2017-05-03 14:25:00,TWI,10.29,10.31,10.29,10.31,997.0
2017-05-03 14:20:00,TWI,10.32,10.35,10.29,10.29,7350.0
2017-05-03 14:15:00,TWI,10.34,10.34,10.31,10.31,2000.0
2017-05-03 14:10:00,TWI,10.37,10.38,10.34,10.35,1400.0
2017-05-03 14:05:00,TWI,10.34,10.37,10.34,10.36,2870.0
2017-05-03 14:00:00,TWI,10.33,10.34,10.33,10.34,1378.0
2017-05-03 13:55:00,TWI,10.31,10.3101,10.31,10.3101,200.0
2017-05-03 13:50:00,TWI,10.32,10.33,10.32,10.33,800.0
2017-05-03 13:45:00,TWI,10.32,10.33,10.32,10.33,400.0
2017-05-03 13:40:00,TWI,10.301,10.33,10.301,10.32,2290.0
2017-05-03 13:35:00,TWI,10.32,10.32,10.3,10.3,600.0
2017-05-03 13:30:00,TWI,10.34,10.34,10.29,10.32,2792.0
2017-05-03 13:25:00,TWI,10.35,10.36,10.34,10.35,1300.0
2017-05-03 13:20:00,TWI,10.35,10.35,10.35,10.35,617.0
2017-05-03 13:15:00,TWI,10.35,10.3599,10.3401,10.35,2900.0
2017-05-03 13:10:00,TWI,10.35,10.36,10.34,10.35,826.0
2017-05-03 13:05:00,TWI,10.34,10.36,10.3201,10.36,2100.0
2017-05-03 13:00:00,TWI,10.3,10.33,10.29,10.33,2300.0
2017-05-03 12:50:00,TWI,10.33,10.33,10.29,10.31,5559.0
2017-05-03 12:45:00,TWI,10.33,10.34,10.32,10.33,2500.0
2017-05-03 12:40:00,TWI,10.301,10.32,10.3,10.32,1450.0
2017-05-03 12:35:00,TWI,10.33,10.33,10.31,10.32,700.0
2017-05-03 12:30:00,TWI,10.3,10.32,10.3,10.32,1500.0
2017-05-03 12:25:00,TWI,10.32,10.33,10.29,10.29,1424.0
2017-05-03 12:20:00,TWI,10.33,10.34,10.32,10.32,2300.0
2017-05-03 12:15:00,TWI,10.36,10.36,10.32,10.32,1800.0
2017-05-03 12:10:00,TWI,10.36,10.36,10.36,10.36,500.0
2017-05-03 12:05:00,TWI,10.36,10.36,10.35,10.36,2336.0
2017-05-03 12:00:00,TWI,10.37,10.38,10.36,10.37,1200.0
2017-05-03 11:55:00,TWI,10.37,10.38,10.36,10.36,1000.0
2017-05-03 11:50:00,TWI,10.38,10.4,10.35,10.37,4831.0
2017-05-03 11:45:00,TWI,10.4,10.4,10.4,10.4,800.0
2017-05-03 11:40:00,TWI,10.39,10.42,10.39,10.42,1773.0
2017-05-03 11:35:00,TWI,10.38,10.4,10.38,10.39,1900.0
2017-05-03 11:30:00,TWI,10.34,10.37,10.34,10.37,2200.0
2017-05-03 11:25:00,TWI,10.37,10.38,10.36,10.36,5500.0
2017-05-03 11:20:00,TWI,10.34,10.37,10.34,10.37,1713.0
2017-05-03 11:15:00,TWI,10.32,10.35,10.32,10.34,2198.0
2017-05-03 11:10:00,TWI,10.2845,10.32,10.2845,10.32,3100.0
2017-05-03 11:05:00,TWI,10.32,10.32,10.3,10.3,2478.0
2017-05-03 11:00:00,TWI,10.26,10.32,10.26,10.32,2100.0
2017-05-03 10:55:00,TWI,10.25,10.26,10.23,10.26,7112.0
2017-05-19 16:05:00,TWI,10.44,10.44,10.44,10.44,36265.0
2017-05-04 14:55:00,TWI,11.3,11.32,11.27,11.3,4795.0
2017-05-04 14:50:00,TWI,11.31,11.35,11.235,11.31,14609.0
2017-05-04 14:45:00,TWI,11.175,11.3,11.175,11.3,5777.0
2017-05-04 14:40:00,TWI,11.18,11.1941,11.14,11.1941,6220.0
2017-05-04 14:35:00,TWI,11.18,11.233,11.17,11.17,3827.0
2017-05-04 14:30:00,TWI,11.11,11.29,11.1,11.18,9052.0
2017-05-04 14:25:00,TWI,11.14,11.17,11.06,11.1,5300.0
2017-05-04 14:20:00,TWI,11.22,11.22,11.035,11.15,8100.0
2017-05-04 14:15:00,TWI,11.08,11.27,11.07,11.27,13720.0
2017-05-04 14:10:00,TWI,11.01,11.07,11.01,11.065,2400.0
2017-05-04 14:05:00,TWI,11.03,11.24,11.03,11.0638,12631.0
2017-05-04 14:00:00,TWI,10.91,11.02,10.91,11.02,6873.0
2017-05-04 13:55:00,TWI,10.92,10.92,10.87,10.92,6778.0
2017-05-04 13:50:00,TWI,10.91,10.93,10.89,10.92,3369.0
2017-05-04 13:45:00,TWI,10.9,10.92,10.88,10.92,1511.0
2017-05-04 13:40:00,TWI,10.87,10.9,10.85,10.85,8002.0
2017-05-04 13:35:00,TWI,10.79,10.89,10.78,10.89,4567.0
2017-05-04 13:30:00,TWI,10.79,10.79,10.78,10.78,2600.0
2017-05-04 13:25:00,TWI,10.74,10.8,10.74,10.78,5744.0
2017-05-04 13:20:00,TWI,10.73,10.75,10.72,10.72,1700.0
2017-05-04 13:15:00,TWI,10.66,10.75,10.66,10.73,2489.0
2017-05-04 13:10:00,TWI,10.655,10.69,10.62,10.69,12288.0
2017-05-04 13:05:00,TWI,10.67,10.68,10.64,10.645,2200.0
2017-05-04 13:00:00,TWI,10.71,10.72,10.67,10.67,2309.0
2017-05-04 12:55:00,TWI,10.64,10.66,10.62,10.66,1852.0
2017-05-04 12:50:00,TWI,10.655,10.66,10.61,10.63,5513.0
2017-05-04 12:45:00,TWI,10.65,10.6899,10.615,10.64,1700.0
2017-05-04 12:40:00,TWI,10.67,10.67,10.605,10.64,4700.0
2017-05-04 12:35:00,TWI,10.74,10.77,10.7,10.73,6669.0
2017-05-04 12:30:00,TWI,10.815,10.84,10.72,10.72,3800.0
2017-05-04 12:25:00,TWI,10.9073,10.91,10.8,10.84,2526.0
2017-05-04 12:20:00,TWI,10.91,10.94,10.89,10.89,2957.0
2017-05-04 12:15:00,TWI,10.97,10.98,10.92,10.92,1457.0
2017-05-04 12:10:00,TWI,10.98,10.98,10.92,10.97,4401.0
2017-05-04 12:05:00,TWI,10.93,11.03,10.91,10.99,23637.0
2017-05-04 12:00:00,TWI,10.93,10.97,10.87,10.92,6130.0
2017-05-04 11:55:00,TWI,10.95,10.95,10.88,10.9,5007.0
2017-05-04 11:50:00,TWI,10.905,11.04,10.89,10.96,10533.0
2017-05-04 11:45:00,TWI,10.89,10.93,10.88,10.93,2600.0
2017-05-04 11:40:00,TWI,10.92,10.94,10.9,10.93,10100.0
2017-05-04 11:35:00,TWI,10.89,10.95,10.89,10.92,6330.0
2017-05-04 11:30:00,TWI,10.88,10.93,10.87,10.92,4100.0
2017-05-04 11:25:00,TWI,10.72,10.94,10.72,10.89,14778.0
2017-05-04 11:20:00,TWI,10.73,10.75,10.55,10.68,8013.0
2017-05-04 11:15:00,TWI,10.85,10.855,10.66,10.77,13032.0
2017-05-04 11:10:00,TWI,10.9156,10.9299,10.86,10.86,9549.0
2017-05-04 11:05:00,TWI,10.92,10.94,10.89,10.9,7325.0
2017-05-04 11:00:00,TWI,10.92,10.92,10.88,10.92,7300.0
2017-05-04 10:55:00,TWI,10.9,10.92,10.85,10.92,7129.0
2017-05-04 10:50:00,TWI,11.0119,11.02,10.81,10.9,16795.0
2017-05-04 10:45:00,TWI,11.005,11.01,10.99,11.0,10501.0
2017-05-04 10:40:00,TWI,11.04,11.09,10.94,10.99,16365.0
2017-05-04 10:35:00,TWI,11.25,11.26,11.06,11.06,10446.0
2017-05-04 10:30:00,TWI,11.26,11.29,11.23,11.23,9171.0
2017-05-04 10:25:00,TWI,11.36,11.369,11.23,11.24,8697.0
2017-05-04 10:20:00,TWI,11.26,11.35,11.2,11.25,42964.0
2017-05-04 10:15:00,TWI,11.465,11.465,11.21,11.25,12084.0
2017-05-04 10:10:00,TWI,11.53,11.55,11.33,11.42,23368.0
2017-05-04 10:05:00,TWI,11.97,11.97,11.49,11.535,24088.0
2017-05-04 10:00:00,TWI,11.88,12.12,11.83,12.0,58341.0
2017-05-04 09:55:00,TWI,11.58,11.89,11.54,11.827,41065.0
2017-05-04 09:50:00,TWI,11.51,11.62,11.46,11.58,13472.0
2017-05-04 09:45:00,TWI,11.15,11.65,11.12,11.51,24250.0
2017-05-04 09:40:00,TWI,10.59,11.36,10.585,11.21,38832.0
2017-05-04 09:35:00,TWI,10.36,10.74,9.91,10.59,28136.0
2017-05-04 09:30:00,TWI,10.36,10.36,10.36,10.36,100.0
2017-05-03 16:05:00,TWI,10.32,10.32,10.32,10.32,34313.0
2017-05-03 16:00:00,TWI,10.33,10.34,10.31,10.33,27050.0
2017-05-03 15:55:00,TWI,10.33,10.35,10.3,10.34,17521.0
2017-05-03 15:50:00,TWI,10.31,10.33,10.27,10.33,13728.0
2017-05-03 15:45:00,TWI,10.32,10.35,10.3,10.32,11056.0
2017-05-03 15:40:00,TWI,10.33,10.34,10.325,10.325,9982.0
2017-05-03 15:35:00,TWI,10.34,10.35,10.31,10.33,9711.0
2017-05-03 15:30:00,TWI,10.33,10.36,10.29,10.35,7876.0
2017-05-03 15:25:00,TWI,10.3101,10.36,10.3101,10.32,5922.0
2017-05-03 15:20:00,TWI,10.32,10.321,10.2901,10.32,4457.0
2017-05-03 15:15:00,TWI,10.34,10.34,10.32,10.32,3882.0
2017-05-03 15:10:00,TWI,10.35,10.37,10.33,10.34,8647.0
2017-05-03 15:05:00,TWI,10.33,10.37,10.325,10.36,4300.0
2017-05-03 15:00:00,TWI,10.3301,10.37,10.32,10.33,6509.0
2017-05-03 14:55:00,TWI,10.321,10.3301,10.32,10.3301,1100.0
2017-05-03 14:50:00,TWI,10.29,10.32,10.29,10.32,2534.0
2017-05-03 14:45:00,TWI,10.3,10.31,10.28,10.28,3000.0
2017-05-03 14:40:00,TWI,10.3,10.31,10.28,10.3,2800.0
2017-05-03 14:35:00,TWI,10.32,10.32,10.28,10.29,1610.0
2017-05-03 14:30:00,TWI,10.3,10.31,10.29,10.31,4100.0
2017-05-03 14:25:00,TWI,10.29,10.31,10.29,10.31,997.0
2017-05-03 14:20:00,TWI,10.32,10.35,10.29,10.29,7350.0
2017-05-03 14:15:00,TWI,10.34,10.34,10.31,10.31,2000.0
2017-05-03 14:10:00,TWI,10.37,10.38,10.34,10.35,1400.0
2017-05-03 14:05:00,TWI,10.34,10.37,10.34,10.36,2870.0
2017-05-03 14:00:00,TWI,10.33,10.34,10.33,10.34,1378.0
2017-05-03 13:55:00,TWI,10.31,10.3101,10.31,10.3101,200.0
2017-05-03 13:50:00,TWI,10.32,10.33,10.32,10.33,800.0
2017-05-03 13:45:00,TWI,10.32,10.33,10.32,10.33,400.0
2017-05-03 13:40:00,TWI,10.301,10.33,10.301,10.32,2290.0
2017-05-03 13:35:00,TWI,10.32,10.32,10.3,10.3,600.0
2017-05-03 13:30:00,TWI,10.34,10.34,10.29,10.32,2792.0
2017-05-03 13:25:00,TWI,10.35,10.36,10.34,10.35,1300.0
2017-05-03 13:20:00,TWI,10.35,10.35,10.35,10.35,617.0
2017-05-03 13:15:00,TWI,10.35,10.3599,10.3401,10.35,2900.0
2017-05-03 13:10:00,TWI,10.35,10.36,10.34,10.35,826.0
2017-05-03 13:05:00,TWI,10.34,10.36,10.3201,10.36,2100.0
2017-05-03 13:00:00,TWI,10.3,10.33,10.29,10.33,2300.0
2017-05-03 12:50:00,TWI,10.33,10.33,10.29,10.31,5559.0
2017-05-03 12:45:00,TWI,10.33,10.34,10.32,10.33,2500.0
2017-05-03 12:40:00,TWI,10.301,10.32,10.3,10.32,1450.0
2017-05-03 12:35:00,TWI,10.33,10.33,10.31,10.32,700.0
2017-05-03 12:30:00,TWI,10.3,10.32,10.3,10.32,1500.0
2017-05-03 12:25:00,TWI,10.32,10.33,10.29,10.29,1424.0
2017-05-03 12:20:00,TWI,10.33,10.34,10.32,10.32,2300.0
2017-05-03 12:15:00,TWI,10.36,10.36,10.32,10.32,1800.0
2017-05-03 12:10:00,TWI,10.36,10.36,10.36,10.36,500.0
2017-05-03 12:05:00,TWI,10.36,10.36,10.35,10.36,2336.0
2017-05-03 12:00:00,TWI,10.37,10.38,10.36,10.37,1200.0
2017-05-03 11:55:00,TWI,10.37,10.38,10.36,10.36,1000.0
2017-05-03 11:50:00,TWI,10.38,10.4,10.35,10.37,4831.0
2017-05-03 11:45:00,TWI,10.4,10.4,10.4,10.4,800.0
2017-05-03 11:40:00,TWI,10.39,10.42,10.39,10.42,1773.0
2017-05-03 11:35:00,TWI,10.38,10.4,10.38,10.39,1900.0
2017-05-03 11:30:00,TWI,10.34,10.37,10.34,10.37,2200.0
2017-05-03 11:25:00,TWI,10.37,10.38,10.36,10.36,5500.0
2017-05-03 11:20:00,TWI,10.34,10.37,10.34,10.37,1713.0
2017-05-03 11:15:00,TWI,10.32,10.35,10.32,10.34,2198.0
2017-05-03 11:10:00,TWI,10.2845,10.32,10.2845,10.32,3100.0
2017-05-03 11:05:00,TWI,10.32,10.32,10.3,10.3,2478.0
2017-05-03 11:00:00,TWI,10.26,10.32,10.26,10.32,2100.0
2017-05-03 10:55:00,TWI,10.25,10.26,10.23,10.26,7112.0
2017-05-23 16:05:00,TWI,10.63,10.63,10.63,10.63,25389.0
2017-05-23 16:00:00,TWI,10.65,10.65,10.63,10.64,12840.0
2017-05-23 15:55:00,TWI,10.64,10.66,10.64,10.65,4200.0
2017-05-23 15:50:00,TWI,10.64,10.65,10.62,10.64,10922.0
2017-05-23 15:45:00,TWI,10.67,10.67,10.64,10.64,3937.0
2017-05-23 15:40:00,TWI,10.64,10.66,10.64,10.66,5580.0
2017-05-23 15:35:00,TWI,10.66,10.665,10.64,10.64,2298.0
2017-05-23 15:30:00,TWI,10.66,10.67,10.66,10.665,1700.0
2017-05-23 15:25:00,TWI,10.67,10.675,10.66,10.67,1900.0
2017-05-23 15:20:00,TWI,10.7,10.7,10.68,10.68,1932.0
2017-05-23 15:15:00,TWI,10.7,10.7,10.69,10.7,600.0
2017-05-23 15:10:00,TWI,10.67,10.69,10.67,10.69,2352.0
2017-05-23 15:05:00,TWI,10.65,10.67,10.65,10.67,8801.0
2017-05-23 15:00:00,TWI,10.66,10.67,10.65,10.655,10571.0
2017-05-23 14:55:00,TWI,10.67,10.675,10.64,10.66,1982.0
2017-05-23 14:50:00,TWI,10.67,10.69,10.67,10.68,5182.0
2017-05-23 14:45:00,TWI,10.66,10.67,10.66,10.66,1000.0
2017-05-23 14:40:00,TWI,10.64,10.655,10.64,10.65,2035.0
2017-05-23 14:35:00,TWI,10.64,10.65,10.64,10.64,1601.0
2017-05-23 14:30:00,TWI,10.6297,10.64,10.6297,10.64,900.0
2017-05-23 14:25:00,TWI,10.62,10.63,10.62,10.63,1737.0
2017-05-23 14:20:00,TWI,10.61,10.62,10.61,10.615,500.0
2017-05-23 14:15:00,TWI,10.6099,10.6099,10.6,10.6,1000.0
2017-05-23 14:10:00,TWI,10.59,10.6,10.59,10.6,1998.0
2017-05-23 14:05:00,TWI,10.58,10.59,10.58,10.585,400.0
2017-05-23 14:00:00,TWI,10.57,10.58,10.57,10.58,850.0
2017-05-23 13:55:00,TWI,10.58,10.59,10.575,10.58,3000.0
2017-05-23 13:50:00,TWI,10.55,10.57,10.54,10.57,2600.0
2017-05-23 13:45:00,TWI,10.54,10.55,10.54,10.55,400.0
2017-05-23 13:40:00,TWI,10.58,10.58,10.56,10.56,2060.0
2017-05-23 13:35:00,TWI,10.59,10.59,10.59,10.59,200.0
2017-05-23 13:30:00,TWI,10.59,10.59,10.57,10.59,800.0
2017-05-23 13:25:00,TWI,10.6,10.605,10.58,10.59,3096.0
2017-05-23 13:20:00,TWI,10.61,10.61,10.6099,10.6099,900.0
2017-05-23 13:15:00,TWI,10.61,10.61,10.6001,10.6001,2000.0
2017-05-23 13:10:00,TWI,10.6,10.61,10.6,10.61,2011.0
2017-05-23 13:05:00,TWI,10.59,10.59,10.59,10.59,600.0
2017-05-23 13:00:00,TWI,10.58,10.59,10.58,10.58,3056.0
2017-05-23 12:55:00,TWI,10.58,10.59,10.58,10.58,700.0
2017-05-23 12:50:00,TWI,10.6,10.6,10.59,10.59,1500.0
2017-05-23 12:45:00,TWI,10.63,10.64,10.6,10.61,3658.0
2017-05-23 12:40:00,TWI,10.62,10.655,10.62,10.63,4517.0
2017-05-23 12:35:00,TWI,10.62,10.62,10.62,10.62,100.0
2017-05-23 12:30:00,TWI,10.67,10.67,10.64,10.64,1400.0
2017-05-23 12:25:00,TWI,10.71,10.71,10.69,10.69,839.0
2017-05-23 12:20:00,TWI,10.77,10.77,10.7,10.7,5723.0
2017-05-23 12:15:00,TWI,10.75,10.77,10.75,10.77,1200.0
2017-05-23 12:10:00,TWI,10.73,10.74,10.72,10.74,6400.0
2017-05-23 12:05:00,TWI,10.7,10.72,10.7,10.72,2627.0
2017-05-23 12:00:00,TWI,10.72,10.725,10.7,10.7,4145.0
2017-05-23 11:55:00,TWI,10.73,10.76,10.72,10.72,1528.0
2017-05-23 11:50:00,TWI,10.71,10.73,10.71,10.73,3548.0
2017-05-23 11:45:00,TWI,10.7,10.71,10.7,10.71,1300.0
2017-05-23 11:40:00,TWI,10.62,10.69,10.615,10.69,29262.0
2017-05-23 11:35:00,TWI,10.63,10.63,10.62,10.62,1157.0
2017-05-23 11:30:00,TWI,10.63,10.64,10.62,10.6247,3730.0
2017-05-23 11:25:00,TWI,10.63,10.63,10.63,10.63,1200.0
2017-05-23 11:20:00,TWI,10.64,10.65,10.63,10.64,8517.0
2017-05-23 11:15:00,TWI,10.63,10.65,10.63,10.65,1500.0
2017-05-23 11:10:00,TWI,10.62,10.64,10.6199,10.62,2700.0
2017-05-23 11:05:00,TWI,10.6,10.62,10.6,10.61,500.0
2017-05-23 11:00:00,TWI,10.57,10.6,10.57,10.6,2900.0
2017-05-23 10:55:00,TWI,10.56,10.58,10.56,10.58,1000.0
2017-05-23 10:50:00,TWI,10.52,10.56,10.52,10.55,2459.0
2017-05-23 10:45:00,TWI,10.49,10.53,10.49,10.53,2659.0
2017-05-23 10:40:00,TWI,10.49,10.49,10.48,10.485,3234.0
2017-05-23 10:35:00,TWI,10.46,10.52,10.46,10.51,2633.0
2017-05-23 10:30:00,TWI,10.43,10.44,10.43,10.44,1400.0
2017-05-23 10:25:00,TWI,10.41,10.43,10.4,10.43,1677.0
2017-05-23 10:20:00,TWI,10.39,10.4,10.39,10.4,1000.0
2017-05-23 10:15:00,TWI,10.4,10.4,10.36,10.4,1900.0
2017-05-23 10:10:00,TWI,10.39,10.41,10.37,10.41,2500.0
2017-05-23 10:05:00,TWI,10.34,10.39,10.34,10.38,1200.0
2017-05-23 10:00:00,TWI,10.42,10.42,10.4,10.4,900.0
2017-05-23 09:55:00,TWI,10.44,10.44,10.44,10.44,100.0
2017-05-23 09:50:00,TWI,10.5,10.5,10.45,10.45,1900.0
2017-05-23 09:45:00,TWI,10.46,10.52,10.46,10.4899,1632.0
2017-05-23 09:40:00,TWI,10.49,10.49,10.46,10.46,995.0
2017-05-23 09:35:00,TWI,10.49,10.5,10.47,10.5,2144.0
2017-05-22 16:05:00,TWI,10.46,10.46,10.46,10.46,16534.0
2017-05-22 16:00:00,TWI,10.47,10.48,10.47,10.47,18466.0
2017-05-22 15:55:00,TWI,10.465,10.48,10.46,10.47,14411.0
2017-05-22 15:50:00,TWI,10.47,10.47,10.45,10.465,10567.0
2017-05-22 15:45:00,TWI,10.475,10.48,10.47,10.475,2000.0
2017-05-22 15:40:00,TWI,10.46,10.49,10.45,10.475,11600.0
2017-05-22 15:35:00,TWI,10.47,10.48,10.46,10.46,7348.0
2017-05-22 15:30:00,TWI,10.46,10.47,10.45,10.465,4300.0
2017-05-22 15:25:00,TWI,10.44,10.46,10.44,10.46,2165.0
2017-05-22 15:20:00,TWI,10.45,10.46,10.45,10.45,3961.0
2017-05-22 15:15:00,TWI,10.47,10.48,10.44,10.445,5037.0
2017-05-22 15:10:00,TWI,10.47,10.475,10.465,10.47,3482.0
2017-05-22 15:05:00,TWI,10.46,10.47,10.46,10.4653,2400.0
2017-05-22 15:00:00,TWI,10.47,10.48,10.45,10.46,3402.0
2017-05-22 14:55:00,TWI,10.48,10.48,10.48,10.48,100.0
2017-05-22 14:50:00,TWI,10.48,10.49,10.4726,10.48,2272.0
2017-05-22 14:45:00,TWI,10.49,10.49,10.47,10.47,1100.0
2017-05-22 14:40:00,TWI,10.47,10.48,10.47,10.48,1400.0
2017-05-22 14:35:00,TWI,10.48,10.49,10.48,10.48,1899.0
