2017-05-19 16:30:00,UCTT,21.56,21.56,21.56,21.56,272.0
2017-05-19 16:05:00,UCTT,21.59,21.59,21.59,21.59,244108.0
2017-05-19 16:00:00,UCTT,21.595,21.6,21.57,21.59,17380.0
2017-05-19 15:55:00,UCTT,21.59,21.6399,21.58,21.59,10866.0
2017-05-19 15:50:00,UCTT,21.54,21.58,21.54,21.58,6803.0
2017-05-19 15:45:00,UCTT,21.59,21.609,21.55,21.55,10768.0
2017-05-19 15:40:00,UCTT,21.57,21.57,21.53,21.56,12920.0
2017-05-19 15:35:00,UCTT,21.53,21.57,21.51,21.57,4300.0
2017-05-19 15:30:00,UCTT,21.5726,21.6,21.53,21.53,7929.0
2017-05-19 15:25:00,UCTT,21.57,21.61,21.57,21.57,3025.0
2017-05-19 15:20:00,UCTT,21.611,21.65,21.57,21.57,4916.0
2017-05-19 15:15:00,UCTT,21.62,21.6375,21.57,21.6375,4950.0
2017-05-19 15:10:00,UCTT,21.65,21.66,21.62,21.63,2600.0
2017-05-19 15:05:00,UCTT,21.675,21.69,21.63,21.65,13976.0
2017-05-19 15:00:00,UCTT,21.72,21.72,21.66,21.675,5595.0
2017-05-19 14:55:00,UCTT,21.72,21.74,21.72,21.74,773.0
2017-05-19 14:50:00,UCTT,21.77,21.77,21.73,21.735,2100.0
2017-05-19 14:45:00,UCTT,21.74,21.7699,21.72,21.7699,3849.0
2017-05-19 14:40:00,UCTT,21.77,21.78,21.74,21.74,5835.0
2017-05-19 14:35:00,UCTT,21.75,21.78,21.74,21.77,3030.0
2017-05-19 14:30:00,UCTT,21.75,21.76,21.7201,21.76,3300.0
2017-05-19 14:25:00,UCTT,21.76,21.76,21.735,21.75,3300.0
2017-05-19 14:20:00,UCTT,21.741,21.76,21.73,21.75,16300.0
2017-05-19 14:15:00,UCTT,21.75,21.755,21.72,21.74,5755.0
2017-05-19 14:10:00,UCTT,21.67,21.77,21.67,21.77,5664.0
2017-05-19 14:05:00,UCTT,21.65,21.73,21.65,21.71,6030.0
2017-05-19 14:00:00,UCTT,21.62,21.65,21.61,21.64,1200.0
2017-05-19 13:55:00,UCTT,21.556,21.61,21.556,21.5884,1987.0
2017-05-19 13:50:00,UCTT,21.54,21.59,21.5,21.5647,17570.0
2017-05-19 13:45:00,UCTT,21.51,21.55,21.485,21.55,8300.0
2017-05-19 13:40:00,UCTT,21.47,21.55,21.46,21.52,8401.0
2017-05-19 13:35:00,UCTT,21.48,21.48,21.46,21.47,2430.0
2017-05-19 13:30:00,UCTT,21.49,21.5,21.48,21.49,4811.0
2017-05-19 13:25:00,UCTT,21.49,21.5,21.48,21.4864,3956.0
2017-05-19 13:20:00,UCTT,21.49,21.5,21.468,21.49,6853.0
2017-05-19 13:15:00,UCTT,21.54,21.5512,21.5,21.5,7150.0
2017-05-19 13:10:00,UCTT,21.545,21.55,21.53,21.5484,2900.0
2017-05-19 13:05:00,UCTT,21.55,21.57,21.53,21.545,13385.0
2017-05-19 13:00:00,UCTT,21.58,21.6,21.53,21.54,8014.0
2017-05-19 12:55:00,UCTT,21.59,21.59,21.56,21.57,3293.0
2017-05-19 12:50:00,UCTT,21.61,21.62,21.59,21.59,2992.0
2017-05-19 12:45:00,UCTT,21.616,21.62,21.59,21.6006,3000.0
2017-05-19 12:40:00,UCTT,21.6168,21.65,21.6168,21.6287,6600.0
2017-05-19 12:35:00,UCTT,21.61,21.641,21.6,21.6188,8900.0
2017-05-19 12:30:00,UCTT,21.57,21.64,21.57,21.6,1800.0
2017-05-19 12:25:00,UCTT,21.55,21.585,21.55,21.585,700.0
2017-05-19 12:20:00,UCTT,21.59,21.59,21.55,21.5606,6100.0
2017-05-19 12:15:00,UCTT,21.59,21.6199,21.59,21.5997,4782.0
2017-05-19 12:10:00,UCTT,21.54,21.605,21.54,21.605,5735.0
2017-05-19 12:05:00,UCTT,21.56,21.59,21.53,21.53,9064.0
2017-05-19 12:00:00,UCTT,21.58,21.58,21.54,21.5622,7291.0
2017-05-19 11:55:00,UCTT,21.5799,21.61,21.546,21.58,7000.0
2017-05-19 11:50:00,UCTT,21.57,21.59,21.5465,21.5601,13139.0
2017-05-19 11:45:00,UCTT,21.635,21.66,21.58,21.58,5950.0
2017-05-19 11:40:00,UCTT,21.59,21.63,21.59,21.63,5200.0
2017-05-19 11:35:00,UCTT,21.63,21.6687,21.55,21.56,7530.0
2017-05-19 11:30:00,UCTT,21.6,21.65,21.59,21.65,2675.0
2017-05-19 11:25:00,UCTT,21.67,21.68,21.6,21.61,7850.0
2017-05-19 11:20:00,UCTT,21.57,21.68,21.55,21.67,20338.0
2017-05-19 11:15:00,UCTT,21.54,21.639,21.53,21.57,5334.0
2017-05-19 11:10:00,UCTT,21.5899,21.5899,21.52,21.52,2139.0
2017-05-19 11:05:00,UCTT,21.535,21.57,21.519,21.56,3900.0
2017-05-19 11:00:00,UCTT,21.485,21.52,21.485,21.52,1100.0
2017-05-19 10:55:00,UCTT,21.49,21.52,21.4598,21.505,4600.0
2017-05-19 10:50:00,UCTT,21.49,21.49,21.47,21.49,800.0
2017-05-19 10:45:00,UCTT,21.525,21.53,21.45,21.49,5668.0
2017-05-19 10:40:00,UCTT,21.54,21.54,21.47,21.5299,10408.0
2017-05-19 10:35:00,UCTT,21.56,21.5654,21.52,21.52,1050.0
2017-05-19 10:30:00,UCTT,21.42,21.5899,21.42,21.525,9636.0
2017-05-19 10:25:00,UCTT,21.4899,21.49,21.39,21.4315,18944.0
2017-05-19 10:20:00,UCTT,21.6099,21.6099,21.45,21.4822,10816.0
2017-05-19 10:15:00,UCTT,21.61,21.6436,21.55,21.58,2983.0
2017-05-19 10:10:00,UCTT,21.56,21.65,21.56,21.585,4440.0
2017-05-19 10:05:00,UCTT,21.669,21.669,21.53,21.565,4315.0
2017-05-19 10:00:00,UCTT,21.6341,21.67,21.62,21.6384,2489.0
2017-05-19 09:55:00,UCTT,21.7424,21.7424,21.52,21.641,18302.0
2017-05-19 09:50:00,UCTT,21.6876,21.8,21.67,21.74,10752.0
2017-05-19 09:45:00,UCTT,21.8,21.8999,21.62,21.7311,11636.0
2017-05-19 09:40:00,UCTT,21.85,21.95,21.63,21.9235,28360.0
2017-05-19 09:35:00,UCTT,21.85,22.23,21.6911,21.85,63298.0
2017-05-19 09:30:00,UCTT,22.08,22.08,21.86,21.86,1235.0
2017-05-19 08:50:00,UCTT,22.08,22.08,22.08,22.08,100.0
2017-05-19 08:35:00,UCTT,22.0,22.0,22.0,22.0,300.0
2017-05-19 08:20:00,UCTT,22.6,22.6,22.26,22.49,1000.0
2017-05-19 08:05:00,UCTT,21.95,21.95,21.95,21.95,200.0
2017-05-18 17:50:00,UCTT,21.65,21.65,21.65,21.65,200.0
2017-05-18 16:50:00,UCTT,21.6,21.6,21.6,21.6,400.0
2017-05-18 16:05:00,UCTT,21.45,21.6,21.45,21.6,243221.0
2017-05-18 16:00:00,UCTT,21.51,21.52,21.44,21.44,33825.0
2017-05-18 15:55:00,UCTT,21.55,21.55,21.49,21.52,23342.0
2017-05-18 15:50:00,UCTT,21.44,21.52,21.44,21.52,10776.0
2017-05-18 15:45:00,UCTT,21.448,21.46,21.44,21.44,6635.0
2017-05-18 15:40:00,UCTT,21.44,21.47,21.42,21.458,13464.0
2017-05-18 15:35:00,UCTT,21.46,21.49,21.45,21.45,4655.0
2017-05-18 15:30:00,UCTT,21.43,21.49,21.42,21.46,12572.0
2017-05-18 15:25:00,UCTT,21.36,21.42,21.36,21.41,4550.0
2017-05-18 15:20:00,UCTT,21.36,21.37,21.36,21.36,1400.0
2017-05-18 15:15:00,UCTT,21.4,21.41,21.37,21.3752,2300.0
2017-05-18 15:10:00,UCTT,21.38,21.41,21.36,21.4,3858.0
2017-05-18 15:05:00,UCTT,21.4,21.4,21.38,21.3891,2235.0
2017-05-18 15:00:00,UCTT,21.39,21.4,21.384,21.39,6325.0
2017-05-18 14:55:00,UCTT,21.45,21.45,21.38,21.4059,5983.0
2017-05-18 14:50:00,UCTT,21.49,21.49,21.415,21.43,7255.0
2017-05-18 14:45:00,UCTT,21.45,21.47,21.4405,21.45,12313.0
2017-05-18 14:40:00,UCTT,21.42,21.46,21.42,21.438,2825.0
2017-05-18 14:35:00,UCTT,21.45,21.459,21.41,21.4393,7852.0
2017-05-18 14:30:00,UCTT,21.45,21.45,21.4,21.42,2508.0
2017-05-18 14:25:00,UCTT,21.41,21.48,21.38,21.45,11049.0
2017-05-18 14:20:00,UCTT,21.4,21.429,21.39,21.395,8173.0
2017-05-18 14:15:00,UCTT,21.46,21.47,21.3836,21.4,6475.0
2017-05-18 14:10:00,UCTT,21.46,21.46,21.425,21.4503,9648.0
2017-05-18 14:05:00,UCTT,21.39,21.475,21.37,21.47,3426.0
2017-05-18 14:00:00,UCTT,21.37,21.45,21.37,21.37,4901.0
2017-05-18 13:55:00,UCTT,21.3101,21.38,21.31,21.3781,4400.0
2017-05-18 13:50:00,UCTT,21.35,21.36,21.3108,21.3108,6181.0
2017-05-18 13:45:00,UCTT,21.33,21.35,21.325,21.33,4334.0
2017-05-18 13:40:00,UCTT,21.2574,21.3202,21.23,21.3202,6582.0
2017-05-18 13:35:00,UCTT,21.25,21.269,21.21,21.24,2259.0
2017-05-18 13:30:00,UCTT,21.319,21.319,21.24,21.26,7306.0
2017-05-18 13:25:00,UCTT,21.27,21.31,21.26,21.31,1750.0
2017-05-18 13:20:00,UCTT,21.17,21.3,21.1672,21.26,11943.0
2017-05-18 13:15:00,UCTT,21.2,21.21,21.15,21.15,8346.0
2017-05-18 13:10:00,UCTT,21.22,21.2542,21.2,21.21,5890.0
2017-05-18 13:05:00,UCTT,21.23,21.26,21.23,21.2599,2800.0
2017-05-18 13:00:00,UCTT,21.21,21.22,21.19,21.22,1826.0
2017-05-18 12:55:00,UCTT,21.12,21.19,21.12,21.19,1337.0
2017-05-18 12:50:00,UCTT,21.1,21.13,21.095,21.13,2594.0
2017-05-18 12:45:00,UCTT,21.13,21.1373,21.08,21.13,4143.0
2017-05-18 12:40:00,UCTT,21.2,21.2,21.12,21.14,2592.0
2017-05-18 12:35:00,UCTT,21.18,21.22,21.1514,21.22,2300.0
2017-05-18 12:30:00,UCTT,21.16,21.21,21.16,21.181,4040.0
2017-05-18 12:25:00,UCTT,21.0968,21.16,21.0968,21.16,4210.0
2017-05-18 12:20:00,UCTT,21.1,21.1,21.09,21.09,1390.0
2017-05-18 12:15:00,UCTT,21.05,21.11,21.05,21.07,6325.0
2017-05-18 12:10:00,UCTT,21.0599,21.12,21.0459,21.0501,13983.0
2017-05-18 12:05:00,UCTT,21.11,21.1295,21.039,21.039,10800.0
2017-05-18 12:00:00,UCTT,21.1601,21.1729,21.0615,21.0868,16766.0
2017-05-18 11:55:00,UCTT,21.28,21.28,21.1659,21.1659,8315.0
2017-05-18 11:50:00,UCTT,21.24,21.28,21.23,21.265,4825.0
2017-05-18 11:45:00,UCTT,21.266,21.2909,21.23,21.23,5058.0
2017-05-18 11:40:00,UCTT,21.3,21.3,21.23,21.259,11371.0
2017-05-18 11:35:00,UCTT,21.37,21.385,21.3014,21.3014,9250.0
2017-05-18 11:30:00,UCTT,21.51,21.55,21.33,21.38,32115.0
2017-05-18 11:25:00,UCTT,21.5578,21.5578,21.5,21.526,8521.0
2017-05-18 11:20:00,UCTT,21.4499,21.55,21.4499,21.55,15587.0
2017-05-18 11:15:00,UCTT,21.4,21.46,21.4,21.46,8327.0
2017-05-18 11:10:00,UCTT,21.35,21.4,21.3201,21.4,3885.0
2017-05-18 11:05:00,UCTT,21.29,21.3704,21.26,21.36,6324.0
2017-05-18 11:00:00,UCTT,21.2622,21.3,21.25,21.26,5635.0
2017-05-18 10:55:00,UCTT,21.18,21.26,21.1701,21.26,4520.0
2017-05-18 10:50:00,UCTT,21.2,21.2,21.12,21.18,5836.0
2017-05-18 10:45:00,UCTT,21.2503,21.29,21.21,21.21,11986.0
2017-05-18 10:40:00,UCTT,21.2998,21.3,21.2368,21.2368,11464.0
2017-05-18 10:35:00,UCTT,21.26,21.3,21.22,21.2851,11224.0
2017-05-18 10:30:00,UCTT,21.16,21.3,21.14,21.2735,13279.0
2017-05-18 10:25:00,UCTT,21.2335,21.3,21.15,21.17,7148.0
2017-05-18 10:20:00,UCTT,21.27,21.3,21.16,21.26,13685.0
2017-05-18 10:15:00,UCTT,21.25,21.3,21.2253,21.2848,7786.0
2017-05-18 10:10:00,UCTT,21.3,21.3295,21.1883,21.2,4798.0
2017-05-18 10:05:00,UCTT,21.25,21.3546,21.13,21.3546,16039.0
2017-05-18 10:00:00,UCTT,21.25,21.3,21.21,21.21,15656.0
2017-05-18 09:55:00,UCTT,21.23,21.25,21.15,21.24,17547.0
2017-05-18 09:50:00,UCTT,21.178,21.35,21.1416,21.2306,32757.0
2017-05-18 09:45:00,UCTT,20.73,21.15,20.73,21.15,32414.0
2017-05-18 09:40:00,UCTT,20.65,20.72,20.5,20.71,30608.0
2017-05-18 09:35:00,UCTT,20.83,20.83,20.24,20.65,88792.0
2017-05-18 09:30:00,UCTT,20.82,20.82,20.82,20.82,100.0
2017-05-18 08:20:00,UCTT,21.24,21.24,21.24,21.24,650.0
2017-05-17 19:55:00,UCTT,21.25,21.25,21.25,21.25,100.0
2017-05-17 19:45:00,UCTT,21.24,21.24,21.24,21.24,100.0
2017-05-17 18:55:00,UCTT,20.3,20.3,20.3,20.3,100.0
2017-05-17 17:20:00,UCTT,20.44,20.44,20.44,20.44,130.0
2017-05-17 16:40:00,UCTT,20.9,20.9,20.9,20.9,100.0
2017-05-17 16:05:00,UCTT,20.8,20.8,20.8,20.8,22767.0
2017-05-17 16:00:00,UCTT,20.83,20.85,20.78,20.81,40580.0
2017-05-17 15:55:00,UCTT,20.83,20.86,20.8,20.83,32754.0
2017-05-17 15:50:00,UCTT,20.8,20.86,20.8,20.83,22736.0
2017-05-17 15:45:00,UCTT,20.87,20.895,20.79,20.805,19708.0
2017-05-17 15:40:00,UCTT,20.89,20.9182,20.87,20.87,22752.0
2017-05-17 15:35:00,UCTT,20.8428,20.89,20.82,20.8759,8695.0
2017-05-17 15:30:00,UCTT,20.82,20.87,20.8,20.832,14676.0
2017-05-17 15:25:00,UCTT,20.75,20.85,20.72,20.83,12915.0
2017-05-17 15:20:00,UCTT,20.72,20.79,20.66,20.7292,16392.0
2017-05-17 15:15:00,UCTT,20.74,20.78,20.63,20.73,17035.0
2017-05-17 15:10:00,UCTT,20.73,20.7907,20.73,20.74,7125.0
2017-05-17 15:05:00,UCTT,20.701,20.74,20.7,20.74,8105.0
2017-05-17 15:00:00,UCTT,20.7599,20.76,20.7,20.71,14067.0
2017-05-17 14:55:00,UCTT,20.6401,20.75,20.6401,20.739,8395.0
2017-05-17 14:50:00,UCTT,20.68,20.69,20.59,20.66,20251.0
2017-05-17 14:45:00,UCTT,20.72,20.77,20.68,20.6904,10436.0
2017-05-17 14:40:00,UCTT,20.7701,20.7874,20.7,20.7472,23965.0
2017-05-17 14:35:00,UCTT,20.84,20.87,20.7676,20.805,29744.0
2017-05-17 14:30:00,UCTT,20.905,20.94,20.8403,20.85,11781.0
2017-05-17 14:25:00,UCTT,21.045,21.05,20.87,20.9178,15678.0
2017-05-17 14:20:00,UCTT,21.04,21.05,20.97,21.045,14087.0
2017-05-17 14:15:00,UCTT,20.99,21.04,20.98,21.0391,18117.0
2017-05-17 14:10:00,UCTT,20.97,21.0,20.97,20.98,57890.0
2017-05-17 14:05:00,UCTT,20.97,21.0,20.94,20.94,7518.0
2017-05-17 14:00:00,UCTT,21.0,21.0,20.93,20.9489,6350.0
2017-05-17 13:55:00,UCTT,20.98,21.0,20.95,20.995,7446.0
2017-05-17 13:50:00,UCTT,21.0039,21.0039,20.98,20.99,4889.0
2017-05-17 13:45:00,UCTT,21.05,21.05,20.99,21.0,9483.0
2017-05-17 13:40:00,UCTT,21.11,21.11,21.0549,21.0549,6593.0
2017-05-17 13:35:00,UCTT,21.125,21.14,21.11,21.11,3687.0
2017-05-17 13:30:00,UCTT,21.125,21.125,21.07,21.12,8075.0
2017-05-17 13:25:00,UCTT,21.14,21.14,21.1,21.11,13297.0
2017-05-17 13:20:00,UCTT,21.215,21.23,21.12,21.15,15469.0
2017-05-17 13:15:00,UCTT,21.2005,21.22,21.16,21.19,5280.0
2017-05-17 13:10:00,UCTT,21.23,21.23,21.19,21.1929,14882.0
2017-05-17 13:05:00,UCTT,21.27,21.27,21.23,21.2412,5452.0
2017-05-17 13:00:00,UCTT,21.28,21.28,21.24,21.2554,9710.0
2017-05-17 12:55:00,UCTT,21.32,21.32,21.28,21.28,6373.0
2017-05-17 12:50:00,UCTT,21.2711,21.33,21.27,21.305,3386.0
2017-05-17 12:45:00,UCTT,21.27,21.285,21.26,21.285,3450.0
2017-05-17 12:40:00,UCTT,21.26,21.275,21.221,21.265,5300.0
2017-05-17 12:35:00,UCTT,21.2,21.25,21.1994,21.24,4773.0
2017-05-17 12:30:00,UCTT,21.2101,21.244,21.205,21.205,6615.0
2017-05-17 12:25:00,UCTT,21.25,21.25,21.1999,21.2,8196.0
2017-05-17 12:20:00,UCTT,21.26,21.26,21.22,21.24,2800.0
2017-05-17 12:15:00,UCTT,21.27,21.29,21.26,21.27,4160.0
2017-05-17 12:10:00,UCTT,21.24,21.27,21.2258,21.255,3530.0
2017-05-17 12:05:00,UCTT,21.23,21.242,21.19,21.23,9215.0
2017-05-17 12:00:00,UCTT,21.1582,21.23,21.1201,21.22,16692.0
2017-05-17 11:55:00,UCTT,21.18,21.185,21.13,21.159,10637.0
2017-05-17 11:50:00,UCTT,21.198,21.21,21.16,21.18,10903.0
2017-05-17 11:45:00,UCTT,21.14,21.2059,21.1399,21.195,14740.0
2017-05-17 11:40:00,UCTT,21.035,21.15,21.01,21.14,10630.0
2017-05-17 11:35:00,UCTT,20.985,21.02,20.95,21.02,16750.0
2017-05-17 11:30:00,UCTT,20.98,20.981,20.96,20.98,7488.0
2017-05-17 11:25:00,UCTT,21.102,21.102,20.98,20.98,12410.0
2017-05-17 11:20:00,UCTT,20.9738,21.13,20.969,21.0981,11990.0
2017-05-17 11:15:00,UCTT,20.91,21.0,20.81,20.9647,23181.0
2017-05-17 11:10:00,UCTT,20.98,20.99,20.91,20.94,16465.0
2017-05-17 11:05:00,UCTT,21.0608,21.08,20.95,20.97,17019.0
2017-05-17 11:00:00,UCTT,21.108,21.14,21.0,21.062,40786.0
2017-05-17 10:55:00,UCTT,21.299,21.299,21.07,21.13,13841.0
2017-05-17 10:50:00,UCTT,21.2857,21.36,21.25,21.29,12462.0
2017-05-17 10:45:00,UCTT,21.156,21.3094,21.156,21.27,9291.0
2017-05-17 10:40:00,UCTT,21.357,21.37,21.15,21.2,19552.0
2017-05-17 10:35:00,UCTT,21.4565,21.48,21.32,21.3333,7805.0
2017-05-17 10:30:00,UCTT,21.427,21.465,21.35,21.42,9771.0
2017-05-17 10:25:00,UCTT,21.4965,21.4965,21.43,21.47,6261.0
2017-05-17 10:20:00,UCTT,21.464,21.53,21.41,21.5,13415.0
2017-05-17 10:15:00,UCTT,21.54,21.5733,21.46,21.5099,14981.0
2017-05-17 10:10:00,UCTT,21.51,21.55,21.45,21.5395,20851.0
2017-05-17 10:05:00,UCTT,21.61,21.7,21.5101,21.5304,17278.0
2017-05-17 10:00:00,UCTT,21.67,21.69,21.5,21.6072,11301.0
2017-05-17 09:55:00,UCTT,21.785,21.86,21.68,21.7,18570.0
2017-05-17 09:50:00,UCTT,21.57,21.79,21.55,21.76,21600.0
2017-05-17 09:45:00,UCTT,21.3233,21.636,21.2339,21.54,35108.0
2017-05-17 09:40:00,UCTT,21.35,21.49,21.1888,21.296,52728.0
2017-05-17 09:35:00,UCTT,22.08,22.18,20.84,21.32,199761.0
2017-05-17 09:30:00,UCTT,22.0,22.0,22.0,22.0,100.0
2017-05-17 08:55:00,UCTT,22.19,22.19,22.19,22.19,100.0
2017-05-17 06:25:00,UCTT,21.75,21.75,21.75,21.75,100.0
2017-05-16 18:35:00,UCTT,22.5,22.5,22.5,22.5,200.0
2017-05-16 17:20:00,UCTT,22.5,22.5,22.5,22.5,100.0
2017-05-16 16:05:00,UCTT,22.51,22.51,22.51,22.51,19153.0
2017-05-16 16:00:00,UCTT,22.55,22.56,22.5,22.5,60211.0
2017-05-16 15:55:00,UCTT,22.53,22.57,22.53,22.55,27333.0
2017-05-16 15:50:00,UCTT,22.515,22.5284,22.49,22.5284,20623.0
2017-05-16 15:45:00,UCTT,22.485,22.52,22.48,22.515,12087.0
2017-05-16 15:40:00,UCTT,22.435,22.488,22.42,22.485,17533.0
2017-05-16 15:35:00,UCTT,22.435,22.44,22.43,22.439,4236.0
2017-05-16 15:30:00,UCTT,22.45,22.47,22.42,22.43,8378.0
2017-05-16 15:25:00,UCTT,22.47,22.4791,22.45,22.45,3987.0
2017-05-16 15:20:00,UCTT,22.45,22.475,22.45,22.475,4237.0
2017-05-16 15:15:00,UCTT,22.475,22.485,22.445,22.445,11651.0
2017-05-16 15:10:00,UCTT,22.48,22.49,22.47,22.48,4347.0
2017-05-16 15:05:00,UCTT,22.54,22.545,22.482,22.49,6966.0
2017-05-16 15:00:00,UCTT,22.52,22.55,22.51,22.55,4100.0
2017-05-16 14:55:00,UCTT,22.555,22.5575,22.51,22.51,2689.0
2017-05-16 14:50:00,UCTT,22.51,22.56,22.51,22.56,4700.0
2017-05-16 14:45:00,UCTT,22.545,22.55,22.5,22.51,3487.0
2017-05-16 14:40:00,UCTT,22.53,22.56,22.53,22.55,3000.0
2017-05-16 14:35:00,UCTT,22.525,22.55,22.52,22.54,6361.0
2017-05-16 14:30:00,UCTT,22.51,22.54,22.51,22.53,3100.0
2017-05-16 14:25:00,UCTT,22.52,22.54,22.5,22.51,2230.0
2017-05-16 14:20:00,UCTT,22.55,22.55,22.52,22.52,3205.0
2017-05-16 14:15:00,UCTT,22.55,22.555,22.55,22.5531,1900.0
2017-05-16 14:10:00,UCTT,22.52,22.57,22.52,22.555,6310.0
2017-05-16 14:05:00,UCTT,22.53,22.55,22.52,22.55,2747.0
2017-05-16 14:00:00,UCTT,22.55,22.5516,22.5372,22.5372,4302.0
2017-05-16 13:55:00,UCTT,22.539,22.56,22.521,22.55,5199.0
2017-05-16 13:50:00,UCTT,22.602,22.602,22.55,22.55,4675.0
2017-05-16 13:45:00,UCTT,22.5959,22.6,22.57,22.59,2836.0
2017-05-16 13:40:00,UCTT,22.52,22.59,22.52,22.59,3900.0
2017-05-16 13:35:00,UCTT,22.49,22.54,22.48,22.52,2030.0
2017-05-16 13:30:00,UCTT,22.575,22.575,22.5,22.5,6199.0
2017-05-16 13:25:00,UCTT,22.615,22.615,22.55,22.55,5450.0
2017-05-16 13:20:00,UCTT,22.62,22.625,22.6,22.615,12175.0
2017-05-16 13:15:00,UCTT,22.65,22.65,22.61,22.62,8585.0
2017-05-16 13:10:00,UCTT,22.65,22.655,22.63,22.6494,2700.0
2017-05-16 13:05:00,UCTT,22.64,22.65,22.635,22.64,4990.0
2017-05-16 13:00:00,UCTT,22.7,22.7,22.64,22.65,11409.0
2017-05-16 12:55:00,UCTT,22.71,22.72,22.69,22.7,3600.0
2017-05-16 12:50:00,UCTT,22.71,22.72,22.69,22.69,2639.0
2017-05-16 12:45:00,UCTT,22.72,22.72,22.67,22.68,7430.0
2017-05-16 12:40:00,UCTT,22.77,22.78,22.68,22.74,13573.0
2017-05-16 12:35:00,UCTT,22.79,22.81,22.746,22.76,4347.0
2017-05-16 12:30:00,UCTT,22.82,22.82,22.7843,22.8069,5169.0
2017-05-16 12:25:00,UCTT,22.805,22.82,22.79,22.8092,4475.0
2017-05-16 12:20:00,UCTT,22.77,22.827,22.77,22.827,20140.0
2017-05-16 12:15:00,UCTT,22.7,22.77,22.69,22.77,8540.0
2017-05-16 12:10:00,UCTT,22.63,22.73,22.63,22.69,8655.0
2017-05-16 12:05:00,UCTT,22.656,22.669,22.63,22.64,5699.0
2017-05-16 12:00:00,UCTT,22.66,22.68,22.635,22.66,3553.0
2017-05-16 11:55:00,UCTT,22.65,22.68,22.63,22.66,4105.0
2017-05-16 11:50:00,UCTT,22.61,22.65,22.61,22.65,4975.0
2017-05-16 11:45:00,UCTT,22.625,22.63,22.615,22.6172,1766.0
2017-05-16 11:40:00,UCTT,22.6,22.65,22.6,22.64,5445.0
2017-05-16 11:35:00,UCTT,22.66,22.669,22.59,22.6,4809.0
2017-05-16 11:30:00,UCTT,22.695,22.7,22.62,22.6526,8170.0
2017-05-16 11:25:00,UCTT,22.63,22.7192,22.63,22.69,7832.0
2017-05-16 11:20:00,UCTT,22.5952,22.67,22.5952,22.67,10279.0
2017-05-16 11:15:00,UCTT,22.54,22.65,22.52,22.6,19332.0
2017-05-16 11:10:00,UCTT,22.52,22.59,22.52,22.54,7136.0
2017-05-16 11:05:00,UCTT,22.51,22.51,22.43,22.5,6524.0
2017-05-16 11:00:00,UCTT,22.4999,22.51,22.47,22.51,2913.0
2017-05-16 10:55:00,UCTT,22.38,22.5,22.34,22.46,5800.0
2017-05-16 10:50:00,UCTT,22.3488,22.3934,22.3488,22.3917,3271.0
2017-05-16 10:45:00,UCTT,22.38,22.39,22.34,22.34,3898.0
2017-05-16 10:40:00,UCTT,22.355,22.3724,22.31,22.3724,3974.0
2017-05-16 10:35:00,UCTT,22.1972,22.36,22.181,22.3198,19400.0
2017-05-16 10:30:00,UCTT,22.31,22.32,22.18,22.2108,11996.0
2017-05-16 10:25:00,UCTT,22.41,22.4117,22.27,22.3,9213.0
2017-05-16 10:20:00,UCTT,22.3934,22.4156,22.3275,22.4156,5258.0
2017-05-16 10:15:00,UCTT,22.39,22.4,22.3847,22.4,1300.0
2017-05-16 10:10:00,UCTT,22.24,22.396,22.23,22.3899,13069.0
2017-05-16 10:05:00,UCTT,22.25,22.29,22.2,22.236,10339.0
2017-05-16 10:00:00,UCTT,22.24,22.3,22.22,22.23,5874.0
2017-05-16 09:55:00,UCTT,22.38,22.38,22.1454,22.1954,27634.0
2017-05-16 09:50:00,UCTT,22.41,22.43,22.31,22.351,17608.0
2017-05-16 09:45:00,UCTT,22.47,22.47,22.4,22.41,5295.0
2017-05-16 09:40:00,UCTT,22.5,22.55,22.45,22.49,10602.0
2017-05-16 09:35:00,UCTT,22.51,22.52,22.38,22.52,34552.0
2017-05-16 09:25:00,UCTT,22.41,22.41,22.4,22.4,351.0
2017-05-15 16:15:00,UCTT,22.6,22.6,22.6,22.6,100.0
2017-05-15 16:05:00,UCTT,22.38,22.38,22.38,22.38,13266.0
2017-05-15 16:00:00,UCTT,22.385,22.41,22.38,22.38,29530.0
2017-05-15 15:55:00,UCTT,22.37,22.42,22.37,22.385,14625.0
2017-05-15 15:50:00,UCTT,22.35,22.42,22.34,22.39,15041.0
2017-05-15 15:45:00,UCTT,22.365,22.38,22.34,22.35,7872.0
2017-05-15 15:40:00,UCTT,22.44,22.44,22.36,22.3699,5986.0
2017-05-15 15:35:00,UCTT,22.42,22.44,22.41,22.44,4633.0
2017-05-15 15:30:00,UCTT,22.47,22.49,22.425,22.425,3150.0
2017-05-15 15:25:00,UCTT,22.41,22.49,22.41,22.4701,12026.0
2017-05-15 15:20:00,UCTT,22.42,22.44,22.4,22.4,5069.0
2017-05-15 15:15:00,UCTT,22.4304,22.449,22.41,22.41,6100.0
2017-05-15 15:10:00,UCTT,22.4279,22.44,22.4279,22.44,827.0
2017-05-15 15:05:00,UCTT,22.3672,22.42,22.3672,22.4104,3669.0
2017-05-15 15:00:00,UCTT,22.37,22.3802,22.36,22.3711,3640.0
2017-05-15 14:55:00,UCTT,22.29,22.37,22.29,22.37,5239.0
2017-05-15 14:50:00,UCTT,22.26,22.32,22.26,22.297,3384.0
2017-05-15 14:45:00,UCTT,22.26,22.29,22.26,22.26,1330.0
2017-05-15 14:40:00,UCTT,22.27,22.29,22.25,22.26,3266.0
2017-05-15 14:35:00,UCTT,22.25,22.2899,22.23,22.2899,3447.0
2017-05-15 14:30:00,UCTT,22.25,22.26,22.2271,22.249,5092.0
2017-05-15 14:25:00,UCTT,22.31,22.33,22.27,22.27,16328.0
2017-05-15 14:20:00,UCTT,22.33,22.3499,22.31,22.324,4646.0
2017-05-15 14:15:00,UCTT,22.425,22.43,22.3399,22.34,15656.0
2017-05-15 14:10:00,UCTT,22.45,22.46,22.43,22.43,4408.0
2017-05-15 14:05:00,UCTT,22.46,22.47,22.46,22.47,200.0
2017-05-15 14:00:00,UCTT,22.48,22.48,22.45,22.46,920.0
2017-05-15 13:55:00,UCTT,22.4784,22.48,22.42,22.45,5064.0
2017-05-15 13:50:00,UCTT,22.474,22.49,22.4601,22.48,6358.0
2017-05-15 13:45:00,UCTT,22.41,22.47,22.41,22.47,4977.0
2017-05-15 13:40:00,UCTT,22.47,22.48,22.44,22.44,660.0
2017-05-15 13:35:00,UCTT,22.5201,22.55,22.46,22.48,27665.0
2017-05-15 13:30:00,UCTT,22.525,22.53,22.52,22.52,5011.0
2017-05-15 13:25:00,UCTT,22.535,22.55,22.52,22.525,4805.0
2017-05-15 13:20:00,UCTT,22.57,22.57,22.52,22.52,5800.0
2017-05-15 13:15:00,UCTT,22.5599,22.58,22.54,22.57,4280.0
2017-05-15 13:10:00,UCTT,22.53,22.5599,22.52,22.5501,1850.0
2017-05-15 13:05:00,UCTT,22.555,22.5559,22.52,22.52,2100.0
2017-05-15 13:00:00,UCTT,22.54,22.57,22.54,22.555,3030.0
2017-05-15 12:55:00,UCTT,22.5381,22.578,22.5381,22.565,2741.0
2017-05-15 12:50:00,UCTT,22.52,22.55,22.52,22.52,4427.0
2017-05-15 12:45:00,UCTT,22.5202,22.54,22.5146,22.54,1287.0
2017-05-15 12:40:00,UCTT,22.4496,22.55,22.4496,22.54,8611.0
2017-05-15 12:35:00,UCTT,22.42,22.47,22.408,22.45,2993.0
2017-05-15 12:30:00,UCTT,22.45,22.46,22.4036,22.4036,4273.0
2017-05-15 12:25:00,UCTT,22.54,22.54,22.43,22.43,11131.0
2017-05-15 12:20:00,UCTT,22.6272,22.65,22.55,22.55,7810.0
2017-05-15 12:15:00,UCTT,22.64,22.67,22.6199,22.63,7884.0
2017-05-15 12:10:00,UCTT,22.5842,22.64,22.5608,22.6294,9381.0
2017-05-15 12:05:00,UCTT,22.49,22.63,22.43,22.6033,31025.0
2017-05-15 12:00:00,UCTT,22.49,22.5,22.45,22.48,4426.0
2017-05-15 11:55:00,UCTT,22.43,22.49,22.43,22.4843,15836.0
2017-05-15 11:50:00,UCTT,22.3501,22.45,22.3501,22.4151,6277.0
2017-05-15 11:45:00,UCTT,22.41,22.449,22.38,22.38,8626.0
2017-05-15 11:40:00,UCTT,22.41,22.41,22.37,22.3974,3607.0
2017-05-15 11:35:00,UCTT,22.41,22.466,22.3942,22.4079,15812.0
2017-05-15 11:30:00,UCTT,22.3447,22.4383,22.34,22.4383,5567.0
2017-05-15 11:25:00,UCTT,22.4111,22.48,22.34,22.355,14087.0
2017-05-15 11:20:00,UCTT,22.37,22.45,22.35,22.45,7947.0
2017-05-15 11:15:00,UCTT,22.35,22.4,22.33,22.34,6927.0
2017-05-15 11:10:00,UCTT,22.3124,22.37,22.31,22.359,6814.0
2017-05-15 11:05:00,UCTT,22.33,22.36,22.2882,22.31,5200.0
2017-05-15 11:00:00,UCTT,22.278,22.35,22.2661,22.33,17526.0
2017-05-15 10:55:00,UCTT,22.2124,22.31,22.2124,22.29,7290.0
2017-05-15 10:50:00,UCTT,22.2,22.28,22.1999,22.2335,11101.0
2017-05-15 10:45:00,UCTT,22.13,22.1999,22.1184,22.1999,7204.0
2017-05-15 10:40:00,UCTT,22.14,22.15,22.1306,22.143,2793.0
2017-05-15 10:35:00,UCTT,22.05,22.15,22.05,22.13,9734.0
2017-05-15 10:30:00,UCTT,22.0921,22.1,22.0478,22.052,9317.0
2017-05-15 10:25:00,UCTT,22.09,22.0999,22.0466,22.0779,8929.0
2017-05-15 10:20:00,UCTT,22.09,22.139,22.07,22.078,8848.0
2017-05-15 10:15:00,UCTT,22.02,22.0821,22.01,22.0821,6296.0
2017-05-15 10:10:00,UCTT,22.0599,22.0599,21.97,22.0513,11329.0
2017-05-15 10:05:00,UCTT,22.1219,22.14,22.03,22.06,20309.0
2017-05-15 10:00:00,UCTT,22.242,22.242,22.08,22.13,18242.0
2017-05-15 09:55:00,UCTT,22.205,22.31,22.2,22.2494,18934.0
2017-05-15 09:50:00,UCTT,22.17,22.21,22.05,22.1898,21629.0
2017-05-15 09:45:00,UCTT,22.145,22.2389,22.1101,22.1599,15645.0
2017-05-15 09:40:00,UCTT,22.06,22.2116,22.01,22.15,24941.0
2017-05-15 09:35:00,UCTT,22.0,22.09,21.873,22.06,38798.0
2017-05-15 09:30:00,UCTT,22.01,22.01,22.0,22.0,400.0
2017-05-15 09:05:00,UCTT,22.0,22.0,22.0,22.0,200.0
2017-05-12 19:45:00,UCTT,21.75,21.75,21.75,21.75,200.0
2017-05-12 16:05:00,UCTT,21.75,21.75,21.75,21.75,14045.0
2017-05-12 16:00:00,UCTT,21.74,21.78,21.73,21.76,23372.0
2017-05-12 15:55:00,UCTT,21.73,21.7399,21.71,21.73,19281.0
2017-05-12 15:50:00,UCTT,21.73,21.74,21.72,21.74,8600.0
2017-05-12 15:45:00,UCTT,21.72,21.755,21.72,21.74,8682.0
2017-05-12 15:40:00,UCTT,21.682,21.7199,21.67,21.71,6179.0
2017-05-12 15:35:00,UCTT,21.73,21.73,21.68,21.68,2600.0
2017-05-12 15:30:00,UCTT,21.72,21.72,21.68,21.68,2760.0
2017-05-12 15:25:00,UCTT,21.7212,21.74,21.7,21.739,7308.0
2017-05-12 15:20:00,UCTT,21.7,21.73,21.7,21.73,1288.0
2017-05-12 15:15:00,UCTT,21.7102,21.7102,21.67,21.69,5235.0
2017-05-12 15:10:00,UCTT,21.74,21.75,21.7128,21.72,876.0
2017-05-12 15:05:00,UCTT,21.7756,21.7756,21.7484,21.7656,4971.0
2017-05-12 15:00:00,UCTT,21.75,21.77,21.729,21.77,3528.0
2017-05-12 14:55:00,UCTT,21.7,21.75,21.7,21.75,2776.0
2017-05-12 14:50:00,UCTT,21.7447,21.76,21.7,21.7,2715.0
2017-05-12 14:45:00,UCTT,21.73,21.78,21.73,21.78,2200.0
2017-05-12 14:40:00,UCTT,21.715,21.74,21.695,21.7143,7017.0
2017-05-12 14:35:00,UCTT,21.6905,21.7141,21.68,21.71,2512.0
2017-05-12 14:30:00,UCTT,21.67,21.69,21.6605,21.69,3353.0
2017-05-12 14:25:00,UCTT,21.6674,21.6674,21.64,21.66,5922.0
2017-05-12 14:20:00,UCTT,21.6804,21.6804,21.66,21.66,2000.0
2017-05-12 14:15:00,UCTT,21.7,21.72,21.6998,21.6998,2351.0
2017-05-12 14:10:00,UCTT,21.7001,21.71,21.7,21.71,1814.0
2017-05-12 14:05:00,UCTT,21.72,21.73,21.715,21.715,550.0
2017-05-12 14:00:00,UCTT,21.7556,21.76,21.71,21.72,3199.0
2017-05-12 13:55:00,UCTT,21.7672,21.7672,21.74,21.74,1200.0
2017-05-12 13:50:00,UCTT,21.782,21.79,21.73,21.73,6551.0
2017-05-12 13:45:00,UCTT,21.79,21.79,21.77,21.77,2300.0
2017-05-12 13:40:00,UCTT,21.8,21.81,21.7866,21.8,2818.0
2017-05-12 13:35:00,UCTT,21.785,21.7999,21.77,21.79,2772.0
2017-05-12 13:30:00,UCTT,21.75,21.7855,21.75,21.77,2286.0
2017-05-12 13:25:00,UCTT,21.81,21.81,21.75,21.76,3544.0
2017-05-12 13:20:00,UCTT,21.77,21.8133,21.76,21.8,3927.0
2017-05-12 13:15:00,UCTT,21.755,21.77,21.75,21.76,2924.0
2017-05-12 13:10:00,UCTT,21.77,21.7799,21.7564,21.7564,1842.0
2017-05-12 13:05:00,UCTT,21.7862,21.7899,21.7862,21.7899,695.0
2017-05-12 13:00:00,UCTT,21.81,21.829,21.75,21.78,6279.0
2017-05-12 12:55:00,UCTT,21.76,21.805,21.72,21.805,4520.0
2017-05-12 12:50:00,UCTT,21.81,21.81,21.77,21.77,3116.0
2017-05-12 12:45:00,UCTT,21.83,21.84,21.79,21.79,3466.0
2017-05-12 12:40:00,UCTT,21.84,21.85,21.83,21.83,1140.0
2017-05-12 12:35:00,UCTT,21.8762,21.8799,21.85,21.85,1400.0
2017-05-12 12:30:00,UCTT,21.8872,21.89,21.85,21.86,3357.0
2017-05-12 12:25:00,UCTT,21.86,21.88,21.85,21.88,3030.0
2017-05-12 12:20:00,UCTT,21.89,21.905,21.87,21.87,3383.0
2017-05-12 12:15:00,UCTT,21.855,21.889,21.855,21.8837,5874.0
2017-05-12 12:10:00,UCTT,21.922,21.93,21.85,21.85,10148.0
2017-05-12 12:05:00,UCTT,21.9448,21.9449,21.9098,21.91,3444.0
2017-05-12 12:00:00,UCTT,21.98,22.002,21.93,21.93,3800.0
2017-05-12 11:55:00,UCTT,21.9943,22.02,21.9621,21.97,4600.0
2017-05-12 11:50:00,UCTT,21.98,22.02,21.98,22.0,4494.0
2017-05-12 11:45:00,UCTT,21.87,21.979,21.86,21.979,15192.0
2017-05-12 11:40:00,UCTT,21.855,21.87,21.84,21.864,12194.0
2017-05-12 11:35:00,UCTT,21.86,21.86,21.8402,21.86,6796.0
2017-05-12 11:30:00,UCTT,21.7899,21.8661,21.78,21.8661,9967.0
2017-05-12 11:25:00,UCTT,21.87,21.87,21.75,21.7825,7874.0
2017-05-12 11:20:00,UCTT,21.7997,21.85,21.795,21.85,2800.0
2017-05-12 11:15:00,UCTT,21.76,21.823,21.758,21.79,3656.0
2017-05-12 11:10:00,UCTT,21.636,21.79,21.63,21.7547,15485.0
2017-05-12 11:05:00,UCTT,21.645,21.65,21.63,21.63,5889.0
2017-05-12 11:00:00,UCTT,21.64,21.67,21.62,21.6596,5021.0
2017-05-12 10:55:00,UCTT,21.65,21.66,21.62,21.63,5542.0
2017-05-12 10:50:00,UCTT,21.6701,21.679,21.63,21.64,6665.0
2017-05-12 10:45:00,UCTT,21.65,21.67,21.64,21.67,3484.0
2017-05-12 10:40:00,UCTT,21.64,21.69,21.6226,21.65,6308.0
2017-05-12 10:35:00,UCTT,21.73,21.73,21.64,21.64,5464.0
2017-05-12 10:30:00,UCTT,21.79,21.8084,21.74,21.74,8824.0
2017-05-12 10:25:00,UCTT,21.707,21.8,21.68,21.795,8840.0
2017-05-12 10:20:00,UCTT,21.66,21.72,21.61,21.7,9162.0
2017-05-12 10:15:00,UCTT,21.6611,21.7484,21.6401,21.6561,6263.0
2017-05-12 10:10:00,UCTT,21.8079,21.83,21.62,21.645,22884.0
2017-05-12 10:05:00,UCTT,21.8,21.83,21.75,21.804,6050.0
2017-05-12 10:00:00,UCTT,21.86,21.87,21.76,21.76,17521.0
2017-05-12 09:55:00,UCTT,21.95,21.974,21.84,21.8652,21161.0
2017-05-12 09:50:00,UCTT,22.0,22.0499,21.95,21.97,21027.0
2017-05-12 09:45:00,UCTT,22.2236,22.23,21.96,22.0,18966.0
2017-05-12 09:40:00,UCTT,22.1542,22.3174,22.0769,22.23,29055.0
2017-05-12 09:35:00,UCTT,22.03,22.3899,21.95,22.2499,53927.0
2017-05-12 09:10:00,UCTT,21.9,21.9,21.9,21.9,201.0
2017-05-12 09:05:00,UCTT,21.97,21.97,21.97,21.97,386.0
2017-05-12 08:55:00,UCTT,22.3,22.3,22.3,22.3,100.0
2017-05-12 08:50:00,UCTT,22.3,22.3,22.3,22.3,100.0
2017-05-12 08:40:00,UCTT,22.23,22.23,22.23,22.23,100.0
2017-05-12 08:35:00,UCTT,22.2,22.2,22.2,22.2,100.0
2017-05-12 08:25:00,UCTT,22.05,22.1,22.05,22.1,300.0
2017-05-12 08:20:00,UCTT,22.03,22.03,22.03,22.03,457.0
2017-05-12 08:15:00,UCTT,21.9,21.9,21.9,21.9,2000.0
2017-05-12 08:05:00,UCTT,22.0,22.0,22.0,22.0,100.0
2017-05-11 16:05:00,UCTT,21.83,21.83,21.83,21.83,15941.0
2017-05-11 16:00:00,UCTT,21.845,21.85,21.82,21.83,21681.0
2017-05-11 15:55:00,UCTT,21.86,21.89,21.84,21.84,17401.0
2017-05-11 15:50:00,UCTT,21.77,21.89,21.76,21.8546,23612.0
2017-05-11 15:45:00,UCTT,21.775,21.775,21.75,21.77,6889.0
2017-05-11 15:40:00,UCTT,21.78,21.7816,21.77,21.775,7300.0
2017-05-11 15:35:00,UCTT,21.775,21.79,21.77,21.77,5245.0
2017-05-11 15:30:00,UCTT,21.8,21.8,21.75,21.77,6558.0
2017-05-11 15:25:00,UCTT,21.81,21.8231,21.8,21.8,4430.0
2017-05-11 15:20:00,UCTT,21.86,21.88,21.81,21.81,10808.0
2017-05-11 15:15:00,UCTT,21.85,21.86,21.83,21.85,2602.0
2017-05-11 15:10:00,UCTT,21.81,21.86,21.81,21.83,5050.0
2017-05-11 15:05:00,UCTT,21.82,21.85,21.795,21.84,5944.0
2017-05-11 15:00:00,UCTT,21.82,21.83,21.78,21.81,8214.0
2017-05-11 14:55:00,UCTT,21.875,21.89,21.81,21.8224,6290.0
2017-05-11 14:50:00,UCTT,21.975,21.975,21.86,21.86,14707.0
2017-05-11 14:45:00,UCTT,21.88,21.999,21.88,21.975,6767.0
2017-05-11 14:40:00,UCTT,21.9179,21.95,21.88,21.88,17489.0
2017-05-11 14:35:00,UCTT,21.9198,21.93,21.87,21.87,4155.0
2017-05-11 14:30:00,UCTT,21.9077,21.94,21.86,21.91,9150.0
2017-05-11 14:25:00,UCTT,21.85,21.93,21.83,21.92,30356.0
2017-05-11 14:20:00,UCTT,21.8317,21.85,21.82,21.835,4363.0
2017-05-11 14:15:00,UCTT,21.8474,21.8599,21.82,21.82,4155.0
2017-05-11 14:10:00,UCTT,21.93,21.945,21.83,21.84,13515.0
2017-05-11 14:05:00,UCTT,21.89,21.94,21.8774,21.92,10334.0
2017-05-11 14:00:00,UCTT,21.88,21.91,21.87,21.9,6695.0
2017-05-11 13:55:00,UCTT,21.84,21.8729,21.8375,21.8729,4311.0
2017-05-11 13:50:00,UCTT,21.8281,21.855,21.82,21.84,4609.0
2017-05-11 13:45:00,UCTT,21.8537,21.8537,21.81,21.84,5351.0
2017-05-11 13:40:00,UCTT,21.824,21.85,21.815,21.85,7344.0
2017-05-11 13:35:00,UCTT,21.78,21.82,21.77,21.82,4150.0
2017-05-11 13:30:00,UCTT,21.835,21.835,21.75,21.76,10542.0
2017-05-11 13:25:00,UCTT,21.85,21.8549,21.8221,21.8365,6447.0
2017-05-11 13:20:00,UCTT,21.86,21.87,21.84,21.84,10014.0
2017-05-11 13:15:00,UCTT,21.823,21.87,21.82,21.85,21268.0
2017-05-11 13:10:00,UCTT,21.82,21.8292,21.81,21.82,6693.0
2017-05-11 13:05:00,UCTT,21.77,21.8679,21.76,21.82,23855.0
2017-05-11 13:00:00,UCTT,21.75,21.7891,21.725,21.75,8950.0
2017-05-11 12:55:00,UCTT,21.75,21.78,21.715,21.735,11419.0
2017-05-11 12:50:00,UCTT,21.75,21.7996,21.75,21.7602,8400.0
2017-05-11 12:45:00,UCTT,21.74,21.765,21.7,21.74,24964.0
2017-05-11 12:40:00,UCTT,21.705,21.75,21.69,21.74,9238.0
2017-05-11 12:35:00,UCTT,21.7,21.7254,21.6621,21.6901,7584.0
2017-05-11 12:30:00,UCTT,21.59,21.705,21.59,21.67,9191.0
2017-05-11 12:25:00,UCTT,21.6516,21.6516,21.57,21.6,13116.0
2017-05-11 12:20:00,UCTT,21.549,21.6599,21.549,21.65,23384.0
2017-05-11 12:15:00,UCTT,21.55,21.56,21.53,21.55,12700.0
2017-05-11 12:10:00,UCTT,21.5362,21.59,21.52,21.54,5300.0
2017-05-11 12:05:00,UCTT,21.63,21.63,21.535,21.55,7250.0
2017-05-11 12:00:00,UCTT,21.62,21.63,21.56,21.61,6470.0
2017-05-11 11:55:00,UCTT,21.555,21.65,21.555,21.635,5625.0
2017-05-11 11:50:00,UCTT,21.49,21.57,21.485,21.57,3700.0
2017-05-11 11:45:00,UCTT,21.42,21.49,21.42,21.49,1400.0
2017-05-11 11:40:00,UCTT,21.61,21.63,21.4,21.4,14577.0
2017-05-11 11:35:00,UCTT,21.55,21.62,21.53,21.62,5866.0
2017-05-11 11:30:00,UCTT,21.39,21.53,21.39,21.53,6520.0
2017-05-11 11:25:00,UCTT,21.4,21.41,21.38,21.4,24112.0
2017-05-11 11:20:00,UCTT,21.3947,21.405,21.38,21.4,26889.0
2017-05-11 11:15:00,UCTT,21.389,21.405,21.385,21.4,12307.0
2017-05-11 11:10:00,UCTT,21.35,21.4,21.32,21.37,10840.0
2017-05-11 11:05:00,UCTT,21.35,21.39,21.35,21.36,6334.0
2017-05-11 11:00:00,UCTT,21.32,21.389,21.3199,21.35,3045.0
2017-05-11 10:55:00,UCTT,21.31,21.3695,21.29,21.3197,11112.0
2017-05-11 10:50:00,UCTT,21.39,21.39,21.3,21.32,3982.0
2017-05-11 10:45:00,UCTT,21.32,21.4,21.32,21.4,21793.0
2017-05-11 10:40:00,UCTT,21.3187,21.33,21.29,21.2948,5410.0
2017-05-11 10:35:00,UCTT,21.38,21.38,21.2648,21.34,10161.0
2017-05-11 10:30:00,UCTT,21.2306,21.36,21.23,21.36,4173.0
2017-05-11 10:25:00,UCTT,21.3268,21.34,21.2,21.22,15512.0
2017-05-11 10:20:00,UCTT,21.24,21.4,21.23,21.33,30984.0
2017-05-11 10:15:00,UCTT,21.1635,21.28,21.1635,21.24,7891.0
2017-05-11 10:10:00,UCTT,21.07,21.14,21.03,21.14,11480.0
2017-05-11 10:05:00,UCTT,21.111,21.175,21.04,21.04,17046.0
2017-05-11 10:00:00,UCTT,21.26,21.31,21.11,21.11,32490.0
2017-05-11 09:55:00,UCTT,21.25,21.314,21.21,21.2501,5575.0
2017-05-11 09:50:00,UCTT,21.269,21.3,21.18,21.2599,6932.0
2017-05-11 09:45:00,UCTT,21.19,21.26,21.16,21.26,9685.0
2017-05-11 09:40:00,UCTT,21.33,21.33,21.14,21.15,28717.0
2017-05-11 09:35:00,UCTT,21.4,21.4,21.3189,21.3349,32265.0
2017-05-11 09:30:00,UCTT,21.4,21.4,21.4,21.4,100.0
2017-05-10 16:05:00,UCTT,21.59,21.59,21.59,21.59,19957.0
2017-05-10 16:00:00,UCTT,21.6,21.62,21.57,21.58,20647.0
2017-05-10 15:55:00,UCTT,21.61,21.62,21.58,21.595,35057.0
2017-05-10 15:50:00,UCTT,21.5955,21.62,21.58,21.61,9184.0
2017-05-10 15:45:00,UCTT,21.57,21.61,21.5584,21.6,12666.0
2017-05-10 15:40:00,UCTT,21.56,21.58,21.52,21.555,7924.0
2017-05-10 15:35:00,UCTT,21.5907,21.5907,21.535,21.55,8400.0
2017-05-10 15:30:00,UCTT,21.6,21.6,21.57,21.5989,3800.0
2017-05-10 15:25:00,UCTT,21.62,21.62,21.58,21.6,10429.0
2017-05-10 15:20:00,UCTT,21.6499,21.69,21.64,21.64,9009.0
2017-05-10 15:15:00,UCTT,21.62,21.646,21.62,21.64,1250.0
2017-05-10 15:10:00,UCTT,21.625,21.649,21.61,21.61,3495.0
2017-05-10 15:05:00,UCTT,21.61,21.67,21.61,21.6399,5077.0
2017-05-10 15:00:00,UCTT,21.6103,21.62,21.61,21.61,1700.0
2017-05-10 14:55:00,UCTT,21.6223,21.64,21.62,21.64,2075.0
2017-05-10 14:50:00,UCTT,21.65,21.65,21.61,21.61,2120.0
2017-05-10 14:45:00,UCTT,21.57,21.67,21.57,21.66,4013.0
2017-05-10 14:40:00,UCTT,21.57,21.61,21.55,21.58,5444.0
2017-05-10 14:35:00,UCTT,21.54,21.57,21.53,21.57,2603.0
2017-05-10 14:30:00,UCTT,21.53,21.56,21.52,21.53,4142.0
2017-05-10 14:25:00,UCTT,21.53,21.57,21.53,21.53,3101.0
2017-05-10 14:20:00,UCTT,21.54,21.54,21.52,21.525,3600.0
2017-05-10 14:15:00,UCTT,21.5632,21.5632,21.53,21.5456,3159.0
2017-05-10 14:10:00,UCTT,21.5953,21.6,21.525,21.55,2900.0
2017-05-10 14:05:00,UCTT,21.56,21.5999,21.54,21.5999,2850.0
2017-05-10 14:00:00,UCTT,21.6203,21.63,21.54,21.56,4700.0
2017-05-10 13:55:00,UCTT,21.61,21.6382,21.6,21.6,4596.0
2017-05-10 13:50:00,UCTT,21.66,21.66,21.61,21.61,3396.0
2017-05-10 13:45:00,UCTT,21.64,21.686,21.64,21.65,7778.0
2017-05-10 13:40:00,UCTT,21.66,21.7,21.6,21.6214,7259.0
2017-05-10 13:35:00,UCTT,21.635,21.71,21.62,21.66,14112.0
2017-05-10 13:30:00,UCTT,21.57,21.65,21.57,21.62,3888.0
2017-05-10 13:25:00,UCTT,21.511,21.6,21.511,21.56,4757.0
2017-05-10 13:20:00,UCTT,21.52,21.52,21.49,21.52,3200.0
2017-05-10 13:15:00,UCTT,21.54,21.5422,21.5,21.503,5420.0
2017-05-10 13:10:00,UCTT,21.56,21.56,21.54,21.54,3900.0
2017-05-10 13:05:00,UCTT,21.55,21.5728,21.55,21.5728,700.0
2017-05-10 13:00:00,UCTT,21.58,21.5879,21.55,21.55,4150.0
2017-05-10 12:55:00,UCTT,21.595,21.598,21.55,21.57,5925.0
2017-05-10 12:50:00,UCTT,21.5045,21.5997,21.5,21.58,9970.0
2017-05-10 12:45:00,UCTT,21.475,21.51,21.4684,21.505,18079.0
2017-05-10 12:40:00,UCTT,21.49,21.49,21.46,21.46,9311.0
2017-05-10 12:35:00,UCTT,21.49,21.49,21.48,21.49,4677.0
2017-05-10 12:30:00,UCTT,21.49,21.49,21.48,21.485,2899.0
2017-05-10 12:25:00,UCTT,21.44,21.49,21.44,21.47,3309.0
2017-05-10 12:20:00,UCTT,21.44,21.4699,21.44,21.44,2200.0
2017-05-10 12:15:00,UCTT,21.41,21.47,21.41,21.4698,2700.0
2017-05-10 12:10:00,UCTT,21.42,21.495,21.4,21.41,15160.0
2017-05-10 12:05:00,UCTT,21.4339,21.4339,21.41,21.41,473.0
2017-05-10 12:00:00,UCTT,21.405,21.44,21.39,21.39,7710.0
2017-05-10 11:55:00,UCTT,21.375,21.4,21.3665,21.37,5700.0
2017-05-10 11:50:00,UCTT,21.37,21.42,21.37,21.38,7133.0
2017-05-10 11:45:00,UCTT,21.36,21.39,21.35,21.36,2953.0
2017-05-10 11:40:00,UCTT,21.34,21.3507,21.33,21.3507,2002.0
2017-05-10 11:35:00,UCTT,21.44,21.45,21.33,21.33,5538.0
2017-05-10 11:30:00,UCTT,21.44,21.44,21.37,21.42,7250.0
2017-05-10 11:25:00,UCTT,21.44,21.46,21.42,21.4531,7437.0
2017-05-10 11:20:00,UCTT,21.29,21.44,21.29,21.43,19459.0
2017-05-10 11:15:00,UCTT,21.26,21.33,21.26,21.3097,2250.0
2017-05-10 11:10:00,UCTT,21.27,21.28,21.25,21.27,4600.0
2017-05-10 11:05:00,UCTT,21.28,21.31,21.26,21.26,2883.0
2017-05-10 11:00:00,UCTT,21.3299,21.3299,21.26,21.26,8577.0
2017-05-10 10:55:00,UCTT,21.27,21.31,21.27,21.3,3078.0
2017-05-10 10:50:00,UCTT,21.34,21.3699,21.25,21.25,5358.0
2017-05-10 10:45:00,UCTT,21.2551,21.3436,21.2551,21.3436,4670.0
2017-05-10 10:40:00,UCTT,21.284,21.34,21.23,21.28,10911.0
2017-05-10 10:35:00,UCTT,21.25,21.3,21.2201,21.2959,17927.0
2017-05-10 10:30:00,UCTT,21.27,21.28,21.24,21.25,13331.0
2017-05-10 10:25:00,UCTT,21.15,21.34,21.14,21.275,14649.0
2017-05-10 10:20:00,UCTT,21.15,21.1729,21.14,21.155,4391.0
2017-05-10 10:15:00,UCTT,21.085,21.19,21.07,21.1653,7655.0
2017-05-10 10:10:00,UCTT,21.03,21.0836,21.02,21.07,4911.0
2017-05-10 10:05:00,UCTT,20.97,21.06,20.96,21.06,5840.0
2017-05-10 10:00:00,UCTT,21.08,21.11,20.97,20.97,5120.0
2017-05-10 09:55:00,UCTT,21.13,21.2,21.1,21.1,6600.0
2017-05-10 09:50:00,UCTT,21.115,21.18,21.115,21.13,5399.0
2017-05-10 09:45:00,UCTT,21.11,21.18,21.11,21.13,9282.0
2017-05-10 09:40:00,UCTT,21.1956,21.236,21.07,21.07,7990.0
2017-05-10 09:35:00,UCTT,21.05,21.26,21.02,21.1999,17329.0
2017-05-10 08:05:00,UCTT,21.02,21.02,21.02,21.02,100.0
2017-05-09 19:55:00,UCTT,21.02,21.02,21.02,21.02,200.0
2017-05-09 19:00:00,UCTT,21.01,21.01,21.01,21.01,100.0
2017-05-09 16:55:00,UCTT,21.01,21.01,21.01,21.01,100.0
2017-05-09 16:05:00,UCTT,20.96,20.96,20.96,20.96,9945.0
2017-05-09 16:00:00,UCTT,20.965,20.98,20.94,20.95,20487.0
2017-05-09 15:55:00,UCTT,20.95,20.98,20.94,20.97,11338.0
2017-05-09 15:50:00,UCTT,20.87,20.95,20.87,20.94,12436.0
2017-05-09 15:45:00,UCTT,20.945,20.945,20.8368,20.87,14440.0
2017-05-09 15:40:00,UCTT,20.97,20.99,20.93,20.94,8566.0
2017-05-09 15:35:00,UCTT,21.0,21.0199,20.97,20.98,8933.0
2017-05-09 15:30:00,UCTT,20.995,21.01,20.98,21.0,9809.0
2017-05-09 15:25:00,UCTT,20.97,21.001,20.9547,20.995,6046.0
2017-05-09 15:20:00,UCTT,20.97,20.97,20.95,20.97,3572.0
2017-05-09 15:15:00,UCTT,21.0,21.02,20.975,20.975,4472.0
2017-05-09 15:10:00,UCTT,21.02,21.03,21.01,21.01,1300.0
2017-05-09 15:05:00,UCTT,21.005,21.02,20.99,21.01,2055.0
2017-05-09 15:00:00,UCTT,21.02,21.0263,20.99,21.0074,15421.0
2017-05-09 14:55:00,UCTT,21.03,21.05,21.02,21.03,6700.0
2017-05-09 14:50:00,UCTT,21.08,21.08,21.04,21.04,5400.0
2017-05-09 14:45:00,UCTT,21.1001,21.1221,21.07,21.075,3649.0
2017-05-09 14:40:00,UCTT,21.13,21.13,21.1001,21.115,6099.0
2017-05-09 14:35:00,UCTT,21.13,21.16,21.13,21.1499,2401.0
2017-05-09 14:30:00,UCTT,21.135,21.1599,21.1201,21.145,5700.0
2017-05-09 14:25:00,UCTT,21.15,21.18,21.13,21.13,3703.0
2017-05-09 14:20:00,UCTT,21.155,21.16,21.14,21.16,900.0
2017-05-09 14:15:00,UCTT,21.095,21.16,21.095,21.145,9289.0
2017-05-09 14:10:00,UCTT,21.1151,21.1151,21.081,21.1,1550.0
2017-05-09 14:05:00,UCTT,21.1499,21.15,21.12,21.13,3400.0
2017-05-09 14:00:00,UCTT,21.12,21.125,21.1,21.12,900.0
2017-05-09 13:55:00,UCTT,21.11,21.149,21.1,21.13,3947.0
2017-05-09 13:50:00,UCTT,21.12,21.159,21.12,21.12,1940.0
2017-05-09 13:45:00,UCTT,21.115,21.14,21.11,21.11,1500.0
2017-05-09 13:40:00,UCTT,21.095,21.11,21.08,21.11,3307.0
2017-05-09 13:35:00,UCTT,21.09,21.11,21.09,21.101,1398.0
2017-05-09 13:30:00,UCTT,21.12,21.12,21.09,21.09,2600.0
2017-05-09 13:25:00,UCTT,21.12,21.14,21.1,21.14,3400.0
2017-05-09 13:20:00,UCTT,21.19,21.21,21.12,21.15,2600.0
2017-05-09 13:15:00,UCTT,21.2236,21.228,21.15,21.175,3579.0
2017-05-09 13:10:00,UCTT,21.2315,21.24,21.2101,21.2101,1835.0
2017-05-09 13:05:00,UCTT,21.17,21.25,21.165,21.2332,1400.0
2017-05-09 13:00:00,UCTT,21.21,21.21,21.16,21.189,4058.0
2017-05-09 12:55:00,UCTT,21.24,21.25,21.2261,21.25,5350.0
2017-05-09 12:50:00,UCTT,21.2231,21.2436,21.2168,21.2261,1909.0
2017-05-09 12:45:00,UCTT,21.255,21.255,21.2,21.2,2700.0
2017-05-09 12:40:00,UCTT,21.1974,21.26,21.18,21.255,12417.0
2017-05-09 12:35:00,UCTT,21.27,21.27,21.1877,21.1983,3772.0
2017-05-09 12:30:00,UCTT,21.16,21.26,21.16,21.25,7269.0
2017-05-09 12:25:00,UCTT,21.24,21.24,21.12,21.16,3905.0
2017-05-09 12:20:00,UCTT,21.2,21.27,21.2,21.23,9379.0
2017-05-09 12:15:00,UCTT,21.2283,21.24,21.2,21.205,1700.0
2017-05-09 12:10:00,UCTT,21.155,21.24,21.1401,21.24,6100.0
2017-05-09 12:05:00,UCTT,21.15,21.18,21.1499,21.16,3410.0
2017-05-09 12:00:00,UCTT,21.08,21.15,21.08,21.1498,5191.0
2017-05-09 11:55:00,UCTT,21.03,21.101,21.03,21.075,3432.0
2017-05-09 11:50:00,UCTT,21.01,21.02,21.0,21.02,3349.0
2017-05-09 11:45:00,UCTT,21.049,21.049,21.0,21.01,5939.0
2017-05-09 11:40:00,UCTT,21.0253,21.05,21.02,21.02,3327.0
2017-05-09 11:35:00,UCTT,21.05,21.05,21.0,21.0,1447.0
2017-05-09 11:30:00,UCTT,20.97,21.049,20.97,21.0243,5749.0
2017-05-09 11:25:00,UCTT,20.95,20.96,20.91,20.96,3300.0
2017-05-09 11:20:00,UCTT,21.01,21.01,20.93,20.95,9823.0
2017-05-09 11:15:00,UCTT,20.98,21.04,20.95,21.0,3800.0
2017-05-09 11:10:00,UCTT,21.0499,21.0499,20.97,21.0,5039.0
2017-05-09 11:05:00,UCTT,20.91,21.04,20.91,21.0397,5368.0
2017-05-09 11:00:00,UCTT,20.95,20.95,20.8803,20.93,3676.0
2017-05-09 10:55:00,UCTT,20.94,20.98,20.94,20.9743,3370.0
2017-05-09 10:50:00,UCTT,20.96,20.97,20.9373,20.9373,3988.0
2017-05-09 10:45:00,UCTT,20.9711,21.05,20.96,20.98,14118.0
2017-05-09 10:40:00,UCTT,20.94,20.94,20.93,20.94,1600.0
2017-05-09 10:35:00,UCTT,21.039,21.039,20.922,20.9394,5153.0
2017-05-09 10:30:00,UCTT,20.93,21.05,20.9,21.0392,12754.0
2017-05-09 10:25:00,UCTT,21.04,21.0411,20.86,20.92,5055.0
2017-05-09 10:20:00,UCTT,21.05,21.09,21.025,21.03,7078.0
2017-05-09 10:15:00,UCTT,21.1067,21.1067,21.01,21.0492,8316.0
2017-05-09 10:10:00,UCTT,21.05,21.131,21.05,21.11,3800.0
2017-05-09 10:05:00,UCTT,21.01,21.09,21.01,21.05,5619.0
2017-05-09 10:00:00,UCTT,21.1,21.1,20.96,21.01,7184.0
2017-05-09 09:55:00,UCTT,21.08,21.1294,21.0489,21.1294,32337.0
2017-05-09 09:50:00,UCTT,21.15,21.15,21.01,21.06,11217.0
2017-05-09 09:45:00,UCTT,21.175,21.25,21.16,21.16,29553.0
2017-05-09 09:40:00,UCTT,20.95,21.2173,20.95,21.17,22237.0
2017-05-09 09:35:00,UCTT,20.8,20.9499,20.8,20.93,37959.0
2017-05-09 09:20:00,UCTT,20.8,20.8,20.8,20.8,100.0
2017-05-09 08:40:00,UCTT,20.8,20.8,20.8,20.8,100.0
2017-05-08 16:05:00,UCTT,20.57,20.58,20.57,20.58,22761.0
2017-05-08 16:00:00,UCTT,20.56,20.59,20.54,20.59,22728.0
2017-05-08 15:55:00,UCTT,20.495,20.56,20.495,20.555,12540.0
2017-05-08 15:50:00,UCTT,20.51,20.51,20.48,20.49,7302.0
2017-05-08 15:45:00,UCTT,20.52,20.55,20.49,20.491,22192.0
2017-05-08 15:40:00,UCTT,20.4595,20.52,20.4595,20.5141,8089.0
2017-05-08 15:35:00,UCTT,20.5,20.51,20.44,20.44,16743.0
2017-05-08 15:30:00,UCTT,20.55,20.555,20.51,20.51,5883.0
2017-05-08 15:25:00,UCTT,20.59,20.595,20.55,20.55,9875.0
2017-05-08 15:20:00,UCTT,20.56,20.6,20.545,20.59,11281.0
2017-05-08 15:15:00,UCTT,20.6,20.6,20.54,20.57,6500.0
2017-05-08 15:10:00,UCTT,20.63,20.64,20.59,20.6,5498.0
2017-05-08 15:05:00,UCTT,20.6867,20.6867,20.63,20.6356,6374.0
2017-05-08 15:00:00,UCTT,20.64,20.68,20.64,20.68,7678.0
2017-05-08 14:55:00,UCTT,20.66,20.66,20.64,20.65,9308.0
2017-05-08 14:50:00,UCTT,20.67,20.69,20.65,20.65,8768.0
2017-05-08 14:45:00,UCTT,20.67,20.7,20.67,20.676,7150.0
2017-05-08 14:40:00,UCTT,20.68,20.69,20.67,20.67,10241.0
2017-05-08 14:35:00,UCTT,20.65,20.69,20.65,20.69,2915.0
2017-05-08 14:30:00,UCTT,20.67,20.675,20.6575,20.664,5600.0
2017-05-08 14:25:00,UCTT,20.66,20.68,20.66,20.66,3112.0
2017-05-08 14:20:00,UCTT,20.71,20.71,20.66,20.66,3528.0
2017-05-08 14:15:00,UCTT,20.71,20.7101,20.71,20.7101,200.0
2017-05-08 14:10:00,UCTT,20.71,20.74,20.6992,20.7237,6531.0
2017-05-08 14:05:00,UCTT,20.71,20.715,20.68,20.6974,9366.0
2017-05-08 14:00:00,UCTT,20.73,20.75,20.71,20.71,2000.0
2017-05-08 13:55:00,UCTT,20.7346,20.74,20.72,20.74,1100.0
2017-05-08 13:50:00,UCTT,20.72,20.74,20.72,20.74,633.0
2017-05-08 13:45:00,UCTT,20.73,20.7326,20.72,20.7326,600.0
2017-05-08 13:40:00,UCTT,20.7607,20.7607,20.74,20.74,7437.0
2017-05-08 13:35:00,UCTT,20.77,20.775,20.76,20.76,1200.0
2017-05-08 13:30:00,UCTT,20.78,20.7825,20.77,20.77,1525.0
2017-05-08 13:25:00,UCTT,20.81,20.815,20.7831,20.7831,3685.0
2017-05-08 13:20:00,UCTT,20.8,20.81,20.8,20.805,2583.0
2017-05-08 13:15:00,UCTT,20.8,20.82,20.8,20.8,1400.0
2017-05-08 13:10:00,UCTT,20.8,20.82,20.7999,20.8075,7810.0
2017-05-08 13:05:00,UCTT,20.805,20.81,20.7898,20.7898,1750.0
2017-05-08 13:00:00,UCTT,20.849,20.849,20.8,20.8183,1858.0
2017-05-08 12:55:00,UCTT,20.8,20.85,20.7997,20.85,2900.0
2017-05-08 12:50:00,UCTT,20.82,20.8299,20.8,20.8,4531.0
2017-05-08 12:45:00,UCTT,20.788,20.82,20.77,20.8015,2723.0
2017-05-08 12:40:00,UCTT,20.75,20.7808,20.72,20.7808,10290.0
2017-05-08 12:35:00,UCTT,20.76,20.77,20.74,20.75,2898.0
2017-05-08 12:30:00,UCTT,20.79,20.7992,20.49,20.77,54040.0
2017-05-08 12:25:00,UCTT,20.83,20.8356,20.79,20.79,10788.0
2017-05-08 12:20:00,UCTT,20.8908,20.898,20.83,20.83,8257.0
2017-05-08 12:15:00,UCTT,20.9,20.92,20.872,20.8908,9483.0
2017-05-08 12:10:00,UCTT,20.9,20.94,20.89,20.92,3390.0
2017-05-08 12:05:00,UCTT,21.02,21.02,20.84,20.89,18110.0
2017-05-08 12:00:00,UCTT,21.04,21.04,21.01,21.02,2475.0
2017-05-08 11:55:00,UCTT,21.055,21.06,21.04,21.04,3008.0
2017-05-08 11:50:00,UCTT,21.0397,21.059,21.0397,21.0569,2850.0
2017-05-08 11:45:00,UCTT,21.0382,21.06,21.025,21.0349,5602.0
2017-05-08 11:40:00,UCTT,21.02,21.05,21.01,21.035,1772.0
2017-05-08 11:35:00,UCTT,21.05,21.08,21.02,21.04,16625.0
2017-05-08 11:30:00,UCTT,20.99,21.08,20.99,21.05,11150.0
2017-05-08 11:25:00,UCTT,20.98,21.0,20.97,20.9852,4282.0
2017-05-08 11:20:00,UCTT,20.91,21.0,20.91,21.0,3423.0
2017-05-08 11:15:00,UCTT,20.86,20.9,20.83,20.9,7425.0
2017-05-08 11:10:00,UCTT,20.887,20.89,20.8601,20.87,5456.0
2017-05-08 11:05:00,UCTT,20.88,20.9,20.88,20.89,2895.0
2017-05-08 11:00:00,UCTT,20.86,20.88,20.86,20.8778,600.0
2017-05-08 10:55:00,UCTT,20.8804,20.92,20.84,20.88,7950.0
2017-05-08 10:50:00,UCTT,20.9226,20.96,20.8831,20.9036,6099.0
2017-05-08 10:45:00,UCTT,20.885,20.93,20.83,20.93,19007.0
2017-05-08 10:40:00,UCTT,20.9209,20.939,20.8601,20.9,7982.0
2017-05-08 10:35:00,UCTT,20.85,20.93,20.8487,20.93,8340.0
2017-05-08 10:30:00,UCTT,20.9332,20.95,20.8504,20.89,9814.0
2017-05-08 10:25:00,UCTT,20.99,20.9999,20.9255,20.929,2952.0
2017-05-08 10:20:00,UCTT,21.0,21.02,20.99,21.019,2270.0
2017-05-08 10:15:00,UCTT,21.04,21.09,21.0,21.01,6939.0
2017-05-08 10:10:00,UCTT,21.02,21.08,20.99,21.07,30426.0
2017-05-08 10:05:00,UCTT,21.0,21.06,20.98,21.01,8460.0
2017-05-08 10:00:00,UCTT,20.975,20.9899,20.92,20.985,5268.0
2017-05-08 09:55:00,UCTT,20.9101,21.0,20.91,20.98,12457.0
2017-05-08 09:50:00,UCTT,20.87,20.98,20.87,20.94,5254.0
2017-05-08 09:45:00,UCTT,20.8812,20.96,20.86,20.88,10925.0
2017-05-08 09:40:00,UCTT,21.11,21.1101,20.82,20.9101,31077.0
2017-05-08 09:35:00,UCTT,21.26,21.28,21.06,21.12,41391.0
2017-05-08 09:10:00,UCTT,21.08,21.08,21.08,21.08,300.0
2017-05-05 16:05:00,UCTT,21.08,21.08,21.08,21.08,17628.0
2017-05-05 16:00:00,UCTT,21.11,21.12,21.07,21.08,31343.0
2017-05-05 15:55:00,UCTT,21.105,21.13,21.104,21.115,21277.0
2017-05-05 15:50:00,UCTT,21.11,21.12,21.1,21.11,6989.0
2017-05-05 15:45:00,UCTT,21.12,21.125,21.1,21.12,17140.0
2017-05-05 15:40:00,UCTT,21.15,21.15,21.12,21.12,6577.0
2017-05-05 15:35:00,UCTT,21.16,21.1899,21.144,21.144,14609.0
2017-05-05 15:30:00,UCTT,21.16,21.18,21.14,21.1534,12260.0
2017-05-05 15:25:00,UCTT,21.095,21.19,21.0929,21.165,18467.0
2017-05-05 15:20:00,UCTT,21.11,21.11,21.08,21.097,6700.0
2017-05-05 15:15:00,UCTT,21.1001,21.12,21.1,21.11,2160.0
2017-05-05 15:10:00,UCTT,21.09,21.1299,21.09,21.11,4733.0
2017-05-05 15:05:00,UCTT,21.11,21.12,21.08,21.085,7360.0
2017-05-05 15:00:00,UCTT,21.16,21.17,21.11,21.125,20527.0
2017-05-05 14:55:00,UCTT,21.0905,21.19,21.09,21.1804,16509.0
2017-05-05 14:50:00,UCTT,21.06,21.1,21.06,21.1,3600.0
2017-05-05 14:45:00,UCTT,21.02,21.06,21.01,21.055,3962.0
2017-05-05 14:40:00,UCTT,21.015,21.02,21.01,21.02,1100.0
2017-05-05 14:35:00,UCTT,21.0162,21.04,21.01,21.02,4145.0
2017-05-05 14:30:00,UCTT,21.03,21.04,21.02,21.02,1900.0
2017-05-05 14:25:00,UCTT,21.06,21.06,21.03,21.03,3835.0
2017-05-05 14:20:00,UCTT,21.07,21.08,21.06,21.06,3722.0
2017-05-05 14:15:00,UCTT,21.08,21.08,21.04,21.0573,4200.0
2017-05-05 14:10:00,UCTT,21.0159,21.05,21.0137,21.05,5800.0
2017-05-05 14:05:00,UCTT,20.95,21.0261,20.95,21.0261,7600.0
2017-05-05 14:00:00,UCTT,20.92,20.97,20.92,20.96,3450.0
2017-05-05 13:55:00,UCTT,20.95,20.95,20.92,20.92,3100.0
2017-05-05 13:50:00,UCTT,20.9411,20.9411,20.9394,20.94,1900.0
2017-05-05 13:45:00,UCTT,20.9637,20.9799,20.94,20.94,4839.0
2017-05-05 13:40:00,UCTT,21.01,21.015,20.96,20.96,7343.0
2017-05-05 13:35:00,UCTT,21.05,21.05,21.02,21.02,1820.0
2017-05-05 13:30:00,UCTT,20.96,21.04,20.96,21.04,1708.0
2017-05-05 13:25:00,UCTT,20.98,20.98,20.96,20.9705,1366.0
2017-05-05 13:20:00,UCTT,21.0,21.01,20.98,20.999,1979.0
2017-05-05 13:15:00,UCTT,21.0026,21.01,20.999,21.01,2575.0
2017-05-05 13:10:00,UCTT,20.98,21.01,20.98,21.0,2805.0
2017-05-05 13:05:00,UCTT,20.9605,21.0,20.95,20.99,11582.0
2017-05-05 13:00:00,UCTT,20.8953,20.97,20.8953,20.94,8100.0
2017-05-05 12:55:00,UCTT,20.9048,20.9048,20.87,20.88,2800.0
2017-05-05 12:50:00,UCTT,20.88,20.9258,20.8689,20.9258,7426.0
2017-05-05 12:45:00,UCTT,20.8305,20.89,20.8305,20.88,2800.0
2017-05-05 12:40:00,UCTT,20.83,20.83,20.83,20.83,1700.0
2017-05-05 12:35:00,UCTT,20.83,20.84,20.81,20.82,2098.0
2017-05-05 12:30:00,UCTT,20.884,20.89,20.83,20.83,5443.0
2017-05-05 12:25:00,UCTT,20.9189,20.92,20.86,20.89,5300.0
2017-05-05 12:20:00,UCTT,20.9692,20.9692,20.9,20.92,5213.0
2017-05-05 12:15:00,UCTT,20.95,20.95,20.95,20.95,100.0
2017-05-05 12:10:00,UCTT,21.0,21.0,20.96,20.994,2666.0
2017-05-05 12:05:00,UCTT,21.02,21.02,20.97,20.99,4000.0
2017-05-05 12:00:00,UCTT,21.0365,21.1,21.01,21.01,7375.0
2017-05-05 11:55:00,UCTT,21.02,21.04,21.02,21.02,1825.0
2017-05-05 11:50:00,UCTT,20.99,21.02,20.98,21.01,3100.0
2017-05-05 11:45:00,UCTT,20.97,20.995,20.96,20.96,2000.0
2017-05-05 11:40:00,UCTT,20.974,20.996,20.97,20.98,1952.0
2017-05-05 11:35:00,UCTT,20.98,21.02,20.95,20.98,4994.0
2017-05-05 11:30:00,UCTT,20.98,20.99,20.94,20.97,4444.0
2017-05-05 11:25:00,UCTT,20.99,21.06,20.98,20.99,6900.0
2017-05-05 11:20:00,UCTT,20.97,21.0,20.95,21.0,6200.0
2017-05-05 11:15:00,UCTT,20.9355,20.98,20.91,20.98,4140.0
2017-05-05 11:10:00,UCTT,20.95,20.99,20.9,20.94,4295.0
2017-05-05 11:05:00,UCTT,20.92,20.94,20.88,20.94,5900.0
2017-05-05 11:00:00,UCTT,20.94,20.94,20.86,20.9001,6544.0
2017-05-05 10:55:00,UCTT,20.78,20.96,20.74,20.93,12852.0
2017-05-05 10:50:00,UCTT,20.82,20.85,20.7408,20.78,8605.0
2017-05-05 10:45:00,UCTT,20.8,20.89,20.78,20.8,8067.0
2017-05-05 10:40:00,UCTT,20.74,20.84,20.74,20.8,9444.0
2017-05-05 10:35:00,UCTT,20.8621,20.9,20.68,20.75,21560.0
2017-05-05 10:30:00,UCTT,20.91,20.91,20.81,20.85,17248.0
2017-05-05 10:25:00,UCTT,20.97,20.97,20.91,20.92,3328.0
2017-05-05 10:20:00,UCTT,20.952,21.0,20.8908,20.95,10897.0
2017-05-05 10:15:00,UCTT,21.06,21.11,20.96,21.01,20600.0
2017-05-05 10:10:00,UCTT,21.08,21.1,21.06,21.06,7215.0
2017-05-05 10:05:00,UCTT,21.108,21.15,21.05,21.06,4670.0
2017-05-05 10:00:00,UCTT,21.01,21.18,21.01,21.15,19572.0
2017-05-05 09:55:00,UCTT,21.076,21.139,21.04,21.04,10796.0
2017-05-05 09:50:00,UCTT,21.088,21.11,21.0,21.06,14686.0
2017-05-05 09:45:00,UCTT,21.22,21.22,21.07,21.07,23573.0
2017-05-05 09:40:00,UCTT,21.1972,21.3477,21.14,21.23,9339.0
2017-05-05 09:35:00,UCTT,21.06,21.36,21.06,21.191,32847.0
2017-05-04 18:05:00,UCTT,20.9,20.9,20.9,20.9,100.0
2017-05-04 17:55:00,UCTT,20.9,21.05,20.9,21.05,3750.0
2017-05-04 17:50:00,UCTT,20.92,20.92,20.92,20.92,300.0
2017-05-04 17:45:00,UCTT,20.9,20.9,20.9,20.9,4749.0
2017-05-04 17:20:00,UCTT,21.05,21.05,21.05,21.05,1000.0
2017-05-04 17:00:00,UCTT,21.05,21.05,21.05,21.05,100.0
2017-05-04 16:05:00,UCTT,21.05,21.05,21.05,21.05,24452.0
2017-05-04 16:00:00,UCTT,21.04,21.06,21.03,21.05,30627.0
2017-05-04 15:55:00,UCTT,20.97,21.05,20.97,21.021,32849.0
2017-05-04 15:50:00,UCTT,21.0,21.005,20.96,20.96,9299.0
2017-05-04 15:45:00,UCTT,20.97,21.0,20.97,21.0,13222.0
2017-05-04 15:40:00,UCTT,20.9941,20.9941,20.95,20.98,6465.0
2017-05-04 15:35:00,UCTT,20.979,21.0,20.979,20.9925,5512.0
2017-05-04 15:30:00,UCTT,20.9669,20.978,20.96,20.96,5708.0
2017-05-04 15:25:00,UCTT,20.95,20.981,20.94,20.9771,5702.0
2017-05-04 15:20:00,UCTT,21.015,21.015,20.9478,20.96,10743.0
2017-05-04 15:15:00,UCTT,21.07,21.07,21.0,21.01,14317.0
2017-05-04 15:10:00,UCTT,21.06,21.08,21.06,21.06,5192.0
2017-05-04 15:05:00,UCTT,21.08,21.11,21.06,21.08,7190.0
2017-05-04 15:00:00,UCTT,21.09,21.11,21.06,21.08,7735.0
2017-05-04 14:55:00,UCTT,21.11,21.115,21.08,21.1,12142.0
2017-05-04 14:50:00,UCTT,21.07,21.1299,21.07,21.09,9458.0
2017-05-04 14:45:00,UCTT,21.05,21.06,21.04,21.055,3495.0
2017-05-04 14:40:00,UCTT,21.06,21.085,21.05,21.06,13000.0
2017-05-04 14:35:00,UCTT,21.05,21.09,21.05,21.07,7437.0
2017-05-04 14:30:00,UCTT,21.08,21.08,21.04,21.0514,1500.0
2017-05-04 14:25:00,UCTT,21.06,21.08,21.03,21.05,2500.0
2017-05-04 14:20:00,UCTT,21.09,21.1403,21.07,21.07,6300.0
2017-05-04 14:15:00,UCTT,21.0547,21.1,21.0547,21.09,5987.0
2017-05-04 14:10:00,UCTT,21.045,21.06,21.031,21.06,4089.0
2017-05-04 14:05:00,UCTT,21.03,21.06,21.02,21.045,9875.0
2017-05-04 14:00:00,UCTT,21.0379,21.04,21.03,21.04,700.0
2017-05-04 13:55:00,UCTT,21.09,21.09,21.0,21.05,3570.0
2017-05-04 13:50:00,UCTT,21.0525,21.09,21.046,21.09,4000.0
2017-05-04 13:45:00,UCTT,21.07,21.09,21.04,21.04,3784.0
2017-05-04 13:40:00,UCTT,21.07,21.079,21.03,21.06,8900.0
2017-05-04 13:35:00,UCTT,21.07,21.08,21.04,21.078,5761.0
2017-05-04 13:30:00,UCTT,21.04,21.0799,21.03,21.0799,5300.0
2017-05-04 13:25:00,UCTT,21.05,21.05,21.0314,21.0456,4679.0
2017-05-04 13:20:00,UCTT,21.04,21.06,21.04,21.05,3500.0
2017-05-04 13:15:00,UCTT,21.05,21.06,21.0228,21.03,2152.0
2017-05-04 13:10:00,UCTT,21.0,21.09,21.0,21.04,9130.0
2017-05-04 13:05:00,UCTT,20.98,21.02,20.97,20.98,10622.0
2017-05-04 13:00:00,UCTT,21.0,21.04,20.97,20.98,8583.0
2017-05-04 12:55:00,UCTT,21.03,21.04,21.0,21.01,3600.0
2017-05-04 12:50:00,UCTT,20.99,21.05,20.96,21.04,11016.0
2017-05-04 12:45:00,UCTT,20.96,20.995,20.96,20.985,6593.0
2017-05-04 12:40:00,UCTT,20.93,20.99,20.93,20.968,15100.0
2017-05-04 12:35:00,UCTT,20.91,20.95,20.91,20.93,5105.0
2017-05-04 12:30:00,UCTT,20.92,20.92,20.88,20.893,3000.0
2017-05-04 12:25:00,UCTT,20.92,20.93,20.85,20.93,7022.0
2017-05-04 12:20:00,UCTT,20.88,20.9175,20.88,20.9,4505.0
2017-05-04 12:15:00,UCTT,20.91,20.92,20.86,20.88,9530.0
2017-05-04 12:10:00,UCTT,20.9512,20.99,20.93,20.93,9695.0
2017-05-04 12:05:00,UCTT,21.135,21.15,20.95,20.95,19310.0
2017-05-04 12:00:00,UCTT,21.1847,21.22,21.1132,21.135,7000.0
2017-05-04 11:55:00,UCTT,21.23,21.23,21.17,21.1813,6690.0
2017-05-04 11:50:00,UCTT,21.275,21.29,21.22,21.225,11800.0
2017-05-04 11:45:00,UCTT,21.26,21.32,21.24,21.28,15193.0
2017-05-04 11:40:00,UCTT,21.215,21.2799,21.2,21.25,11526.0
2017-05-04 11:35:00,UCTT,21.17,21.24,21.17,21.21,8100.0
2017-05-04 11:30:00,UCTT,21.125,21.19,21.115,21.15,13149.0
2017-05-04 11:25:00,UCTT,21.1,21.14,21.04,21.13,8911.0
2017-05-04 11:20:00,UCTT,21.14,21.155,21.09,21.1,13666.0
2017-05-04 11:15:00,UCTT,21.06,21.13,21.03,21.12,10095.0
2017-05-04 11:10:00,UCTT,21.177,21.18,21.06,21.065,8129.0
2017-05-04 11:05:00,UCTT,21.075,21.2103,21.0662,21.1704,21141.0
2017-05-04 11:00:00,UCTT,21.03,21.1,20.98,21.09,7324.0
2017-05-04 10:55:00,UCTT,21.02,21.065,20.98,21.05,6802.0
2017-05-04 10:50:00,UCTT,20.9747,21.07,20.935,20.994,5184.0
2017-05-04 10:45:00,UCTT,20.97,20.987,20.87,20.96,47450.0
2017-05-04 10:40:00,UCTT,21.005,21.005,20.97,20.99,1700.0
2017-05-04 10:35:00,UCTT,21.0303,21.06,20.97,21.005,6726.0
2017-05-04 10:30:00,UCTT,21.07,21.08,20.97,20.98,10550.0
2017-05-04 10:25:00,UCTT,21.025,21.0899,21.0,21.0497,8735.0
2017-05-04 10:20:00,UCTT,20.7645,21.0465,20.7645,21.035,22161.0
2017-05-04 10:15:00,UCTT,20.75,20.78,20.72,20.75,10766.0
2017-05-04 10:10:00,UCTT,20.7005,20.756,20.65,20.73,7580.0
2017-05-04 10:05:00,UCTT,20.76,20.76,20.72,20.72,6804.0
2017-05-04 10:00:00,UCTT,20.84,20.84,20.76,20.76,114743.0
2017-05-04 09:55:00,UCTT,20.75,20.91,20.6988,20.82,19300.0
2017-05-04 09:50:00,UCTT,20.82,20.82,20.76,20.76,13685.0
2017-05-04 09:45:00,UCTT,20.86,20.875,20.78,20.84,11023.0
2017-05-04 09:40:00,UCTT,21.07,21.093,20.7905,20.7905,54602.0
2017-05-04 09:35:00,UCTT,21.07,21.2497,20.9822,21.048,34755.0
2017-05-03 18:10:00,UCTT,20.9,20.9,20.81,20.81,925.0
2017-05-03 17:20:00,UCTT,21.0,21.0,21.0,21.0,300.0
2017-05-03 16:05:00,UCTT,20.95,20.95,20.95,20.95,25853.0
2017-05-19 16:30:00,UCTT,21.56,21.56,21.56,21.56,272.0
2017-05-08 11:45:00,UCTT,21.0382,21.06,21.025,21.0349,5602.0
2017-05-08 11:40:00,UCTT,21.02,21.05,21.01,21.035,1772.0
2017-05-08 11:35:00,UCTT,21.05,21.08,21.02,21.04,16625.0
2017-05-08 11:30:00,UCTT,20.99,21.08,20.99,21.05,11150.0
2017-05-08 11:25:00,UCTT,20.98,21.0,20.97,20.9852,4282.0
2017-05-08 11:20:00,UCTT,20.91,21.0,20.91,21.0,3423.0
2017-05-08 11:15:00,UCTT,20.86,20.9,20.83,20.9,7425.0
2017-05-08 11:10:00,UCTT,20.887,20.89,20.8601,20.87,5456.0
2017-05-08 11:05:00,UCTT,20.88,20.9,20.88,20.89,2895.0
2017-05-08 11:00:00,UCTT,20.86,20.88,20.86,20.8778,600.0
2017-05-08 10:55:00,UCTT,20.8804,20.92,20.84,20.88,7950.0
2017-05-08 10:50:00,UCTT,20.9226,20.96,20.8831,20.9036,6099.0
2017-05-08 10:45:00,UCTT,20.885,20.93,20.83,20.93,19007.0
2017-05-08 10:40:00,UCTT,20.9209,20.939,20.8601,20.9,7982.0
2017-05-08 10:35:00,UCTT,20.85,20.93,20.8487,20.93,8340.0
2017-05-08 10:30:00,UCTT,20.9332,20.95,20.8504,20.89,9814.0
2017-05-08 10:25:00,UCTT,20.99,20.9999,20.9255,20.929,2952.0
2017-05-08 10:20:00,UCTT,21.0,21.02,20.99,21.019,2270.0
2017-05-08 10:15:00,UCTT,21.04,21.09,21.0,21.01,6939.0
2017-05-08 10:10:00,UCTT,21.02,21.08,20.99,21.07,30426.0
2017-05-08 10:05:00,UCTT,21.0,21.06,20.98,21.01,8460.0
2017-05-08 10:00:00,UCTT,20.975,20.9899,20.92,20.985,5268.0
2017-05-08 09:55:00,UCTT,20.9101,21.0,20.91,20.98,12457.0
2017-05-08 09:50:00,UCTT,20.87,20.98,20.87,20.94,5254.0
2017-05-08 09:45:00,UCTT,20.8812,20.96,20.86,20.88,10925.0
2017-05-08 09:40:00,UCTT,21.11,21.1101,20.82,20.9101,31077.0
2017-05-08 09:35:00,UCTT,21.26,21.28,21.06,21.12,41391.0
2017-05-08 09:10:00,UCTT,21.08,21.08,21.08,21.08,300.0
2017-05-05 16:05:00,UCTT,21.08,21.08,21.08,21.08,17628.0
2017-05-05 16:00:00,UCTT,21.11,21.12,21.07,21.08,31343.0
2017-05-05 15:55:00,UCTT,21.105,21.13,21.104,21.115,21277.0
2017-05-05 15:50:00,UCTT,21.11,21.12,21.1,21.11,6989.0
2017-05-05 15:45:00,UCTT,21.12,21.125,21.1,21.12,17140.0
2017-05-05 15:40:00,UCTT,21.15,21.15,21.12,21.12,6577.0
2017-05-05 15:35:00,UCTT,21.16,21.1899,21.144,21.144,14609.0
2017-05-05 15:30:00,UCTT,21.16,21.18,21.14,21.1534,12260.0
2017-05-05 15:25:00,UCTT,21.095,21.19,21.0929,21.165,18467.0
2017-05-05 15:20:00,UCTT,21.11,21.11,21.08,21.097,6700.0
2017-05-05 15:15:00,UCTT,21.1001,21.12,21.1,21.11,2160.0
2017-05-05 15:10:00,UCTT,21.09,21.1299,21.09,21.11,4733.0
2017-05-05 15:05:00,UCTT,21.11,21.12,21.08,21.085,7360.0
2017-05-05 15:00:00,UCTT,21.16,21.17,21.11,21.125,20527.0
2017-05-05 14:55:00,UCTT,21.0905,21.19,21.09,21.1804,16509.0
2017-05-05 14:50:00,UCTT,21.06,21.1,21.06,21.1,3600.0
2017-05-05 14:45:00,UCTT,21.02,21.06,21.01,21.055,3962.0
2017-05-05 14:40:00,UCTT,21.015,21.02,21.01,21.02,1100.0
2017-05-05 14:35:00,UCTT,21.0162,21.04,21.01,21.02,4145.0
2017-05-05 14:30:00,UCTT,21.03,21.04,21.02,21.02,1900.0
2017-05-05 14:25:00,UCTT,21.06,21.06,21.03,21.03,3835.0
2017-05-05 14:20:00,UCTT,21.07,21.08,21.06,21.06,3722.0
2017-05-05 14:15:00,UCTT,21.08,21.08,21.04,21.0573,4200.0
2017-05-05 14:10:00,UCTT,21.0159,21.05,21.0137,21.05,5800.0
2017-05-05 14:05:00,UCTT,20.95,21.0261,20.95,21.0261,7600.0
2017-05-05 14:00:00,UCTT,20.92,20.97,20.92,20.96,3450.0
2017-05-05 13:55:00,UCTT,20.95,20.95,20.92,20.92,3100.0
2017-05-05 13:50:00,UCTT,20.9411,20.9411,20.9394,20.94,1900.0
2017-05-05 13:45:00,UCTT,20.9637,20.9799,20.94,20.94,4839.0
2017-05-05 13:40:00,UCTT,21.01,21.015,20.96,20.96,7343.0
2017-05-05 13:35:00,UCTT,21.05,21.05,21.02,21.02,1820.0
2017-05-05 13:30:00,UCTT,20.96,21.04,20.96,21.04,1708.0
2017-05-05 13:25:00,UCTT,20.98,20.98,20.96,20.9705,1366.0
2017-05-05 13:20:00,UCTT,21.0,21.01,20.98,20.999,1979.0
2017-05-05 13:15:00,UCTT,21.0026,21.01,20.999,21.01,2575.0
2017-05-05 13:10:00,UCTT,20.98,21.01,20.98,21.0,2805.0
2017-05-05 13:05:00,UCTT,20.9605,21.0,20.95,20.99,11582.0
2017-05-05 13:00:00,UCTT,20.8953,20.97,20.8953,20.94,8100.0
2017-05-05 12:55:00,UCTT,20.9048,20.9048,20.87,20.88,2800.0
2017-05-05 12:50:00,UCTT,20.88,20.9258,20.8689,20.9258,7426.0
2017-05-05 12:45:00,UCTT,20.8305,20.89,20.8305,20.88,2800.0
2017-05-05 12:40:00,UCTT,20.83,20.83,20.83,20.83,1700.0
2017-05-05 12:35:00,UCTT,20.83,20.84,20.81,20.82,2098.0
2017-05-05 12:30:00,UCTT,20.884,20.89,20.83,20.83,5443.0
2017-05-05 12:25:00,UCTT,20.9189,20.92,20.86,20.89,5300.0
2017-05-05 12:20:00,UCTT,20.9692,20.9692,20.9,20.92,5213.0
2017-05-05 12:15:00,UCTT,20.95,20.95,20.95,20.95,100.0
2017-05-05 12:10:00,UCTT,21.0,21.0,20.96,20.994,2666.0
2017-05-05 12:05:00,UCTT,21.02,21.02,20.97,20.99,4000.0
2017-05-05 12:00:00,UCTT,21.0365,21.1,21.01,21.01,7375.0
2017-05-05 11:55:00,UCTT,21.02,21.04,21.02,21.02,1825.0
2017-05-05 11:50:00,UCTT,20.99,21.02,20.98,21.01,3100.0
2017-05-05 11:45:00,UCTT,20.97,20.995,20.96,20.96,2000.0
2017-05-05 11:40:00,UCTT,20.974,20.996,20.97,20.98,1952.0
2017-05-05 11:35:00,UCTT,20.98,21.02,20.95,20.98,4994.0
2017-05-05 11:30:00,UCTT,20.98,20.99,20.94,20.97,4444.0
2017-05-05 11:25:00,UCTT,20.99,21.06,20.98,20.99,6900.0
2017-05-05 11:20:00,UCTT,20.97,21.0,20.95,21.0,6200.0
2017-05-05 11:15:00,UCTT,20.9355,20.98,20.91,20.98,4140.0
2017-05-05 11:10:00,UCTT,20.95,20.99,20.9,20.94,4295.0
2017-05-05 11:05:00,UCTT,20.92,20.94,20.88,20.94,5900.0
2017-05-05 11:00:00,UCTT,20.94,20.94,20.86,20.9001,6544.0
2017-05-05 10:55:00,UCTT,20.78,20.96,20.74,20.93,12852.0
2017-05-05 10:50:00,UCTT,20.82,20.85,20.7408,20.78,8605.0
2017-05-05 10:45:00,UCTT,20.8,20.89,20.78,20.8,8067.0
2017-05-05 10:40:00,UCTT,20.74,20.84,20.74,20.8,9444.0
2017-05-05 10:35:00,UCTT,20.8621,20.9,20.68,20.75,21560.0
2017-05-05 10:30:00,UCTT,20.91,20.91,20.81,20.85,17248.0
2017-05-05 10:25:00,UCTT,20.97,20.97,20.91,20.92,3328.0
2017-05-05 10:20:00,UCTT,20.952,21.0,20.8908,20.95,10897.0
2017-05-05 10:15:00,UCTT,21.06,21.11,20.96,21.01,20600.0
2017-05-05 10:10:00,UCTT,21.08,21.1,21.06,21.06,7215.0
2017-05-05 10:05:00,UCTT,21.108,21.15,21.05,21.06,4670.0
2017-05-05 10:00:00,UCTT,21.01,21.18,21.01,21.15,19572.0
2017-05-05 09:55:00,UCTT,21.076,21.139,21.04,21.04,10796.0
2017-05-05 09:50:00,UCTT,21.088,21.11,21.0,21.06,14686.0
2017-05-05 09:45:00,UCTT,21.22,21.22,21.07,21.07,23573.0
2017-05-05 09:40:00,UCTT,21.1972,21.3477,21.14,21.23,9339.0
2017-05-05 09:35:00,UCTT,21.06,21.36,21.06,21.191,32847.0
2017-05-04 18:05:00,UCTT,20.9,20.9,20.9,20.9,100.0
2017-05-04 17:55:00,UCTT,20.9,21.05,20.9,21.05,3750.0
2017-05-04 17:50:00,UCTT,20.92,20.92,20.92,20.92,300.0
2017-05-04 17:45:00,UCTT,20.9,20.9,20.9,20.9,4749.0
2017-05-04 17:20:00,UCTT,21.05,21.05,21.05,21.05,1000.0
2017-05-04 17:00:00,UCTT,21.05,21.05,21.05,21.05,100.0
2017-05-04 16:05:00,UCTT,21.05,21.05,21.05,21.05,24452.0
2017-05-04 16:00:00,UCTT,21.04,21.06,21.03,21.05,30627.0
2017-05-04 15:55:00,UCTT,20.97,21.05,20.97,21.021,32849.0
2017-05-04 15:50:00,UCTT,21.0,21.005,20.96,20.96,9299.0
2017-05-04 15:45:00,UCTT,20.97,21.0,20.97,21.0,13222.0
2017-05-04 15:40:00,UCTT,20.9941,20.9941,20.95,20.98,6465.0
2017-05-04 15:35:00,UCTT,20.979,21.0,20.979,20.9925,5512.0
2017-05-04 15:30:00,UCTT,20.9669,20.978,20.96,20.96,5708.0
2017-05-04 15:25:00,UCTT,20.95,20.981,20.94,20.9771,5702.0
2017-05-04 15:20:00,UCTT,21.015,21.015,20.9478,20.96,10743.0
2017-05-04 15:15:00,UCTT,21.07,21.07,21.0,21.01,14317.0
2017-05-04 15:10:00,UCTT,21.06,21.08,21.06,21.06,5192.0
2017-05-04 15:05:00,UCTT,21.08,21.11,21.06,21.08,7190.0
2017-05-04 15:00:00,UCTT,21.09,21.11,21.06,21.08,7735.0
2017-05-04 14:55:00,UCTT,21.11,21.115,21.08,21.1,12142.0
2017-05-04 14:50:00,UCTT,21.07,21.1299,21.07,21.09,9458.0
2017-05-04 14:45:00,UCTT,21.05,21.06,21.04,21.055,3495.0
2017-05-04 14:40:00,UCTT,21.06,21.085,21.05,21.06,13000.0
2017-05-04 14:35:00,UCTT,21.05,21.09,21.05,21.07,7437.0
2017-05-04 14:30:00,UCTT,21.08,21.08,21.04,21.0514,1500.0
2017-05-04 14:25:00,UCTT,21.06,21.08,21.03,21.05,2500.0
2017-05-04 14:20:00,UCTT,21.09,21.1403,21.07,21.07,6300.0
2017-05-04 14:15:00,UCTT,21.0547,21.1,21.0547,21.09,5987.0
2017-05-04 14:10:00,UCTT,21.045,21.06,21.031,21.06,4089.0
2017-05-04 14:05:00,UCTT,21.03,21.06,21.02,21.045,9875.0
2017-05-04 14:00:00,UCTT,21.0379,21.04,21.03,21.04,700.0
2017-05-04 13:55:00,UCTT,21.09,21.09,21.0,21.05,3570.0
2017-05-04 13:50:00,UCTT,21.0525,21.09,21.046,21.09,4000.0
2017-05-04 13:45:00,UCTT,21.07,21.09,21.04,21.04,3784.0
2017-05-04 13:40:00,UCTT,21.07,21.079,21.03,21.06,8900.0
2017-05-04 13:35:00,UCTT,21.07,21.08,21.04,21.078,5761.0
2017-05-04 13:30:00,UCTT,21.04,21.0799,21.03,21.0799,5300.0
2017-05-04 13:25:00,UCTT,21.05,21.05,21.0314,21.0456,4679.0
2017-05-04 13:20:00,UCTT,21.04,21.06,21.04,21.05,3500.0
2017-05-04 13:15:00,UCTT,21.05,21.06,21.0228,21.03,2152.0
2017-05-04 13:10:00,UCTT,21.0,21.09,21.0,21.04,9130.0
2017-05-04 13:05:00,UCTT,20.98,21.02,20.97,20.98,10622.0
2017-05-04 13:00:00,UCTT,21.0,21.04,20.97,20.98,8583.0
2017-05-04 12:55:00,UCTT,21.03,21.04,21.0,21.01,3600.0
2017-05-04 12:50:00,UCTT,20.99,21.05,20.96,21.04,11016.0
2017-05-04 12:45:00,UCTT,20.96,20.995,20.96,20.985,6593.0
2017-05-04 12:40:00,UCTT,20.93,20.99,20.93,20.968,15100.0
2017-05-04 12:35:00,UCTT,20.91,20.95,20.91,20.93,5105.0
2017-05-04 12:30:00,UCTT,20.92,20.92,20.88,20.893,3000.0
2017-05-04 12:25:00,UCTT,20.92,20.93,20.85,20.93,7022.0
2017-05-04 12:20:00,UCTT,20.88,20.9175,20.88,20.9,4505.0
2017-05-04 12:15:00,UCTT,20.91,20.92,20.86,20.88,9530.0
2017-05-04 12:10:00,UCTT,20.9512,20.99,20.93,20.93,9695.0
2017-05-04 12:05:00,UCTT,21.135,21.15,20.95,20.95,19310.0
2017-05-04 12:00:00,UCTT,21.1847,21.22,21.1132,21.135,7000.0
2017-05-04 11:55:00,UCTT,21.23,21.23,21.17,21.1813,6690.0
2017-05-04 11:50:00,UCTT,21.275,21.29,21.22,21.225,11800.0
2017-05-04 11:45:00,UCTT,21.26,21.32,21.24,21.28,15193.0
2017-05-04 11:40:00,UCTT,21.215,21.2799,21.2,21.25,11526.0
2017-05-04 11:35:00,UCTT,21.17,21.24,21.17,21.21,8100.0
2017-05-04 11:30:00,UCTT,21.125,21.19,21.115,21.15,13149.0
2017-05-04 11:25:00,UCTT,21.1,21.14,21.04,21.13,8911.0
2017-05-04 11:20:00,UCTT,21.14,21.155,21.09,21.1,13666.0
2017-05-04 11:15:00,UCTT,21.06,21.13,21.03,21.12,10095.0
2017-05-04 11:10:00,UCTT,21.177,21.18,21.06,21.065,8129.0
2017-05-04 11:05:00,UCTT,21.075,21.2103,21.0662,21.1704,21141.0
2017-05-04 11:00:00,UCTT,21.03,21.1,20.98,21.09,7324.0
2017-05-04 10:55:00,UCTT,21.02,21.065,20.98,21.05,6802.0
2017-05-04 10:50:00,UCTT,20.9747,21.07,20.935,20.994,5184.0
2017-05-04 10:45:00,UCTT,20.97,20.987,20.87,20.96,47450.0
2017-05-04 10:40:00,UCTT,21.005,21.005,20.97,20.99,1700.0
2017-05-04 10:35:00,UCTT,21.0303,21.06,20.97,21.005,6726.0
2017-05-04 10:30:00,UCTT,21.07,21.08,20.97,20.98,10550.0
2017-05-04 10:25:00,UCTT,21.025,21.0899,21.0,21.0497,8735.0
2017-05-04 10:20:00,UCTT,20.7645,21.0465,20.7645,21.035,22161.0
2017-05-04 10:15:00,UCTT,20.75,20.78,20.72,20.75,10766.0
2017-05-04 10:10:00,UCTT,20.7005,20.756,20.65,20.73,7580.0
2017-05-04 10:05:00,UCTT,20.76,20.76,20.72,20.72,6804.0
2017-05-04 10:00:00,UCTT,20.84,20.84,20.76,20.76,114743.0
2017-05-04 09:55:00,UCTT,20.75,20.91,20.6988,20.82,19300.0
2017-05-04 09:50:00,UCTT,20.82,20.82,20.76,20.76,13685.0
2017-05-04 09:45:00,UCTT,20.86,20.875,20.78,20.84,11023.0
2017-05-04 09:40:00,UCTT,21.07,21.093,20.7905,20.7905,54602.0
2017-05-04 09:35:00,UCTT,21.07,21.2497,20.9822,21.048,34755.0
2017-05-03 18:10:00,UCTT,20.9,20.9,20.81,20.81,925.0
2017-05-03 17:20:00,UCTT,21.0,21.0,21.0,21.0,300.0
2017-05-03 16:05:00,UCTT,20.95,20.95,20.95,20.95,25853.0
2017-05-23 16:05:00,UCTT,22.37,22.37,22.37,22.37,14390.0
2017-05-23 16:00:00,UCTT,22.365,22.38,22.36,22.37,18934.0
2017-05-23 15:55:00,UCTT,22.37,22.38,22.36,22.36,13011.0
2017-05-23 15:50:00,UCTT,22.365,22.37,22.335,22.36,6328.0
2017-05-23 15:45:00,UCTT,22.365,22.38,22.35,22.36,6844.0
2017-05-23 15:40:00,UCTT,22.32,22.36,22.2919,22.36,8129.0
2017-05-23 15:35:00,UCTT,22.355,22.3698,22.31,22.31,5499.0
2017-05-23 15:30:00,UCTT,22.34,22.3699,22.33,22.369,5951.0
2017-05-23 15:25:00,UCTT,22.34,22.3435,22.33,22.33,1010.0
2017-05-23 15:20:00,UCTT,22.38,22.4,22.34,22.34,2278.0
2017-05-23 15:15:00,UCTT,22.39,22.4,22.37,22.39,3170.0
2017-05-23 15:10:00,UCTT,22.4,22.41,22.38,22.381,3050.0
2017-05-23 15:05:00,UCTT,22.4,22.41,22.37,22.37,1275.0
2017-05-23 15:00:00,UCTT,22.39,22.4,22.34,22.4,8300.0
2017-05-23 14:55:00,UCTT,22.39,22.3925,22.3628,22.39,2300.0
2017-05-23 14:50:00,UCTT,22.39,22.4352,22.371,22.41,5003.0
2017-05-23 14:45:00,UCTT,22.3324,22.3853,22.3324,22.38,7511.0
2017-05-23 14:40:00,UCTT,22.285,22.34,22.28,22.32,2028.0
2017-05-23 14:35:00,UCTT,22.249,22.28,22.249,22.28,2000.0
2017-05-23 14:30:00,UCTT,22.26,22.27,22.2416,22.25,3048.0
2017-05-23 14:25:00,UCTT,22.24,22.25,22.24,22.25,473.0
2017-05-23 14:20:00,UCTT,22.23,22.24,22.22,22.235,5725.0
2017-05-23 14:15:00,UCTT,22.2329,22.26,22.22,22.23,5174.0
2017-05-23 14:10:00,UCTT,22.2482,22.2894,22.2482,22.26,2150.0
2017-05-23 14:05:00,UCTT,22.25,22.2599,22.22,22.235,2407.0
2017-05-23 14:00:00,UCTT,22.26,22.26,22.22,22.2321,1445.0
2017-05-23 13:55:00,UCTT,22.28,22.2899,22.25,22.25,1531.0
2017-05-23 13:50:00,UCTT,22.32,22.32,22.29,22.29,1980.0
2017-05-23 13:45:00,UCTT,22.3225,22.34,22.315,22.335,3182.0
2017-05-23 13:40:00,UCTT,22.28,22.33,22.28,22.33,1530.0
2017-05-23 13:35:00,UCTT,22.282,22.29,22.27,22.276,6000.0
2017-05-23 13:30:00,UCTT,22.27,22.27,22.245,22.27,2936.0
2017-05-23 13:25:00,UCTT,22.28,22.28,22.27,22.27,2730.0
2017-05-23 13:20:00,UCTT,22.2958,22.31,22.27,22.2795,3905.0
2017-05-23 13:15:00,UCTT,22.3,22.3,22.285,22.29,1200.0
2017-05-23 13:10:00,UCTT,22.285,22.31,22.285,22.31,3300.0
2017-05-23 13:05:00,UCTT,22.255,22.28,22.2506,22.28,1900.0
2017-05-23 13:00:00,UCTT,22.25,22.26,22.2402,22.26,1150.0
2017-05-23 12:55:00,UCTT,22.26,22.271,22.25,22.26,2520.0
2017-05-23 12:50:00,UCTT,22.295,22.295,22.265,22.265,1820.0
2017-05-23 12:45:00,UCTT,22.33,22.34,22.3,22.3,2487.0
2017-05-23 12:40:00,UCTT,22.3055,22.34,22.29,22.32,4700.0
2017-05-23 12:35:00,UCTT,22.25,22.305,22.25,22.305,3308.0
2017-05-23 12:30:00,UCTT,22.31,22.31,22.2624,22.27,3592.0
2017-05-23 12:25:00,UCTT,22.37,22.37,22.29,22.2901,6572.0
2017-05-23 12:20:00,UCTT,22.395,22.3999,22.37,22.37,9297.0
2017-05-23 12:15:00,UCTT,22.4,22.42,22.39,22.391,6036.0
2017-05-23 12:10:00,UCTT,22.375,22.4058,22.375,22.4053,1213.0
2017-05-23 12:05:00,UCTT,22.34,22.39,22.34,22.385,2376.0
2017-05-23 12:00:00,UCTT,22.31,22.34,22.31,22.34,2440.0
2017-05-23 11:55:00,UCTT,22.34,22.36,22.31,22.31,3200.0
2017-05-23 11:50:00,UCTT,22.34,22.36,22.33,22.36,4106.0
2017-05-23 11:45:00,UCTT,22.31,22.34,22.305,22.33,3200.0
2017-05-23 11:40:00,UCTT,22.32,22.339,22.29,22.31,7425.0
2017-05-23 11:35:00,UCTT,22.28,22.3232,22.28,22.3,4250.0
2017-05-23 11:30:00,UCTT,22.245,22.29,22.245,22.29,7860.0
2017-05-23 11:25:00,UCTT,22.2401,22.2673,22.22,22.245,10532.0
2017-05-23 11:20:00,UCTT,22.23,22.25,22.21,22.24,3320.0
2017-05-23 11:15:00,UCTT,22.24,22.2599,22.2,22.2,8989.0
2017-05-23 11:10:00,UCTT,22.215,22.24,22.14,22.24,20602.0
2017-05-23 11:05:00,UCTT,22.09,22.24,22.09,22.24,7571.0
2017-05-23 11:00:00,UCTT,21.96,22.0902,21.96,22.075,6550.0
2017-05-23 10:55:00,UCTT,21.96,21.98,21.94,21.96,6499.0
2017-05-23 10:50:00,UCTT,21.95,21.97,21.92,21.95,4700.0
2017-05-23 10:45:00,UCTT,21.94,21.96,21.91,21.96,3348.0
2017-05-23 10:40:00,UCTT,21.94,21.94,21.92,21.92,1045.0
2017-05-23 10:35:00,UCTT,21.925,21.95,21.91,21.92,5100.0
2017-05-23 10:30:00,UCTT,21.92,21.97,21.9,21.93,6800.0
2017-05-23 10:25:00,UCTT,21.925,21.969,21.9159,21.935,4712.0
2017-05-23 10:20:00,UCTT,21.87,21.9,21.87,21.9,2950.0
2017-05-23 10:15:00,UCTT,22.0,22.005,21.88,21.88,14100.0
2017-05-23 10:10:00,UCTT,22.05,22.0984,21.99,22.01,9750.0
2017-05-23 10:05:00,UCTT,21.905,22.05,21.905,22.015,12267.0
2017-05-23 10:00:00,UCTT,21.89,21.9,21.78,21.9,14954.0
2017-05-23 09:55:00,UCTT,21.86,21.9516,21.85,21.9199,7052.0
2017-05-23 09:50:00,UCTT,21.98,21.98,21.81,21.85,29176.0
2017-05-23 09:45:00,UCTT,22.0601,22.11,21.9001,21.92,35554.0
2017-05-23 09:40:00,UCTT,22.31,22.31,22.0619,22.0619,20802.0
2017-05-23 09:35:00,UCTT,22.6,22.646,22.272,22.272,37512.0
2017-05-23 08:20:00,UCTT,22.7,22.7,22.7,22.7,1000.0
2017-05-23 08:15:00,UCTT,22.7,22.7,22.7,22.7,212.0
2017-05-22 18:45:00,UCTT,22.45,22.45,22.45,22.45,200.0
2017-05-22 16:05:00,UCTT,22.43,22.43,22.43,22.43,14392.0
2017-05-22 16:00:00,UCTT,22.46,22.47,22.43,22.43,28608.0
2017-05-22 15:55:00,UCTT,22.48,22.49,22.44,22.46,11637.0
2017-05-22 15:50:00,UCTT,22.44,22.48,22.39,22.4761,32848.0
2017-05-22 15:45:00,UCTT,22.4599,22.48,22.44,22.44,7527.0
2017-05-22 15:40:00,UCTT,22.46,22.52,22.45,22.46,13588.0
2017-05-22 15:35:00,UCTT,22.377,22.49,22.37,22.45,18201.0
2017-05-22 15:30:00,UCTT,22.35,22.3614,22.3007,22.3614,12975.0
2017-05-22 15:25:00,UCTT,22.325,22.37,22.3201,22.345,6178.0
2017-05-22 15:20:00,UCTT,22.35,22.37,22.32,22.32,12719.0
2017-05-22 15:15:00,UCTT,22.36,22.4,22.35,22.36,13704.0
2017-05-22 15:10:00,UCTT,22.2761,22.36,22.2761,22.36,8618.0
2017-05-22 15:05:00,UCTT,22.25,22.29,22.24,22.29,6311.0
2017-05-22 15:00:00,UCTT,22.25,22.27,22.237,22.25,10600.0
2017-05-22 14:55:00,UCTT,22.2,22.27,22.19,22.27,8350.0
2017-05-22 14:50:00,UCTT,22.1697,22.21,22.1697,22.2007,2230.0
2017-05-22 14:45:00,UCTT,22.11,22.19,22.11,22.17,4690.0
2017-05-22 14:40:00,UCTT,22.12,22.13,22.1053,22.106,7689.0
