2017-04-18 15:00:00,VWR,27.555,27.555,27.545,27.545,7480.0
2017-04-18 15:05:00,VWR,27.545,27.555,27.515,27.515,8184.0
2017-04-18 15:10:00,VWR,27.515,27.53,27.505,27.52,8164.0
2017-04-18 15:15:00,VWR,27.52,27.525,27.515,27.525,2473.0
2017-04-18 15:20:00,VWR,27.525,27.535,27.525,27.535,5502.0
2017-04-18 15:25:00,VWR,27.535,27.535,27.505,27.51,9170.0
2017-04-18 15:30:00,VWR,27.51,27.515,27.505,27.515,3437.0
2017-04-18 15:35:00,VWR,27.515,27.53,27.515,27.525,9914.0
2017-04-18 15:40:00,VWR,27.525,27.525,27.525,27.525,7340.0
2017-04-18 15:45:00,VWR,27.525,27.555,27.525,27.555,10182.0
2017-04-18 15:50:00,VWR,27.555,27.585,27.555,27.575,9673.0
2017-04-18 15:55:00,VWR,27.575,27.71,27.555,27.565,33837.0
2017-04-18 16:00:00,VWR,27.565,27.565,27.525,27.535,38848.0
2017-04-18 16:05:00,VWR,27.535,28.29,27.52,28.29,28998.0
2017-04-18 16:10:00,VWR,28.29,28.29,28.29,28.29,0.0
2017-04-18 16:15:00,VWR,28.29,28.29,28.29,28.29,0.0
2017-04-18 16:20:00,VWR,28.29,28.29,28.29,28.29,0.0
2017-04-18 16:25:00,VWR,28.29,28.29,28.29,28.29,0.0
2017-04-18 16:30:00,VWR,28.29,28.29,28.29,28.29,0.0
2017-04-18 16:35:00,VWR,28.29,28.29,28.29,28.29,0.0
2017-04-18 16:40:00,VWR,28.29,28.29,28.29,28.29,0.0
2017-04-18 16:45:00,VWR,28.29,28.29,28.29,28.29,0.0
2017-04-18 16:50:00,VWR,28.29,28.29,28.29,28.29,0.0
2017-04-18 16:55:00,VWR,28.29,28.29,28.29,28.29,0.0
2017-04-18 17:00:00,VWR,28.29,28.29,28.29,28.29,0.0
2017-04-18 17:05:00,VWR,28.29,28.29,28.29,28.29,0.0
2017-04-18 17:10:00,VWR,28.29,28.29,28.29,28.29,0.0
2017-04-18 17:15:00,VWR,28.29,28.29,28.29,28.29,0.0
2017-04-18 17:20:00,VWR,28.29,28.29,28.29,28.29,0.0
2017-04-18 17:25:00,VWR,28.29,28.29,28.29,28.29,0.0
2017-04-18 17:30:00,VWR,28.29,28.29,28.29,28.29,0.0
2017-04-18 17:35:00,VWR,28.29,28.29,28.29,28.29,0.0
2017-04-18 17:40:00,VWR,28.29,28.29,28.29,28.29,0.0
2017-04-18 17:45:00,VWR,28.29,28.29,28.29,28.29,0.0
2017-04-18 17:50:00,VWR,28.29,28.29,28.29,28.29,0.0
2017-04-18 17:55:00,VWR,28.29,28.29,28.29,28.29,0.0
2017-04-18 18:00:00,VWR,28.29,28.29,28.29,28.29,0.0
2017-04-18 18:05:00,VWR,28.29,28.29,28.29,28.29,0.0
2017-04-18 18:10:00,VWR,28.29,28.29,28.29,28.29,0.0
2017-04-18 18:15:00,VWR,28.29,28.29,28.29,28.29,0.0
2017-04-18 18:20:00,VWR,28.29,28.29,28.29,28.29,0.0
2017-04-18 18:25:00,VWR,28.29,28.29,28.29,28.29,0.0
2017-04-18 18:30:00,VWR,28.29,28.29,28.29,28.29,0.0
2017-04-18 18:35:00,VWR,28.29,28.29,28.29,28.29,0.0
2017-04-18 18:40:00,VWR,28.29,28.29,28.29,28.29,0.0
2017-04-18 18:45:00,VWR,28.29,28.29,28.29,28.29,0.0
2017-04-18 18:50:00,VWR,28.29,28.29,28.29,28.29,0.0
2017-04-18 18:55:00,VWR,28.29,28.29,28.29,28.29,0.0
2017-04-18 19:00:00,VWR,28.29,28.29,28.29,28.29,0.0
2017-04-18 19:05:00,VWR,28.29,28.29,28.29,28.29,0.0
2017-04-18 19:10:00,VWR,28.29,28.29,28.29,28.29,0.0
2017-04-18 19:15:00,VWR,28.29,28.29,28.29,28.29,0.0
2017-04-18 19:20:00,VWR,28.29,28.29,28.29,28.29,0.0
2017-04-18 19:25:00,VWR,28.29,28.29,28.29,28.29,0.0
2017-04-18 19:30:00,VWR,28.29,28.29,28.29,28.29,0.0
2017-04-18 19:35:00,VWR,28.29,28.29,28.29,28.29,0.0
2017-04-18 19:40:00,VWR,28.29,28.29,28.29,28.29,0.0
2017-04-18 19:45:00,VWR,28.29,28.29,28.29,28.29,0.0
2017-04-18 19:50:00,VWR,28.29,28.29,28.29,28.29,0.0
2017-04-18 19:55:00,VWR,28.29,28.29,28.29,28.29,0.0
2017-04-18 20:00:00,VWR,28.29,28.29,28.29,28.29,0.0
2017-04-18 20:05:00,VWR,28.29,28.29,28.29,28.29,0.0
2017-04-18 20:10:00,VWR,28.29,28.29,28.29,28.29,0.0
2017-04-18 20:15:00,VWR,28.29,28.29,28.29,28.29,0.0
2017-04-18 20:20:00,VWR,28.29,28.29,28.29,28.29,0.0
2017-04-18 20:25:00,VWR,28.29,28.29,28.29,28.29,0.0
2017-04-18 20:30:00,VWR,28.29,28.29,28.29,28.29,0.0
2017-04-18 20:35:00,VWR,28.29,28.29,28.29,28.29,0.0
2017-04-18 20:40:00,VWR,28.29,28.29,28.29,28.29,0.0
2017-04-18 20:45:00,VWR,28.29,28.29,28.29,28.29,0.0
2017-04-18 20:50:00,VWR,28.29,28.29,28.29,28.29,0.0
2017-04-18 20:55:00,VWR,28.29,28.29,28.29,28.29,0.0
2017-04-19 08:00:00,VWR,99999.995,99999.995,99999.995,99999.995,0.0
2017-04-19 08:05:00,VWR,99999.995,99999.995,14.555,14.555,0.0
2017-04-19 08:10:00,VWR,14.555,14.555,14.555,14.555,0.0
2017-04-19 08:15:00,VWR,14.555,14.555,14.555,14.555,0.0
2017-04-19 08:20:00,VWR,14.555,14.555,14.555,14.555,0.0
2017-04-19 08:25:00,VWR,14.555,14.555,14.555,14.555,0.0
2017-04-19 08:30:00,VWR,14.555,14.555,14.555,14.555,0.0
2017-04-19 08:35:00,VWR,14.555,14.555,14.555,14.555,0.0
2017-04-19 08:40:00,VWR,14.555,14.555,14.555,14.555,0.0
2017-04-19 08:45:00,VWR,14.555,14.555,14.555,14.555,0.0
2017-04-19 08:50:00,VWR,14.555,14.555,14.555,14.555,0.0
2017-04-19 08:55:00,VWR,14.555,21.45,14.555,21.45,0.0
2017-04-19 09:00:00,VWR,21.45,21.45,21.45,21.45,0.0
2017-04-19 09:05:00,VWR,21.45,21.45,21.45,21.45,0.0
2017-04-19 09:10:00,VWR,21.45,21.45,21.45,21.45,0.0
2017-04-19 09:15:00,VWR,21.45,21.45,21.45,21.45,0.0
2017-04-19 09:20:00,VWR,21.45,28.25,21.45,28.25,0.0
2017-04-19 09:25:00,VWR,28.25,28.25,28.25,28.25,0.0
2017-04-19 09:30:00,VWR,28.25,28.255,28.225,28.255,0.0
2017-04-19 09:35:00,VWR,28.255,28.255,27.62,27.685,2976.0
2017-04-19 09:40:00,VWR,27.685,27.735,27.63,27.64,1994.0
2017-04-19 09:45:00,VWR,27.64,27.805,27.64,27.71,6163.0
2017-04-19 09:50:00,VWR,27.71,27.71,27.635,27.64,795.0
2017-04-19 09:55:00,VWR,27.64,27.715,27.575,27.58,4087.0
2017-04-19 10:00:00,VWR,27.58,27.585,27.55,27.56,1544.0
2017-04-19 10:05:00,VWR,27.56,27.595,27.545,27.56,2796.0
2017-04-19 10:10:00,VWR,27.56,27.565,27.545,27.56,2865.0
2017-04-19 10:15:00,VWR,27.56,27.565,27.55,27.56,4703.0
2017-04-19 10:20:00,VWR,27.56,27.565,27.555,27.555,3576.0
2017-04-19 10:25:00,VWR,27.555,27.585,27.555,27.58,1895.0
2017-04-19 10:30:00,VWR,27.58,27.58,27.58,27.58,1021.0
2017-04-19 10:35:00,VWR,27.58,27.63,27.565,27.625,6321.0
2017-04-19 10:40:00,VWR,27.625,27.63,27.595,27.605,1142.0
2017-04-19 10:45:00,VWR,27.605,27.605,27.575,27.59,914.0
2017-04-19 10:50:00,VWR,27.59,27.63,27.575,27.595,6332.0
2017-04-19 10:55:00,VWR,27.595,27.63,27.585,27.61,2319.0
2017-04-19 11:00:00,VWR,27.61,27.615,27.605,27.605,3238.0
2017-04-19 11:05:00,VWR,27.605,27.635,27.595,27.6,3743.0
2017-04-19 11:10:00,VWR,27.6,27.625,27.59,27.625,3784.0
2017-04-19 11:15:00,VWR,27.625,27.68,27.625,27.68,1930.0
2017-04-19 11:20:00,VWR,27.68,27.685,27.655,27.665,7500.0
2017-04-19 11:25:00,VWR,27.665,27.67,27.635,27.635,3424.0
2017-04-19 11:30:00,VWR,27.635,27.655,27.625,27.655,2219.0
2017-04-19 11:35:00,VWR,27.655,27.655,27.635,27.655,2754.0
2017-04-19 11:40:00,VWR,27.655,27.72,27.655,27.67,3751.0
2017-04-19 11:45:00,VWR,27.67,27.675,27.665,27.67,1038.0
2017-04-19 11:50:00,VWR,27.67,27.67,27.64,27.64,3469.0
2017-04-19 11:55:00,VWR,27.64,27.64,27.64,27.64,1600.0
2017-04-19 12:10:00,VWR,27.64,27.64,27.605,27.605,5616.0
2017-04-19 12:15:00,VWR,27.605,27.625,27.595,27.61,1417.0
2017-04-19 12:20:00,VWR,27.61,27.61,27.595,27.595,2895.0
2017-04-19 12:25:00,VWR,27.595,27.635,27.595,27.635,1459.0
2017-04-19 12:30:00,VWR,27.635,27.635,27.635,27.635,1775.0
2017-04-19 12:35:00,VWR,27.635,27.635,27.595,27.6,10005.0
2017-04-19 12:40:00,VWR,27.6,27.615,27.6,27.61,2573.0
2017-04-19 12:45:00,VWR,27.61,27.64,27.59,27.625,8535.0
2017-04-19 12:50:00,VWR,27.625,27.63,27.595,27.6,582.0
2017-04-19 12:55:00,VWR,27.6,27.6,27.595,27.595,210.0
2017-04-19 13:00:00,VWR,27.595,27.6,27.59,27.595,684.0
2017-04-19 13:05:00,VWR,27.595,27.595,27.56,27.56,3905.0
2017-04-19 13:10:00,VWR,27.56,27.56,27.545,27.545,4263.0
2017-04-19 13:15:00,VWR,27.545,27.545,27.525,27.535,2168.0
2017-04-19 13:20:00,VWR,27.535,27.565,27.535,27.56,1200.0
2017-04-19 13:25:00,VWR,27.56,27.605,27.555,27.58,2268.0
2017-04-19 13:30:00,VWR,27.58,27.595,27.58,27.58,1060.0
2017-04-19 13:35:00,VWR,27.58,27.585,27.58,27.585,1024.0
2017-04-19 13:40:00,VWR,27.585,27.585,27.575,27.58,2498.0
2017-04-19 13:45:00,VWR,27.58,27.585,27.575,27.585,1015.0
2017-04-19 13:50:00,VWR,27.585,27.605,27.585,27.595,2472.0
2017-04-19 13:55:00,VWR,27.595,27.595,27.585,27.585,3845.0
2017-04-19 14:00:00,VWR,27.585,27.605,27.585,27.605,2333.0
2017-04-19 14:05:00,VWR,27.605,27.645,27.605,27.64,2311.0
2017-04-19 14:10:00,VWR,27.64,27.645,27.635,27.645,2680.0
2017-04-19 14:15:00,VWR,27.645,27.645,27.635,27.64,2187.0
2017-04-19 14:20:00,VWR,27.64,27.64,27.61,27.61,2123.0
2017-04-19 14:25:00,VWR,27.61,27.615,27.605,27.605,1135.0
2017-04-19 14:30:00,VWR,27.605,27.645,27.605,27.64,2704.0
2017-04-19 14:35:00,VWR,27.64,27.64,27.615,27.62,1719.0
2017-04-19 14:40:00,VWR,27.62,27.64,27.615,27.625,9614.0
2017-04-19 14:45:00,VWR,27.625,27.64,27.625,27.635,2533.0
2017-04-19 14:50:00,VWR,27.635,27.635,27.61,27.61,2491.0
2017-04-19 14:55:00,VWR,27.61,27.61,27.585,27.585,4195.0
2017-04-19 15:00:00,VWR,27.585,27.59,27.585,27.59,2347.0
2017-04-19 15:05:00,VWR,27.59,27.63,27.585,27.63,3363.0
2017-04-19 15:10:00,VWR,27.63,27.64,27.615,27.635,4195.0
2017-04-19 15:15:00,VWR,27.635,27.645,27.635,27.645,3428.0
2017-04-19 15:20:00,VWR,27.645,27.665,27.645,27.665,5765.0
2017-04-19 15:25:00,VWR,27.665,27.675,27.625,27.625,9353.0
2017-04-19 15:30:00,VWR,27.625,27.625,27.605,27.605,8516.0
2017-04-19 15:35:00,VWR,27.605,27.635,27.605,27.63,15237.0
2017-04-19 15:40:00,VWR,27.63,27.645,27.63,27.635,10711.0
2017-04-19 15:45:00,VWR,27.635,27.655,27.635,27.655,27762.0
2017-04-19 15:50:00,VWR,27.655,27.665,27.635,27.635,21124.0
2017-04-19 15:55:00,VWR,27.635,27.645,27.605,27.615,22880.0
2017-04-19 16:00:00,VWR,27.615,27.665,27.615,27.63,63752.0
2017-04-19 16:05:00,VWR,27.63,28.325,27.6,28.325,17907.0
2017-04-19 16:10:00,VWR,28.325,28.325,28.325,28.325,0.0
2017-04-19 16:15:00,VWR,28.325,28.325,28.325,28.325,4300.0
2017-04-19 16:20:00,VWR,28.325,28.325,28.325,28.325,0.0
2017-04-19 16:25:00,VWR,28.325,28.325,28.325,28.325,0.0
2017-04-19 16:30:00,VWR,28.325,28.325,28.325,28.325,0.0
2017-04-19 16:35:00,VWR,28.325,28.325,28.325,28.325,0.0
2017-04-19 16:40:00,VWR,28.325,28.325,28.325,28.325,0.0
2017-04-19 16:45:00,VWR,28.325,28.325,28.325,28.325,0.0
2017-04-19 16:50:00,VWR,28.325,28.325,28.325,28.325,0.0
2017-04-19 16:55:00,VWR,28.325,28.325,28.325,28.325,0.0
2017-04-19 17:00:00,VWR,28.325,28.325,28.325,28.325,0.0
2017-04-19 17:05:00,VWR,28.325,28.325,28.325,28.325,0.0
2017-04-19 17:10:00,VWR,28.325,28.325,28.325,28.325,0.0
2017-04-19 17:15:00,VWR,28.325,28.325,28.325,28.325,0.0
2017-04-19 17:20:00,VWR,28.325,28.325,28.325,28.325,0.0
2017-04-19 17:25:00,VWR,28.325,28.325,28.325,28.325,0.0
2017-04-19 17:30:00,VWR,28.325,28.325,28.325,28.325,0.0
2017-04-19 17:35:00,VWR,28.325,28.325,28.325,28.325,0.0
2017-04-19 17:40:00,VWR,28.325,28.325,28.325,28.325,0.0
2017-04-19 17:45:00,VWR,28.325,28.325,28.325,28.325,0.0
2017-04-19 17:50:00,VWR,28.325,28.325,28.325,28.325,0.0
2017-04-19 17:55:00,VWR,28.325,28.325,28.325,28.325,0.0
2017-04-19 18:00:00,VWR,28.325,28.325,28.325,28.325,0.0
2017-04-19 18:05:00,VWR,28.325,28.325,28.325,28.325,0.0
2017-04-19 18:10:00,VWR,28.325,28.325,28.325,28.325,0.0
2017-04-19 18:15:00,VWR,28.325,28.325,28.325,28.325,0.0
2017-04-19 18:20:00,VWR,28.325,28.325,28.325,28.325,0.0
2017-04-19 18:25:00,VWR,28.325,28.325,28.325,28.325,0.0
2017-04-19 18:30:00,VWR,28.325,28.325,28.325,28.325,0.0
2017-04-19 18:35:00,VWR,28.325,28.325,28.325,28.325,0.0
2017-04-19 18:40:00,VWR,28.325,28.325,28.325,28.325,0.0
2017-04-19 18:45:00,VWR,28.325,28.325,28.325,28.325,0.0
2017-04-19 18:50:00,VWR,28.325,28.325,28.325,28.325,0.0
2017-04-19 18:55:00,VWR,28.325,28.325,28.325,28.325,0.0
2017-04-19 19:00:00,VWR,28.325,28.325,28.325,28.325,0.0
2017-04-19 19:05:00,VWR,28.325,28.325,28.325,28.325,0.0
2017-04-19 19:10:00,VWR,28.325,28.325,28.325,28.325,0.0
2017-04-19 19:15:00,VWR,28.325,28.325,28.325,28.325,0.0
2017-04-19 19:20:00,VWR,28.325,28.325,28.325,28.325,0.0
2017-04-19 19:25:00,VWR,28.325,28.325,28.325,28.325,0.0
2017-04-19 19:30:00,VWR,28.325,28.325,28.325,28.325,0.0
2017-04-19 19:35:00,VWR,28.325,28.325,28.325,28.325,0.0
2017-04-19 19:40:00,VWR,28.325,28.325,28.325,28.325,0.0
2017-04-19 19:45:00,VWR,28.325,28.325,28.325,28.325,0.0
2017-04-19 19:50:00,VWR,28.325,28.325,28.325,28.325,0.0
2017-04-19 19:55:00,VWR,28.325,28.325,28.325,28.325,0.0
2017-04-19 20:00:00,VWR,28.325,28.325,28.325,28.325,0.0
2017-04-19 20:05:00,VWR,28.325,28.325,28.325,28.325,0.0
2017-04-19 20:10:00,VWR,28.325,28.325,28.325,28.325,0.0
2017-04-19 20:15:00,VWR,28.325,28.325,28.325,28.325,0.0
2017-04-19 20:20:00,VWR,28.325,28.325,28.325,28.325,0.0
2017-04-19 20:25:00,VWR,28.325,28.325,28.325,28.325,0.0
2017-04-19 20:30:00,VWR,28.325,28.325,28.325,28.325,0.0
2017-04-19 20:35:00,VWR,28.325,28.325,28.325,28.325,0.0
2017-04-19 20:40:00,VWR,28.325,28.325,28.325,28.325,0.0
2017-04-19 20:45:00,VWR,28.325,28.325,28.325,28.325,0.0
2017-04-19 20:50:00,VWR,28.325,28.325,28.325,28.325,0.0
2017-04-19 20:55:00,VWR,28.325,28.325,28.325,28.325,0.0
2017-04-20 08:00:00,VWR,99999.995,99999.995,99999.995,99999.995,0.0
2017-04-20 08:05:00,VWR,99999.995,99999.995,14.555,14.555,0.0
2017-04-20 08:10:00,VWR,14.555,14.555,14.555,14.555,0.0
2017-04-20 08:15:00,VWR,14.555,14.555,14.555,14.555,0.0
2017-04-20 08:20:00,VWR,14.555,14.555,14.555,14.555,0.0
2017-04-20 08:25:00,VWR,14.555,14.555,14.555,14.555,0.0
2017-04-20 08:30:00,VWR,14.555,14.555,14.555,14.555,0.0
2017-04-20 08:35:00,VWR,14.555,14.555,14.555,14.555,0.0
2017-04-20 08:40:00,VWR,14.555,14.555,14.555,14.555,0.0
2017-04-20 08:45:00,VWR,14.555,14.555,14.555,14.555,0.0
2017-04-20 08:50:00,VWR,14.555,14.555,14.555,14.555,0.0
2017-04-20 08:55:00,VWR,14.555,14.555,14.555,14.555,0.0
2017-04-20 09:00:00,VWR,14.555,21.47,14.555,21.47,0.0
2017-04-20 09:05:00,VWR,21.47,21.47,21.47,21.47,0.0
2017-04-20 09:10:00,VWR,21.47,21.47,21.47,21.47,0.0
2017-04-20 09:15:00,VWR,21.47,21.47,21.47,21.47,0.0
2017-04-20 09:20:00,VWR,21.47,21.47,21.47,21.47,0.0
2017-04-20 09:25:00,VWR,21.47,25.845,21.47,25.845,0.0
2017-04-20 09:30:00,VWR,25.845,26.835,25.845,26.385,0.0
2017-04-20 09:35:00,VWR,26.385,28.065,26.385,27.755,3167.0
2017-04-20 09:40:00,VWR,27.755,27.755,27.625,27.645,2894.0
2017-04-20 09:45:00,VWR,27.645,27.675,27.59,27.62,1640.0
2017-04-20 09:50:00,VWR,27.62,27.64,27.58,27.58,1160.0
2017-04-20 09:55:00,VWR,27.58,27.655,27.575,27.585,3312.0
2017-04-20 10:00:00,VWR,27.585,27.61,27.585,27.6,900.0
2017-04-20 10:05:00,VWR,27.6,27.63,27.575,27.59,2099.0
2017-04-20 10:10:00,VWR,27.59,27.6,27.585,27.585,810.0
2017-04-20 10:15:00,VWR,27.585,27.6,27.57,27.57,1252.0
2017-04-20 10:20:00,VWR,27.57,27.585,27.53,27.55,2492.0
2017-04-20 10:25:00,VWR,27.55,27.56,27.54,27.56,935.0
2017-04-20 10:30:00,VWR,27.56,27.585,27.455,27.465,6461.0
2017-04-20 10:35:00,VWR,27.465,27.465,27.43,27.43,2804.0
2017-04-20 10:40:00,VWR,27.43,27.43,27.365,27.365,5749.0
2017-04-20 10:45:00,VWR,27.365,27.365,27.32,27.35,4430.0
2017-04-20 10:50:00,VWR,27.35,27.355,27.33,27.335,3173.0
2017-04-20 10:55:00,VWR,27.335,27.35,27.335,27.34,2166.0
2017-04-20 11:00:00,VWR,27.34,27.345,27.3,27.3,6122.0
2017-04-20 11:05:00,VWR,27.3,27.3,27.265,27.27,14132.0
2017-04-20 11:10:00,VWR,27.27,27.38,27.27,27.32,9767.0
2017-04-20 11:15:00,VWR,27.32,27.385,27.32,27.385,2271.0
2017-04-20 11:20:00,VWR,27.385,27.435,27.38,27.435,1403.0
2017-04-20 11:25:00,VWR,27.435,27.445,27.415,27.415,8687.0
2017-04-20 11:30:00,VWR,27.415,27.45,27.415,27.45,3335.0
2017-04-20 11:35:00,VWR,27.45,27.455,27.425,27.45,2741.0
2017-04-20 11:40:00,VWR,27.45,27.45,27.445,27.445,3862.0
2017-04-20 11:45:00,VWR,27.445,27.505,27.405,27.505,4441.0
2017-04-20 11:50:00,VWR,27.505,27.535,27.485,27.535,4954.0
2017-04-20 11:55:00,VWR,27.535,27.535,27.485,27.5,3190.0
2017-04-20 12:00:00,VWR,27.5,27.545,27.495,27.545,1122.0
2017-04-20 12:05:00,VWR,27.545,27.565,27.525,27.53,4620.0
2017-04-20 12:10:00,VWR,27.53,27.545,27.53,27.535,1573.0
2017-04-20 12:15:00,VWR,27.535,27.555,27.51,27.55,7103.0
2017-04-20 12:20:00,VWR,27.55,27.56,27.52,27.53,1420.0
2017-04-20 12:25:00,VWR,27.53,27.57,27.53,27.57,882.0
2017-04-20 12:30:00,VWR,27.57,27.57,27.55,27.55,1164.0
2017-04-20 12:35:00,VWR,27.55,27.555,27.54,27.55,1210.0
2017-04-20 12:40:00,VWR,27.55,27.55,27.515,27.515,1442.0
2017-04-20 12:45:00,VWR,27.515,27.555,27.515,27.555,3221.0
2017-04-20 12:50:00,VWR,27.555,27.57,27.54,27.545,303372.0
2017-04-20 12:55:00,VWR,27.545,27.57,27.515,27.545,8513.0
2017-04-20 13:00:00,VWR,27.545,27.56,27.525,27.555,5514.0
2017-04-20 13:05:00,VWR,27.555,27.73,27.545,27.705,16771.0
2017-04-20 13:10:00,VWR,27.705,27.75,27.7,27.725,4749.0
2017-04-20 13:15:00,VWR,27.725,27.73,27.705,27.725,3901.0
2017-04-20 13:20:00,VWR,27.725,27.73,27.725,27.73,401.0
2017-04-20 13:25:00,VWR,27.73,27.73,27.73,27.73,923.0
2017-04-20 13:30:00,VWR,27.73,27.805,27.73,27.785,5336.0
2017-04-20 13:35:00,VWR,27.785,27.785,27.735,27.76,6240.0
2017-04-20 13:40:00,VWR,27.76,27.76,27.76,27.76,701.0
2017-04-20 13:45:00,VWR,27.76,27.8,27.76,27.8,6664.0
2017-04-20 13:50:00,VWR,27.8,27.8,27.8,27.8,2512.0
2017-04-20 13:55:00,VWR,27.8,27.865,27.8,27.815,8600.0
2017-04-20 14:00:00,VWR,27.815,27.815,27.775,27.775,8935.0
2017-04-20 14:05:00,VWR,27.775,27.825,27.775,27.825,3402.0
2017-04-20 14:10:00,VWR,27.825,27.825,27.75,27.75,9392.0
2017-04-20 14:15:00,VWR,27.75,27.765,27.745,27.755,2617.0
2017-04-20 14:20:00,VWR,27.755,27.755,27.755,27.755,1234.0
2017-04-20 14:25:00,VWR,27.755,27.835,27.755,27.835,6409.0
2017-04-20 14:30:00,VWR,27.835,27.84,27.83,27.84,1305.0
2017-04-20 14:35:00,VWR,27.84,27.885,27.84,27.885,3220.0
2017-04-20 14:40:00,VWR,27.885,27.89,27.88,27.89,2393.0
2017-04-20 14:45:00,VWR,27.89,27.895,27.855,27.855,7152.0
2017-04-20 14:50:00,VWR,27.855,27.855,27.82,27.85,8881.0
2017-04-20 14:55:00,VWR,27.85,27.88,27.85,27.875,2667.0
2017-04-20 15:00:00,VWR,27.875,27.89,27.87,27.89,2008.0
2017-04-20 15:05:00,VWR,27.89,27.89,27.835,27.845,9293.0
2017-04-20 15:10:00,VWR,27.845,27.855,27.845,27.855,4881.0
2017-04-20 15:15:00,VWR,27.855,27.855,27.835,27.835,4506.0
2017-04-20 15:20:00,VWR,27.835,27.835,27.825,27.825,3909.0
2017-04-20 15:25:00,VWR,27.825,27.825,27.765,27.765,5882.0
2017-04-20 15:30:00,VWR,27.765,27.775,27.765,27.775,5802.0
2017-04-20 15:35:00,VWR,27.775,27.825,27.775,27.82,7874.0
2017-04-20 15:40:00,VWR,27.82,27.82,27.755,27.755,8869.0
2017-04-20 15:45:00,VWR,27.755,27.775,27.755,27.775,5912.0
2017-04-20 15:50:00,VWR,27.775,27.795,27.755,27.795,15616.0
2017-04-20 15:55:00,VWR,27.795,27.825,27.755,27.76,17797.0
2017-04-20 16:00:00,VWR,27.76,27.765,27.705,27.73,42064.0
2017-04-20 16:05:00,VWR,27.73,28.39,27.71,28.39,19726.0
2017-04-20 16:10:00,VWR,28.39,28.39,28.39,28.39,0.0
2017-04-20 16:15:00,VWR,28.39,28.39,28.39,28.39,900.0
2017-04-20 16:20:00,VWR,28.39,28.39,28.39,28.39,0.0
2017-04-20 16:25:00,VWR,28.39,28.39,28.39,28.39,0.0
2017-04-20 16:30:00,VWR,28.39,28.39,28.39,28.39,0.0
2017-04-20 16:35:00,VWR,28.39,28.39,28.39,28.39,0.0
2017-04-20 16:40:00,VWR,28.39,28.39,28.39,28.39,0.0
2017-04-20 16:45:00,VWR,28.39,28.39,28.39,28.39,0.0
2017-04-20 16:50:00,VWR,28.39,28.39,28.39,28.39,0.0
2017-04-20 16:55:00,VWR,28.39,28.39,28.39,28.39,0.0
2017-04-20 17:00:00,VWR,28.39,28.39,28.39,28.39,0.0
2017-04-20 17:05:00,VWR,28.39,28.39,28.39,28.39,0.0
2017-04-20 17:10:00,VWR,28.39,28.39,28.39,28.39,0.0
2017-04-20 17:15:00,VWR,28.39,28.39,28.39,28.39,0.0
2017-04-20 17:20:00,VWR,28.39,28.39,28.39,28.39,0.0
2017-04-20 17:25:00,VWR,28.39,28.39,28.39,28.39,0.0
2017-04-20 17:30:00,VWR,28.39,28.39,28.39,28.39,0.0
2017-04-20 17:35:00,VWR,28.39,28.39,28.39,28.39,0.0
2017-04-20 17:40:00,VWR,28.39,28.39,28.39,28.39,0.0
2017-04-20 17:45:00,VWR,28.39,28.39,28.39,28.39,0.0
2017-04-20 17:50:00,VWR,28.39,28.39,28.39,28.39,0.0
2017-04-20 17:55:00,VWR,28.39,28.39,28.39,28.39,0.0
2017-04-20 18:00:00,VWR,28.39,28.39,28.39,28.39,0.0
2017-04-20 18:05:00,VWR,28.39,28.39,28.39,28.39,0.0
2017-04-20 18:10:00,VWR,28.39,28.39,28.39,28.39,0.0
2017-04-20 18:15:00,VWR,28.39,28.39,28.39,28.39,0.0
2017-04-20 18:20:00,VWR,28.39,28.39,28.39,28.39,0.0
2017-04-20 18:25:00,VWR,28.39,28.39,28.39,28.39,0.0
2017-04-20 18:30:00,VWR,28.39,28.39,28.39,28.39,0.0
2017-04-20 18:35:00,VWR,28.39,28.39,28.39,28.39,0.0
2017-04-20 18:40:00,VWR,28.39,28.39,28.39,28.39,0.0
2017-04-20 18:45:00,VWR,28.39,28.39,28.39,28.39,0.0
2017-04-20 18:50:00,VWR,28.39,28.39,28.39,28.39,0.0
2017-04-20 18:55:00,VWR,28.39,28.39,28.39,28.39,0.0
2017-04-20 19:00:00,VWR,28.39,28.39,28.39,28.39,0.0
2017-04-20 19:05:00,VWR,28.39,28.39,28.39,28.39,0.0
2017-04-20 19:10:00,VWR,28.39,28.39,28.39,28.39,0.0
2017-04-20 19:15:00,VWR,28.39,28.39,28.39,28.39,0.0
2017-04-20 19:20:00,VWR,28.39,28.39,28.39,28.39,0.0
2017-04-20 19:25:00,VWR,28.39,28.39,28.39,28.39,0.0
2017-04-20 19:30:00,VWR,28.39,28.39,28.39,28.39,0.0
2017-04-20 19:35:00,VWR,28.39,28.39,28.39,28.39,0.0
2017-04-20 19:40:00,VWR,28.39,28.39,28.39,28.39,0.0
2017-04-20 19:45:00,VWR,28.39,28.39,28.39,28.39,0.0
2017-04-20 19:50:00,VWR,28.39,28.39,28.39,28.39,0.0
2017-04-20 19:55:00,VWR,28.39,28.39,28.39,28.39,0.0
2017-04-20 20:00:00,VWR,28.39,28.39,28.39,28.39,0.0
2017-04-20 20:05:00,VWR,28.39,28.39,28.39,28.39,0.0
2017-04-20 20:10:00,VWR,28.39,28.39,28.39,28.39,0.0
2017-04-20 20:15:00,VWR,28.39,28.39,28.39,28.39,0.0
2017-04-20 20:20:00,VWR,28.39,28.39,28.39,28.39,0.0
2017-04-20 20:25:00,VWR,28.39,28.39,28.39,28.39,0.0
2017-04-20 20:30:00,VWR,28.39,28.39,28.39,28.39,0.0
2017-04-20 20:35:00,VWR,28.39,28.39,28.39,28.39,0.0
2017-04-20 20:40:00,VWR,28.39,28.39,28.39,28.39,0.0
2017-04-20 20:45:00,VWR,28.39,28.39,28.39,28.39,0.0
2017-04-20 20:50:00,VWR,28.39,28.39,28.39,28.39,0.0
2017-04-20 20:55:00,VWR,28.39,28.39,28.39,28.39,0.0
2017-04-21 08:00:00,VWR,99999.995,99999.995,99999.995,99999.995,0.0
2017-04-21 08:05:00,VWR,99999.995,99999.995,14.555,14.555,0.0
2017-04-21 08:10:00,VWR,14.555,14.555,14.555,14.555,0.0
2017-04-21 08:15:00,VWR,14.555,14.555,14.555,14.555,0.0
2017-04-21 08:20:00,VWR,14.555,14.555,14.555,14.555,0.0
2017-04-21 08:25:00,VWR,14.555,14.555,14.555,14.555,0.0
2017-04-21 08:30:00,VWR,14.555,14.555,14.555,14.555,0.0
2017-04-21 08:35:00,VWR,14.555,14.555,14.555,14.555,0.0
2017-04-21 08:40:00,VWR,14.555,14.555,14.555,14.555,0.0
2017-04-21 08:45:00,VWR,14.555,14.555,14.555,14.555,0.0
2017-04-21 08:50:00,VWR,14.555,14.555,14.555,14.555,0.0
2017-04-21 08:55:00,VWR,14.555,21.49,14.555,21.49,0.0
2017-04-21 09:00:00,VWR,21.49,21.49,21.49,21.49,0.0
2017-04-21 09:05:00,VWR,21.49,21.49,21.49,21.49,0.0
2017-04-21 09:10:00,VWR,21.49,21.49,21.49,21.49,0.0
2017-04-21 09:15:00,VWR,21.49,21.49,21.49,21.49,0.0
2017-04-21 09:20:00,VWR,21.49,21.49,21.49,21.49,0.0
2017-04-21 09:25:00,VWR,21.49,25.925,21.49,25.925,0.0
2017-04-21 09:30:00,VWR,25.925,26.235,25.27,25.27,0.0
2017-04-21 09:35:00,VWR,25.27,27.725,25.27,27.68,1635.0
2017-04-21 09:40:00,VWR,27.68,27.725,27.61,27.72,3165.0
2017-04-21 09:45:00,VWR,27.72,27.735,27.615,27.635,4444.0
2017-04-21 09:50:00,VWR,27.635,27.695,27.635,27.695,20.0
2017-04-21 09:55:00,VWR,27.695,27.695,27.62,27.63,4460.0
2017-04-21 10:00:00,VWR,27.63,27.675,27.63,27.665,987.0
2017-04-21 10:05:00,VWR,27.665,27.695,27.665,27.685,1830.0
2017-04-21 10:10:00,VWR,27.685,27.685,27.625,27.63,1581.0
2017-04-21 10:20:00,VWR,27.63,27.645,27.615,27.63,1517.0
2017-04-21 10:25:00,VWR,27.63,27.655,27.63,27.65,7075.0
2017-04-21 10:30:00,VWR,27.65,27.65,27.61,27.615,1700.0
2017-04-21 10:35:00,VWR,27.615,27.63,27.59,27.61,3069.0
2017-04-21 10:40:00,VWR,27.61,27.625,27.6,27.605,1212.0
2017-04-21 10:45:00,VWR,27.605,27.64,27.565,27.615,3167.0
2017-04-21 10:50:00,VWR,27.615,27.625,27.585,27.59,1907.0
2017-04-21 10:55:00,VWR,27.59,27.605,27.59,27.59,1999.0
2017-04-21 11:00:00,VWR,27.59,27.59,27.52,27.525,4101.0
2017-04-21 11:05:00,VWR,27.525,27.53,27.515,27.515,1269.0
2017-04-21 11:10:00,VWR,27.515,27.525,27.5,27.51,4210.0
2017-04-21 11:15:00,VWR,27.51,27.525,27.505,27.51,2312.0
2017-04-21 11:20:00,VWR,27.51,27.535,27.495,27.535,1897.0
2017-04-21 11:25:00,VWR,27.535,27.535,27.535,27.535,1143.0
2017-04-21 11:30:00,VWR,27.535,27.555,27.505,27.51,7527.0
2017-04-21 11:35:00,VWR,27.51,27.525,27.495,27.5,2008.0
2017-04-21 11:40:00,VWR,27.5,27.565,27.5,27.535,4066.0
2017-04-21 11:45:00,VWR,27.535,27.545,27.525,27.54,753.0
2017-04-21 11:50:00,VWR,27.54,27.625,27.54,27.585,3334.0
2017-04-21 11:55:00,VWR,27.585,27.62,27.565,27.62,1924.0
2017-04-21 12:00:00,VWR,27.62,27.625,27.62,27.625,418.0
2017-04-21 12:05:00,VWR,27.625,27.625,27.6,27.6,1832.0
2017-04-21 12:10:00,VWR,27.6,27.6,27.585,27.59,1596.0
2017-04-21 12:15:00,VWR,27.59,27.62,27.585,27.595,2754.0
2017-04-21 12:20:00,VWR,27.595,27.595,27.555,27.56,2127.0
2017-04-21 12:25:00,VWR,27.56,27.56,27.555,27.555,520.0
2017-04-21 12:30:00,VWR,27.555,27.57,27.555,27.56,1043.0
2017-04-21 12:35:00,VWR,27.56,27.56,27.56,27.56,457.0
2017-04-21 12:40:00,VWR,27.56,27.56,27.56,27.56,403.0
2017-04-21 12:45:00,VWR,27.56,27.56,27.555,27.555,608.0
2017-04-21 12:50:00,VWR,27.555,27.555,27.525,27.53,3093.0
2017-04-21 12:55:00,VWR,27.53,27.53,27.515,27.52,1107.0
2017-04-21 13:00:00,VWR,27.52,27.52,27.5,27.5,1607.0
2017-04-21 13:05:00,VWR,27.5,27.53,27.5,27.525,2094.0
2017-04-21 13:10:00,VWR,27.525,27.525,27.495,27.5,2268.0
2017-04-21 13:15:00,VWR,27.5,27.525,27.47,27.51,2315.0
2017-04-21 13:20:00,VWR,27.51,27.51,27.505,27.505,248.0
2017-04-21 13:25:00,VWR,27.505,27.545,27.505,27.535,2007.0
2017-04-21 13:30:00,VWR,27.535,27.55,27.535,27.55,541.0
2017-04-21 13:35:00,VWR,27.55,27.55,27.515,27.515,1788.0
2017-04-21 13:40:00,VWR,27.515,27.535,27.515,27.515,1652.0
2017-04-21 13:45:00,VWR,27.515,27.55,27.515,27.55,2804.0
2017-04-21 13:50:00,VWR,27.55,27.55,27.525,27.53,953.0
2017-04-21 13:55:00,VWR,27.53,27.535,27.53,27.535,722.0
2017-04-21 14:00:00,VWR,27.535,27.575,27.535,27.565,2040.0
2017-04-21 14:05:00,VWR,27.565,27.575,27.565,27.575,1628.0
2017-04-21 14:10:00,VWR,27.575,27.575,27.545,27.565,2745.0
2017-04-21 14:15:00,VWR,27.565,27.58,27.565,27.575,2045.0
2017-04-21 14:20:00,VWR,27.575,27.575,27.575,27.575,164.0
2017-04-21 14:25:00,VWR,27.575,27.61,27.575,27.61,823.0
2017-04-21 14:30:00,VWR,27.61,27.61,27.585,27.6,2134.0
2017-04-21 14:35:00,VWR,27.6,27.6,27.585,27.595,1671.0
2017-04-21 14:40:00,VWR,27.595,27.605,27.585,27.6,1338.0
2017-04-21 14:45:00,VWR,27.6,27.615,27.6,27.615,969.0
2017-04-21 14:50:00,VWR,27.615,27.615,27.605,27.605,1313.0
2017-04-21 14:55:00,VWR,27.605,27.605,27.59,27.595,4880.0
2017-04-21 15:00:00,VWR,27.595,27.605,27.595,27.605,2422.0
2017-04-21 15:05:00,VWR,27.605,27.605,27.585,27.585,2685.0
2017-04-21 15:10:00,VWR,27.585,27.585,27.57,27.575,2325.0
2017-04-21 15:15:00,VWR,27.575,27.585,27.57,27.585,2362.0
2017-04-21 15:20:00,VWR,27.585,27.62,27.585,27.615,5598.0
2017-04-21 15:25:00,VWR,27.615,27.625,27.615,27.625,3588.0
2017-04-21 15:30:00,VWR,27.625,27.645,27.615,27.645,3540.0
2017-04-21 15:35:00,VWR,27.645,27.645,27.605,27.605,5623.0
2017-04-21 15:40:00,VWR,27.605,27.615,27.605,27.615,4204.0
2017-04-21 15:45:00,VWR,27.615,27.635,27.615,27.635,8669.0
2017-04-21 15:50:00,VWR,27.635,27.655,27.635,27.655,5189.0
2017-04-21 15:55:00,VWR,27.655,27.725,27.605,27.615,22872.0
2017-04-21 16:00:00,VWR,27.615,27.645,27.605,27.62,33570.0
2017-04-21 16:05:00,VWR,27.62,28.31,27.585,28.31,20618.0
2017-04-21 16:10:00,VWR,28.31,28.31,28.31,28.31,655.0
2017-04-21 16:15:00,VWR,28.31,28.31,28.31,28.31,0.0
2017-04-21 16:20:00,VWR,28.31,28.31,28.31,28.31,0.0
2017-04-21 16:25:00,VWR,28.31,28.31,28.31,28.31,0.0
2017-04-21 16:30:00,VWR,28.31,28.31,28.31,28.31,0.0
2017-04-21 16:35:00,VWR,28.31,28.31,28.31,28.31,0.0
2017-04-21 16:40:00,VWR,28.31,28.31,28.31,28.31,0.0
2017-04-21 16:45:00,VWR,28.31,28.31,28.31,28.31,0.0
2017-04-21 16:50:00,VWR,28.31,28.31,28.31,28.31,0.0
2017-04-21 16:55:00,VWR,28.31,28.31,28.31,28.31,0.0
2017-04-21 17:00:00,VWR,28.31,28.31,28.31,28.31,0.0
2017-04-21 17:05:00,VWR,28.31,28.31,28.31,28.31,0.0
2017-04-21 17:10:00,VWR,28.31,28.31,28.31,28.31,0.0
2017-04-21 17:15:00,VWR,28.31,28.31,28.31,28.31,0.0
2017-04-21 17:20:00,VWR,28.31,28.31,28.31,28.31,0.0
2017-04-21 17:25:00,VWR,28.31,28.31,28.31,28.31,0.0
2017-04-21 17:30:00,VWR,28.31,28.31,28.31,28.31,0.0
2017-04-21 17:35:00,VWR,28.31,28.31,28.31,28.31,0.0
2017-04-21 17:40:00,VWR,28.31,28.31,28.31,28.31,0.0
2017-04-21 17:45:00,VWR,28.31,28.31,28.31,28.31,0.0
2017-04-21 17:50:00,VWR,28.31,28.31,28.31,28.31,0.0
2017-04-21 17:55:00,VWR,28.31,28.31,28.31,28.31,0.0
2017-04-21 18:00:00,VWR,28.31,28.31,28.31,28.31,0.0
2017-04-21 18:05:00,VWR,28.31,28.31,28.31,28.31,0.0
2017-04-21 18:10:00,VWR,28.31,28.31,28.31,28.31,0.0
2017-04-21 18:15:00,VWR,28.31,28.31,28.31,28.31,0.0
2017-04-21 18:20:00,VWR,28.31,28.31,28.31,28.31,0.0
2017-04-21 18:25:00,VWR,28.31,28.31,28.31,28.31,0.0
2017-04-21 18:30:00,VWR,28.31,28.31,28.31,28.31,0.0
2017-04-21 18:35:00,VWR,28.31,28.31,28.31,28.31,0.0
2017-04-21 18:40:00,VWR,28.31,28.31,28.31,28.31,0.0
2017-04-21 18:45:00,VWR,28.31,28.31,28.31,28.31,0.0
2017-04-21 18:50:00,VWR,28.31,28.31,28.31,28.31,0.0
2017-04-21 18:55:00,VWR,28.31,28.31,28.31,28.31,0.0
2017-04-21 19:00:00,VWR,28.31,28.31,28.31,28.31,0.0
2017-04-21 19:05:00,VWR,28.31,28.31,28.31,28.31,0.0
2017-04-21 19:10:00,VWR,28.31,28.31,28.31,28.31,0.0
2017-04-21 19:15:00,VWR,28.31,28.31,28.31,28.31,0.0
2017-04-21 19:20:00,VWR,28.31,28.31,28.31,28.31,0.0
2017-04-21 19:25:00,VWR,28.31,28.31,28.31,28.31,0.0
2017-04-21 19:30:00,VWR,28.31,28.31,28.31,28.31,0.0
2017-04-21 19:35:00,VWR,28.31,28.31,28.31,28.31,0.0
2017-04-21 19:40:00,VWR,28.31,28.31,28.31,28.31,0.0
2017-04-21 19:45:00,VWR,28.31,28.31,28.31,28.31,0.0
2017-04-21 19:50:00,VWR,28.31,28.31,28.31,28.31,0.0
2017-04-21 19:55:00,VWR,28.31,28.31,28.31,28.31,0.0
2017-04-21 20:00:00,VWR,28.31,28.31,28.31,28.31,0.0
2017-04-21 20:05:00,VWR,28.31,28.31,28.31,28.31,0.0
2017-04-21 20:10:00,VWR,28.31,28.31,28.31,28.31,0.0
2017-04-21 20:15:00,VWR,28.31,28.31,28.31,28.31,0.0
2017-04-21 20:20:00,VWR,28.31,28.31,28.31,28.31,0.0
2017-04-21 20:25:00,VWR,28.31,28.31,28.31,28.31,0.0
2017-04-21 20:30:00,VWR,28.31,28.31,28.31,28.31,0.0
2017-04-21 20:35:00,VWR,28.31,28.31,28.31,28.31,0.0
2017-04-21 20:40:00,VWR,28.31,28.31,28.31,28.31,0.0
2017-04-21 20:45:00,VWR,28.31,28.31,28.31,28.31,0.0
2017-04-21 20:50:00,VWR,28.31,28.31,28.31,28.31,0.0
2017-04-21 20:55:00,VWR,28.31,28.31,28.31,28.31,0.0
2017-04-22 08:00:00,VWR,28.31,28.31,28.31,28.31,0.0
2017-04-22 08:05:00,VWR,28.31,28.31,28.31,28.31,0.0
2017-04-22 08:10:00,VWR,28.31,28.31,28.31,28.31,0.0
2017-04-22 08:15:00,VWR,28.31,28.31,28.31,28.31,0.0
2017-04-22 08:20:00,VWR,28.31,28.31,28.31,28.31,0.0
2017-04-22 08:25:00,VWR,28.31,28.31,28.31,28.31,0.0
2017-04-22 08:30:00,VWR,28.31,28.31,28.31,28.31,0.0
2017-04-22 08:35:00,VWR,28.31,28.31,28.31,28.31,0.0
2017-04-22 08:40:00,VWR,28.31,28.31,28.31,28.31,0.0
2017-04-22 08:45:00,VWR,28.31,28.31,28.31,28.31,0.0
2017-04-22 08:50:00,VWR,28.31,28.31,28.31,28.31,0.0
2017-04-22 08:55:00,VWR,28.31,28.31,28.31,28.31,0.0
2017-04-22 09:00:00,VWR,28.31,28.31,28.31,28.31,0.0
2017-04-22 09:05:00,VWR,28.31,28.31,28.31,28.31,0.0
2017-04-22 09:10:00,VWR,28.31,28.31,28.31,28.31,0.0
2017-04-22 09:15:00,VWR,28.31,28.31,28.31,28.31,0.0
2017-04-22 09:20:00,VWR,28.31,28.31,28.31,28.31,0.0
2017-04-22 09:25:00,VWR,28.31,28.31,28.31,28.31,0.0
2017-04-22 09:30:00,VWR,28.31,28.31,28.31,28.31,0.0
2017-04-22 09:35:00,VWR,28.31,28.31,28.31,28.31,0.0
2017-04-22 09:40:00,VWR,28.31,28.31,28.31,28.31,0.0
2017-04-22 09:45:00,VWR,28.31,28.31,28.31,28.31,0.0
2017-04-22 09:50:00,VWR,28.31,28.31,28.31,28.31,0.0
2017-04-22 09:55:00,VWR,28.31,28.31,28.31,28.31,0.0
2017-04-22 10:00:00,VWR,28.31,28.31,28.31,28.31,0.0
2017-04-22 10:05:00,VWR,28.31,28.31,28.31,28.31,0.0
2017-04-22 10:10:00,VWR,28.31,28.31,28.31,28.31,0.0
2017-04-22 10:15:00,VWR,28.31,28.31,28.31,28.31,0.0
2017-04-22 10:20:00,VWR,28.31,28.31,28.31,28.31,0.0
2017-04-22 10:25:00,VWR,28.31,28.31,28.31,28.31,0.0
2017-04-22 10:30:00,VWR,28.31,28.31,28.31,28.31,0.0
2017-04-22 10:35:00,VWR,28.31,28.31,28.31,28.31,0.0
2017-04-22 10:40:00,VWR,28.31,28.31,28.31,28.31,0.0
2017-04-22 10:45:00,VWR,28.31,28.31,28.31,28.31,0.0
2017-04-22 10:50:00,VWR,28.31,28.31,28.31,28.31,0.0
2017-04-22 10:55:00,VWR,28.31,28.31,28.31,28.31,0.0
2017-04-22 11:00:00,VWR,28.31,28.31,28.31,28.31,0.0
2017-04-22 11:05:00,VWR,28.31,28.31,28.31,28.31,0.0
2017-04-22 11:10:00,VWR,28.31,28.31,28.31,28.31,0.0
2017-04-22 11:15:00,VWR,28.31,28.31,28.31,28.31,0.0
2017-04-22 11:20:00,VWR,28.31,28.31,28.31,28.31,0.0
2017-04-22 11:25:00,VWR,28.31,28.31,28.31,28.31,0.0
2017-04-22 11:30:00,VWR,28.31,28.31,28.31,28.31,0.0
2017-04-22 11:35:00,VWR,28.31,28.31,28.31,28.31,0.0
2017-04-22 11:40:00,VWR,28.31,28.31,28.31,28.31,0.0
2017-04-22 11:45:00,VWR,28.31,28.31,28.31,28.31,0.0
2017-04-22 11:50:00,VWR,28.31,28.31,28.31,28.31,0.0
2017-04-22 11:55:00,VWR,28.31,28.31,28.31,28.31,0.0
2017-04-22 12:00:00,VWR,28.31,28.31,28.31,28.31,0.0
2017-04-22 12:05:00,VWR,28.31,28.31,28.31,28.31,0.0
2017-04-22 12:10:00,VWR,28.31,28.31,28.31,28.31,0.0
2017-04-22 12:15:00,VWR,28.31,28.31,28.31,28.31,0.0
2017-04-22 12:20:00,VWR,28.31,28.31,28.31,28.31,0.0
2017-04-22 12:25:00,VWR,28.31,28.31,28.31,28.31,0.0
2017-04-22 12:30:00,VWR,28.31,28.31,28.31,28.31,0.0
2017-04-22 12:35:00,VWR,28.31,28.31,28.31,28.31,0.0
2017-04-22 12:40:00,VWR,28.31,28.31,28.31,28.31,0.0
2017-04-22 12:45:00,VWR,28.31,28.31,28.31,28.31,0.0
2017-04-22 12:50:00,VWR,28.31,28.31,28.31,28.31,0.0
2017-04-22 12:55:00,VWR,28.31,28.31,28.31,28.31,0.0
2017-04-22 13:00:00,VWR,28.31,28.31,28.31,28.31,0.0
2017-04-22 13:05:00,VWR,28.31,28.31,28.31,28.31,0.0
2017-04-22 13:10:00,VWR,28.31,28.31,28.31,28.31,0.0
2017-04-22 13:15:00,VWR,28.31,28.31,28.31,28.31,0.0
2017-04-22 13:20:00,VWR,28.31,28.31,28.31,28.31,0.0
2017-04-22 13:25:00,VWR,28.31,28.31,28.31,28.31,0.0
2017-04-22 13:30:00,VWR,28.31,28.31,28.31,28.31,0.0
2017-04-22 13:35:00,VWR,28.31,28.31,28.31,28.31,0.0
2017-04-22 13:40:00,VWR,28.31,28.31,28.31,28.31,0.0
2017-04-22 13:45:00,VWR,28.31,28.31,28.31,28.31,0.0
2017-04-22 13:50:00,VWR,28.31,28.31,28.31,28.31,0.0
2017-04-22 13:55:00,VWR,28.31,28.31,28.31,28.31,0.0
2017-04-22 14:00:00,VWR,28.31,28.31,28.31,28.31,0.0
2017-04-22 14:05:00,VWR,28.31,28.31,28.31,28.31,0.0
2017-04-22 14:10:00,VWR,28.31,28.31,28.31,28.31,0.0
2017-04-22 14:15:00,VWR,28.31,28.31,28.31,28.31,0.0
2017-04-22 14:20:00,VWR,28.31,28.31,28.31,28.31,0.0
2017-04-22 14:25:00,VWR,28.31,28.31,28.31,28.31,0.0
2017-04-22 14:30:00,VWR,28.31,28.31,28.31,28.31,0.0
2017-04-22 14:35:00,VWR,28.31,28.31,28.31,28.31,0.0
2017-04-22 14:40:00,VWR,28.31,28.31,28.31,28.31,0.0
2017-04-22 14:45:00,VWR,28.31,28.31,28.31,28.31,0.0
2017-04-22 14:50:00,VWR,28.31,28.31,28.31,28.31,0.0
2017-04-22 14:55:00,VWR,28.31,28.31,28.31,28.31,0.0
2017-04-22 15:00:00,VWR,28.31,28.31,28.31,28.31,0.0
2017-04-22 15:05:00,VWR,28.31,28.31,28.31,28.31,0.0
2017-04-22 15:10:00,VWR,28.31,28.31,28.31,28.31,0.0
2017-04-22 15:15:00,VWR,28.31,28.31,28.31,28.31,0.0
2017-04-22 15:20:00,VWR,28.31,28.31,28.31,28.31,0.0
2017-04-22 15:25:00,VWR,28.31,28.31,28.31,28.31,0.0
2017-04-22 15:30:00,VWR,28.31,28.31,28.31,28.31,0.0
2017-04-22 15:35:00,VWR,28.31,28.31,28.31,28.31,0.0
2017-04-22 15:40:00,VWR,28.31,28.31,28.31,28.31,0.0
2017-04-22 15:45:00,VWR,28.31,28.31,28.31,28.31,0.0
2017-04-22 15:50:00,VWR,28.31,28.31,28.31,28.31,0.0
2017-04-22 15:55:00,VWR,28.31,28.31,28.31,28.31,0.0
2017-04-22 16:00:00,VWR,28.31,28.31,28.31,28.31,0.0
2017-04-22 16:05:00,VWR,28.31,28.31,28.31,28.31,0.0
2017-04-22 16:10:00,VWR,28.31,28.31,28.31,28.31,0.0
2017-04-22 16:15:00,VWR,28.31,28.31,28.31,28.31,0.0
2017-04-22 16:20:00,VWR,28.31,28.31,28.31,28.31,0.0
2017-04-22 16:25:00,VWR,28.31,28.31,28.31,28.31,0.0
2017-04-22 16:30:00,VWR,28.31,28.31,28.31,28.31,0.0
2017-04-22 16:35:00,VWR,28.31,28.31,28.31,28.31,0.0
2017-04-22 16:40:00,VWR,28.31,28.31,28.31,28.31,0.0
2017-04-22 16:45:00,VWR,28.31,28.31,28.31,28.31,0.0
2017-04-22 16:50:00,VWR,28.31,28.31,28.31,28.31,0.0
2017-04-22 16:55:00,VWR,28.31,28.31,28.31,28.31,0.0
2017-04-22 17:00:00,VWR,28.31,28.31,28.31,28.31,0.0
2017-04-22 17:05:00,VWR,28.31,28.31,28.31,28.31,0.0
2017-04-22 17:10:00,VWR,28.31,28.31,28.31,28.31,0.0
2017-04-22 17:15:00,VWR,28.31,28.31,28.31,28.31,0.0
2017-04-22 17:20:00,VWR,28.31,28.31,28.31,28.31,0.0
2017-04-22 17:25:00,VWR,28.31,28.31,28.31,28.31,0.0
2017-04-22 17:30:00,VWR,28.31,28.31,28.31,28.31,0.0
2017-04-22 17:35:00,VWR,28.31,28.31,28.31,28.31,0.0
2017-04-22 17:40:00,VWR,28.31,28.31,28.31,28.31,0.0
2017-04-22 17:45:00,VWR,28.31,28.31,28.31,28.31,0.0
2017-04-22 17:50:00,VWR,28.31,28.31,28.31,28.31,0.0
2017-04-22 17:55:00,VWR,28.31,28.31,28.31,28.31,0.0
2017-04-22 18:00:00,VWR,28.31,28.31,28.31,28.31,0.0
2017-04-22 18:05:00,VWR,28.31,28.31,28.31,28.31,0.0
2017-04-22 18:10:00,VWR,28.31,28.31,28.31,28.31,0.0
2017-04-22 18:15:00,VWR,28.31,28.31,28.31,28.31,0.0
2017-04-22 18:20:00,VWR,28.31,28.31,28.31,28.31,0.0
2017-04-22 18:25:00,VWR,28.31,28.31,28.31,28.31,0.0
2017-04-22 18:30:00,VWR,28.31,28.31,28.31,28.31,0.0
2017-04-22 18:35:00,VWR,28.31,28.31,28.31,28.31,0.0
2017-04-22 18:40:00,VWR,28.31,28.31,28.31,28.31,0.0
2017-04-22 18:45:00,VWR,28.31,28.31,28.31,28.31,0.0
2017-04-22 18:50:00,VWR,28.31,28.31,28.31,28.31,0.0
2017-04-22 18:55:00,VWR,28.31,28.31,28.31,28.31,0.0
2017-04-22 19:00:00,VWR,28.31,28.31,28.31,28.31,0.0
2017-04-22 19:05:00,VWR,28.31,28.31,28.31,28.31,0.0
2017-04-22 19:10:00,VWR,28.31,28.31,28.31,28.31,0.0
2017-04-22 19:15:00,VWR,28.31,28.31,28.31,28.31,0.0
2017-04-22 19:20:00,VWR,28.31,28.31,28.31,28.31,0.0
2017-04-22 19:25:00,VWR,28.31,28.31,28.31,28.31,0.0
2017-04-22 19:30:00,VWR,28.31,28.31,28.31,28.31,0.0
2017-04-22 19:35:00,VWR,28.31,28.31,28.31,28.31,0.0
2017-04-22 19:40:00,VWR,28.31,28.31,28.31,28.31,0.0
2017-04-22 19:45:00,VWR,28.31,28.31,28.31,28.31,0.0
2017-04-22 19:50:00,VWR,28.31,28.31,28.31,28.31,0.0
2017-04-22 19:55:00,VWR,28.31,28.31,28.31,28.31,0.0
2017-04-22 20:00:00,VWR,28.31,28.31,28.31,28.31,0.0
2017-04-22 20:05:00,VWR,28.31,28.31,28.31,28.31,0.0
2017-04-22 20:10:00,VWR,28.31,28.31,28.31,28.31,0.0
2017-04-22 20:15:00,VWR,28.31,28.31,28.31,28.31,0.0
2017-04-22 20:20:00,VWR,28.31,28.31,28.31,28.31,0.0
2017-04-22 20:25:00,VWR,28.31,28.31,28.31,28.31,0.0
2017-04-22 20:30:00,VWR,28.31,28.31,28.31,28.31,0.0
2017-04-22 20:35:00,VWR,28.31,28.31,28.31,28.31,0.0
2017-04-22 20:40:00,VWR,28.31,28.31,28.31,28.31,0.0
2017-04-22 20:45:00,VWR,28.31,28.31,28.31,28.31,0.0
2017-04-22 20:50:00,VWR,28.31,28.31,28.31,28.31,0.0
2017-04-22 20:55:00,VWR,28.31,28.31,28.31,28.31,0.0
2017-04-23 08:00:00,VWR,28.31,28.31,28.31,28.31,0.0
2017-04-23 08:05:00,VWR,28.31,28.31,28.31,28.31,0.0
2017-04-23 08:10:00,VWR,28.31,28.31,28.31,28.31,0.0
2017-04-23 08:15:00,VWR,28.31,28.31,28.31,28.31,0.0
2017-04-23 08:20:00,VWR,28.31,28.31,28.31,28.31,0.0
2017-04-23 08:25:00,VWR,28.31,28.31,28.31,28.31,0.0
2017-04-23 08:30:00,VWR,28.31,28.31,28.31,28.31,0.0
2017-04-23 08:35:00,VWR,28.31,28.31,28.31,28.31,0.0
2017-04-23 08:40:00,VWR,28.31,28.31,28.31,28.31,0.0
2017-04-23 08:45:00,VWR,28.31,28.31,28.31,28.31,0.0
2017-04-23 08:50:00,VWR,28.31,28.31,28.31,28.31,0.0
2017-04-23 08:55:00,VWR,28.31,28.31,28.31,28.31,0.0
2017-04-23 09:00:00,VWR,28.31,28.31,28.31,28.31,0.0
2017-04-23 09:05:00,VWR,28.31,28.31,28.31,28.31,0.0
2017-04-23 09:10:00,VWR,28.31,28.31,28.31,28.31,0.0
2017-04-23 09:15:00,VWR,28.31,28.31,28.31,28.31,0.0
2017-04-23 09:20:00,VWR,28.31,28.31,28.31,28.31,0.0
2017-04-23 09:25:00,VWR,28.31,28.31,28.31,28.31,0.0
2017-04-23 09:30:00,VWR,28.31,28.31,28.31,28.31,0.0
2017-04-23 09:35:00,VWR,28.31,28.31,28.31,28.31,0.0
2017-04-23 09:40:00,VWR,28.31,28.31,28.31,28.31,0.0
2017-04-23 09:45:00,VWR,28.31,28.31,28.31,28.31,0.0
2017-04-23 09:50:00,VWR,28.31,28.31,28.31,28.31,0.0
2017-04-23 09:55:00,VWR,28.31,28.31,28.31,28.31,0.0
2017-04-23 10:00:00,VWR,28.31,28.31,28.31,28.31,0.0
2017-04-23 10:05:00,VWR,28.31,28.31,28.31,28.31,0.0
2017-04-23 10:10:00,VWR,28.31,28.31,28.31,28.31,0.0
2017-04-23 10:15:00,VWR,28.31,28.31,28.31,28.31,0.0
2017-04-23 10:20:00,VWR,28.31,28.31,28.31,28.31,0.0
2017-04-23 10:25:00,VWR,28.31,28.31,28.31,28.31,0.0
2017-04-23 10:30:00,VWR,28.31,28.31,28.31,28.31,0.0
2017-04-23 10:35:00,VWR,28.31,28.31,28.31,28.31,0.0
2017-04-23 10:40:00,VWR,28.31,28.31,28.31,28.31,0.0
2017-04-23 10:45:00,VWR,28.31,28.31,28.31,28.31,0.0
2017-04-23 10:50:00,VWR,28.31,28.31,28.31,28.31,0.0
2017-04-23 10:55:00,VWR,28.31,28.31,28.31,28.31,0.0
2017-04-23 11:00:00,VWR,28.31,28.31,28.31,28.31,0.0
2017-04-23 11:05:00,VWR,28.31,28.31,28.31,28.31,0.0
2017-04-23 11:10:00,VWR,28.31,28.31,28.31,28.31,0.0
2017-04-23 11:15:00,VWR,28.31,28.31,28.31,28.31,0.0
2017-04-23 11:20:00,VWR,28.31,28.31,28.31,28.31,0.0
2017-04-23 11:25:00,VWR,28.31,28.31,28.31,28.31,0.0
2017-04-23 11:30:00,VWR,28.31,28.31,28.31,28.31,0.0
2017-04-23 11:35:00,VWR,28.31,28.31,28.31,28.31,0.0
2017-04-23 11:40:00,VWR,28.31,28.31,28.31,28.31,0.0
2017-04-23 11:45:00,VWR,28.31,28.31,28.31,28.31,0.0
2017-04-23 11:50:00,VWR,28.31,28.31,28.31,28.31,0.0
2017-04-23 11:55:00,VWR,28.31,28.31,28.31,28.31,0.0
2017-04-23 12:00:00,VWR,28.31,28.31,28.31,28.31,0.0
2017-04-23 12:05:00,VWR,28.31,28.31,28.31,28.31,0.0
2017-04-23 12:10:00,VWR,28.31,28.31,28.31,28.31,0.0
2017-04-23 12:15:00,VWR,28.31,28.31,28.31,28.31,0.0
2017-04-23 12:20:00,VWR,28.31,28.31,28.31,28.31,0.0
2017-04-23 12:25:00,VWR,28.31,28.31,28.31,28.31,0.0
2017-04-23 12:30:00,VWR,28.31,28.31,28.31,28.31,0.0
2017-04-23 12:35:00,VWR,28.31,28.31,28.31,28.31,0.0
2017-04-23 12:40:00,VWR,28.31,28.31,28.31,28.31,0.0
2017-04-23 12:45:00,VWR,28.31,28.31,28.31,28.31,0.0
2017-04-23 12:50:00,VWR,28.31,28.31,28.31,28.31,0.0
2017-04-23 12:55:00,VWR,28.31,28.31,28.31,28.31,0.0
2017-04-23 13:00:00,VWR,28.31,28.31,28.31,28.31,0.0
2017-04-23 13:05:00,VWR,28.31,28.31,28.31,28.31,0.0
2017-04-23 13:10:00,VWR,28.31,28.31,28.31,28.31,0.0
2017-04-23 13:15:00,VWR,28.31,28.31,28.31,28.31,0.0
2017-04-23 13:20:00,VWR,28.31,28.31,28.31,28.31,0.0
2017-04-23 13:25:00,VWR,28.31,28.31,28.31,28.31,0.0
2017-04-23 13:30:00,VWR,28.31,28.31,28.31,28.31,0.0
2017-04-23 13:35:00,VWR,28.31,28.31,28.31,28.31,0.0
2017-04-23 13:40:00,VWR,28.31,28.31,28.31,28.31,0.0
2017-04-23 13:45:00,VWR,28.31,28.31,28.31,28.31,0.0
2017-04-23 13:50:00,VWR,28.31,28.31,28.31,28.31,0.0
2017-04-23 13:55:00,VWR,28.31,28.31,28.31,28.31,0.0
2017-04-23 14:00:00,VWR,28.31,28.31,28.31,28.31,0.0
2017-04-23 14:05:00,VWR,28.31,28.31,28.31,28.31,0.0
2017-04-23 14:10:00,VWR,28.31,28.31,28.31,28.31,0.0
2017-04-23 14:15:00,VWR,28.31,28.31,28.31,28.31,0.0
2017-04-23 14:20:00,VWR,28.31,28.31,28.31,28.31,0.0
2017-04-23 14:25:00,VWR,28.31,28.31,28.31,28.31,0.0
2017-04-23 14:30:00,VWR,28.31,28.31,28.31,28.31,0.0
2017-04-23 14:35:00,VWR,28.31,28.31,28.31,28.31,0.0
2017-04-23 14:40:00,VWR,28.31,28.31,28.31,28.31,0.0
2017-04-23 14:45:00,VWR,28.31,28.31,28.31,28.31,0.0
2017-04-23 14:50:00,VWR,28.31,28.31,28.31,28.31,0.0
2017-04-23 14:55:00,VWR,28.31,28.31,28.31,28.31,0.0
2017-04-23 15:00:00,VWR,28.31,28.31,28.31,28.31,0.0
2017-04-23 15:05:00,VWR,28.31,28.31,28.31,28.31,0.0
2017-04-23 15:10:00,VWR,28.31,28.31,28.31,28.31,0.0
2017-04-23 15:15:00,VWR,28.31,28.31,28.31,28.31,0.0
2017-04-23 15:20:00,VWR,28.31,28.31,28.31,28.31,0.0
2017-04-23 15:25:00,VWR,28.31,28.31,28.31,28.31,0.0
2017-04-23 15:30:00,VWR,28.31,28.31,28.31,28.31,0.0
2017-04-23 15:35:00,VWR,28.31,28.31,28.31,28.31,0.0
2017-04-23 15:40:00,VWR,28.31,28.31,28.31,28.31,0.0
2017-04-23 15:45:00,VWR,28.31,28.31,28.31,28.31,0.0
2017-04-23 15:50:00,VWR,28.31,28.31,28.31,28.31,0.0
2017-04-23 15:55:00,VWR,28.31,28.31,28.31,28.31,0.0
2017-04-23 16:00:00,VWR,28.31,28.31,28.31,28.31,0.0
2017-04-23 16:05:00,VWR,28.31,28.31,28.31,28.31,0.0
2017-04-23 16:10:00,VWR,28.31,28.31,28.31,28.31,0.0
2017-04-23 16:15:00,VWR,28.31,28.31,28.31,28.31,0.0
2017-04-23 16:20:00,VWR,28.31,28.31,28.31,28.31,0.0
2017-04-23 16:25:00,VWR,28.31,28.31,28.31,28.31,0.0
2017-04-23 16:30:00,VWR,28.31,28.31,28.31,28.31,0.0
2017-04-23 16:35:00,VWR,28.31,28.31,28.31,28.31,0.0
2017-04-23 16:40:00,VWR,28.31,28.31,28.31,28.31,0.0
2017-04-23 16:45:00,VWR,28.31,28.31,28.31,28.31,0.0
2017-04-23 16:50:00,VWR,28.31,28.31,28.31,28.31,0.0
2017-04-23 16:55:00,VWR,28.31,28.31,28.31,28.31,0.0
2017-04-23 17:00:00,VWR,28.31,28.31,28.31,28.31,0.0
2017-04-23 17:05:00,VWR,28.31,28.31,28.31,28.31,0.0
2017-04-23 17:10:00,VWR,28.31,28.31,28.31,28.31,0.0
2017-04-23 17:15:00,VWR,28.31,28.31,28.31,28.31,0.0
2017-04-23 17:20:00,VWR,28.31,28.31,28.31,28.31,0.0
2017-04-23 17:25:00,VWR,28.31,28.31,28.31,28.31,0.0
2017-04-23 17:30:00,VWR,28.31,28.31,28.31,28.31,0.0
2017-04-23 17:35:00,VWR,28.31,28.31,28.31,28.31,0.0
2017-04-23 17:40:00,VWR,28.31,28.31,28.31,28.31,0.0
2017-04-23 17:45:00,VWR,28.31,28.31,28.31,28.31,0.0
2017-04-23 17:50:00,VWR,28.31,28.31,28.31,28.31,0.0
2017-04-23 17:55:00,VWR,28.31,28.31,28.31,28.31,0.0
2017-04-23 18:00:00,VWR,28.31,28.31,28.31,28.31,0.0
2017-04-23 18:05:00,VWR,28.31,28.31,28.31,28.31,0.0
2017-04-23 18:10:00,VWR,28.31,28.31,28.31,28.31,0.0
2017-04-23 18:15:00,VWR,28.31,28.31,28.31,28.31,0.0
2017-04-23 18:20:00,VWR,28.31,28.31,28.31,28.31,0.0
2017-04-23 18:25:00,VWR,28.31,28.31,28.31,28.31,0.0
2017-04-23 18:30:00,VWR,28.31,28.31,28.31,28.31,0.0
2017-04-23 18:35:00,VWR,28.31,28.31,28.31,28.31,0.0
2017-04-23 18:40:00,VWR,28.31,28.31,28.31,28.31,0.0
2017-04-23 18:45:00,VWR,28.31,28.31,28.31,28.31,0.0
2017-04-23 18:50:00,VWR,28.31,28.31,28.31,28.31,0.0
2017-04-23 18:55:00,VWR,28.31,28.31,28.31,28.31,0.0
2017-04-23 19:00:00,VWR,28.31,28.31,28.31,28.31,0.0
2017-04-23 19:05:00,VWR,28.31,28.31,28.31,28.31,0.0
2017-04-23 19:10:00,VWR,28.31,28.31,28.31,28.31,0.0
2017-04-23 19:15:00,VWR,28.31,28.31,28.31,28.31,0.0
2017-04-23 19:20:00,VWR,28.31,28.31,28.31,28.31,0.0
2017-04-23 19:25:00,VWR,28.31,28.31,28.31,28.31,0.0
2017-04-23 19:30:00,VWR,28.31,28.31,28.31,28.31,0.0
2017-04-23 19:35:00,VWR,28.31,28.31,28.31,28.31,0.0
2017-04-23 19:40:00,VWR,28.31,28.31,28.31,28.31,0.0
2017-04-23 19:45:00,VWR,28.31,28.31,28.31,28.31,0.0
2017-04-23 19:50:00,VWR,28.31,28.31,28.31,28.31,0.0
2017-04-23 19:55:00,VWR,28.31,28.31,28.31,28.31,0.0
2017-04-23 20:00:00,VWR,28.31,28.31,28.31,28.31,0.0
2017-04-23 20:05:00,VWR,28.31,28.31,28.31,28.31,0.0
2017-04-23 20:10:00,VWR,28.31,28.31,28.31,28.31,0.0
2017-04-23 20:15:00,VWR,28.31,28.31,28.31,28.31,0.0
2017-04-23 20:20:00,VWR,28.31,28.31,28.31,28.31,0.0
2017-04-23 20:25:00,VWR,28.31,28.31,28.31,28.31,0.0
2017-04-23 20:30:00,VWR,28.31,28.31,28.31,28.31,0.0
2017-04-23 20:35:00,VWR,28.31,28.31,28.31,28.31,0.0
2017-04-23 20:40:00,VWR,28.31,28.31,28.31,28.31,0.0
2017-04-23 20:45:00,VWR,28.31,28.31,28.31,28.31,0.0
2017-04-23 20:50:00,VWR,28.31,28.31,28.31,28.31,0.0
2017-04-23 20:55:00,VWR,28.31,28.31,28.31,28.31,0.0
