2017-05-08 08:00:00,WTI,1.34,1.34,1.34,1.34,0
2017-05-08 08:05:00,WTI,1.34,2.33,1.34,2.125,0
2017-05-08 08:10:00,WTI,2.125,2.125,2.125,2.125,0
2017-05-08 08:15:00,WTI,2.125,2.125,2.125,2.125,0
2017-05-08 08:20:00,WTI,2.125,2.125,2.125,2.125,0
2017-05-08 08:25:00,WTI,2.125,2.125,2.125,2.125,0
2017-05-08 08:30:00,WTI,2.125,2.125,2.125,2.125,0
2017-05-08 08:35:00,WTI,2.125,2.125,2.125,2.125,0
2017-05-08 08:40:00,WTI,2.125,2.13,2.125,2.13,0
2017-05-08 08:45:00,WTI,2.13,2.13,2.125,2.125,0
2017-05-08 08:50:00,WTI,2.125,2.125,2.125,2.125,0
2017-05-08 08:55:00,WTI,2.125,2.125,2.125,2.125,0
2017-05-08 09:00:00,WTI,2.125,2.125,2.095,2.095,0
2017-05-08 09:05:00,WTI,2.095,2.095,2.095,2.095,0
2017-05-08 09:10:00,WTI,2.095,2.095,2.05,2.05,0
2017-05-08 09:15:00,WTI,2.05,2.05,2.05,2.05,0
2017-05-08 09:20:00,WTI,2.05,2.05,2.05,2.05,0
2017-05-08 09:25:00,WTI,2.05,2.08,2.05,2.08,73.0
2017-05-08 09:30:00,WTI,2.08,2.08,2.08,2.08,0.0
2017-05-08 09:35:00,WTI,2.08,2.105,2.075,2.095,67744.0
2017-05-08 09:40:00,WTI,2.095,2.105,2.085,2.095,29377.0
2017-05-08 09:45:00,WTI,2.095,2.145,2.095,2.135,54251.0
2017-05-08 09:50:00,WTI,2.135,2.135,2.125,2.125,8283.0
2017-05-08 09:55:00,WTI,2.125,2.175,2.125,2.175,92688.0
2017-05-08 10:00:00,WTI,2.175,2.215,2.175,2.195,97225.0
2017-05-08 10:05:00,WTI,2.195,2.215,2.195,2.215,54122.0
2017-05-08 10:10:00,WTI,2.215,2.235,2.215,2.225,36264.0
2017-05-08 10:15:00,WTI,2.225,2.225,2.165,2.165,102627.0
2017-05-08 10:20:00,WTI,2.165,2.195,2.165,2.185,29208.0
2017-05-08 10:25:00,WTI,2.185,2.185,2.185,2.185,14784.0
2017-05-08 10:30:00,WTI,2.185,2.185,2.155,2.165,67253.0
2017-05-08 10:35:00,WTI,2.165,2.185,2.155,2.165,27509.0
2017-05-08 10:40:00,WTI,2.165,2.165,2.155,2.155,4209.0
2017-05-08 10:45:00,WTI,2.155,2.155,2.155,2.155,10271.0
2017-05-08 10:50:00,WTI,2.155,2.165,2.135,2.135,89706.0
2017-05-08 10:55:00,WTI,2.135,2.135,2.135,2.135,3415.0
2017-05-08 11:00:00,WTI,2.135,2.135,2.115,2.125,63927.0
2017-05-08 11:05:00,WTI,2.125,2.135,2.125,2.135,27216.0
2017-05-08 11:10:00,WTI,2.135,2.145,2.135,2.145,11823.0
2017-05-08 11:15:00,WTI,2.145,2.145,2.125,2.125,14543.0
2017-05-08 11:20:00,WTI,2.125,2.125,2.125,2.125,1051.0
2017-05-08 11:25:00,WTI,2.125,2.125,2.115,2.115,11291.0
2017-05-08 11:30:00,WTI,2.115,2.115,2.085,2.095,72896.0
2017-05-08 11:35:00,WTI,2.095,2.105,2.095,2.105,23779.0
2017-05-08 11:40:00,WTI,2.105,2.115,2.105,2.115,7732.0
2017-05-08 11:45:00,WTI,2.115,2.115,2.115,2.115,2102.0
2017-05-08 11:50:00,WTI,2.115,2.115,2.115,2.115,22059.0
2017-05-08 11:55:00,WTI,2.115,2.115,2.115,2.115,10734.0
2017-05-08 12:00:00,WTI,2.115,2.125,2.115,2.125,10345.0
2017-05-08 12:05:00,WTI,2.125,2.125,2.125,2.125,25900.0
2017-05-08 12:10:00,WTI,2.125,2.125,2.125,2.125,1905.0
2017-05-08 12:15:00,WTI,2.125,2.125,2.115,2.115,14306.0
2017-05-08 12:20:00,WTI,2.115,2.115,2.115,2.115,7511.0
2017-05-08 12:25:00,WTI,2.115,2.115,2.105,2.105,12968.0
2017-05-08 12:30:00,WTI,2.105,2.105,2.105,2.105,5917.0
2017-05-08 12:35:00,WTI,2.105,2.105,2.105,2.105,2818.0
2017-05-08 12:40:00,WTI,2.105,2.105,2.105,2.105,2001.0
2017-05-08 12:45:00,WTI,2.105,2.125,2.105,2.125,24552.0
2017-05-08 12:50:00,WTI,2.125,2.135,2.125,2.135,6200.0
2017-05-08 12:55:00,WTI,2.135,2.135,2.135,2.135,7919.0
2017-05-08 13:00:00,WTI,2.135,2.135,2.135,2.135,1225.0
2017-05-08 13:05:00,WTI,2.135,2.135,2.135,2.135,2127.0
2017-05-08 13:10:00,WTI,2.135,2.135,2.135,2.135,718.0
2017-05-08 13:15:00,WTI,2.135,2.135,2.135,2.135,1318.0
2017-05-08 13:20:00,WTI,2.135,2.135,2.135,2.135,1757.0
2017-05-08 13:25:00,WTI,2.135,2.135,2.135,2.135,1440.0
2017-05-08 13:30:00,WTI,2.135,2.135,2.135,2.135,1400.0
2017-05-08 13:35:00,WTI,2.135,2.135,2.135,2.135,2483.0
2017-05-08 13:40:00,WTI,2.135,2.135,2.135,2.135,3650.0
2017-05-08 13:45:00,WTI,2.135,2.155,2.135,2.155,33231.0
2017-05-08 13:50:00,WTI,2.155,2.155,2.155,2.155,5450.0
2017-05-08 13:55:00,WTI,2.155,2.155,2.155,2.155,8179.0
2017-05-08 14:00:00,WTI,2.155,2.155,2.155,2.155,4732.0
2017-05-08 14:05:00,WTI,2.155,2.155,2.155,2.155,26600.0
2017-05-08 14:10:00,WTI,2.155,2.165,2.155,2.165,16132.0
2017-05-08 14:15:00,WTI,2.165,2.165,2.165,2.165,600.0
2017-05-08 14:20:00,WTI,2.165,2.165,2.165,2.165,1322.0
2017-05-08 14:25:00,WTI,2.165,2.165,2.155,2.155,16457.0
2017-05-08 14:30:00,WTI,2.155,2.155,2.155,2.155,18470.0
2017-05-08 14:35:00,WTI,2.155,2.165,2.155,2.165,3946.0
2017-05-08 14:40:00,WTI,2.165,2.165,2.155,2.155,15638.0
2017-05-08 14:45:00,WTI,2.155,2.155,2.155,2.155,1723.0
2017-05-08 14:50:00,WTI,2.155,2.155,2.155,2.155,1700.0
2017-05-08 14:55:00,WTI,2.155,2.155,2.155,2.155,2450.0
2017-05-08 15:00:00,WTI,2.155,2.155,2.155,2.155,10450.0
2017-05-08 15:05:00,WTI,2.155,2.155,2.155,2.155,16106.0
2017-05-08 15:10:00,WTI,2.155,2.155,2.145,2.145,15318.0
2017-05-08 15:15:00,WTI,2.145,2.145,2.145,2.145,7650.0
2017-05-08 15:20:00,WTI,2.145,2.145,2.145,2.145,2900.0
2017-05-08 15:25:00,WTI,2.145,2.155,2.145,2.155,13015.0
2017-05-08 15:30:00,WTI,2.155,2.155,2.155,2.155,7228.0
2017-05-08 15:35:00,WTI,2.155,2.155,2.155,2.155,6217.0
2017-05-08 15:40:00,WTI,2.155,2.155,2.155,2.155,6995.0
2017-05-08 15:45:00,WTI,2.155,2.155,2.155,2.155,6296.0
2017-05-08 15:50:00,WTI,2.155,2.155,2.145,2.145,44988.0
2017-05-08 15:55:00,WTI,2.145,2.165,2.145,2.165,284187.0
2017-05-08 16:00:00,WTI,2.165,2.185,2.165,2.175,140761.0
2017-05-08 16:05:00,WTI,2.175,2.175,2.175,2.175,20287.0
2017-05-08 16:10:00,WTI,2.175,2.175,2.175,2.175,0.0
2017-05-08 16:15:00,WTI,2.175,2.175,2.175,2.175,0.0
2017-05-08 16:20:00,WTI,2.175,2.185,2.165,2.165,6059.0
2017-05-08 16:25:00,WTI,2.165,2.165,2.165,2.165,60.0
2017-05-08 16:30:00,WTI,2.165,2.165,2.165,2.165,0.0
2017-05-08 16:35:00,WTI,2.165,2.165,2.165,2.165,0.0
2017-05-08 16:40:00,WTI,2.165,2.165,2.165,2.165,886.0
2017-05-08 16:45:00,WTI,2.165,2.165,2.165,2.165,0.0
2017-05-08 16:50:00,WTI,2.165,2.165,2.165,2.165,500.0
2017-05-08 16:55:00,WTI,2.165,2.165,2.165,2.165,0.0
2017-05-08 17:00:00,WTI,2.165,2.165,2.165,2.165,0.0
2017-05-08 17:05:00,WTI,2.165,2.165,2.165,2.165,0.0
2017-05-08 17:10:00,WTI,2.165,2.165,2.165,2.165,0.0
2017-05-08 17:15:00,WTI,2.165,2.165,2.165,2.165,0.0
2017-05-08 17:20:00,WTI,2.165,2.165,2.165,2.165,0.0
2017-05-08 17:25:00,WTI,2.165,2.165,2.165,2.165,0.0
2017-05-08 17:30:00,WTI,2.165,2.165,2.165,2.165,0.0
2017-05-08 17:35:00,WTI,2.165,2.175,2.165,2.175,0.0
2017-05-08 17:40:00,WTI,2.175,2.175,2.175,2.175,0.0
2017-05-08 17:45:00,WTI,2.175,2.175,2.175,2.175,0.0
2017-05-08 17:50:00,WTI,2.175,2.175,2.175,2.175,0.0
2017-05-08 17:55:00,WTI,2.175,2.175,2.175,2.175,0.0
2017-05-08 18:00:00,WTI,2.175,2.175,2.175,2.175,0.0
2017-05-08 18:05:00,WTI,2.175,2.185,2.175,2.185,0.0
2017-05-08 18:10:00,WTI,2.185,2.185,2.185,2.185,0.0
2017-05-08 18:15:00,WTI,2.185,2.185,2.185,2.185,0.0
2017-05-08 18:20:00,WTI,2.185,2.185,2.185,2.185,0.0
2017-05-08 18:25:00,WTI,2.185,2.185,2.185,2.185,0.0
2017-05-08 18:30:00,WTI,2.185,2.185,2.185,2.185,0.0
2017-05-08 18:35:00,WTI,2.185,2.185,2.185,2.185,0.0
2017-05-08 18:40:00,WTI,2.185,2.185,2.185,2.185,0.0
2017-05-08 18:45:00,WTI,2.185,2.185,2.185,2.185,0.0
2017-05-08 18:50:00,WTI,2.185,2.185,2.185,2.185,0.0
2017-05-08 18:55:00,WTI,2.185,2.185,2.185,2.185,0.0
2017-05-08 19:00:00,WTI,2.185,2.185,2.185,2.185,0.0
2017-05-08 19:05:00,WTI,2.185,2.185,2.185,2.185,0.0
2017-05-08 19:10:00,WTI,2.185,2.185,2.185,2.185,0.0
2017-05-08 19:15:00,WTI,2.185,2.185,2.185,2.185,0.0
2017-05-08 19:20:00,WTI,2.185,2.185,2.185,2.185,0.0
2017-05-08 19:25:00,WTI,2.185,2.185,2.185,2.185,0.0
2017-05-08 19:30:00,WTI,2.185,2.185,2.185,2.185,0.0
2017-05-08 19:35:00,WTI,2.185,2.185,2.185,2.185,0.0
2017-05-08 19:40:00,WTI,2.185,2.185,2.185,2.185,0.0
2017-05-08 19:45:00,WTI,2.185,2.185,2.185,2.185,0.0
2017-05-08 19:50:00,WTI,2.185,2.185,2.185,2.185,0.0
2017-05-08 19:55:00,WTI,2.185,2.185,2.185,2.185,0.0
2017-05-08 20:00:00,WTI,2.185,2.185,2.185,2.185,0.0
2017-05-08 20:05:00,WTI,2.185,2.185,1.71,1.745,0.0
2017-05-08 20:10:00,WTI,1.745,1.745,1.745,1.745,0.0
2017-05-08 20:15:00,WTI,1.745,1.745,1.745,1.745,0.0
2017-05-08 20:20:00,WTI,1.745,1.745,1.745,1.745,0.0
2017-05-08 20:25:00,WTI,1.745,1.745,1.745,1.745,0.0
2017-05-08 20:30:00,WTI,1.745,1.745,1.745,1.745,0.0
2017-05-08 20:35:00,WTI,1.745,1.745,1.745,1.745,0.0
2017-05-08 20:40:00,WTI,1.745,1.745,1.745,1.745,0.0
2017-05-08 20:45:00,WTI,1.745,1.745,1.745,1.745,0.0
2017-05-08 20:50:00,WTI,1.745,1.745,1.745,1.745,0.0
2017-05-08 20:55:00,WTI,1.745,1.745,1.745,1.745,0.0
2017-05-09 08:00:00,WTI,1.75,1.75,1.75,1.75,0.0
2017-05-09 08:05:00,WTI,1.75,2.125,1.75,2.125,0.0
2017-05-09 08:10:00,WTI,2.125,2.125,2.125,2.125,0.0
2017-05-09 08:15:00,WTI,2.125,2.125,2.125,2.125,0.0
2017-05-09 08:20:00,WTI,2.125,2.125,2.125,2.125,0.0
2017-05-09 08:25:00,WTI,2.125,2.125,2.125,2.125,0.0
2017-05-09 08:30:00,WTI,2.125,2.125,2.125,2.125,0.0
2017-05-09 08:35:00,WTI,2.125,2.125,2.125,2.125,0.0
2017-05-09 08:40:00,WTI,2.125,2.125,2.125,2.125,0.0
2017-05-09 08:45:00,WTI,2.125,2.125,2.125,2.125,0.0
2017-05-09 08:50:00,WTI,2.125,2.125,2.125,2.125,0.0
2017-05-09 08:55:00,WTI,2.125,2.125,2.125,2.125,0.0
2017-05-09 09:00:00,WTI,2.125,2.125,2.125,2.125,1.0
2017-05-09 09:05:00,WTI,2.125,2.125,2.125,2.125,0.0
2017-05-09 09:10:00,WTI,2.125,2.125,2.085,2.085,0.0
2017-05-09 09:15:00,WTI,2.085,2.09,2.085,2.09,0.0
2017-05-09 09:20:00,WTI,2.09,2.09,2.09,2.09,0.0
2017-05-09 09:25:00,WTI,2.09,2.155,2.09,2.15,0.0
2017-05-09 09:30:00,WTI,2.15,2.155,2.15,2.155,0.0
2017-05-09 09:35:00,WTI,2.155,2.17,2.155,2.165,18122.0
2017-05-09 09:40:00,WTI,2.165,2.165,2.155,2.155,35119.0
2017-05-09 09:45:00,WTI,2.155,2.155,2.115,2.125,21144.0
2017-05-09 09:50:00,WTI,2.125,2.145,2.125,2.145,65850.0
2017-05-09 09:55:00,WTI,2.145,2.145,2.145,2.145,1208.0
2017-05-09 10:00:00,WTI,2.145,2.145,2.145,2.145,13910.0
2017-05-09 10:05:00,WTI,2.145,2.155,2.145,2.155,17550.0
2017-05-09 10:10:00,WTI,2.155,2.155,2.155,2.155,10722.0
2017-05-09 10:15:00,WTI,2.155,2.155,2.115,2.115,105075.0
2017-05-09 10:20:00,WTI,2.115,2.115,2.105,2.105,11064.0
2017-05-09 10:25:00,WTI,2.105,2.105,2.105,2.105,4336.0
2017-05-09 10:30:00,WTI,2.105,2.105,2.065,2.095,87997.0
2017-05-09 10:35:00,WTI,2.095,2.095,2.085,2.085,4253.0
2017-05-09 10:40:00,WTI,2.085,2.105,2.085,2.105,32099.0
2017-05-09 10:45:00,WTI,2.105,2.11,2.105,2.105,8227.0
2017-05-09 10:50:00,WTI,2.105,2.105,2.105,2.105,8519.0
2017-05-09 10:55:00,WTI,2.105,2.105,2.085,2.085,36317.0
2017-05-09 11:00:00,WTI,2.085,2.095,2.075,2.095,44410.0
2017-05-09 11:05:00,WTI,2.095,2.095,2.095,2.095,4341.0
2017-05-09 11:10:00,WTI,2.095,2.095,2.095,2.095,5198.0
2017-05-09 11:15:00,WTI,2.095,2.095,2.085,2.085,25407.0
2017-05-09 11:20:00,WTI,2.085,2.085,2.085,2.085,12928.0
2017-05-09 11:25:00,WTI,2.085,2.095,2.085,2.095,25790.0
2017-05-09 11:30:00,WTI,2.095,2.095,2.095,2.095,7858.0
2017-05-09 11:35:00,WTI,2.095,2.105,2.095,2.105,22107.0
2017-05-09 11:40:00,WTI,2.105,2.115,2.105,2.115,6844.0
2017-05-09 11:45:00,WTI,2.115,2.115,2.115,2.115,4903.0
2017-05-09 11:50:00,WTI,2.115,2.115,2.115,2.115,3800.0
2017-05-09 11:55:00,WTI,2.115,2.125,2.115,2.125,11622.0
2017-05-09 12:00:00,WTI,2.125,2.135,2.125,2.135,35960.0
2017-05-09 12:05:00,WTI,2.135,2.135,2.135,2.135,24317.0
2017-05-09 12:10:00,WTI,2.135,2.135,2.135,2.135,30400.0
2017-05-09 12:15:00,WTI,2.135,2.135,2.125,2.135,86648.0
2017-05-09 12:20:00,WTI,2.135,2.135,2.135,2.135,3705.0
2017-05-09 12:25:00,WTI,2.135,2.135,2.125,2.125,7739.0
2017-05-09 12:30:00,WTI,2.125,2.125,2.125,2.125,3399.0
2017-05-09 12:35:00,WTI,2.125,2.135,2.125,2.135,16516.0
2017-05-09 12:40:00,WTI,2.135,2.135,2.135,2.135,11749.0
2017-05-09 12:45:00,WTI,2.135,2.135,2.135,2.135,1035.0
2017-05-09 12:50:00,WTI,2.135,2.145,2.135,2.145,22474.0
2017-05-09 12:55:00,WTI,2.145,2.145,2.145,2.145,5304.0
2017-05-09 13:00:00,WTI,2.145,2.145,2.145,2.145,614.0
2017-05-09 13:05:00,WTI,2.145,2.145,2.135,2.135,4925.0
2017-05-09 13:10:00,WTI,2.135,2.135,2.135,2.135,309.0
2017-05-09 13:15:00,WTI,2.135,2.135,2.135,2.135,1302.0
2017-05-09 13:20:00,WTI,2.135,2.135,2.135,2.135,3311.0
2017-05-09 13:25:00,WTI,2.135,2.135,2.135,2.135,9659.0
2017-05-09 13:30:00,WTI,2.135,2.135,2.125,2.125,8626.0
2017-05-09 13:35:00,WTI,2.125,2.125,2.125,2.125,4318.0
2017-05-09 13:40:00,WTI,2.125,2.125,2.125,2.125,800.0
2017-05-09 13:45:00,WTI,2.125,2.135,2.125,2.135,11986.0
2017-05-09 13:50:00,WTI,2.135,2.135,2.135,2.135,700.0
2017-05-09 13:55:00,WTI,2.135,2.135,2.135,2.135,20049.0
2017-05-09 14:00:00,WTI,2.135,2.135,2.135,2.135,10041.0
2017-05-09 14:05:00,WTI,2.135,2.135,2.135,2.135,3057.0
2017-05-09 14:10:00,WTI,2.135,2.135,2.135,2.135,2518.0
2017-05-09 14:15:00,WTI,2.135,2.135,2.135,2.135,2208.0
2017-05-09 14:20:00,WTI,2.135,2.135,2.135,2.135,2300.0
2017-05-09 14:25:00,WTI,2.135,2.135,2.135,2.135,8481.0
2017-05-09 14:30:00,WTI,2.135,2.135,2.135,2.135,2894.0
2017-05-09 14:35:00,WTI,2.135,2.135,2.135,2.135,3764.0
2017-05-09 14:40:00,WTI,2.135,2.135,2.135,2.135,3000.0
2017-05-09 14:45:00,WTI,2.135,2.135,2.135,2.135,700.0
2017-05-09 14:50:00,WTI,2.135,2.135,2.135,2.135,2000.0
2017-05-09 14:55:00,WTI,2.135,2.135,2.135,2.135,4002.0
2017-05-09 15:00:00,WTI,2.135,2.135,2.135,2.135,9920.0
2017-05-09 15:05:00,WTI,2.135,2.135,2.135,2.135,2218.0
2017-05-09 15:10:00,WTI,2.135,2.135,2.135,2.135,4600.0
2017-05-09 15:15:00,WTI,2.135,2.135,2.135,2.135,1700.0
2017-05-09 15:20:00,WTI,2.135,2.135,2.135,2.135,6727.0
2017-05-09 15:25:00,WTI,2.135,2.135,2.135,2.135,3002.0
2017-05-09 15:30:00,WTI,2.135,2.135,2.135,2.135,37600.0
2017-05-09 15:35:00,WTI,2.135,2.135,2.135,2.135,10214.0
2017-05-09 15:40:00,WTI,2.135,2.135,2.135,2.135,6540.0
2017-05-09 15:45:00,WTI,2.135,2.135,2.115,2.115,29903.0
2017-05-09 15:50:00,WTI,2.115,2.115,2.115,2.115,5710.0
2017-05-09 15:55:00,WTI,2.115,2.115,2.115,2.115,14001.0
2017-05-09 16:00:00,WTI,2.115,2.115,2.115,2.115,55961.0
2017-05-09 16:05:00,WTI,2.115,2.115,2.115,2.115,25643.0
2017-05-09 16:10:00,WTI,2.115,2.12,2.115,2.12,0.0
2017-05-09 16:15:00,WTI,2.12,2.12,2.12,2.12,0.0
2017-05-09 16:20:00,WTI,2.12,2.12,2.12,2.12,0.0
2017-05-09 16:25:00,WTI,2.12,2.12,2.12,2.12,0.0
2017-05-09 16:30:00,WTI,2.12,2.13,2.12,2.13,414.0
2017-05-09 16:35:00,WTI,2.13,2.13,2.12,2.12,0.0
2017-05-09 16:40:00,WTI,2.12,2.12,2.12,2.12,0.0
2017-05-09 16:45:00,WTI,2.12,2.12,2.12,2.12,0.0
2017-05-09 16:50:00,WTI,2.12,2.12,2.12,2.12,0.0
2017-05-09 16:55:00,WTI,2.12,2.12,2.12,2.12,0.0
2017-05-09 17:00:00,WTI,2.12,2.12,2.12,2.12,0.0
2017-05-09 17:05:00,WTI,2.12,2.12,2.12,2.12,0.0
2017-05-09 17:10:00,WTI,2.12,2.12,2.12,2.12,0.0
2017-05-09 17:15:00,WTI,2.12,2.12,2.12,2.12,1175.0
2017-05-09 17:20:00,WTI,2.12,2.12,2.12,2.12,0.0
2017-05-09 17:25:00,WTI,2.12,2.12,2.12,2.12,0.0
2017-05-09 17:30:00,WTI,2.12,2.12,2.12,2.12,0.0
2017-05-09 17:35:00,WTI,2.12,2.12,2.12,2.12,0.0
2017-05-09 17:40:00,WTI,2.12,2.12,2.12,2.12,0.0
2017-05-09 17:45:00,WTI,2.12,2.12,2.12,2.12,0.0
2017-05-09 17:50:00,WTI,2.12,2.12,2.12,2.12,0.0
2017-05-09 17:55:00,WTI,2.12,2.12,2.12,2.12,0.0
2017-05-09 18:00:00,WTI,2.12,2.12,2.12,2.12,0.0
2017-05-09 18:05:00,WTI,2.12,2.12,2.065,2.09,0.0
2017-05-09 18:10:00,WTI,2.09,2.09,2.09,2.09,0.0
2017-05-09 18:15:00,WTI,2.09,2.09,2.09,2.09,0.0
2017-05-09 18:20:00,WTI,2.09,2.09,2.09,2.09,0.0
2017-05-09 18:25:00,WTI,2.09,2.09,2.09,2.09,0.0
2017-05-09 18:30:00,WTI,2.09,2.09,2.09,2.09,0.0
2017-05-09 18:35:00,WTI,2.09,2.09,2.09,2.09,0.0
2017-05-09 18:40:00,WTI,2.09,2.09,2.09,2.09,0.0
2017-05-09 18:45:00,WTI,2.09,2.09,2.09,2.09,0.0
2017-05-09 18:50:00,WTI,2.09,2.09,2.09,2.09,0.0
2017-05-09 18:55:00,WTI,2.09,2.09,2.09,2.09,0.0
2017-05-09 19:00:00,WTI,2.09,2.09,2.09,2.09,0.0
2017-05-09 19:05:00,WTI,2.09,2.09,2.09,2.09,0.0
2017-05-09 19:10:00,WTI,2.09,2.09,2.09,2.09,0.0
2017-05-09 19:15:00,WTI,2.09,2.09,2.09,2.09,0.0
2017-05-09 19:20:00,WTI,2.09,2.09,2.09,2.09,0.0
2017-05-09 19:25:00,WTI,2.09,2.09,2.09,2.09,0.0
2017-05-09 19:30:00,WTI,2.09,2.09,2.09,2.09,0.0
2017-05-09 19:35:00,WTI,2.09,2.09,2.09,2.09,0.0
2017-05-09 19:40:00,WTI,2.09,2.09,2.09,2.09,0.0
2017-05-09 19:45:00,WTI,2.09,2.09,2.09,2.09,0.0
2017-05-09 19:50:00,WTI,2.09,2.09,2.09,2.09,0.0
2017-05-09 19:55:00,WTI,2.09,2.09,2.09,2.09,0.0
2017-05-09 20:00:00,WTI,2.09,2.09,2.09,2.09,0.0
2017-05-09 20:05:00,WTI,2.09,2.09,1.745,1.745,0.0
2017-05-09 20:10:00,WTI,1.745,1.745,1.745,1.745,0.0
2017-05-09 20:15:00,WTI,1.745,1.745,1.745,1.745,0.0
2017-05-09 20:20:00,WTI,1.745,1.745,1.745,1.745,0.0
2017-05-09 20:25:00,WTI,1.745,1.745,1.745,1.745,0.0
2017-05-09 20:30:00,WTI,1.745,1.745,1.745,1.745,0.0
2017-05-09 20:35:00,WTI,1.745,1.745,1.745,1.745,0.0
2017-05-09 20:40:00,WTI,1.745,1.745,1.745,1.745,0.0
2017-05-09 20:45:00,WTI,1.745,1.745,1.745,1.745,0.0
2017-05-09 20:50:00,WTI,1.745,1.745,1.745,1.745,0.0
2017-05-09 20:55:00,WTI,1.745,1.745,1.745,1.745,0.0
2017-05-10 08:00:00,WTI,1.77,1.77,1.125,1.125,0.0
2017-05-10 08:05:00,WTI,1.125,2.085,1.125,2.085,0.0
2017-05-10 08:10:00,WTI,2.085,2.085,2.085,2.085,0.0
2017-05-10 08:15:00,WTI,2.085,2.085,2.085,2.085,0.0
2017-05-10 08:20:00,WTI,2.085,2.085,2.085,2.085,0.0
2017-05-10 08:25:00,WTI,2.085,2.085,2.085,2.085,0.0
2017-05-10 08:30:00,WTI,2.085,2.085,2.085,2.085,0.0
2017-05-10 08:35:00,WTI,2.085,2.085,2.085,2.085,0.0
2017-05-10 08:40:00,WTI,2.085,2.085,2.085,2.085,0.0
2017-05-10 08:45:00,WTI,2.085,2.085,2.085,2.085,0.0
2017-05-10 08:50:00,WTI,2.085,2.14,2.085,2.1,0.0
2017-05-10 08:55:00,WTI,2.1,2.1,2.1,2.1,0.0
2017-05-10 09:00:00,WTI,2.1,2.1,2.1,2.1,0.0
2017-05-10 09:05:00,WTI,2.1,2.145,2.1,2.145,0.0
2017-05-10 09:10:00,WTI,2.145,2.145,2.115,2.145,2000.0
2017-05-10 09:15:00,WTI,2.145,2.145,2.145,2.145,0.0
2017-05-10 09:20:00,WTI,2.145,2.145,2.145,2.145,1040.0
2017-05-10 09:25:00,WTI,2.145,2.145,2.14,2.14,23.0
2017-05-10 09:30:00,WTI,2.14,2.145,2.14,2.145,0.0
2017-05-10 09:35:00,WTI,2.145,2.145,2.13,2.135,11580.0
2017-05-10 09:40:00,WTI,2.135,2.145,2.125,2.135,7133.0
2017-05-10 09:45:00,WTI,2.135,2.145,2.135,2.145,25728.0
2017-05-10 09:50:00,WTI,2.145,2.155,2.145,2.155,5241.0
2017-05-10 09:55:00,WTI,2.155,2.155,2.145,2.145,8379.0
2017-05-10 10:00:00,WTI,2.145,2.165,2.145,2.155,22935.0
2017-05-10 10:05:00,WTI,2.155,2.155,2.155,2.155,5242.0
2017-05-10 10:10:00,WTI,2.155,2.155,2.135,2.135,5514.0
2017-05-10 10:15:00,WTI,2.135,2.135,2.135,2.135,5100.0
2017-05-10 10:20:00,WTI,2.135,2.135,2.135,2.135,5044.0
2017-05-10 10:25:00,WTI,2.135,2.135,2.105,2.115,54641.0
2017-05-10 10:30:00,WTI,2.115,2.115,2.105,2.105,18034.0
2017-05-10 10:35:00,WTI,2.105,2.145,2.105,2.145,33595.0
2017-05-10 10:40:00,WTI,2.145,2.155,2.145,2.155,12398.0
2017-05-10 10:45:00,WTI,2.155,2.155,2.145,2.145,17350.0
2017-05-10 10:50:00,WTI,2.145,2.155,2.145,2.155,25638.0
2017-05-10 10:55:00,WTI,2.155,2.165,2.155,2.165,7362.0
2017-05-10 11:00:00,WTI,2.165,2.165,2.155,2.155,13424.0
2017-05-10 11:05:00,WTI,2.155,2.155,2.145,2.145,11525.0
2017-05-10 11:10:00,WTI,2.145,2.145,2.135,2.135,14418.0
2017-05-10 11:15:00,WTI,2.135,2.135,2.135,2.135,2236.0
2017-05-10 11:20:00,WTI,2.135,2.135,2.125,2.125,19142.0
2017-05-10 11:25:00,WTI,2.125,2.125,2.115,2.115,13829.0
2017-05-10 11:30:00,WTI,2.115,2.125,2.115,2.125,6461.0
2017-05-10 11:35:00,WTI,2.125,2.125,2.115,2.115,1437.0
2017-05-10 11:40:00,WTI,2.115,2.115,2.115,2.115,1714.0
2017-05-10 11:45:00,WTI,2.115,2.125,2.115,2.125,15380.0
2017-05-10 11:50:00,WTI,2.125,2.135,2.125,2.135,11713.0
2017-05-10 11:55:00,WTI,2.135,2.135,2.135,2.135,1500.0
2017-05-10 12:00:00,WTI,2.135,2.135,2.125,2.135,9541.0
2017-05-10 12:05:00,WTI,2.135,2.135,2.135,2.135,5413.0
2017-05-10 12:10:00,WTI,2.135,2.135,2.125,2.125,3055.0
2017-05-10 12:15:00,WTI,2.125,2.125,2.115,2.125,8100.0
2017-05-10 12:20:00,WTI,2.125,2.125,2.115,2.115,9050.0
2017-05-10 12:25:00,WTI,2.115,2.115,2.115,2.115,5600.0
2017-05-10 12:30:00,WTI,2.115,2.115,2.115,2.115,19953.0
2017-05-10 12:35:00,WTI,2.115,2.115,2.115,2.115,9376.0
2017-05-10 12:40:00,WTI,2.115,2.115,2.115,2.115,1500.0
2017-05-10 12:45:00,WTI,2.115,2.115,2.115,2.115,2725.0
2017-05-10 12:50:00,WTI,2.115,2.115,2.115,2.115,2530.0
2017-05-10 12:55:00,WTI,2.115,2.115,2.115,2.115,1378.0
2017-05-10 13:00:00,WTI,2.115,2.115,2.105,2.105,64824.0
2017-05-10 13:05:00,WTI,2.105,2.125,2.105,2.125,6410.0
2017-05-10 13:10:00,WTI,2.125,2.125,2.125,2.125,12866.0
2017-05-10 13:15:00,WTI,2.125,2.125,2.125,2.125,1434.0
2017-05-10 13:20:00,WTI,2.125,2.125,2.125,2.125,4174.0
2017-05-10 13:25:00,WTI,2.125,2.125,2.125,2.125,1002.0
2017-05-10 13:30:00,WTI,2.125,2.125,2.125,2.125,13200.0
2017-05-10 13:35:00,WTI,2.125,2.125,2.125,2.125,3647.0
2017-05-10 13:40:00,WTI,2.125,2.125,2.125,2.125,7161.0
2017-05-10 13:45:00,WTI,2.125,2.125,2.125,2.125,720.0
2017-05-10 13:50:00,WTI,2.125,2.125,2.125,2.125,6575.0
2017-05-10 13:55:00,WTI,2.125,2.125,2.125,2.125,1915.0
2017-05-10 14:00:00,WTI,2.125,2.125,2.125,2.125,1869.0
2017-05-10 14:05:00,WTI,2.125,2.125,2.125,2.125,2485.0
2017-05-10 14:10:00,WTI,2.125,2.125,2.115,2.115,6072.0
2017-05-10 14:15:00,WTI,2.115,2.125,2.115,2.125,19316.0
2017-05-10 14:20:00,WTI,2.125,2.135,2.125,2.135,13151.0
2017-05-10 14:25:00,WTI,2.135,2.135,2.135,2.135,7000.0
2017-05-10 14:30:00,WTI,2.135,2.135,2.125,2.125,9900.0
2017-05-10 14:35:00,WTI,2.125,2.125,2.125,2.125,2103.0
2017-05-10 14:40:00,WTI,2.125,2.125,2.125,2.125,3550.0
2017-05-10 14:45:00,WTI,2.125,2.125,2.125,2.125,2100.0
2017-05-10 14:50:00,WTI,2.125,2.125,2.125,2.125,2550.0
2017-05-10 14:55:00,WTI,2.125,2.125,2.125,2.125,5900.0
2017-05-10 15:00:00,WTI,2.125,2.125,2.125,2.125,2500.0
2017-05-10 15:05:00,WTI,2.125,2.125,2.125,2.125,1900.0
2017-05-10 15:10:00,WTI,2.125,2.125,2.125,2.125,10900.0
2017-05-10 15:15:00,WTI,2.125,2.125,2.125,2.125,11567.0
2017-05-10 15:20:00,WTI,2.125,2.125,2.125,2.125,1500.0
2017-05-10 15:25:00,WTI,2.125,2.125,2.125,2.125,4201.0
2017-05-10 15:30:00,WTI,2.125,2.125,2.115,2.115,26533.0
2017-05-10 15:35:00,WTI,2.115,2.115,2.115,2.115,5115.0
2017-05-10 15:40:00,WTI,2.115,2.115,2.115,2.115,4521.0
2017-05-10 15:45:00,WTI,2.115,2.115,2.115,2.115,6114.0
2017-05-10 15:50:00,WTI,2.115,2.115,2.115,2.115,10628.0
2017-05-10 15:55:00,WTI,2.115,2.115,2.115,2.115,14325.0
2017-05-10 16:00:00,WTI,2.115,2.115,2.115,2.115,52632.0
2017-05-10 16:05:00,WTI,2.115,2.115,2.115,2.115,43815.0
2017-05-10 16:10:00,WTI,2.115,2.13,2.115,2.13,0.0
2017-05-10 16:15:00,WTI,2.13,2.13,2.13,2.13,0.0
2017-05-10 16:20:00,WTI,2.13,2.13,2.105,2.13,924.0
2017-05-10 16:25:00,WTI,2.13,2.135,2.13,2.135,0.0
2017-05-10 16:30:00,WTI,2.135,2.135,2.135,2.135,0.0
2017-05-10 16:35:00,WTI,2.135,2.135,2.135,2.135,0.0
2017-05-10 16:40:00,WTI,2.135,2.135,2.135,2.135,0.0
2017-05-10 16:45:00,WTI,2.135,2.135,2.135,2.135,0.0
2017-05-10 16:50:00,WTI,2.135,2.135,2.135,2.135,0.0
2017-05-10 16:55:00,WTI,2.135,2.135,2.135,2.135,0.0
2017-05-10 17:00:00,WTI,2.135,2.135,2.135,2.135,0.0
2017-05-10 17:05:00,WTI,2.135,2.135,2.135,2.135,0.0
2017-05-10 17:10:00,WTI,2.135,2.135,2.135,2.135,0.0
2017-05-10 17:15:00,WTI,2.135,2.135,2.135,2.135,0.0
2017-05-10 17:20:00,WTI,2.135,2.135,2.135,2.135,0.0
2017-05-10 17:25:00,WTI,2.135,2.135,2.135,2.135,0.0
2017-05-10 17:30:00,WTI,2.135,2.135,2.135,2.135,0.0
2017-05-10 17:35:00,WTI,2.135,2.135,2.135,2.135,0.0
2017-05-10 17:40:00,WTI,2.135,2.135,2.135,2.135,0.0
2017-05-10 17:45:00,WTI,2.135,2.135,2.135,2.135,0.0
2017-05-10 17:50:00,WTI,2.135,2.135,2.135,2.135,0.0
2017-05-10 17:55:00,WTI,2.135,2.135,2.135,2.135,0.0
2017-05-10 18:00:00,WTI,2.135,2.135,2.135,2.135,0.0
2017-05-10 18:05:00,WTI,2.135,2.145,2.085,2.095,0.0
2017-05-10 18:10:00,WTI,2.095,2.095,2.095,2.095,0.0
2017-05-10 18:15:00,WTI,2.095,2.095,2.095,2.095,0.0
2017-05-10 18:20:00,WTI,2.095,2.095,2.095,2.095,0.0
2017-05-10 18:25:00,WTI,2.095,2.095,2.095,2.095,0.0
2017-05-10 18:30:00,WTI,2.095,2.095,2.095,2.095,0.0
2017-05-10 18:35:00,WTI,2.095,2.095,2.095,2.095,0.0
2017-05-10 18:40:00,WTI,2.095,2.155,2.095,2.155,0.0
2017-05-10 18:45:00,WTI,2.155,2.155,2.155,2.155,0.0
2017-05-10 18:50:00,WTI,2.155,2.155,2.095,2.095,0.0
2017-05-10 18:55:00,WTI,2.095,2.095,2.095,2.095,0.0
2017-05-10 19:00:00,WTI,2.095,2.095,2.095,2.095,0.0
2017-05-10 19:05:00,WTI,2.095,2.095,2.095,2.095,0.0
2017-05-10 19:10:00,WTI,2.095,2.095,2.095,2.095,0.0
2017-05-10 19:15:00,WTI,2.095,2.095,2.095,2.095,0.0
2017-05-10 19:20:00,WTI,2.095,2.095,2.095,2.095,0.0
2017-05-10 19:25:00,WTI,2.095,2.095,2.095,2.095,0.0
2017-05-10 19:30:00,WTI,2.095,2.095,2.095,2.095,0.0
2017-05-10 19:35:00,WTI,2.095,2.095,2.095,2.095,0.0
2017-05-10 19:40:00,WTI,2.095,2.095,2.095,2.095,0.0
2017-05-10 19:45:00,WTI,2.095,2.095,2.095,2.095,0.0
2017-05-10 19:50:00,WTI,2.095,2.095,2.095,2.095,0.0
2017-05-10 19:55:00,WTI,2.095,2.095,2.095,2.095,0.0
2017-05-10 20:00:00,WTI,2.095,2.095,2.095,2.095,0.0
2017-05-10 20:05:00,WTI,2.095,2.095,2.095,2.095,0.0
2017-05-10 20:10:00,WTI,2.095,2.095,2.095,2.095,0.0
2017-05-10 20:15:00,WTI,2.095,2.095,2.095,2.095,0.0
2017-05-10 20:20:00,WTI,2.095,2.095,2.095,2.095,0.0
2017-05-10 20:25:00,WTI,2.095,2.095,2.095,2.095,0.0
2017-05-10 20:30:00,WTI,2.095,2.095,2.095,2.095,0.0
2017-05-10 20:35:00,WTI,2.095,2.095,2.095,2.095,0.0
2017-05-10 20:40:00,WTI,2.095,2.095,2.095,2.095,0.0
2017-05-10 20:45:00,WTI,2.095,2.095,2.095,2.095,0.0
2017-05-10 20:50:00,WTI,2.095,2.095,2.095,2.095,0.0
2017-05-10 20:55:00,WTI,2.095,2.095,2.095,2.095,0.0
2017-05-11 08:00:00,WTI,2.155,2.155,2.155,2.155,0.0
2017-05-11 08:05:00,WTI,2.155,2.155,2.155,2.155,0.0
2017-05-11 08:10:00,WTI,2.155,2.155,2.155,2.155,0.0
2017-05-11 08:15:00,WTI,2.155,2.155,2.155,2.155,0.0
2017-05-11 08:20:00,WTI,2.155,2.155,2.155,2.155,0.0
2017-05-11 08:25:00,WTI,2.155,2.155,2.155,2.155,0.0
2017-05-11 08:30:00,WTI,2.155,2.155,2.155,2.155,0.0
2017-05-11 08:35:00,WTI,2.155,2.155,2.155,2.155,0.0
2017-05-11 08:40:00,WTI,2.155,2.155,2.155,2.155,0.0
2017-05-11 08:45:00,WTI,2.155,2.155,2.155,2.155,0.0
2017-05-11 08:50:00,WTI,2.155,2.155,2.155,2.155,0.0
2017-05-11 08:55:00,WTI,2.155,2.155,2.155,2.155,0.0
2017-05-11 09:00:00,WTI,2.155,2.155,2.135,2.135,0.0
2017-05-11 09:05:00,WTI,2.135,2.135,2.135,2.135,0.0
2017-05-11 09:10:00,WTI,2.135,2.135,2.135,2.135,0.0
2017-05-11 09:15:00,WTI,2.135,2.135,2.125,2.125,0.0
2017-05-11 09:20:00,WTI,2.125,2.125,2.125,2.125,0.0
2017-05-11 09:25:00,WTI,2.125,2.125,2.125,2.125,0.0
2017-05-11 09:30:00,WTI,2.125,2.13,2.12,2.125,0.0
2017-05-11 09:35:00,WTI,2.125,2.14,2.12,2.135,13907.0
2017-05-11 09:40:00,WTI,2.135,2.135,2.125,2.125,6278.0
2017-05-11 09:45:00,WTI,2.125,2.125,2.105,2.105,32791.0
2017-05-11 09:50:00,WTI,2.105,2.105,2.085,2.095,9389.0
2017-05-11 09:55:00,WTI,2.095,2.095,2.085,2.085,6240.0
2017-05-11 10:00:00,WTI,2.085,2.085,2.085,2.085,4656.0
2017-05-11 10:05:00,WTI,2.085,2.085,2.065,2.075,18953.0
2017-05-11 10:10:00,WTI,2.075,2.095,2.075,2.095,16908.0
2017-05-11 10:15:00,WTI,2.095,2.115,2.095,2.105,26788.0
2017-05-11 10:20:00,WTI,2.105,2.105,2.105,2.105,22867.0
2017-05-11 10:25:00,WTI,2.105,2.105,2.095,2.095,20617.0
2017-05-11 10:30:00,WTI,2.095,2.115,2.095,2.115,29271.0
2017-05-11 10:35:00,WTI,2.115,2.125,2.115,2.125,7195.0
2017-05-11 10:40:00,WTI,2.125,2.125,2.125,2.125,7900.0
2017-05-11 10:45:00,WTI,2.125,2.125,2.125,2.125,1812.0
2017-05-11 10:50:00,WTI,2.125,2.125,2.115,2.115,7236.0
2017-05-11 10:55:00,WTI,2.115,2.115,2.115,2.115,6638.0
2017-05-11 11:00:00,WTI,2.115,2.115,2.115,2.115,700.0
2017-05-11 11:05:00,WTI,2.115,2.125,2.115,2.125,7191.0
2017-05-11 11:10:00,WTI,2.125,2.135,2.125,2.135,17146.0
2017-05-11 11:15:00,WTI,2.135,2.135,2.135,2.135,1897.0
2017-05-11 11:20:00,WTI,2.135,2.135,2.135,2.135,5125.0
2017-05-11 11:25:00,WTI,2.135,2.135,2.125,2.125,6177.0
2017-05-11 11:30:00,WTI,2.125,2.125,2.115,2.115,3377.0
2017-05-11 11:35:00,WTI,2.115,2.115,2.115,2.115,2211.0
2017-05-11 11:40:00,WTI,2.115,2.115,2.115,2.115,3727.0
2017-05-11 11:45:00,WTI,2.115,2.115,2.115,2.115,1000.0
2017-05-11 11:50:00,WTI,2.115,2.115,2.115,2.115,788.0
2017-05-11 11:55:00,WTI,2.115,2.115,2.115,2.115,4300.0
2017-05-11 12:00:00,WTI,2.115,2.115,2.115,2.115,5881.0
2017-05-11 12:05:00,WTI,2.115,2.115,2.115,2.115,888.0
2017-05-11 12:10:00,WTI,2.115,2.115,2.115,2.115,2618.0
2017-05-11 12:15:00,WTI,2.115,2.115,2.115,2.115,1337.0
2017-05-11 12:20:00,WTI,2.115,2.125,2.115,2.125,2594.0
2017-05-11 12:25:00,WTI,2.125,2.125,2.125,2.125,7669.0
2017-05-11 12:30:00,WTI,2.125,2.125,2.125,2.125,2654.0
2017-05-11 12:35:00,WTI,2.125,2.125,2.125,2.125,1646.0
2017-05-11 12:40:00,WTI,2.125,2.125,2.125,2.125,2640.0
2017-05-11 12:45:00,WTI,2.125,2.125,2.125,2.125,1005.0
2017-05-11 12:50:00,WTI,2.125,2.125,2.125,2.125,1725.0
2017-05-11 12:55:00,WTI,2.125,2.125,2.115,2.115,13230.0
2017-05-11 13:00:00,WTI,2.115,2.115,2.115,2.115,675.0
2017-05-11 13:05:00,WTI,2.115,2.115,2.115,2.115,1266.0
2017-05-11 13:10:00,WTI,2.115,2.115,2.115,2.115,1400.0
2017-05-11 13:15:00,WTI,2.115,2.115,2.115,2.115,1500.0
2017-05-11 13:20:00,WTI,2.115,2.115,2.115,2.115,722.0
2017-05-11 13:25:00,WTI,2.115,2.115,2.115,2.115,600.0
2017-05-11 13:30:00,WTI,2.115,2.115,2.115,2.115,2650.0
2017-05-11 13:35:00,WTI,2.115,2.115,2.115,2.115,382.0
2017-05-11 13:40:00,WTI,2.115,2.115,2.105,2.105,2900.0
2017-05-11 13:45:00,WTI,2.105,2.105,2.105,2.105,1400.0
2017-05-11 13:50:00,WTI,2.105,2.105,2.105,2.105,2345.0
2017-05-11 13:55:00,WTI,2.105,2.105,2.105,2.105,2304.0
2017-05-11 14:00:00,WTI,2.105,2.105,2.105,2.105,2573.0
2017-05-11 14:05:00,WTI,2.105,2.105,2.105,2.105,11283.0
2017-05-11 14:10:00,WTI,2.105,2.105,2.105,2.105,1534.0
2017-05-11 14:15:00,WTI,2.105,2.105,2.105,2.105,2885.0
2017-05-11 14:20:00,WTI,2.105,2.125,2.105,2.125,35661.0
2017-05-11 14:25:00,WTI,2.125,2.125,2.125,2.125,1947.0
2017-05-11 14:30:00,WTI,2.125,2.125,2.095,2.105,174629.0
2017-05-11 14:35:00,WTI,2.105,2.105,2.105,2.105,3685.0
2017-05-11 14:40:00,WTI,2.105,2.105,2.105,2.105,1400.0
2017-05-11 14:45:00,WTI,2.105,2.105,2.105,2.105,2578.0
2017-05-11 14:50:00,WTI,2.105,2.105,2.105,2.105,1400.0
2017-05-11 14:55:00,WTI,2.105,2.105,2.105,2.105,7100.0
2017-05-11 15:00:00,WTI,2.105,2.105,2.105,2.105,4685.0
2017-05-11 15:05:00,WTI,2.105,2.105,2.105,2.105,5100.0
2017-05-11 15:10:00,WTI,2.105,2.105,2.105,2.105,3261.0
2017-05-11 15:15:00,WTI,2.105,2.105,2.105,2.105,2055.0
2017-05-11 15:20:00,WTI,2.105,2.105,2.105,2.105,5310.0
2017-05-11 15:25:00,WTI,2.105,2.115,2.105,2.115,11228.0
2017-05-11 15:30:00,WTI,2.115,2.115,2.115,2.115,5171.0
2017-05-11 15:35:00,WTI,2.115,2.115,2.115,2.115,12219.0
2017-05-11 15:40:00,WTI,2.115,2.115,2.115,2.115,26281.0
2017-05-11 15:45:00,WTI,2.115,2.115,2.115,2.115,15654.0
2017-05-11 15:50:00,WTI,2.115,2.115,2.115,2.115,5274.0
2017-05-11 15:55:00,WTI,2.115,2.115,2.105,2.105,47944.0
2017-05-11 16:00:00,WTI,2.105,2.105,2.105,2.105,51032.0
2017-05-11 16:05:00,WTI,2.105,2.105,2.105,2.105,12457.0
2017-05-11 16:10:00,WTI,2.105,2.105,2.055,2.055,51.0
2017-05-11 16:15:00,WTI,2.055,2.055,2.055,2.055,0.0
2017-05-11 16:20:00,WTI,2.055,2.055,2.055,2.055,0.0
2017-05-11 16:25:00,WTI,2.055,2.055,2.055,2.055,0.0
2017-05-11 16:30:00,WTI,2.055,2.055,2.055,2.055,0.0
2017-05-11 16:35:00,WTI,2.055,2.055,2.055,2.055,1165.0
2017-05-11 16:40:00,WTI,2.055,2.055,2.055,2.055,0.0
2017-05-11 16:45:00,WTI,2.055,2.055,2.055,2.055,0.0
2017-05-11 16:50:00,WTI,2.055,2.055,2.05,2.05,0.0
2017-05-11 16:55:00,WTI,2.05,2.05,2.05,2.05,0.0
2017-05-11 17:00:00,WTI,2.05,2.05,2.05,2.05,0.0
2017-05-11 17:05:00,WTI,2.05,2.05,2.045,2.045,0.0
2017-05-11 17:10:00,WTI,2.045,2.05,2.045,2.05,805.0
2017-05-11 17:15:00,WTI,2.05,2.05,2.05,2.05,0.0
2017-05-11 17:20:00,WTI,2.05,2.05,2.05,2.05,73.0
2017-05-11 17:25:00,WTI,2.05,2.05,2.05,2.05,0.0
2017-05-11 17:30:00,WTI,2.05,2.05,2.05,2.05,0.0
2017-05-11 17:35:00,WTI,2.05,2.05,2.05,2.05,0.0
2017-05-11 17:40:00,WTI,2.05,2.05,2.05,2.05,0.0
2017-05-11 17:45:00,WTI,2.05,2.05,2.05,2.05,0.0
2017-05-11 17:50:00,WTI,2.05,2.05,2.05,2.05,0.0
2017-05-11 17:55:00,WTI,2.05,2.05,2.05,2.05,52.0
2017-05-11 18:00:00,WTI,2.05,2.05,2.05,2.05,0.0
2017-05-11 18:05:00,WTI,2.05,2.075,2.05,2.075,0.0
2017-05-11 18:10:00,WTI,2.075,2.075,2.075,2.075,0.0
2017-05-11 18:15:00,WTI,2.075,2.075,2.075,2.075,0.0
2017-05-11 18:20:00,WTI,2.075,2.075,2.075,2.075,0.0
2017-05-11 18:25:00,WTI,2.075,2.075,2.075,2.075,0.0
2017-05-11 18:30:00,WTI,2.075,2.075,2.075,2.075,0.0
2017-05-11 18:35:00,WTI,2.075,2.075,2.075,2.075,0.0
2017-05-11 18:40:00,WTI,2.075,2.075,2.075,2.075,0.0
2017-05-11 18:45:00,WTI,2.075,2.075,2.075,2.075,0.0
2017-05-11 18:50:00,WTI,2.075,2.075,2.075,2.075,0.0
2017-05-11 18:55:00,WTI,2.075,2.075,2.075,2.075,0.0
2017-05-11 19:00:00,WTI,2.075,2.075,2.075,2.075,0.0
2017-05-11 19:05:00,WTI,2.075,2.075,2.075,2.075,0.0
2017-05-11 19:10:00,WTI,2.075,2.075,2.075,2.075,0.0
2017-05-11 19:15:00,WTI,2.075,2.075,2.075,2.075,0.0
2017-05-11 19:20:00,WTI,2.075,2.075,1.98,1.98,0.0
2017-05-11 19:25:00,WTI,1.98,1.98,1.98,1.98,0.0
2017-05-11 19:30:00,WTI,1.98,1.98,1.98,1.98,0.0
2017-05-11 19:35:00,WTI,1.98,1.98,1.98,1.98,0.0
2017-05-11 19:40:00,WTI,1.98,1.98,1.98,1.98,0.0
2017-05-11 19:45:00,WTI,1.98,1.98,1.98,1.98,0.0
2017-05-11 19:50:00,WTI,1.98,1.98,1.98,1.98,0.0
2017-05-11 19:55:00,WTI,1.98,1.98,1.98,1.98,0.0
2017-05-11 20:00:00,WTI,1.98,1.98,1.98,1.98,0.0
2017-05-11 20:05:00,WTI,1.98,1.98,1.33,1.35,0.0
2017-05-11 20:10:00,WTI,1.35,1.35,1.35,1.35,0.0
2017-05-11 20:15:00,WTI,1.35,1.35,1.35,1.35,0.0
2017-05-11 20:20:00,WTI,1.35,1.35,1.35,1.35,0.0
2017-05-11 20:25:00,WTI,1.35,1.35,1.35,1.35,0.0
2017-05-11 20:30:00,WTI,1.35,1.35,1.35,1.35,0.0
2017-05-11 20:35:00,WTI,1.35,1.35,1.35,1.35,0.0
2017-05-11 20:40:00,WTI,1.35,1.35,1.35,1.35,0.0
2017-05-11 20:45:00,WTI,1.35,1.35,1.35,1.35,0.0
2017-05-11 20:50:00,WTI,1.35,1.35,1.35,1.35,0.0
2017-05-11 20:55:00,WTI,1.35,1.35,1.35,1.35,0.0
2017-05-12 08:00:00,WTI,1.355,1.355,1.355,1.355,0.0
2017-05-12 08:05:00,WTI,1.355,2.005,1.355,1.99,0.0
2017-05-12 08:10:00,WTI,1.99,1.99,1.99,1.99,0.0
2017-05-12 08:15:00,WTI,1.99,1.99,1.99,1.99,0.0
2017-05-12 08:20:00,WTI,1.99,1.99,1.99,1.99,0.0
2017-05-12 08:25:00,WTI,1.99,1.99,1.99,1.99,0.0
2017-05-12 08:30:00,WTI,1.99,1.99,1.99,1.99,0.0
2017-05-12 08:35:00,WTI,1.99,1.99,1.99,1.99,0.0
2017-05-12 08:40:00,WTI,1.99,1.99,1.99,1.99,0.0
2017-05-12 08:45:00,WTI,1.99,1.99,1.99,1.99,0.0
2017-05-12 08:50:00,WTI,1.99,1.99,1.99,1.99,0.0
2017-05-12 08:55:00,WTI,1.99,1.99,1.99,1.99,0.0
2017-05-12 09:00:00,WTI,1.99,1.99,1.98,1.98,0.0
2017-05-12 09:05:00,WTI,1.98,1.98,1.98,1.98,10.0
2017-05-12 09:10:00,WTI,1.98,2.03,1.98,2.03,0.0
2017-05-12 09:15:00,WTI,2.03,2.03,2.03,2.03,0.0
2017-05-12 09:20:00,WTI,2.03,2.03,1.98,1.98,0.0
2017-05-12 09:25:00,WTI,1.98,2.095,1.98,2.095,0.0
2017-05-12 09:30:00,WTI,2.095,2.095,2.085,2.085,0.0
2017-05-12 09:35:00,WTI,2.085,2.125,2.08,2.105,22377.0
2017-05-12 09:40:00,WTI,2.105,2.115,2.105,2.115,8870.0
2017-05-12 09:45:00,WTI,2.115,2.135,2.115,2.135,3411.0
2017-05-12 09:50:00,WTI,2.135,2.135,2.135,2.135,1400.0
2017-05-12 09:55:00,WTI,2.135,2.135,2.115,2.115,28176.0
2017-05-12 10:00:00,WTI,2.115,2.115,2.115,2.115,18680.0
2017-05-12 10:05:00,WTI,2.115,2.115,2.115,2.115,1800.0
2017-05-12 10:10:00,WTI,2.115,2.115,2.105,2.105,19142.0
2017-05-12 10:15:00,WTI,2.105,2.115,2.105,2.115,2990.0
2017-05-12 10:20:00,WTI,2.115,2.115,2.115,2.115,2996.0
2017-05-12 10:25:00,WTI,2.115,2.115,2.095,2.095,14596.0
2017-05-12 10:30:00,WTI,2.095,2.095,2.085,2.085,32087.0
2017-05-12 10:35:00,WTI,2.085,2.095,2.085,2.095,6154.0
2017-05-12 10:40:00,WTI,2.095,2.095,2.095,2.095,1885.0
2017-05-12 10:45:00,WTI,2.095,2.095,2.095,2.095,1136.0
2017-05-12 10:50:00,WTI,2.095,2.095,2.095,2.095,5002.0
2017-05-12 10:55:00,WTI,2.095,2.105,2.095,2.105,7064.0
2017-05-12 11:00:00,WTI,2.105,2.105,2.105,2.105,1468.0
2017-05-12 11:05:00,WTI,2.105,2.105,2.105,2.105,5120.0
2017-05-12 11:10:00,WTI,2.105,2.105,2.105,2.105,27949.0
2017-05-12 11:15:00,WTI,2.105,2.105,2.105,2.105,1500.0
2017-05-12 11:20:00,WTI,2.105,2.105,2.105,2.105,7790.0
2017-05-12 11:25:00,WTI,2.105,2.105,2.105,2.105,7323.0
2017-05-12 11:30:00,WTI,2.105,2.105,2.105,2.105,1909.0
2017-05-12 11:35:00,WTI,2.105,2.115,2.105,2.115,8293.0
2017-05-12 11:40:00,WTI,2.115,2.125,2.115,2.115,31399.0
2017-05-12 11:45:00,WTI,2.115,2.115,2.115,2.115,1102.0
2017-05-12 11:50:00,WTI,2.115,2.115,2.115,2.115,1000.0
2017-05-12 11:55:00,WTI,2.115,2.115,2.115,2.115,2604.0
2017-05-12 12:00:00,WTI,2.115,2.115,2.115,2.115,3005.0
2017-05-12 12:05:00,WTI,2.115,2.125,2.115,2.125,9781.0
2017-05-12 12:10:00,WTI,2.125,2.125,2.125,2.125,1200.0
2017-05-12 12:15:00,WTI,2.125,2.125,2.125,2.125,1448.0
2017-05-12 12:20:00,WTI,2.125,2.125,2.125,2.125,5006.0
2017-05-12 12:25:00,WTI,2.125,2.125,2.115,2.115,8883.0
2017-05-12 12:30:00,WTI,2.115,2.115,2.105,2.105,23456.0
2017-05-12 12:35:00,WTI,2.105,2.105,2.105,2.105,2735.0
2017-05-12 12:40:00,WTI,2.105,2.105,2.105,2.105,900.0
2017-05-12 12:45:00,WTI,2.105,2.105,2.105,2.105,1235.0
2017-05-12 12:50:00,WTI,2.105,2.105,2.105,2.105,901.0
2017-05-12 12:55:00,WTI,2.105,2.105,2.105,2.105,5125.0
2017-05-12 13:00:00,WTI,2.105,2.105,2.105,2.105,2896.0
2017-05-12 13:05:00,WTI,2.105,2.105,2.105,2.105,4823.0
2017-05-12 13:10:00,WTI,2.105,2.105,2.105,2.105,500.0
2017-05-12 13:15:00,WTI,2.105,2.105,2.105,2.105,2488.0
2017-05-12 13:20:00,WTI,2.105,2.105,2.105,2.105,1530.0
2017-05-12 13:25:00,WTI,2.105,2.105,2.105,2.105,4488.0
2017-05-12 13:30:00,WTI,2.105,2.105,2.105,2.105,944.0
2017-05-12 13:35:00,WTI,2.105,2.105,2.105,2.105,1000.0
2017-05-12 13:40:00,WTI,2.105,2.115,2.105,2.115,10306.0
2017-05-12 13:45:00,WTI,2.115,2.115,2.115,2.115,11266.0
2017-05-12 13:50:00,WTI,2.115,2.115,2.115,2.115,2255.0
2017-05-12 13:55:00,WTI,2.115,2.115,2.115,2.115,2733.0
2017-05-12 14:00:00,WTI,2.115,2.115,2.115,2.115,6400.0
2017-05-12 14:05:00,WTI,2.115,2.115,2.115,2.115,900.0
2017-05-12 14:10:00,WTI,2.115,2.115,2.115,2.115,1400.0
2017-05-12 14:15:00,WTI,2.115,2.115,2.115,2.115,11900.0
2017-05-12 14:20:00,WTI,2.115,2.115,2.105,2.105,44682.0
2017-05-12 14:25:00,WTI,2.105,2.105,2.105,2.105,4960.0
2017-05-12 14:30:00,WTI,2.105,2.105,2.105,2.105,20000.0
2017-05-12 14:35:00,WTI,2.105,2.105,2.105,2.105,8667.0
2017-05-12 14:40:00,WTI,2.105,2.105,2.105,2.105,6454.0
2017-05-12 14:45:00,WTI,2.105,2.105,2.105,2.105,4600.0
2017-05-12 14:50:00,WTI,2.105,2.105,2.105,2.105,4755.0
2017-05-12 14:55:00,WTI,2.105,2.105,2.105,2.105,1962.0
2017-05-12 15:00:00,WTI,2.105,2.105,2.105,2.105,12802.0
2017-05-12 15:05:00,WTI,2.105,2.105,2.105,2.105,1500.0
2017-05-12 15:10:00,WTI,2.105,2.105,2.105,2.105,2806.0
2017-05-12 15:15:00,WTI,2.105,2.105,2.095,2.095,47061.0
2017-05-12 15:20:00,WTI,2.095,2.095,2.095,2.095,6708.0
2017-05-12 15:25:00,WTI,2.095,2.095,2.095,2.095,5274.0
2017-05-12 15:30:00,WTI,2.095,2.095,2.085,2.085,31730.0
2017-05-12 15:35:00,WTI,2.085,2.085,2.085,2.085,4765.0
2017-05-12 15:40:00,WTI,2.085,2.095,2.085,2.095,14884.0
2017-05-12 15:45:00,WTI,2.095,2.105,2.095,2.105,22487.0
2017-05-12 15:50:00,WTI,2.105,2.105,2.095,2.095,37245.0
2017-05-12 15:55:00,WTI,2.095,2.095,2.095,2.095,24140.0
2017-05-12 16:00:00,WTI,2.095,2.095,2.095,2.095,25480.0
2017-05-12 16:05:00,WTI,2.095,2.095,2.095,2.095,28221.0
2017-05-12 16:10:00,WTI,2.095,2.095,1.955,1.955,0.0
2017-05-12 16:15:00,WTI,1.955,1.955,1.955,1.955,246.0
2017-05-12 16:20:00,WTI,1.955,1.955,1.955,1.955,0.0
2017-05-12 16:25:00,WTI,1.955,1.955,1.955,1.955,0.0
2017-05-12 16:30:00,WTI,1.955,1.955,1.955,1.955,0.0
2017-05-12 16:35:00,WTI,1.955,1.955,1.955,1.955,0.0
2017-05-12 16:40:00,WTI,1.955,1.955,1.955,1.955,0.0
2017-05-12 16:45:00,WTI,1.955,1.955,1.955,1.955,0.0
2017-05-12 16:50:00,WTI,1.955,1.955,1.955,1.955,0.0
2017-05-12 16:55:00,WTI,1.955,1.955,1.955,1.955,0.0
2017-05-12 17:00:00,WTI,1.955,1.955,1.955,1.955,0.0
2017-05-12 17:05:00,WTI,1.955,1.955,1.955,1.955,0.0
2017-05-12 17:10:00,WTI,1.955,1.955,1.955,1.955,0.0
2017-05-12 17:15:00,WTI,1.955,1.955,1.955,1.955,0.0
2017-05-12 17:20:00,WTI,1.955,1.955,1.955,1.955,0.0
2017-05-12 17:25:00,WTI,1.955,1.955,1.955,1.955,0.0
2017-05-12 17:30:00,WTI,1.955,1.955,1.955,1.955,0.0
2017-05-12 17:35:00,WTI,1.955,1.955,1.955,1.955,0.0
2017-05-12 17:40:00,WTI,1.955,1.955,1.955,1.955,0.0
2017-05-12 17:45:00,WTI,1.955,1.955,1.955,1.955,0.0
2017-05-12 17:50:00,WTI,1.955,1.955,1.955,1.955,0.0
2017-05-12 17:55:00,WTI,1.955,1.955,1.955,1.955,0.0
2017-05-12 18:00:00,WTI,1.955,1.955,1.955,1.955,0.0
2017-05-12 18:05:00,WTI,1.955,1.97,1.955,1.97,0.0
2017-05-12 18:10:00,WTI,1.97,1.97,1.97,1.97,0.0
2017-05-12 18:15:00,WTI,1.97,1.97,1.97,1.97,0.0
2017-05-12 18:20:00,WTI,1.97,1.97,1.97,1.97,0.0
2017-05-12 18:25:00,WTI,1.97,1.97,1.97,1.97,0.0
2017-05-12 18:30:00,WTI,1.97,1.97,1.97,1.97,0.0
2017-05-12 18:35:00,WTI,1.97,1.97,1.97,1.97,0.0
2017-05-12 18:40:00,WTI,1.97,1.97,1.97,1.97,0.0
2017-05-12 18:45:00,WTI,1.97,1.97,1.97,1.97,0.0
2017-05-12 18:50:00,WTI,1.97,1.97,1.97,1.97,0.0
2017-05-12 18:55:00,WTI,1.97,1.97,1.97,1.97,0.0
2017-05-12 19:00:00,WTI,1.97,1.97,1.97,1.97,0.0
2017-05-12 19:05:00,WTI,1.97,1.97,1.97,1.97,0.0
2017-05-12 19:10:00,WTI,1.97,1.97,1.97,1.97,0.0
2017-05-12 19:15:00,WTI,1.97,1.97,1.97,1.97,0.0
2017-05-12 19:20:00,WTI,1.97,1.97,1.97,1.97,0.0
2017-05-12 19:25:00,WTI,1.97,1.97,1.97,1.97,0.0
2017-05-12 19:30:00,WTI,1.97,1.97,1.97,1.97,0.0
2017-05-12 19:35:00,WTI,1.97,1.97,1.97,1.97,0.0
2017-05-12 19:40:00,WTI,1.97,1.97,1.97,1.97,0.0
2017-05-12 19:45:00,WTI,1.97,1.97,1.97,1.97,0.0
2017-05-12 19:50:00,WTI,1.97,1.97,1.97,1.97,0.0
2017-05-12 19:55:00,WTI,1.97,1.97,1.97,1.97,0.0
2017-05-12 20:00:00,WTI,1.97,1.97,1.97,1.97,0.0
2017-05-12 20:05:00,WTI,1.97,1.99,1.97,1.99,0.0
2017-05-12 20:10:00,WTI,1.99,1.99,1.99,1.99,0.0
2017-05-12 20:15:00,WTI,1.99,1.99,1.99,1.99,0.0
2017-05-12 20:20:00,WTI,1.99,1.99,1.99,1.99,0.0
2017-05-12 20:25:00,WTI,1.99,1.99,1.99,1.99,0.0
2017-05-12 20:30:00,WTI,1.99,1.99,1.99,1.99,0.0
2017-05-12 20:35:00,WTI,1.99,1.99,1.99,1.99,0.0
2017-05-12 20:40:00,WTI,1.99,1.99,1.99,1.99,0.0
2017-05-12 20:45:00,WTI,1.99,1.99,1.99,1.99,0.0
2017-05-12 20:50:00,WTI,1.99,1.99,1.99,1.99,0.0
2017-05-12 20:55:00,WTI,1.99,1.99,1.99,1.99,0.0
2017-05-13 08:00:00,WTI,1.99,1.99,1.99,1.99,0.0
2017-05-13 08:05:00,WTI,1.99,1.99,1.99,1.99,0.0
2017-05-13 08:10:00,WTI,1.99,1.99,1.99,1.99,0.0
2017-05-13 08:15:00,WTI,1.99,1.99,1.99,1.99,0.0
2017-05-13 08:20:00,WTI,1.99,1.99,1.99,1.99,0.0
2017-05-13 08:25:00,WTI,1.99,1.99,1.99,1.99,0.0
2017-05-13 08:30:00,WTI,1.99,1.99,1.99,1.99,0.0
2017-05-13 08:35:00,WTI,1.99,1.99,1.99,1.99,0.0
2017-05-13 08:40:00,WTI,1.99,1.99,1.99,1.99,0.0
2017-05-13 08:45:00,WTI,1.99,1.99,1.99,1.99,0.0
2017-05-13 08:50:00,WTI,1.99,1.99,1.99,1.99,0.0
2017-05-13 08:55:00,WTI,1.99,1.99,1.99,1.99,0.0
2017-05-13 09:00:00,WTI,1.99,1.99,1.99,1.99,0.0
2017-05-13 09:05:00,WTI,1.99,1.99,1.99,1.99,0.0
2017-05-13 09:10:00,WTI,1.99,1.99,1.99,1.99,0.0
2017-05-13 09:15:00,WTI,1.99,1.99,1.99,1.99,0.0
2017-05-13 09:20:00,WTI,1.99,1.99,1.99,1.99,0.0
2017-05-13 09:25:00,WTI,1.99,1.99,1.99,1.99,0.0
2017-05-13 09:30:00,WTI,1.99,1.99,1.99,1.99,0.0
2017-05-13 09:35:00,WTI,1.99,1.99,1.99,1.99,0.0
2017-05-13 09:40:00,WTI,1.99,1.99,1.99,1.99,0.0
2017-05-13 09:45:00,WTI,1.99,1.99,1.99,1.99,0.0
2017-05-13 09:50:00,WTI,1.99,1.99,1.99,1.99,0.0
2017-05-13 09:55:00,WTI,1.99,1.99,1.99,1.99,0.0
2017-05-13 10:00:00,WTI,1.99,1.99,1.99,1.99,0.0
2017-05-13 10:05:00,WTI,1.99,1.99,1.99,1.99,0.0
2017-05-13 10:10:00,WTI,1.99,1.99,1.99,1.99,0.0
2017-05-13 10:15:00,WTI,1.99,1.99,1.99,1.99,0.0
2017-05-13 10:20:00,WTI,1.99,1.99,1.99,1.99,0.0
2017-05-13 10:25:00,WTI,1.99,1.99,1.99,1.99,0.0
2017-05-13 10:30:00,WTI,1.99,1.99,1.99,1.99,0.0
2017-05-13 10:35:00,WTI,1.99,1.99,1.99,1.99,0.0
2017-05-13 10:40:00,WTI,1.99,1.99,1.99,1.99,0.0
2017-05-13 10:45:00,WTI,1.99,1.99,1.99,1.99,0.0
2017-05-13 10:50:00,WTI,1.99,1.99,1.99,1.99,0.0
2017-05-13 10:55:00,WTI,1.99,1.99,1.99,1.99,0.0
2017-05-13 11:00:00,WTI,1.99,1.99,1.99,1.99,0.0
2017-05-13 11:05:00,WTI,1.99,1.99,1.99,1.99,0.0
2017-05-13 11:10:00,WTI,1.99,1.99,1.99,1.99,0.0
2017-05-13 11:15:00,WTI,1.99,1.99,1.99,1.99,0.0
2017-05-13 11:20:00,WTI,1.99,1.99,1.99,1.99,0.0
2017-05-13 11:25:00,WTI,1.99,1.99,1.99,1.99,0.0
2017-05-13 11:30:00,WTI,1.99,1.99,1.99,1.99,0.0
2017-05-13 11:35:00,WTI,1.99,1.99,1.99,1.99,0.0
2017-05-13 11:40:00,WTI,1.99,1.99,1.99,1.99,0.0
2017-05-13 11:45:00,WTI,1.99,1.99,1.99,1.99,0.0
2017-05-13 11:50:00,WTI,1.99,1.99,1.99,1.99,0.0
2017-05-13 11:55:00,WTI,1.99,1.99,1.99,1.99,0.0
2017-05-13 12:00:00,WTI,1.99,1.99,1.99,1.99,0.0
2017-05-13 12:05:00,WTI,1.99,1.99,1.99,1.99,0.0
2017-05-13 12:10:00,WTI,1.99,1.99,1.99,1.99,0.0
2017-05-13 12:15:00,WTI,1.99,1.99,1.99,1.99,0.0
2017-05-13 12:20:00,WTI,1.99,1.99,1.99,1.99,0.0
2017-05-13 12:25:00,WTI,1.99,1.99,1.99,1.99,0.0
2017-05-13 12:30:00,WTI,1.99,1.99,1.99,1.99,0.0
2017-05-13 12:35:00,WTI,1.99,1.99,1.99,1.99,0.0
2017-05-13 12:40:00,WTI,1.99,1.99,1.99,1.99,0.0
2017-05-13 12:45:00,WTI,1.99,1.99,1.99,1.99,0.0
2017-05-13 12:50:00,WTI,1.99,1.99,1.99,1.99,0.0
2017-05-13 12:55:00,WTI,1.99,1.99,1.99,1.99,0.0
2017-05-13 13:00:00,WTI,1.99,1.99,1.99,1.99,0.0
2017-05-13 13:05:00,WTI,1.99,1.99,1.99,1.99,0.0
2017-05-13 13:10:00,WTI,1.99,1.99,1.99,1.99,0.0
2017-05-13 13:15:00,WTI,1.99,1.99,1.99,1.99,0.0
2017-05-13 13:20:00,WTI,1.99,1.99,1.99,1.99,0.0
2017-05-13 13:40:00,WTI,1.99,1.99,1.99,1.99,0.0
2017-05-13 13:45:00,WTI,1.99,1.99,1.99,1.99,0.0
2017-05-13 13:50:00,WTI,1.99,1.99,1.99,1.99,0.0
2017-05-13 13:55:00,WTI,1.99,1.99,1.99,1.99,0.0
2017-05-13 14:00:00,WTI,1.99,1.99,1.99,1.99,0.0
2017-05-13 14:05:00,WTI,1.99,1.99,1.99,1.99,0.0
2017-05-13 14:10:00,WTI,1.99,1.99,1.99,1.99,0.0
2017-05-13 14:15:00,WTI,1.99,1.99,1.99,1.99,0.0
2017-05-13 14:20:00,WTI,1.99,1.99,1.99,1.99,0.0
2017-05-13 14:25:00,WTI,1.99,1.99,1.99,1.99,0.0
2017-05-13 14:30:00,WTI,1.99,1.99,1.99,1.99,0.0
2017-05-13 14:35:00,WTI,1.99,1.99,1.99,1.99,0.0
2017-05-13 14:40:00,WTI,1.99,1.99,1.99,1.99,0.0
2017-05-13 14:45:00,WTI,1.99,1.99,1.99,1.99,0.0
2017-05-13 14:50:00,WTI,1.99,1.99,1.99,1.99,0.0
2017-05-13 14:55:00,WTI,1.99,1.99,1.99,1.99,0.0
2017-05-13 15:00:00,WTI,1.99,1.99,1.99,1.99,0.0
2017-05-13 15:05:00,WTI,1.99,1.99,1.99,1.99,0.0
2017-05-13 15:10:00,WTI,1.99,1.99,1.99,1.99,0.0
2017-05-13 15:15:00,WTI,1.99,1.99,1.99,1.99,0.0
2017-05-13 15:20:00,WTI,1.99,1.99,1.99,1.99,0.0
2017-05-13 15:25:00,WTI,1.99,1.99,1.99,1.99,0.0
2017-05-13 15:30:00,WTI,1.99,1.99,1.99,1.99,0.0
2017-05-13 15:35:00,WTI,1.99,1.99,1.99,1.99,0.0
2017-05-13 15:40:00,WTI,1.99,1.99,1.99,1.99,0.0
2017-05-13 15:45:00,WTI,1.99,1.99,1.99,1.99,0.0
2017-05-13 15:50:00,WTI,1.99,1.99,1.99,1.99,0.0
2017-05-13 15:55:00,WTI,1.99,1.99,1.99,1.99,0.0
2017-05-13 16:00:00,WTI,1.99,1.99,1.99,1.99,0.0
2017-05-13 16:05:00,WTI,1.99,1.99,1.99,1.99,0.0
2017-05-13 16:10:00,WTI,1.99,1.99,1.99,1.99,0.0
2017-05-13 16:15:00,WTI,1.99,1.99,1.99,1.99,0.0
2017-05-13 16:20:00,WTI,1.99,1.99,1.99,1.99,0.0
2017-05-13 16:25:00,WTI,1.99,1.99,1.99,1.99,0.0
2017-05-13 16:30:00,WTI,1.99,1.99,1.99,1.99,0.0
2017-05-13 16:35:00,WTI,1.99,1.99,1.99,1.99,0.0
2017-05-13 16:40:00,WTI,1.99,1.99,1.99,1.99,0.0
2017-05-13 16:45:00,WTI,1.99,1.99,1.99,1.99,0.0
2017-05-13 16:50:00,WTI,1.99,1.99,1.99,1.99,0.0
2017-05-13 16:55:00,WTI,1.99,1.99,1.99,1.99,0.0
2017-05-13 17:00:00,WTI,1.99,1.99,1.99,1.99,0.0
2017-05-13 17:05:00,WTI,1.99,1.99,1.99,1.99,0.0
2017-05-13 17:10:00,WTI,1.99,1.99,1.99,1.99,0.0
2017-05-13 17:15:00,WTI,1.99,1.99,1.99,1.99,0.0
2017-05-13 17:20:00,WTI,1.99,1.99,1.99,1.99,0.0
2017-05-13 17:25:00,WTI,1.99,1.99,1.99,1.99,0.0
2017-05-13 17:30:00,WTI,1.99,1.99,1.99,1.99,0.0
2017-05-13 17:35:00,WTI,1.99,1.99,1.99,1.99,0.0
2017-05-13 17:40:00,WTI,1.99,1.99,1.99,1.99,0.0
2017-05-13 17:45:00,WTI,1.99,1.99,1.99,1.99,0.0
2017-05-13 17:50:00,WTI,1.99,1.99,1.99,1.99,0.0
2017-05-13 17:55:00,WTI,1.99,1.99,1.99,1.99,0.0
2017-05-13 18:00:00,WTI,1.99,1.99,1.99,1.99,0.0
2017-05-13 18:05:00,WTI,1.99,1.99,1.99,1.99,0.0
2017-05-13 18:10:00,WTI,1.99,1.99,1.99,1.99,0.0
2017-05-13 18:15:00,WTI,1.99,1.99,1.99,1.99,0.0
2017-05-13 18:20:00,WTI,1.99,1.99,1.99,1.99,0.0
2017-05-13 18:25:00,WTI,1.99,1.99,1.99,1.99,0.0
2017-05-13 18:30:00,WTI,1.99,1.99,1.99,1.99,0.0
2017-05-13 18:35:00,WTI,1.99,1.99,1.99,1.99,0.0
2017-05-13 18:40:00,WTI,1.99,1.99,1.99,1.99,0.0
2017-05-13 18:45:00,WTI,1.99,1.99,1.99,1.99,0.0
2017-05-13 18:50:00,WTI,1.99,1.99,1.99,1.99,0.0
2017-05-13 18:55:00,WTI,1.99,1.99,1.99,1.99,0.0
2017-05-13 19:00:00,WTI,1.99,1.99,1.99,1.99,0.0
2017-05-13 19:05:00,WTI,1.99,1.99,1.99,1.99,0.0
2017-05-13 19:10:00,WTI,1.99,1.99,1.99,1.99,0.0
2017-05-13 19:15:00,WTI,1.99,1.99,1.99,1.99,0.0
2017-05-13 19:20:00,WTI,1.99,1.99,1.99,1.99,0.0
2017-05-13 19:25:00,WTI,1.99,1.99,1.99,1.99,0.0
2017-05-13 19:30:00,WTI,1.99,1.99,1.99,1.99,0.0
2017-05-13 19:35:00,WTI,1.99,1.99,1.99,1.99,0.0
2017-05-13 19:40:00,WTI,1.99,1.99,1.99,1.99,0.0
2017-05-13 19:45:00,WTI,1.99,1.99,1.99,1.99,0.0
2017-05-13 19:50:00,WTI,1.99,1.99,1.99,1.99,0.0
2017-05-13 19:55:00,WTI,1.99,1.99,1.99,1.99,0.0
2017-05-13 20:00:00,WTI,1.99,1.99,1.99,1.99,0.0
2017-05-13 20:05:00,WTI,1.99,1.99,1.99,1.99,0.0
2017-05-13 20:10:00,WTI,1.99,1.99,1.99,1.99,0.0
2017-05-13 20:15:00,WTI,1.99,1.99,1.99,1.99,0.0
2017-05-13 20:20:00,WTI,1.99,1.99,1.99,1.99,0.0
2017-05-13 20:25:00,WTI,1.99,1.99,1.99,1.99,0.0
2017-05-13 20:30:00,WTI,1.99,1.99,1.99,1.99,0.0
2017-05-13 20:35:00,WTI,1.99,1.99,1.99,1.99,0.0
2017-05-13 20:40:00,WTI,1.99,1.99,1.99,1.99,0.0
2017-05-13 20:45:00,WTI,1.99,1.99,1.99,1.99,0.0
2017-05-13 20:50:00,WTI,1.99,1.99,1.99,1.99,0.0
2017-05-13 20:55:00,WTI,1.99,1.99,1.99,1.99,0.0
2017-05-14 08:00:00,WTI,1.99,1.99,1.99,1.99,0.0
2017-05-14 08:05:00,WTI,1.99,1.99,1.99,1.99,0.0
2017-05-14 08:10:00,WTI,1.99,1.99,1.99,1.99,0.0
2017-05-14 08:15:00,WTI,1.99,1.99,1.99,1.99,0.0
2017-05-14 08:20:00,WTI,1.99,1.99,1.99,1.99,0.0
2017-05-14 08:25:00,WTI,1.99,1.99,1.99,1.99,0.0
2017-05-14 08:30:00,WTI,1.99,1.99,1.99,1.99,0.0
2017-05-14 08:35:00,WTI,1.99,1.99,1.99,1.99,0.0
2017-05-14 08:40:00,WTI,1.99,1.99,1.99,1.99,0.0
2017-05-14 08:45:00,WTI,1.99,1.99,1.99,1.99,0.0
2017-05-14 08:50:00,WTI,1.99,1.99,1.99,1.99,0.0
2017-05-14 08:55:00,WTI,1.99,1.99,1.99,1.99,0.0
2017-05-14 09:00:00,WTI,1.99,1.99,1.99,1.99,0.0
2017-05-14 09:05:00,WTI,1.99,1.99,1.99,1.99,0.0
2017-05-14 09:10:00,WTI,1.99,1.99,1.99,1.99,0.0
2017-05-14 09:15:00,WTI,1.99,1.99,1.99,1.99,0.0
2017-05-14 09:20:00,WTI,1.99,1.99,1.99,1.99,0.0
2017-05-14 09:25:00,WTI,1.99,1.99,1.99,1.99,0.0
2017-05-14 09:30:00,WTI,1.99,1.99,1.99,1.99,0.0
2017-05-14 09:35:00,WTI,1.99,1.99,1.99,1.99,0.0
2017-05-14 09:40:00,WTI,1.99,1.99,1.99,1.99,0.0
2017-05-14 09:45:00,WTI,1.99,1.99,1.99,1.99,0.0
2017-05-14 09:50:00,WTI,1.99,1.99,1.99,1.99,0.0
2017-05-14 09:55:00,WTI,1.99,1.99,1.99,1.99,0.0
2017-05-14 10:00:00,WTI,1.99,1.99,1.99,1.99,0.0
2017-05-14 10:05:00,WTI,1.99,1.99,1.99,1.99,0.0
2017-05-14 10:10:00,WTI,1.99,1.99,1.99,1.99,0.0
2017-05-14 10:15:00,WTI,1.99,1.99,1.99,1.99,0.0
2017-05-14 10:20:00,WTI,1.99,1.99,1.99,1.99,0.0
2017-05-14 10:25:00,WTI,1.99,1.99,1.99,1.99,0.0
2017-05-14 10:30:00,WTI,1.99,1.99,1.99,1.99,0.0
2017-05-14 10:35:00,WTI,1.99,1.99,1.99,1.99,0.0
2017-05-14 10:40:00,WTI,1.99,1.99,1.99,1.99,0.0
2017-05-14 10:45:00,WTI,1.99,1.99,1.99,1.99,0.0
2017-05-14 10:50:00,WTI,1.99,1.99,1.99,1.99,0.0
2017-05-14 10:55:00,WTI,1.99,1.99,1.99,1.99,0.0
2017-05-14 11:00:00,WTI,1.99,1.99,1.99,1.99,0.0
2017-05-14 11:05:00,WTI,1.99,1.99,1.99,1.99,0.0
2017-05-14 11:10:00,WTI,1.99,1.99,1.99,1.99,0.0
2017-05-14 11:15:00,WTI,1.99,1.99,1.99,1.99,0.0
2017-05-14 11:20:00,WTI,1.99,1.99,1.99,1.99,0.0
2017-05-14 11:25:00,WTI,1.99,1.99,1.99,1.99,0.0
2017-05-14 11:30:00,WTI,1.99,1.99,1.99,1.99,0.0
2017-05-14 11:35:00,WTI,1.99,1.99,1.99,1.99,0.0
2017-05-14 11:40:00,WTI,1.99,1.99,1.99,1.99,0.0
2017-05-14 11:45:00,WTI,1.99,1.99,1.99,1.99,0.0
2017-05-14 11:50:00,WTI,1.99,1.99,1.99,1.99,0.0
2017-05-14 11:55:00,WTI,1.99,1.99,1.99,1.99,0.0
2017-05-14 12:00:00,WTI,1.99,1.99,1.99,1.99,0.0
2017-05-14 12:05:00,WTI,1.99,1.99,1.99,1.99,0.0
2017-05-14 12:10:00,WTI,1.99,1.99,1.99,1.99,0.0
2017-05-14 12:15:00,WTI,1.99,1.99,1.99,1.99,0.0
2017-05-14 12:20:00,WTI,1.99,1.99,1.99,1.99,0.0
2017-05-14 12:25:00,WTI,1.99,1.99,1.99,1.99,0.0
2017-05-14 12:30:00,WTI,1.99,1.99,1.99,1.99,0.0
2017-05-14 12:35:00,WTI,1.99,1.99,1.99,1.99,0.0
2017-05-14 12:40:00,WTI,1.99,1.99,1.99,1.99,0.0
2017-05-14 12:45:00,WTI,1.99,1.99,1.99,1.99,0.0
2017-05-14 12:50:00,WTI,1.99,1.99,1.99,1.99,0.0
2017-05-14 12:55:00,WTI,1.99,1.99,1.99,1.99,0.0
2017-05-14 13:00:00,WTI,1.99,1.99,1.99,1.99,0.0
2017-05-14 13:05:00,WTI,1.99,1.99,1.99,1.99,0.0
2017-05-14 13:10:00,WTI,1.99,1.99,1.99,1.99,0.0
2017-05-14 13:15:00,WTI,1.99,1.99,1.99,1.99,0.0
2017-05-14 13:20:00,WTI,1.99,1.99,1.99,1.99,0.0
2017-05-14 13:25:00,WTI,1.99,1.99,1.99,1.99,0.0
2017-05-14 13:30:00,WTI,1.99,1.99,1.99,1.99,0.0
2017-05-14 13:35:00,WTI,1.99,1.99,1.99,1.99,0.0
2017-05-14 13:40:00,WTI,1.99,1.99,1.99,1.99,0.0
2017-05-14 13:45:00,WTI,1.99,1.99,1.99,1.99,0.0
2017-05-14 13:50:00,WTI,1.99,1.99,1.99,1.99,0.0
2017-05-14 13:55:00,WTI,1.99,1.99,1.99,1.99,0.0
2017-05-14 14:00:00,WTI,1.99,1.99,1.99,1.99,0.0
2017-05-14 14:05:00,WTI,1.99,1.99,1.99,1.99,0.0
2017-05-14 14:10:00,WTI,1.99,1.99,1.99,1.99,0.0
2017-05-14 14:15:00,WTI,1.99,1.99,1.99,1.99,0.0
2017-05-14 14:20:00,WTI,1.99,1.99,1.99,1.99,0.0
2017-05-14 14:25:00,WTI,1.99,1.99,1.99,1.99,0.0
2017-05-14 14:30:00,WTI,1.99,1.99,1.99,1.99,0.0
2017-05-14 14:35:00,WTI,1.99,1.99,1.99,1.99,0.0
2017-05-14 14:40:00,WTI,1.99,1.99,1.99,1.99,0.0
2017-05-14 14:45:00,WTI,1.99,1.99,1.99,1.99,0.0
2017-05-14 14:50:00,WTI,1.99,1.99,1.99,1.99,0.0
2017-05-14 14:55:00,WTI,1.99,1.99,1.99,1.99,0.0
2017-05-14 15:00:00,WTI,1.99,1.99,1.99,1.99,0.0
2017-05-14 15:05:00,WTI,1.99,1.99,1.99,1.99,0.0
2017-05-14 15:10:00,WTI,1.99,1.99,1.99,1.99,0.0
2017-05-14 15:15:00,WTI,1.99,1.99,1.99,1.99,0.0
2017-05-14 15:20:00,WTI,1.99,1.99,1.99,1.99,0.0
2017-05-14 15:25:00,WTI,1.99,1.99,1.99,1.99,0.0
2017-05-14 15:30:00,WTI,1.99,1.99,1.99,1.99,0.0
2017-05-14 15:35:00,WTI,1.99,1.99,1.99,1.99,0.0
2017-05-14 15:40:00,WTI,1.99,1.99,1.99,1.99,0.0
2017-05-14 15:45:00,WTI,1.99,1.99,1.99,1.99,0.0
2017-05-14 15:50:00,WTI,1.99,1.99,1.99,1.99,0.0
2017-05-14 15:55:00,WTI,1.99,1.99,1.99,1.99,0.0
2017-05-14 16:00:00,WTI,1.99,1.99,1.99,1.99,0.0
2017-05-14 16:05:00,WTI,1.99,1.99,1.99,1.99,0.0
2017-05-14 16:10:00,WTI,1.99,1.99,1.99,1.99,0.0
2017-05-14 16:15:00,WTI,1.99,1.99,1.99,1.99,0.0
2017-05-14 16:20:00,WTI,1.99,1.99,1.99,1.99,0.0
2017-05-14 16:25:00,WTI,1.99,1.99,1.99,1.99,0.0
2017-05-14 16:30:00,WTI,1.99,1.99,1.99,1.99,0.0
2017-05-14 16:35:00,WTI,1.99,1.99,1.99,1.99,0.0
2017-05-14 16:40:00,WTI,1.99,1.99,1.99,1.99,0.0
2017-05-14 16:45:00,WTI,1.99,1.99,1.99,1.99,0.0
2017-05-14 16:50:00,WTI,1.99,1.99,1.99,1.99,0.0
2017-05-14 16:55:00,WTI,1.99,1.99,1.99,1.99,0.0
2017-05-14 17:00:00,WTI,1.99,1.99,1.99,1.99,0.0
2017-05-14 17:05:00,WTI,1.99,1.99,1.99,1.99,0.0
2017-05-14 17:10:00,WTI,1.99,1.99,1.99,1.99,0.0
2017-05-14 17:15:00,WTI,1.99,1.99,1.99,1.99,0.0
2017-05-14 17:20:00,WTI,1.99,1.99,1.99,1.99,0.0
2017-05-14 17:25:00,WTI,1.99,1.99,1.99,1.99,0.0
2017-05-14 17:30:00,WTI,1.99,1.99,1.99,1.99,0.0
2017-05-14 17:35:00,WTI,1.99,1.99,1.99,1.99,0.0
2017-05-14 17:40:00,WTI,1.99,1.99,1.99,1.99,0.0
2017-05-14 17:45:00,WTI,1.99,1.99,1.99,1.99,0.0
2017-05-14 17:50:00,WTI,1.99,1.99,1.99,1.99,0.0
2017-05-14 17:55:00,WTI,1.99,1.99,1.99,1.99,0.0
2017-05-14 18:00:00,WTI,1.99,1.99,1.99,1.99,0.0
2017-05-14 18:05:00,WTI,1.99,1.99,1.99,1.99,0.0
2017-05-14 18:10:00,WTI,1.99,1.99,1.99,1.99,0.0
2017-05-14 18:15:00,WTI,1.99,1.99,1.99,1.99,0.0
2017-05-14 18:20:00,WTI,1.99,1.99,1.99,1.99,0.0
2017-05-14 18:25:00,WTI,1.99,1.99,1.99,1.99,0.0
2017-05-14 18:30:00,WTI,1.99,1.99,1.99,1.99,0.0
2017-05-14 18:35:00,WTI,1.99,1.99,1.99,1.99,0.0
2017-05-14 18:40:00,WTI,1.99,1.99,1.99,1.99,0.0
2017-05-14 18:45:00,WTI,1.99,1.99,1.99,1.99,0.0
2017-05-14 18:50:00,WTI,1.99,1.99,1.99,1.99,0.0
2017-05-14 18:55:00,WTI,1.99,1.99,1.99,1.99,0.0
2017-05-14 19:00:00,WTI,1.99,1.99,1.99,1.99,0.0
2017-05-14 19:05:00,WTI,1.99,1.99,1.99,1.99,0.0
2017-05-14 19:10:00,WTI,1.99,1.99,1.99,1.99,0.0
2017-05-14 19:15:00,WTI,1.99,1.99,1.99,1.99,0.0
2017-05-14 19:20:00,WTI,1.99,1.99,1.99,1.99,0.0
2017-05-14 19:25:00,WTI,1.99,1.99,1.99,1.99,0.0
2017-05-14 19:30:00,WTI,1.99,1.99,1.99,1.99,0.0
2017-05-14 19:35:00,WTI,1.99,1.99,1.99,1.99,0.0
2017-05-14 19:40:00,WTI,1.99,1.99,1.99,1.99,0.0
2017-05-14 19:45:00,WTI,1.99,1.99,1.99,1.99,0.0
2017-05-14 19:50:00,WTI,1.99,1.99,1.99,1.99,0.0
2017-05-14 19:55:00,WTI,1.99,1.99,1.99,1.99,0.0
2017-05-14 20:00:00,WTI,1.99,1.99,1.99,1.99,0.0
2017-05-14 20:05:00,WTI,1.99,1.99,1.99,1.99,0.0
2017-05-14 20:10:00,WTI,1.99,1.99,1.99,1.99,0.0
2017-05-14 20:15:00,WTI,1.99,1.99,1.99,1.99,0.0
2017-05-14 20:20:00,WTI,1.99,1.99,1.99,1.99,0.0
2017-05-14 20:25:00,WTI,1.99,1.99,1.99,1.99,0.0
2017-05-14 20:30:00,WTI,1.99,1.99,1.99,1.99,0.0
2017-05-14 20:35:00,WTI,1.99,1.99,1.99,1.99,0.0
2017-05-14 20:40:00,WTI,1.99,1.99,1.99,1.99,0.0
2017-05-14 20:45:00,WTI,1.99,1.99,1.99,1.99,0.0
2017-05-14 20:50:00,WTI,1.99,1.99,1.99,1.99,0.0
2017-05-14 20:55:00,WTI,1.99,1.99,1.99,1.99,0.0
2017-05-15 08:00:00,WTI,2.175,2.175,2.175,2.175,0.0
2017-05-15 08:05:00,WTI,2.175,2.185,2.125,2.185,3000.0
2017-05-15 08:10:00,WTI,2.185,2.185,2.185,2.185,0.0
2017-05-15 08:15:00,WTI,2.185,2.21,2.185,2.185,100.0
2017-05-15 08:20:00,WTI,2.185,2.185,2.185,2.185,0.0
2017-05-15 08:25:00,WTI,2.185,2.185,2.185,2.185,0.0
2017-05-15 08:30:00,WTI,2.185,2.185,2.185,2.185,0.0
2017-05-15 08:35:00,WTI,2.185,2.195,2.185,2.195,0.0
2017-05-15 08:40:00,WTI,2.195,2.205,2.195,2.205,0.0
2017-05-15 08:45:00,WTI,2.205,2.205,2.205,2.205,0.0
2017-05-15 08:50:00,WTI,2.205,2.205,2.205,2.205,0.0
2017-05-15 08:55:00,WTI,2.205,2.205,2.205,2.205,0.0
2017-05-15 09:00:00,WTI,2.205,2.205,2.185,2.185,170.0
2017-05-15 09:05:00,WTI,2.185,2.185,2.185,2.185,3000.0
2017-05-15 09:10:00,WTI,2.185,2.185,2.185,2.185,0.0
2017-05-15 09:15:00,WTI,2.185,2.19,2.185,2.19,24.0
2017-05-15 09:20:00,WTI,2.19,2.195,2.19,2.19,1151.0
2017-05-15 09:25:00,WTI,2.19,2.19,2.185,2.185,1000.0
2017-05-15 09:30:00,WTI,2.185,2.185,2.185,2.185,400.0
2017-05-15 09:35:00,WTI,2.185,2.195,2.165,2.175,100050.0
2017-05-15 09:40:00,WTI,2.175,2.175,2.165,2.175,28909.0
2017-05-15 09:45:00,WTI,2.175,2.205,2.175,2.205,80850.0
2017-05-15 09:50:00,WTI,2.205,2.225,2.205,2.225,50247.0
2017-05-15 09:55:00,WTI,2.225,2.225,2.195,2.195,78753.0
2017-05-15 10:00:00,WTI,2.195,2.195,2.195,2.195,2524.0
2017-05-15 10:05:00,WTI,2.195,2.195,2.195,2.195,3601.0
2017-05-15 10:10:00,WTI,2.195,2.2,2.195,2.195,24340.0
2017-05-15 10:15:00,WTI,2.195,2.195,2.175,2.175,47164.0
2017-05-15 10:20:00,WTI,2.175,2.175,2.175,2.175,4781.0
2017-05-15 10:25:00,WTI,2.175,2.175,2.165,2.165,1500.0
2017-05-15 10:30:00,WTI,2.165,2.175,2.165,2.165,19860.0
2017-05-15 10:35:00,WTI,2.165,2.175,2.165,2.175,11838.0
2017-05-15 10:40:00,WTI,2.175,2.175,2.175,2.175,644.0
2017-05-15 10:45:00,WTI,2.175,2.175,2.175,2.175,1893.0
2017-05-15 10:50:00,WTI,2.175,2.175,2.165,2.165,16839.0
2017-05-15 10:55:00,WTI,2.165,2.175,2.165,2.175,10112.0
2017-05-15 11:00:00,WTI,2.175,2.175,2.175,2.175,4613.0
2017-05-15 11:05:00,WTI,2.175,2.175,2.175,2.175,10400.0
2017-05-15 11:10:00,WTI,2.175,2.175,2.175,2.175,2190.0
2017-05-15 11:15:00,WTI,2.175,2.175,2.175,2.175,2135.0
2017-05-15 11:20:00,WTI,2.175,2.175,2.175,2.175,2208.0
2017-05-15 11:25:00,WTI,2.175,2.175,2.175,2.175,2950.0
2017-05-15 11:30:00,WTI,2.175,2.175,2.175,2.175,7355.0
2017-05-15 11:35:00,WTI,2.175,2.175,2.175,2.175,4345.0
2017-05-15 11:40:00,WTI,2.175,2.175,2.175,2.175,12950.0
2017-05-15 11:45:00,WTI,2.175,2.175,2.175,2.175,1230.0
2017-05-15 11:50:00,WTI,2.175,2.175,2.175,2.175,4048.0
2017-05-15 11:55:00,WTI,2.175,2.175,2.175,2.175,28565.0
2017-05-15 12:00:00,WTI,2.175,2.175,2.175,2.175,3371.0
2017-05-15 12:05:00,WTI,2.175,2.175,2.175,2.175,5810.0
2017-05-15 12:10:00,WTI,2.175,2.175,2.175,2.175,1300.0
2017-05-15 12:15:00,WTI,2.175,2.175,2.175,2.175,7930.0
2017-05-15 12:20:00,WTI,2.175,2.175,2.175,2.175,2223.0
2017-05-15 12:25:00,WTI,2.175,2.175,2.175,2.175,3406.0
2017-05-15 12:30:00,WTI,2.175,2.175,2.175,2.175,2130.0
2017-05-15 12:35:00,WTI,2.175,2.175,2.175,2.175,7000.0
2017-05-15 12:40:00,WTI,2.175,2.175,2.175,2.175,1900.0
2017-05-15 12:45:00,WTI,2.175,2.175,2.175,2.175,2600.0
2017-05-15 12:50:00,WTI,2.175,2.175,2.175,2.175,2024.0
2017-05-15 12:55:00,WTI,2.175,2.175,2.175,2.175,2408.0
2017-05-15 13:00:00,WTI,2.175,2.175,2.175,2.175,11460.0
2017-05-15 13:05:00,WTI,2.175,2.175,2.175,2.175,3600.0
2017-05-15 13:10:00,WTI,2.175,2.175,2.175,2.175,1917.0
2017-05-15 13:15:00,WTI,2.175,2.175,2.175,2.175,3000.0
2017-05-15 13:20:00,WTI,2.175,2.175,2.175,2.175,7205.0
2017-05-15 13:25:00,WTI,2.175,2.175,2.175,2.175,9044.0
2017-05-15 13:30:00,WTI,2.175,2.175,2.175,2.175,2852.0
2017-05-15 13:35:00,WTI,2.175,2.175,2.175,2.175,25426.0
2017-05-15 13:40:00,WTI,2.175,2.175,2.175,2.175,2686.0
2017-05-15 13:45:00,WTI,2.175,2.175,2.175,2.175,1800.0
2017-05-15 13:50:00,WTI,2.175,2.175,2.175,2.175,2200.0
2017-05-15 13:55:00,WTI,2.175,2.175,2.175,2.175,7573.0
2017-05-15 14:00:00,WTI,2.175,2.175,2.175,2.175,3377.0
2017-05-15 14:05:00,WTI,2.175,2.175,2.175,2.175,1800.0
2017-05-15 14:10:00,WTI,2.175,2.175,2.175,2.175,5507.0
2017-05-15 14:15:00,WTI,2.175,2.175,2.165,2.165,55941.0
2017-05-15 14:20:00,WTI,2.165,2.175,2.165,2.175,14353.0
2017-05-15 14:25:00,WTI,2.175,2.175,2.175,2.175,11400.0
2017-05-15 14:30:00,WTI,2.175,2.175,2.165,2.165,16726.0
2017-05-15 14:35:00,WTI,2.165,2.165,2.165,2.165,4890.0
2017-05-15 14:40:00,WTI,2.165,2.165,2.165,2.165,4074.0
2017-05-15 14:45:00,WTI,2.165,2.165,2.165,2.165,3900.0
2017-05-15 14:50:00,WTI,2.165,2.165,2.165,2.165,2450.0
2017-05-15 14:55:00,WTI,2.165,2.165,2.165,2.165,1600.0
2017-05-15 15:00:00,WTI,2.165,2.165,2.165,2.165,6494.0
2017-05-15 15:05:00,WTI,2.165,2.165,2.165,2.165,10944.0
2017-05-15 15:10:00,WTI,2.165,2.165,2.165,2.165,3960.0
2017-05-15 15:15:00,WTI,2.165,2.165,2.165,2.165,1900.0
2017-05-15 15:20:00,WTI,2.165,2.165,2.165,2.165,2159.0
2017-05-15 15:25:00,WTI,2.165,2.165,2.165,2.165,3800.0
2017-05-15 15:30:00,WTI,2.165,2.175,2.165,2.175,36088.0
2017-05-15 15:35:00,WTI,2.175,2.175,2.175,2.175,18980.0
2017-05-15 15:40:00,WTI,2.175,2.175,2.175,2.175,5583.0
2017-05-15 15:45:00,WTI,2.175,2.175,2.175,2.175,5273.0
2017-05-15 15:50:00,WTI,2.175,2.175,2.175,2.175,7506.0
2017-05-15 15:55:00,WTI,2.175,2.175,2.175,2.175,17580.0
2017-05-15 16:00:00,WTI,2.175,2.175,2.175,2.175,55561.0
2017-05-15 16:05:00,WTI,2.175,2.175,2.175,2.175,50617.0
2017-05-15 16:10:00,WTI,2.175,2.175,2.175,2.175,0.0
2017-05-15 16:15:00,WTI,2.175,2.175,2.175,2.175,4500.0
2017-05-15 16:20:00,WTI,2.175,2.175,2.175,2.175,0.0
2017-05-15 16:25:00,WTI,2.175,2.175,2.175,2.175,0.0
2017-05-15 16:30:00,WTI,2.175,2.175,2.175,2.175,0.0
2017-05-15 16:35:00,WTI,2.175,2.175,2.175,2.175,0.0
2017-05-15 16:40:00,WTI,2.175,2.185,2.15,2.185,0.0
2017-05-15 16:45:00,WTI,2.185,2.185,2.185,2.185,0.0
2017-05-15 16:50:00,WTI,2.185,2.185,2.185,2.185,0.0
2017-05-15 16:55:00,WTI,2.185,2.185,2.185,2.185,0.0
2017-05-15 17:00:00,WTI,2.185,2.185,2.185,2.185,0.0
2017-05-15 17:05:00,WTI,2.185,2.185,2.185,2.185,0.0
2017-05-15 17:10:00,WTI,2.185,2.185,2.185,2.185,0.0
2017-05-15 17:15:00,WTI,2.185,2.185,2.185,2.185,0.0
2017-05-15 17:20:00,WTI,2.185,2.195,2.185,2.195,0.0
2017-05-15 17:25:00,WTI,2.195,2.195,2.195,2.195,0.0
2017-05-15 17:30:00,WTI,2.195,2.195,2.195,2.195,0.0
2017-05-15 17:35:00,WTI,2.195,2.195,2.195,2.195,0.0
2017-05-15 17:40:00,WTI,2.195,2.195,2.195,2.195,0.0
2017-05-15 17:45:00,WTI,2.195,2.195,2.195,2.195,0.0
2017-05-15 17:50:00,WTI,2.195,2.195,2.195,2.195,0.0
2017-05-15 17:55:00,WTI,2.195,2.195,2.195,2.195,0.0
2017-05-15 18:00:00,WTI,2.195,2.195,2.195,2.195,0.0
2017-05-15 18:05:00,WTI,2.195,2.195,2.185,2.185,0.0
2017-05-15 18:10:00,WTI,2.185,2.185,2.17,2.17,0.0
2017-05-15 18:15:00,WTI,2.17,2.17,2.17,2.17,0.0
2017-05-15 18:20:00,WTI,2.17,2.17,2.17,2.17,0.0
2017-05-15 18:25:00,WTI,2.17,2.17,2.17,2.17,0.0
2017-05-15 18:30:00,WTI,2.17,2.17,2.17,2.17,0.0
2017-05-15 18:35:00,WTI,2.17,2.17,2.17,2.17,0.0
2017-05-15 18:40:00,WTI,2.17,2.17,2.17,2.17,0.0
2017-05-15 18:45:00,WTI,2.17,2.17,2.17,2.17,0.0
2017-05-15 18:50:00,WTI,2.17,2.17,2.17,2.17,0.0
2017-05-15 18:55:00,WTI,2.17,2.17,2.17,2.17,0.0
2017-05-15 19:00:00,WTI,2.17,2.17,2.17,2.17,0.0
2017-05-15 19:05:00,WTI,2.17,2.17,2.17,2.17,0.0
2017-05-15 19:10:00,WTI,2.17,2.17,2.17,2.17,0.0
2017-05-15 19:15:00,WTI,2.17,2.17,2.17,2.17,0.0
2017-05-15 19:20:00,WTI,2.17,2.17,2.17,2.17,0.0
2017-05-15 19:25:00,WTI,2.17,2.17,2.17,2.17,0.0
2017-05-15 19:30:00,WTI,2.17,2.17,2.17,2.17,0.0
2017-05-15 19:35:00,WTI,2.17,2.17,2.17,2.17,0.0
2017-05-15 19:40:00,WTI,2.17,2.17,2.17,2.17,0.0
2017-05-15 19:45:00,WTI,2.17,2.17,2.14,2.14,1000.0
2017-05-15 19:50:00,WTI,2.14,2.14,2.14,2.14,0.0
2017-05-15 19:55:00,WTI,2.14,2.14,2.14,2.14,0.0
2017-05-15 20:00:00,WTI,2.14,2.14,2.14,2.14,0.0
2017-05-15 20:05:00,WTI,2.14,2.14,2.07,2.07,0.0
2017-05-15 20:10:00,WTI,2.07,2.07,2.07,2.07,0.0
2017-05-15 20:15:00,WTI,2.07,2.07,2.07,2.07,0.0
2017-05-15 20:20:00,WTI,2.07,2.07,2.07,2.07,0.0
2017-05-15 20:25:00,WTI,2.07,2.07,2.07,2.07,0.0
2017-05-15 20:30:00,WTI,2.07,2.07,2.07,2.07,0.0
2017-05-15 20:35:00,WTI,2.07,2.07,2.07,2.07,0.0
2017-05-15 20:40:00,WTI,2.07,2.07,2.07,2.07,0.0
2017-05-15 20:45:00,WTI,2.07,2.07,2.07,2.07,0.0
2017-05-15 20:50:00,WTI,2.07,2.07,2.07,2.07,0.0
2017-05-15 20:55:00,WTI,2.07,2.07,2.07,2.07,0.0
2017-05-16 08:00:00,WTI,2.06,2.06,2.06,2.06,0.0
2017-05-16 08:05:00,WTI,2.06,2.155,2.06,2.155,0.0
2017-05-16 08:10:00,WTI,2.155,2.16,2.155,2.16,0.0
2017-05-16 08:15:00,WTI,2.16,2.16,2.155,2.155,0.0
2017-05-16 08:20:00,WTI,2.155,2.16,2.155,2.16,0.0
2017-05-16 08:25:00,WTI,2.16,2.16,2.16,2.16,0.0
2017-05-16 08:30:00,WTI,2.16,2.16,2.16,2.16,0.0
2017-05-16 08:35:00,WTI,2.16,2.16,2.16,2.16,0.0
2017-05-16 08:40:00,WTI,2.16,2.16,2.16,2.16,0.0
2017-05-16 08:45:00,WTI,2.16,2.16,2.16,2.16,0.0
2017-05-16 08:50:00,WTI,2.16,2.16,2.16,2.16,0.0
2017-05-16 08:55:00,WTI,2.16,2.16,2.16,2.16,0.0
2017-05-16 09:00:00,WTI,2.16,2.16,2.16,2.16,0.0
2017-05-16 09:05:00,WTI,2.16,2.16,2.16,2.16,0.0
2017-05-16 09:10:00,WTI,2.16,2.16,2.16,2.16,0.0
2017-05-16 09:15:00,WTI,2.16,2.16,2.16,2.16,0.0
2017-05-16 09:20:00,WTI,2.16,2.19,2.16,2.19,0.0
2017-05-16 09:25:00,WTI,2.19,2.19,2.155,2.155,0.0
2017-05-16 09:30:00,WTI,2.155,2.185,2.155,2.185,0.0
2017-05-16 09:35:00,WTI,2.185,2.215,2.165,2.205,32031.0
2017-05-16 09:40:00,WTI,2.205,2.205,2.185,2.195,20363.0
2017-05-16 09:45:00,WTI,2.195,2.195,2.195,2.195,8940.0
2017-05-16 09:50:00,WTI,2.195,2.195,2.185,2.195,21289.0
2017-05-16 09:55:00,WTI,2.195,2.225,2.195,2.225,44027.0
2017-05-16 10:00:00,WTI,2.225,2.225,2.205,2.215,33086.0
2017-05-16 10:05:00,WTI,2.215,2.215,2.205,2.205,12553.0
2017-05-16 10:10:00,WTI,2.205,2.215,2.205,2.205,5155.0
2017-05-16 10:15:00,WTI,2.205,2.205,2.205,2.205,2200.0
2017-05-16 10:20:00,WTI,2.205,2.215,2.205,2.205,12372.0
2017-05-16 10:25:00,WTI,2.205,2.205,2.205,2.205,6200.0
2017-05-16 10:30:00,WTI,2.205,2.205,2.205,2.205,12512.0
2017-05-16 10:35:00,WTI,2.205,2.205,2.195,2.195,14587.0
2017-05-16 10:40:00,WTI,2.195,2.195,2.175,2.175,30658.0
2017-05-16 10:45:00,WTI,2.175,2.175,2.165,2.175,25339.0
2017-05-16 10:50:00,WTI,2.175,2.175,2.175,2.175,1005.0
2017-05-16 10:55:00,WTI,2.175,2.175,2.175,2.175,1900.0
2017-05-16 11:00:00,WTI,2.175,2.175,2.175,2.175,2388.0
2017-05-16 11:05:00,WTI,2.175,2.175,2.175,2.175,6378.0
2017-05-16 11:10:00,WTI,2.175,2.175,2.175,2.175,6146.0
2017-05-16 11:15:00,WTI,2.175,2.175,2.175,2.175,1803.0
2017-05-16 11:20:00,WTI,2.175,2.175,2.175,2.175,2251.0
2017-05-16 11:25:00,WTI,2.175,2.175,2.175,2.175,2100.0
2017-05-16 11:30:00,WTI,2.175,2.185,2.175,2.185,18636.0
2017-05-16 11:35:00,WTI,2.185,2.205,2.185,2.205,12280.0
2017-05-16 11:40:00,WTI,2.205,2.205,2.205,2.205,2707.0
2017-05-16 11:45:00,WTI,2.205,2.215,2.205,2.215,10919.0
2017-05-16 11:50:00,WTI,2.215,2.215,2.215,2.215,2029.0
2017-05-16 11:55:00,WTI,2.215,2.215,2.205,2.205,20403.0
2017-05-16 12:00:00,WTI,2.205,2.205,2.205,2.205,2255.0
2017-05-16 12:05:00,WTI,2.205,2.205,2.205,2.205,4414.0
2017-05-16 12:10:00,WTI,2.205,2.205,2.205,2.205,7104.0
2017-05-16 12:15:00,WTI,2.205,2.205,2.205,2.205,1265.0
2017-05-16 12:20:00,WTI,2.205,2.205,2.205,2.205,2877.0
2017-05-16 12:25:00,WTI,2.205,2.225,2.205,2.215,88008.0
2017-05-16 12:30:00,WTI,2.215,2.215,2.215,2.215,1433.0
2017-05-16 12:35:00,WTI,2.215,2.215,2.215,2.215,2565.0
2017-05-16 12:40:00,WTI,2.215,2.215,2.195,2.195,30168.0
2017-05-16 12:45:00,WTI,2.195,2.195,2.195,2.195,1375.0
2017-05-16 12:50:00,WTI,2.195,2.195,2.195,2.195,900.0
2017-05-16 12:55:00,WTI,2.195,2.195,2.195,2.195,2166.0
2017-05-16 13:00:00,WTI,2.195,2.195,2.195,2.195,906.0
2017-05-16 13:05:00,WTI,2.195,2.195,2.185,2.185,14948.0
2017-05-16 13:10:00,WTI,2.185,2.185,2.175,2.175,12169.0
2017-05-16 13:15:00,WTI,2.175,2.175,2.175,2.175,1470.0
2017-05-16 13:20:00,WTI,2.175,2.185,2.165,2.185,44429.0
2017-05-16 13:25:00,WTI,2.185,2.185,2.185,2.185,1400.0
2017-05-16 13:30:00,WTI,2.185,2.185,2.185,2.185,2543.0
2017-05-16 13:35:00,WTI,2.185,2.185,2.185,2.185,2076.0
2017-05-16 13:40:00,WTI,2.185,2.185,2.185,2.185,6402.0
2017-05-16 13:45:00,WTI,2.185,2.185,2.185,2.185,1119.0
2017-05-16 13:50:00,WTI,2.185,2.185,2.185,2.185,1700.0
2017-05-16 13:55:00,WTI,2.185,2.185,2.185,2.185,12188.0
2017-05-16 14:00:00,WTI,2.185,2.185,2.185,2.185,1910.0
2017-05-16 14:05:00,WTI,2.185,2.185,2.185,2.185,2053.0
2017-05-16 14:10:00,WTI,2.185,2.185,2.185,2.185,2548.0
2017-05-16 14:15:00,WTI,2.185,2.185,2.185,2.185,3622.0
2017-05-16 14:20:00,WTI,2.185,2.195,2.185,2.195,48864.0
2017-05-16 14:25:00,WTI,2.195,2.195,2.195,2.195,3335.0
2017-05-16 14:30:00,WTI,2.195,2.195,2.185,2.185,7986.0
2017-05-16 14:35:00,WTI,2.185,2.195,2.185,2.195,10650.0
2017-05-16 14:40:00,WTI,2.195,2.195,2.195,2.195,5466.0
2017-05-16 14:45:00,WTI,2.195,2.195,2.195,2.195,2482.0
2017-05-16 14:50:00,WTI,2.195,2.195,2.195,2.195,1099.0
2017-05-16 14:55:00,WTI,2.195,2.195,2.195,2.195,2261.0
2017-05-16 15:00:00,WTI,2.195,2.195,2.195,2.195,1219.0
2017-05-16 15:05:00,WTI,2.195,2.195,2.195,2.195,33445.0
2017-05-16 15:10:00,WTI,2.195,2.195,2.195,2.195,2414.0
2017-05-16 15:15:00,WTI,2.195,2.195,2.195,2.195,2787.0
2017-05-16 15:20:00,WTI,2.195,2.205,2.195,2.205,36098.0
2017-05-16 15:25:00,WTI,2.205,2.205,2.205,2.205,2803.0
2017-05-16 15:30:00,WTI,2.205,2.205,2.205,2.205,5132.0
2017-05-16 15:35:00,WTI,2.205,2.205,2.205,2.205,4524.0
2017-05-16 15:40:00,WTI,2.205,2.215,2.205,2.215,23342.0
2017-05-16 15:45:00,WTI,2.215,2.215,2.215,2.215,7161.0
2017-05-16 15:50:00,WTI,2.215,2.215,2.215,2.215,19922.0
2017-05-16 15:55:00,WTI,2.215,2.215,2.215,2.215,15944.0
2017-05-16 16:00:00,WTI,2.215,2.215,2.205,2.215,117573.0
2017-05-16 16:05:00,WTI,2.215,2.215,2.215,2.215,28920.0
2017-05-16 16:10:00,WTI,2.215,2.215,2.205,2.205,0.0
2017-05-16 16:15:00,WTI,2.205,2.205,2.205,2.205,0.0
2017-05-16 16:20:00,WTI,2.205,2.205,2.205,2.205,100.0
2017-05-16 16:25:00,WTI,2.205,2.205,2.205,2.205,957.0
2017-05-16 16:30:00,WTI,2.205,2.205,2.2,2.205,200.0
2017-05-16 16:35:00,WTI,2.205,2.205,2.2,2.2,0.0
2017-05-16 16:40:00,WTI,2.2,2.2,2.2,2.2,0.0
2017-05-16 16:45:00,WTI,2.2,2.205,2.2,2.205,0.0
2017-05-16 16:50:00,WTI,2.205,2.205,2.205,2.205,0.0
2017-05-16 16:55:00,WTI,2.205,2.205,2.205,2.205,0.0
2017-05-16 17:00:00,WTI,2.205,2.205,2.205,2.205,0.0
2017-05-16 17:05:00,WTI,2.205,2.205,2.205,2.205,0.0
2017-05-16 17:10:00,WTI,2.205,2.205,2.205,2.205,0.0
2017-05-16 17:15:00,WTI,2.205,2.205,2.205,2.205,0.0
2017-05-16 17:20:00,WTI,2.205,2.205,2.205,2.205,0.0
2017-05-16 17:25:00,WTI,2.205,2.205,2.205,2.205,0.0
2017-05-16 17:30:00,WTI,2.205,2.205,2.205,2.205,0.0
2017-05-16 17:35:00,WTI,2.205,2.205,2.205,2.205,0.0
2017-05-16 17:40:00,WTI,2.205,2.205,2.205,2.205,250.0
2017-05-16 17:45:00,WTI,2.205,2.205,2.205,2.205,0.0
2017-05-16 17:50:00,WTI,2.205,2.205,2.205,2.205,0.0
2017-05-16 17:55:00,WTI,2.205,2.205,2.205,2.205,0.0
2017-05-16 18:00:00,WTI,2.205,2.205,2.2,2.2,40.0
2017-05-16 18:05:00,WTI,2.2,2.21,2.16,2.16,0.0
2017-05-16 18:10:00,WTI,2.16,2.16,2.16,2.16,0.0
2017-05-16 18:15:00,WTI,2.16,2.16,2.16,2.16,0.0
2017-05-16 18:20:00,WTI,2.16,2.16,2.16,2.16,0.0
2017-05-16 18:25:00,WTI,2.16,2.16,2.16,2.16,0.0
2017-05-16 18:30:00,WTI,2.16,2.16,2.16,2.16,0.0
2017-05-16 18:35:00,WTI,2.16,2.16,2.16,2.16,0.0
2017-05-16 18:40:00,WTI,2.16,2.16,2.16,2.16,0.0
2017-05-16 18:45:00,WTI,2.16,2.16,2.16,2.16,0.0
2017-05-16 18:50:00,WTI,2.16,2.16,2.16,2.16,0.0
2017-05-16 18:55:00,WTI,2.16,2.16,2.16,2.16,0.0
2017-05-16 19:00:00,WTI,2.16,2.16,2.16,2.16,0.0
2017-05-16 19:05:00,WTI,2.16,2.16,2.16,2.16,0.0
2017-05-16 19:10:00,WTI,2.16,2.16,2.16,2.16,0.0
2017-05-16 19:15:00,WTI,2.16,2.16,2.16,2.16,0.0
2017-05-16 19:20:00,WTI,2.16,2.16,2.16,2.16,0.0
2017-05-16 19:25:00,WTI,2.16,2.16,2.16,2.16,0.0
2017-05-16 19:30:00,WTI,2.16,2.16,2.16,2.16,0.0
2017-05-16 19:35:00,WTI,2.16,2.16,2.16,2.16,0.0
2017-05-16 19:40:00,WTI,2.16,2.16,2.16,2.16,0.0
2017-05-16 19:45:00,WTI,2.16,2.16,2.16,2.16,0.0
2017-05-16 19:50:00,WTI,2.16,2.16,2.16,2.16,0.0
2017-05-16 19:55:00,WTI,2.16,2.16,2.16,2.16,0.0
2017-05-16 20:00:00,WTI,2.16,2.16,2.16,2.16,0.0
2017-05-16 20:05:00,WTI,2.16,2.16,2.16,2.16,0.0
2017-05-16 20:10:00,WTI,2.16,2.16,2.16,2.16,0.0
2017-05-16 20:15:00,WTI,2.16,2.16,2.16,2.16,0.0
2017-05-16 20:20:00,WTI,2.16,2.16,2.16,2.16,0.0
2017-05-16 20:25:00,WTI,2.16,2.16,2.16,2.16,0.0
2017-05-16 20:30:00,WTI,2.16,2.16,2.16,2.16,0.0
2017-05-16 20:35:00,WTI,2.16,2.16,2.16,2.16,0.0
2017-05-16 20:40:00,WTI,2.16,2.16,2.16,2.16,0.0
2017-05-16 20:45:00,WTI,2.16,2.16,2.16,2.16,0.0
2017-05-16 20:50:00,WTI,2.16,2.16,2.16,2.16,0.0
2017-05-16 20:55:00,WTI,2.16,2.16,2.16,2.16,0.0
2017-05-17 08:00:00,WTI,1.34,1.34,1.34,1.34,0.0
2017-05-17 08:05:00,WTI,1.34,2.375,1.34,2.29,0.0
2017-05-17 08:10:00,WTI,2.29,2.29,2.29,2.29,0.0
2017-05-17 08:15:00,WTI,2.29,2.29,2.29,2.29,0.0
2017-05-17 08:20:00,WTI,2.29,2.295,2.29,2.295,0.0
2017-05-17 08:25:00,WTI,2.295,2.295,2.295,2.295,0.0
2017-05-17 08:30:00,WTI,2.295,2.295,2.295,2.295,0.0
2017-05-17 08:35:00,WTI,2.295,2.295,2.295,2.295,0.0
2017-05-17 08:40:00,WTI,2.295,2.295,2.295,2.295,0.0
2017-05-17 08:45:00,WTI,2.295,2.295,2.295,2.295,0.0
2017-05-17 08:50:00,WTI,2.295,2.295,2.295,2.295,0.0
2017-05-17 08:55:00,WTI,2.295,2.295,2.295,2.295,0.0
2017-05-17 09:00:00,WTI,2.295,2.31,2.175,2.175,0.0
2017-05-17 09:05:00,WTI,2.175,2.175,2.175,2.175,0.0
2017-05-17 09:10:00,WTI,2.175,2.185,2.17,2.185,0.0
2017-05-17 09:15:00,WTI,2.185,2.185,2.185,2.185,36.0
2017-05-17 09:20:00,WTI,2.185,2.185,2.185,2.185,0.0
2017-05-17 09:25:00,WTI,2.185,2.19,2.185,2.19,0.0
2017-05-17 09:30:00,WTI,2.19,2.2,2.19,2.2,0.0
2017-05-17 09:35:00,WTI,2.2,2.225,2.175,2.195,60379.0
2017-05-17 09:40:00,WTI,2.195,2.195,2.175,2.175,17517.0
2017-05-17 09:45:00,WTI,2.175,2.195,2.175,2.185,40445.0
2017-05-17 09:50:00,WTI,2.185,2.215,2.185,2.195,47385.0
2017-05-17 09:55:00,WTI,2.195,2.195,2.195,2.195,1584.0
2017-05-17 10:00:00,WTI,2.195,2.195,2.185,2.195,7384.0
2017-05-17 10:05:00,WTI,2.195,2.215,2.195,2.215,15777.0
2017-05-17 10:10:00,WTI,2.215,2.225,2.215,2.225,5916.0
2017-05-17 10:15:00,WTI,2.225,2.225,2.225,2.225,6774.0
2017-05-17 10:20:00,WTI,2.225,2.225,2.205,2.205,47437.0
2017-05-17 10:25:00,WTI,2.205,2.205,2.195,2.195,3750.0
2017-05-17 10:30:00,WTI,2.195,2.195,2.185,2.185,3964.0
2017-05-17 10:35:00,WTI,2.185,2.235,2.185,2.235,22040.0
2017-05-17 10:40:00,WTI,2.235,2.235,2.225,2.225,29285.0
2017-05-17 10:45:00,WTI,2.225,2.225,2.215,2.215,10864.0
2017-05-17 10:50:00,WTI,2.215,2.215,2.215,2.215,4923.0
2017-05-17 10:55:00,WTI,2.215,2.225,2.215,2.215,11669.0
2017-05-17 11:00:00,WTI,2.215,2.215,2.205,2.205,10307.0
2017-05-17 11:05:00,WTI,2.205,2.215,2.205,2.215,1900.0
2017-05-17 11:10:00,WTI,2.215,2.225,2.215,2.225,8226.0
2017-05-17 11:15:00,WTI,2.225,2.225,2.225,2.225,800.0
2017-05-17 11:20:00,WTI,2.225,2.225,2.225,2.225,507.0
2017-05-17 11:25:00,WTI,2.225,2.225,2.225,2.225,1129.0
2017-05-17 11:30:00,WTI,2.225,2.225,2.225,2.225,804.0
2017-05-17 11:35:00,WTI,2.225,2.225,2.225,2.225,2724.0
2017-05-17 11:40:00,WTI,2.225,2.225,2.225,2.225,800.0
2017-05-17 11:45:00,WTI,2.225,2.225,2.225,2.225,4350.0
2017-05-17 11:50:00,WTI,2.225,2.225,2.225,2.225,5512.0
2017-05-17 11:55:00,WTI,2.225,2.225,2.225,2.225,14402.0
2017-05-17 12:00:00,WTI,2.225,2.235,2.225,2.235,3360.0
2017-05-17 12:05:00,WTI,2.235,2.245,2.235,2.245,13783.0
2017-05-17 12:10:00,WTI,2.245,2.245,2.245,2.245,13577.0
2017-05-17 12:15:00,WTI,2.245,2.245,2.245,2.245,4370.0
2017-05-17 12:20:00,WTI,2.245,2.245,2.245,2.245,3400.0
2017-05-17 12:25:00,WTI,2.245,2.245,2.245,2.245,1417.0
2017-05-17 12:30:00,WTI,2.245,2.245,2.235,2.235,18617.0
2017-05-17 12:35:00,WTI,2.235,2.235,2.235,2.235,3974.0
2017-05-17 12:40:00,WTI,2.235,2.235,2.235,2.235,5510.0
2017-05-17 12:45:00,WTI,2.235,2.235,2.235,2.235,1200.0
2017-05-17 12:50:00,WTI,2.235,2.235,2.225,2.225,12998.0
2017-05-17 12:55:00,WTI,2.225,2.225,2.225,2.225,6268.0
2017-05-17 13:00:00,WTI,2.225,2.235,2.225,2.235,14012.0
2017-05-17 13:05:00,WTI,2.235,2.235,2.235,2.235,1985.0
2017-05-17 13:10:00,WTI,2.235,2.235,2.235,2.235,3089.0
2017-05-17 13:15:00,WTI,2.235,2.235,2.235,2.235,625.0
2017-05-17 13:20:00,WTI,2.235,2.235,2.225,2.225,9917.0
2017-05-17 13:25:00,WTI,2.225,2.225,2.225,2.225,1609.0
2017-05-17 13:30:00,WTI,2.225,2.225,2.225,2.225,11916.0
2017-05-17 13:35:00,WTI,2.225,2.225,2.215,2.215,23613.0
2017-05-17 13:40:00,WTI,2.215,2.225,2.215,2.225,11403.0
2017-05-17 13:45:00,WTI,2.225,2.225,2.215,2.215,8730.0
2017-05-17 13:50:00,WTI,2.215,2.215,2.215,2.215,455.0
2017-05-17 13:55:00,WTI,2.215,2.215,2.215,2.215,900.0
2017-05-17 14:00:00,WTI,2.215,2.215,2.215,2.215,900.0
2017-05-17 14:05:00,WTI,2.215,2.215,2.215,2.215,21916.0
2017-05-17 14:10:00,WTI,2.215,2.215,2.215,2.215,331.0
2017-05-17 14:15:00,WTI,2.215,2.215,2.205,2.215,22916.0
2017-05-17 14:20:00,WTI,2.215,2.215,2.205,2.205,12609.0
2017-05-17 14:25:00,WTI,2.205,2.205,2.205,2.205,5390.0
2017-05-17 14:30:00,WTI,2.205,2.205,2.205,2.205,3287.0
2017-05-17 14:35:00,WTI,2.205,2.205,2.205,2.205,12140.0
2017-05-17 14:40:00,WTI,2.205,2.205,2.195,2.205,33142.0
2017-05-17 14:45:00,WTI,2.205,2.205,2.195,2.195,13579.0
2017-05-17 14:50:00,WTI,2.195,2.195,2.185,2.185,13834.0
2017-05-17 14:55:00,WTI,2.185,2.195,2.185,2.195,13267.0
2017-05-17 15:00:00,WTI,2.195,2.205,2.195,2.205,9233.0
2017-05-17 15:05:00,WTI,2.205,2.205,2.205,2.205,4403.0
2017-05-17 15:10:00,WTI,2.205,2.215,2.205,2.215,5078.0
2017-05-17 15:15:00,WTI,2.215,2.225,2.215,2.225,3250.0
2017-05-17 15:20:00,WTI,2.225,2.225,2.225,2.225,2122.0
2017-05-17 15:25:00,WTI,2.225,2.225,2.225,2.225,33380.0
2017-05-17 15:30:00,WTI,2.225,2.225,2.215,2.215,21455.0
2017-05-17 15:35:00,WTI,2.215,2.215,2.215,2.215,13792.0
2017-05-17 15:40:00,WTI,2.215,2.215,2.205,2.205,16385.0
2017-05-17 15:45:00,WTI,2.205,2.205,2.195,2.195,42944.0
2017-05-17 15:50:00,WTI,2.195,2.195,2.195,2.195,7784.0
2017-05-17 15:55:00,WTI,2.195,2.195,2.195,2.195,22421.0
2017-05-17 16:00:00,WTI,2.195,2.195,2.185,2.195,85977.0
2017-05-17 16:05:00,WTI,2.195,2.195,2.195,2.195,40828.0
2017-05-17 16:10:00,WTI,2.195,2.195,2.185,2.19,0.0
2017-05-17 16:15:00,WTI,2.19,2.19,2.19,2.19,0.0
2017-05-17 16:20:00,WTI,2.19,2.19,2.19,2.19,0.0
2017-05-17 16:25:00,WTI,2.19,2.19,2.19,2.19,0.0
2017-05-17 16:30:00,WTI,2.19,2.19,2.19,2.19,2745.0
2017-05-17 16:35:00,WTI,2.19,2.19,2.19,2.19,0.0
2017-05-17 16:40:00,WTI,2.19,2.19,2.19,2.19,0.0
2017-05-17 16:45:00,WTI,2.19,2.19,2.19,2.19,0.0
2017-05-17 16:50:00,WTI,2.19,2.19,2.19,2.19,0.0
2017-05-17 16:55:00,WTI,2.19,2.19,2.19,2.19,0.0
2017-05-17 17:00:00,WTI,2.19,2.19,2.19,2.19,0.0
2017-05-17 17:05:00,WTI,2.19,2.19,2.19,2.19,0.0
2017-05-17 17:10:00,WTI,2.19,2.19,2.19,2.19,0.0
2017-05-17 17:15:00,WTI,2.19,2.19,2.19,2.19,0.0
2017-05-17 17:20:00,WTI,2.19,2.19,2.19,2.19,0.0
2017-05-17 17:25:00,WTI,2.19,2.19,2.19,2.19,0.0
2017-05-17 17:30:00,WTI,2.19,2.19,2.19,2.19,0.0
2017-05-17 17:35:00,WTI,2.19,2.19,2.19,2.19,0.0
2017-05-17 17:40:00,WTI,2.19,2.19,2.19,2.19,0.0
2017-05-17 17:45:00,WTI,2.19,2.19,2.19,2.19,0.0
2017-05-17 17:50:00,WTI,2.19,2.19,2.19,2.19,0.0
2017-05-17 17:55:00,WTI,2.19,2.19,2.19,2.19,0.0
2017-05-17 18:00:00,WTI,2.19,2.19,2.19,2.19,0.0
2017-05-17 18:05:00,WTI,2.19,2.29,2.14,2.29,0.0
2017-05-17 18:10:00,WTI,2.29,2.29,2.29,2.29,0.0
2017-05-17 18:15:00,WTI,2.29,2.29,2.29,2.29,0.0
2017-05-17 18:20:00,WTI,2.29,2.29,2.29,2.29,0.0
2017-05-17 18:25:00,WTI,2.29,2.29,2.29,2.29,0.0
2017-05-17 18:30:00,WTI,2.29,2.325,2.29,2.325,0.0
2017-05-17 18:35:00,WTI,2.325,2.325,2.325,2.325,0.0
2017-05-17 18:40:00,WTI,2.325,2.325,2.325,2.325,0.0
2017-05-17 18:45:00,WTI,2.325,2.325,2.325,2.325,0.0
2017-05-17 18:50:00,WTI,2.325,2.325,2.325,2.325,0.0
2017-05-17 18:55:00,WTI,2.325,2.325,2.325,2.325,0.0
2017-05-17 19:00:00,WTI,2.325,2.325,2.325,2.325,0.0
2017-05-17 19:05:00,WTI,2.325,2.325,2.325,2.325,0.0
2017-05-17 19:10:00,WTI,2.325,2.325,2.325,2.325,0.0
2017-05-17 19:15:00,WTI,2.325,2.325,2.325,2.325,0.0
2017-05-17 19:20:00,WTI,2.325,2.325,2.325,2.325,0.0
2017-05-17 19:25:00,WTI,2.325,2.325,2.325,2.325,0.0
2017-05-17 19:30:00,WTI,2.325,2.325,2.325,2.325,0.0
2017-05-17 19:35:00,WTI,2.325,2.325,2.325,2.325,0.0
2017-05-17 19:40:00,WTI,2.325,2.325,2.325,2.325,0.0
2017-05-17 19:45:00,WTI,2.325,2.325,2.325,2.325,0.0
2017-05-17 19:50:00,WTI,2.325,2.325,2.325,2.325,0.0
2017-05-17 19:55:00,WTI,2.325,2.325,2.325,2.325,0.0
2017-05-17 20:00:00,WTI,2.325,2.325,2.325,2.325,0.0
2017-05-17 20:05:00,WTI,2.325,3.575,2.325,3.575,0.0
2017-05-17 20:10:00,WTI,3.575,3.575,3.575,3.575,0.0
2017-05-17 20:15:00,WTI,3.575,3.575,3.575,3.575,0.0
2017-05-17 20:20:00,WTI,3.575,3.575,3.575,3.575,0.0
2017-05-17 20:25:00,WTI,3.575,3.575,3.575,3.575,0.0
2017-05-17 20:30:00,WTI,3.575,3.575,3.575,3.575,0.0
2017-05-17 20:35:00,WTI,3.575,3.575,3.575,3.575,0.0
2017-05-17 20:40:00,WTI,3.575,3.575,3.575,3.575,0.0
2017-05-17 20:45:00,WTI,3.575,3.575,3.575,3.575,0.0
2017-05-17 20:50:00,WTI,3.575,3.575,3.575,3.575,0.0
2017-05-17 20:55:00,WTI,3.575,3.575,3.575,3.575,0.0
2017-05-18 08:00:00,WTI,2.41,2.41,2.41,2.41,0.0
2017-05-18 08:05:00,WTI,2.41,2.525,1.835,2.325,0.0
2017-05-18 08:10:00,WTI,2.325,2.325,2.325,2.325,0.0
2017-05-18 08:15:00,WTI,2.325,2.325,2.325,2.325,0.0
2017-05-18 08:20:00,WTI,2.325,2.325,2.325,2.325,0.0
2017-05-18 08:25:00,WTI,2.325,2.325,2.325,2.325,0.0
2017-05-18 08:30:00,WTI,2.325,2.325,2.325,2.325,0.0
2017-05-18 08:35:00,WTI,2.325,2.325,2.325,2.325,0.0
2017-05-18 08:40:00,WTI,2.325,2.325,2.325,2.325,0.0
2017-05-18 08:45:00,WTI,2.325,2.325,2.325,2.325,0.0
2017-05-18 08:50:00,WTI,2.325,2.325,2.325,2.325,0.0
2017-05-18 08:55:00,WTI,2.325,2.325,2.325,2.325,0.0
2017-05-18 09:00:00,WTI,2.325,2.325,2.325,2.325,0.0
2017-05-18 09:05:00,WTI,2.325,2.325,2.325,2.325,0.0
2017-05-18 09:10:00,WTI,2.325,2.325,2.325,2.325,0.0
2017-05-18 09:15:00,WTI,2.325,2.325,2.325,2.325,0.0
2017-05-18 09:20:00,WTI,2.325,2.325,2.325,2.325,0.0
2017-05-18 09:25:00,WTI,2.325,2.325,2.21,2.21,19.0
2017-05-18 09:30:00,WTI,2.21,2.21,2.165,2.165,100.0
2017-05-18 09:35:00,WTI,2.165,2.205,2.165,2.205,33577.0
2017-05-18 09:40:00,WTI,2.205,2.205,2.195,2.195,8678.0
2017-05-18 09:45:00,WTI,2.195,2.195,2.175,2.175,20837.0
2017-05-18 09:50:00,WTI,2.175,2.175,2.175,2.175,1414.0
2017-05-18 09:55:00,WTI,2.175,2.175,2.155,2.175,48439.0
2017-05-18 10:00:00,WTI,2.175,2.175,2.165,2.165,9823.0
2017-05-18 10:05:00,WTI,2.165,2.195,2.165,2.185,40302.0
2017-05-18 10:10:00,WTI,2.185,2.195,2.185,2.195,3766.0
2017-05-18 10:15:00,WTI,2.195,2.195,2.185,2.185,8900.0
2017-05-18 10:20:00,WTI,2.185,2.185,2.185,2.185,1409.0
2017-05-18 10:25:00,WTI,2.185,2.185,2.175,2.175,8100.0
2017-05-18 10:30:00,WTI,2.175,2.195,2.175,2.195,29599.0
2017-05-18 10:35:00,WTI,2.195,2.195,2.195,2.195,1200.0
2017-05-18 10:40:00,WTI,2.195,2.195,2.195,2.195,24947.0
2017-05-18 10:45:00,WTI,2.195,2.195,2.195,2.195,2074.0
2017-05-18 10:50:00,WTI,2.195,2.195,2.185,2.185,7347.0
2017-05-18 10:55:00,WTI,2.185,2.185,2.175,2.175,12600.0
2017-05-18 11:00:00,WTI,2.175,2.175,2.175,2.175,7950.0
2017-05-18 11:05:00,WTI,2.175,2.175,2.175,2.175,2700.0
2017-05-18 11:10:00,WTI,2.175,2.185,2.175,2.185,17313.0
2017-05-18 11:15:00,WTI,2.185,2.185,2.185,2.185,1800.0
2017-05-18 11:20:00,WTI,2.185,2.185,2.185,2.185,1805.0
2017-05-18 11:25:00,WTI,2.185,2.205,2.185,2.205,34109.0
2017-05-18 11:30:00,WTI,2.205,2.205,2.205,2.205,1608.0
2017-05-18 11:35:00,WTI,2.205,2.215,2.205,2.215,11640.0
2017-05-18 11:40:00,WTI,2.215,2.215,2.215,2.215,4281.0
2017-05-18 11:45:00,WTI,2.215,2.215,2.215,2.215,5000.0
2017-05-18 11:50:00,WTI,2.215,2.215,2.205,2.205,11291.0
2017-05-18 11:55:00,WTI,2.205,2.235,2.205,2.225,43954.0
2017-05-18 12:00:00,WTI,2.225,2.225,2.225,2.225,2494.0
2017-05-18 12:05:00,WTI,2.225,2.225,2.215,2.225,27554.0
2017-05-18 12:10:00,WTI,2.225,2.235,2.225,2.235,36834.0
2017-05-18 12:15:00,WTI,2.235,2.235,2.235,2.235,12806.0
2017-05-18 12:20:00,WTI,2.235,2.235,2.235,2.235,15600.0
2017-05-18 12:25:00,WTI,2.235,2.235,2.225,2.225,6300.0
2017-05-18 12:30:00,WTI,2.225,2.225,2.225,2.225,1300.0
2017-05-18 12:35:00,WTI,2.225,2.225,2.225,2.225,1090.0
2017-05-18 12:40:00,WTI,2.225,2.225,2.225,2.225,1900.0
2017-05-18 12:45:00,WTI,2.225,2.235,2.225,2.235,11600.0
2017-05-18 12:50:00,WTI,2.235,2.235,2.225,2.225,26277.0
2017-05-18 12:55:00,WTI,2.225,2.225,2.225,2.225,11162.0
2017-05-18 13:00:00,WTI,2.225,2.225,2.225,2.225,2216.0
2017-05-18 13:05:00,WTI,2.225,2.225,2.225,2.225,2900.0
2017-05-18 13:10:00,WTI,2.225,2.225,2.225,2.225,1372.0
2017-05-18 13:15:00,WTI,2.225,2.225,2.225,2.225,1800.0
2017-05-18 13:20:00,WTI,2.225,2.225,2.225,2.225,1857.0
2017-05-18 13:25:00,WTI,2.225,2.225,2.225,2.225,908.0
2017-05-18 13:30:00,WTI,2.225,2.225,2.225,2.225,1105.0
2017-05-18 13:35:00,WTI,2.225,2.225,2.225,2.225,1643.0
2017-05-18 13:40:00,WTI,2.225,2.225,2.225,2.225,600.0
2017-05-18 13:45:00,WTI,2.225,2.225,2.225,2.225,5960.0
2017-05-18 13:50:00,WTI,2.225,2.225,2.215,2.225,38417.0
2017-05-18 13:55:00,WTI,2.225,2.225,2.225,2.225,4047.0
2017-05-18 14:00:00,WTI,2.225,2.225,2.225,2.225,2138.0
2017-05-18 14:05:00,WTI,2.225,2.225,2.225,2.225,7055.0
2017-05-18 14:10:00,WTI,2.225,2.225,2.225,2.225,11431.0
2017-05-18 14:15:00,WTI,2.225,2.225,2.225,2.225,2261.0
2017-05-18 14:20:00,WTI,2.225,2.225,2.225,2.225,3196.0
2017-05-18 14:25:00,WTI,2.225,2.225,2.225,2.225,1958.0
2017-05-18 14:30:00,WTI,2.225,2.225,2.225,2.225,900.0
2017-05-18 14:35:00,WTI,2.225,2.235,2.225,2.235,8115.0
2017-05-18 14:40:00,WTI,2.235,2.235,2.235,2.235,6336.0
2017-05-18 14:45:00,WTI,2.235,2.235,2.235,2.235,1933.0
2017-05-18 14:50:00,WTI,2.235,2.235,2.225,2.225,6122.0
2017-05-18 14:55:00,WTI,2.225,2.225,2.215,2.215,10271.0
2017-05-18 15:00:00,WTI,2.215,2.215,2.215,2.215,1535.0
2017-05-18 15:05:00,WTI,2.215,2.215,2.215,2.215,6224.0
2017-05-18 15:10:00,WTI,2.215,2.215,2.215,2.215,8130.0
2017-05-18 15:15:00,WTI,2.215,2.215,2.215,2.215,8388.0
2017-05-18 15:20:00,WTI,2.215,2.215,2.205,2.205,13104.0
2017-05-18 15:25:00,WTI,2.205,2.205,2.195,2.205,22013.0
2017-05-18 15:30:00,WTI,2.205,2.205,2.195,2.205,21850.0
2017-05-18 15:35:00,WTI,2.205,2.205,2.205,2.205,11259.0
2017-05-18 15:40:00,WTI,2.205,2.205,2.205,2.205,14954.0
2017-05-18 15:45:00,WTI,2.205,2.205,2.185,2.185,40815.0
2017-05-18 15:50:00,WTI,2.185,2.195,2.185,2.185,63612.0
2017-05-18 15:55:00,WTI,2.185,2.185,2.175,2.175,46914.0
2017-05-18 16:00:00,WTI,2.175,2.185,2.175,2.175,93259.0
2017-05-18 16:05:00,WTI,2.175,2.175,2.175,2.175,59275.0
2017-05-18 16:10:00,WTI,2.175,2.205,2.175,2.2,0.0
2017-05-18 16:15:00,WTI,2.2,2.205,2.2,2.2,0.0
2017-05-18 16:20:00,WTI,2.2,2.205,2.2,2.2,0.0
2017-05-18 16:25:00,WTI,2.2,2.205,2.2,2.2,0.0
2017-05-18 16:30:00,WTI,2.2,2.205,2.2,2.2,0.0
2017-05-18 16:35:00,WTI,2.2,2.2,2.2,2.2,1564.0
2017-05-18 16:40:00,WTI,2.2,2.2,2.2,2.2,0.0
2017-05-18 16:45:00,WTI,2.2,2.2,2.2,2.2,0.0
2017-05-18 16:50:00,WTI,2.2,2.2,2.2,2.2,0.0
2017-05-18 16:55:00,WTI,2.2,2.21,2.2,2.21,500.0
2017-05-18 17:00:00,WTI,2.21,2.21,2.21,2.21,0.0
2017-05-18 17:05:00,WTI,2.21,2.21,2.21,2.21,0.0
2017-05-18 17:10:00,WTI,2.21,2.21,2.21,2.21,0.0
2017-05-18 17:15:00,WTI,2.21,2.21,2.21,2.21,0.0
2017-05-18 17:20:00,WTI,2.21,2.21,2.21,2.21,0.0
2017-05-18 17:25:00,WTI,2.21,2.21,2.2,2.2,0.0
2017-05-18 17:30:00,WTI,2.2,2.2,2.2,2.2,0.0
2017-05-18 17:35:00,WTI,2.2,2.2,2.2,2.2,0.0
2017-05-18 17:40:00,WTI,2.2,2.2,2.2,2.2,0.0
2017-05-18 17:45:00,WTI,2.2,2.2,2.2,2.2,0.0
2017-05-18 17:50:00,WTI,2.2,2.2,2.2,2.2,0.0
2017-05-18 17:55:00,WTI,2.2,2.2,2.2,2.2,0.0
2017-05-18 18:00:00,WTI,2.2,2.2,2.2,2.2,0.0
2017-05-18 18:05:00,WTI,2.2,2.325,2.2,2.325,0.0
2017-05-18 18:10:00,WTI,2.325,2.325,2.325,2.325,0.0
2017-05-18 18:15:00,WTI,2.325,2.325,2.325,2.325,0.0
2017-05-18 18:20:00,WTI,2.325,2.325,2.325,2.325,0.0
2017-05-18 18:25:00,WTI,2.325,2.325,2.325,2.325,0.0
2017-05-18 18:30:00,WTI,2.325,2.325,2.325,2.325,0.0
2017-05-18 18:35:00,WTI,2.325,2.325,2.325,2.325,0.0
2017-05-18 18:40:00,WTI,2.325,2.325,2.325,2.325,0.0
2017-05-18 18:45:00,WTI,2.325,2.325,2.325,2.325,0.0
2017-05-18 18:50:00,WTI,2.325,2.325,2.325,2.325,0.0
2017-05-18 18:55:00,WTI,2.325,2.325,2.325,2.325,0.0
2017-05-18 19:00:00,WTI,2.325,2.325,2.325,2.325,0.0
2017-05-18 19:05:00,WTI,2.325,2.325,2.325,2.325,0.0
2017-05-18 19:10:00,WTI,2.325,2.325,2.325,2.325,0.0
2017-05-18 19:15:00,WTI,2.325,2.325,2.325,2.325,0.0
2017-05-18 19:20:00,WTI,2.325,2.325,2.325,2.325,0.0
2017-05-18 19:25:00,WTI,2.325,2.325,2.325,2.325,0.0
2017-05-18 19:30:00,WTI,2.325,2.325,2.325,2.325,0.0
2017-05-18 19:35:00,WTI,2.325,2.325,2.325,2.325,0.0
2017-05-18 19:40:00,WTI,2.325,2.325,2.325,2.325,0.0
2017-05-18 19:45:00,WTI,2.325,2.325,2.325,2.325,0.0
2017-05-18 19:50:00,WTI,2.325,2.325,2.325,2.325,0.0
2017-05-18 19:55:00,WTI,2.325,2.325,2.325,2.325,0.0
2017-05-18 20:00:00,WTI,2.325,2.325,2.325,2.325,0.0
2017-05-18 20:05:00,WTI,2.325,2.8,2.325,2.76,0.0
2017-05-18 20:10:00,WTI,2.76,2.76,2.76,2.76,0.0
2017-05-18 20:15:00,WTI,2.76,2.76,2.76,2.76,0.0
2017-05-18 20:20:00,WTI,2.76,2.76,2.76,2.76,0.0
2017-05-18 20:25:00,WTI,2.76,2.76,2.76,2.76,0.0
2017-05-18 20:30:00,WTI,2.76,2.76,2.76,2.76,0.0
2017-05-18 20:35:00,WTI,2.76,2.76,2.76,2.76,0.0
2017-05-18 20:40:00,WTI,2.76,2.76,2.76,2.76,0.0
2017-05-18 20:45:00,WTI,2.76,2.76,2.76,2.76,0.0
2017-05-18 20:50:00,WTI,2.76,2.76,2.76,2.76,0.0
2017-05-18 20:55:00,WTI,2.76,2.76,2.76,2.76,0.0
